key,name,level,state,address,phone,email,osm,osm_name,score
DE-G-01001000,Flensburg,gemeinde,Schleswig-Holstein,"Rathausplatz 1, 24937 Flensburg",+49 461 850,,way/38034137,Rathaus Flensburg,9.0
DE-G-01002000,Kiel,gemeinde,Schleswig-Holstein,"Fleethörn 9, 24103 Kiel",,,relation/1982060,Rathaus Kiel,8.5
DE-G-01003000,Lübeck,gemeinde,Schleswig-Holstein,"Breite Straße 64, 23552 Lübeck",,,way/43625520,Rathaus,6.5
DE-G-01004000,Neumünster,gemeinde,Schleswig-Holstein,,,,,,
DE-G-01051011,Brunsbüttel,gemeinde,Schleswig-Holstein,"Koogstraße 61, 25541 Brunsbüttel",,,way/255223323,Rathaus,6.5
DE-G-01051044,Heide,gemeinde,Schleswig-Holstein,"Postelweg 1, 25746 Heide",,,way/167035081,Rathaus,6.5
DE-G-01053032,Geesthacht,gemeinde,Schleswig-Holstein,"Markt 15, 21502 Geesthacht",,,way/217526474,Rathaus Geesthacht,8.5
DE-G-01053083,Lauenburg/ Elbe,gemeinde,Schleswig-Holstein,,,,,,
DE-G-01053090,Mölln,gemeinde,Schleswig-Holstein,,,,,,
DE-G-01053100,Ratzeburg,gemeinde,Schleswig-Holstein,,,,,,
DE-G-01053116,Schwarzenbek,gemeinde,Schleswig-Holstein,"Ritter-Wulf-Platz 1, 21493 Schwarzenbek",,,way/164699263,Stadtverwaltung Schwarzenbek,8.5
DE-G-01053129,Wentorf bei Hamburg,gemeinde,Schleswig-Holstein,,,,,,
DE-G-01054033,Friedrichstadt,gemeinde,Schleswig-Holstein,"Am Markt 11, 25840 Friedrichstadt",,,way/375445469,Rathaus,6.5
DE-G-01054056,Husum,gemeinde,Schleswig-Holstein,"Zingel 13, 25813 Husum",+49 4841 6660,,way/26216989,Rathaus Husum,9.0
DE-G-01054108,Reußenköge,gemeinde,Schleswig-Holstein,,,,,,
DE-G-01054138,Tönning,gemeinde,Schleswig-Holstein,,,,,,
DE-G-01054168,Sylt,gemeinde,Schleswig-Holstein,"Andreas-Nielsen-Straße 1, 25980 Sylt",+49 4651 8510,info@gemeinde-sylt.de,node/7271304164,Gemeinde Sylt,9.0
DE-G-01055001,Ahrensbök,gemeinde,Schleswig-Holstein,"Poststraße 1, 23623 Ahrensbök",,,way/132524789,Gemeinde Ahrensbök,8.5
DE-G-01055004,Bad Schwartau,gemeinde,Schleswig-Holstein,,,,,,
DE-G-01055007,Bosau,gemeinde,Schleswig-Holstein,,,,,,
DE-G-01055010,Dahme,gemeinde,Schleswig-Holstein,,,,,,
DE-G-01055012,Eutin,gemeinde,Schleswig-Holstein,"Markt 1, 23701 Eutin",,,node/1927869497,Rathaus Eutin,8.5
DE-G-01055016,Grömitz,gemeinde,Schleswig-Holstein,"Kirchenstraße 11, 23743 Grömitz",+49 4562 69-0,poststelle@groemitz.landsh.de,way/353983951,Verwaltungsgemeinschaft und Rathaus Grömitz,9.0
DE-G-01055018,Grube,gemeinde,Schleswig-Holstein,,,,,,
DE-G-01055021,Heiligenhafen,gemeinde,Schleswig-Holstein,"Markt 4-5, 23774 Heiligenhafen",+49 4362 9066,,way/301127914,Rathaus Heiligenhafen,9.0
DE-G-01055025,Kellenhusen (Ostsee),gemeinde,Schleswig-Holstein,,,,,,
DE-G-01055028,Malente,gemeinde,Schleswig-Holstein,"Bahnhofstraße 31, 23714 Malente",,,way/29994716,Rathaus,6.5
DE-G-01055032,Neustadt in Holstein,gemeinde,Schleswig-Holstein,"Am Markt 1, 23730 Neustadt in Holstein",+49 4561 619-0,info@stadt-neustadt.de,way/206157600,Rathaus,7.0
DE-G-01055033,Oldenburg in Holstein,gemeinde,Schleswig-Holstein,"Markt 1, 23758 Oldenburg in Holstein",,,node/4115015065,Rathaus,6.5
DE-G-01055035,Ratekau,gemeinde,Schleswig-Holstein,"Bäderstraße 19, 23626 Ratekau",,,way/155774299,Ratekau,8.5
DE-G-01055040,Stockelsdorf,gemeinde,Schleswig-Holstein,,,,,,
DE-G-01055041,Süsel,gemeinde,Schleswig-Holstein,,,,,,
DE-G-01055042,Timmendorfer Strand,gemeinde,Schleswig-Holstein,"Timmendorfer Platz 10, 23669 Timmendorfer Strand",,,way/181224269,Rathaus,6.4
DE-G-01055044,Scharbeutz,gemeinde,Schleswig-Holstein,"Am Bürgerhaus 2, 23683 Scharbeutz",,,way/65425654,Bürgerhaus Scharbeutz,4.5
DE-G-01055046,Fehmarn,gemeinde,Schleswig-Holstein,"Am Markt 1, 23769 Fehmarn",,,way/52167819,Rathaus der Stadt Fehmarn,8.5
DE-G-01056002,Barmstedt,gemeinde,Schleswig-Holstein,"Marktstraße 1, 25355 Barmstedt",,,way/33999057,Rathaus Barmstedt,8.5
DE-G-01056005,Bönningstedt,gemeinde,Schleswig-Holstein,"Kieler Straße 20, 25474 Bönningstedt",+49 40 556 203 57-0,,node/308017093,Gemeindebüro Bönningstedt,9.0
DE-G-01056015,Elmshorn,gemeinde,Schleswig-Holstein,"Schulstraße 15-17, 25335 Elmshorn",,,way/35630829,Rathaus,6.5
DE-G-01056018,Halstenbek,gemeinde,Schleswig-Holstein,"Gustavstraße 6, 25469 Halstenbek",+49 4101 491 0,,node/294328974,Rathaus Halstenbek,9.0
DE-G-01056021,Hasloh,gemeinde,Schleswig-Holstein,"Garstedter Weg 16a, 25474 Hasloh",+49 4106 4832,gemeinde@hasloh.de,way/56029552,"Gemeindeverwaltung Hasloh ""Dörp-Hus""",9.0
DE-G-01056025,Helgoland,gemeinde,Schleswig-Holstein,"Lung Wai 28, 27498 Helgoland",,,way/116947371,Rathaus,6.5
DE-G-01056039,Pinneberg,gemeinde,Schleswig-Holstein,"Bismarckstraße 8, 25421 Pinneberg",,,way/1058390200,Rathaus Pinneberg,8.5
DE-G-01056041,Quickborn,gemeinde,Schleswig-Holstein,"Rathausplatz 1, 25451 Quickborn",+49 4106 611 0,info@quickborn.de,way/144939002,Rathaus Quickborn,8.9
DE-G-01056043,Rellingen,gemeinde,Schleswig-Holstein,"Hauptstraße 60, 25462 Rellingen",+49 4101 564 0,info@rellingen.de,way/25038228,Rathaus,7.0
DE-G-01056044,Schenefeld,gemeinde,Schleswig-Holstein,"Holstenplatz 3, 22869 Schenefeld",,,way/32475932,Rathaus Schenefeld,8.4
DE-G-01056048,Tornesch,gemeinde,Schleswig-Holstein,,,,,,
DE-G-01056049,Uetersen,gemeinde,Schleswig-Holstein,"Wassermühlenstraße 7, 25436 Uetersen",,,way/362139526,Rathaus Uetersen,8.5
DE-G-01056050,Wedel,gemeinde,Schleswig-Holstein,"Rathausplatz 3-5, 22880 Wedel",,,way/20448931,Rathaus Wedel,8.4
DE-G-01057001,Ascheberg (Holstein),gemeinde,Schleswig-Holstein,,,,,,
DE-G-01057008,Bönebüttel,gemeinde,Schleswig-Holstein,,,,,,
DE-G-01057009,Bösdorf,gemeinde,Schleswig-Holstein,,,,,,
DE-G-01057057,Plön,gemeinde,Schleswig-Holstein,"Schloßberg 3-4, 24306 Plön",,,node/60894973,Rathaus,6.5
DE-G-01057062,Preetz,gemeinde,Schleswig-Holstein,"Bahnhofstraße 24, 24211 Preetz",,,way/121404394,Rathaus Preetz,8.5
DE-G-01057091,Schwentinental,gemeinde,Schleswig-Holstein,"Theodor-Storm-Platz 1, 24223 Schwentinental",+49 4307 8110,,way/183157713,Rathaus Stadt Schwentinental,9.0
DE-G-01058005,Altenholz,gemeinde,Schleswig-Holstein,"Allensteiner Weg 2-4, 24161 Altenholz",+49 431 32 01-0,,node/1271850336,Gemeinde Altenholz,8.8
DE-G-01058034,Büdelsdorf,gemeinde,Schleswig-Holstein,"Am Markt 1, 24782 Büdelsdorf",,,way/203517295,,6.5
DE-G-01058043,Eckernförde,gemeinde,Schleswig-Holstein,"Rathausmarkt 4-6, 24340 Eckernförde",+49 4351 7100,,way/80025910,Rathaus Eckernförde,9.0
DE-G-01058092,Kronshagen,gemeinde,Schleswig-Holstein,,,,,,
DE-G-01058135,Rendsburg,gemeinde,Schleswig-Holstein,"Am Gymnasium 4, 24768 Rendsburg",+49 4331 206-0,info@rendsburg.de,way/55788834,Rathaus,7.0
DE-G-01058169,Wasbek,gemeinde,Schleswig-Holstein,,,,,,
DE-G-01059045,Kappeln,gemeinde,Schleswig-Holstein,"Reeperbahn 2, 24376 Kappeln",+49 4642 1830,,way/242625935,Rathaus Kappeln,9.0
DE-G-01059075,Schleswig,gemeinde,Schleswig-Holstein,,,,,,
DE-G-01059113,Glücksburg (Ostsee),gemeinde,Schleswig-Holstein,"Schinderdam 5, 24960 Glücksburg",,,node/3993200511,Rathaus Glücksburg,8.5
DE-G-01059120,Harrislee,gemeinde,Schleswig-Holstein,,,,,,
DE-G-01059183,Handewitt,gemeinde,Schleswig-Holstein,,,,,,
DE-G-01060004,Bad Bramstedt,gemeinde,Schleswig-Holstein,"Bleeck 17-19, 24576 Bad Bramstedt",,,way/591194250,Rathaus Bad Bramstedt,8.5
DE-G-01060005,Bad Segeberg,gemeinde,Schleswig-Holstein,,,,,,
DE-G-01060019,Ellerau,gemeinde,Schleswig-Holstein,,,,,,
DE-G-01060039,Henstedt-Ulzburg,gemeinde,Schleswig-Holstein,"Rathausplatz 1, 24558 Henstedt-Ulzburg",+4941939630,gemeinde@h-u.de,way/40196530,Rathaus,7.0
DE-G-01060044,Kaltenkirchen,gemeinde,Schleswig-Holstein,"Holstenstraße 14, 24568 Kaltenkirchen",,,way/28019888,Rathaus Kaltenkirchen,8.5
DE-G-01060063,Norderstedt,gemeinde,Schleswig-Holstein,"Rathausallee 50, 22846 Norderstedt",,,way/125480925,Rathaus Norderstedt,8.5
DE-G-01060092,Wahlstedt,gemeinde,Schleswig-Holstein,"Markt 3, 23812 Wahlstedt",+49 4554 7010,info@wahlstedt.de,node/2632083309,Rathaus,7.0
DE-G-01061029,Glückstadt,gemeinde,Schleswig-Holstein,"Am Markt 4, 25348 Glückstadt",,,node/410203295,,6.5
DE-G-01061046,Itzehoe,gemeinde,Schleswig-Holstein,"Reichenstraße 23, 25524 Itzehoe",+49 4821 6030,,way/30932689,Rathaus Itzehoe,8.9
DE-G-01061113,Wilster,gemeinde,Schleswig-Holstein,"Rathausstraße 4, 25554 Wilster",,,way/183558294,Neues Rathaus,6.5
DE-G-01062001,Ahrensburg,gemeinde,Schleswig-Holstein,"Manfred-Samusch-Straße 5, 22926 Ahrensburg",,,way/145324961,Rathaus Ahrensburg,8.5
DE-G-01062004,Bad Oldesloe,gemeinde,Schleswig-Holstein,"Markt 5, 23843 Bad Oldesloe",,,way/95533451,Rathaus,6.5
DE-G-01062006,Bargteheide,gemeinde,Schleswig-Holstein,"Rathausstraße 24-26, 22941 Bargteheide",,info@bargteheide.de,way/213134171,Rathaus Bargteheide,8.5
DE-G-01062009,Barsbüttel,gemeinde,Schleswig-Holstein,"Stiefenhoferplatz 1, 22885 Barsbüttel",+49 40 67072-0,zentrale@barsbuettel.landsh.de,node/1622199949,Gemeinde Barsbüttel,9.0
DE-G-01062018,Glinde,gemeinde,Schleswig-Holstein,"Markt 1, 21509 Glinde",,,node/21718406,Rathaus Glinde,8.5
DE-G-01062023,Großhansdorf,gemeinde,Schleswig-Holstein,"Barkholt 64, 22927 Großhansdorf",,,way/41295831,Rathaus Großhansdorf,8.4
DE-G-01062053,Oststeinbek,gemeinde,Schleswig-Holstein,,,,,,
DE-G-01062060,Reinbek,gemeinde,Schleswig-Holstein,"Hamburger Straße 5-7, 21465 Reinbek",,,way/101320842,Rathaus Reinbek,8.5
DE-G-01062061,Reinfeld (Holstein),gemeinde,Schleswig-Holstein,"Paul-von-Schoenaich-Straße 3, 23858 Reinfeld (Holstein)",,,way/452285611,Rathaus Reinfeld,8.5
DE-G-01062076,Tangstedt,gemeinde,Schleswig-Holstein,,,,,,
DE-G-01062090,Ammersbek,gemeinde,Schleswig-Holstein,"Am Gutshof 3, 22949 Ammersbek",,,way/54959852,Rathaus Ammersbek,8.5
DE-G-02000000,Hamburg,gemeinde,Hamburg,"Rathausmarkt 1, 20095 Hamburg",+49 40 428312064,,way/142944431,Rathaus,7.0
DE-G-03101000,Braunschweig,gemeinde,Niedersachsen,"Platz der Deutschen Einheit 1, 38100 Braunschweig",+49 531 4701,,relation/5412,Rathaus Braunschweig,9.0
DE-G-03102000,Salzgitter,gemeinde,Niedersachsen,"Joachim-Campe-Straße 15, 38226 Salzgitter",,,node/3150932154,Amtsgericht Salzgitter,8.5
DE-G-03103000,Wolfsburg,gemeinde,Niedersachsen,"Wendenstraße 73, 38448 Wolfsburg",,,node/14061843789,"Stadt Wolfsburg, Sprechstelle",7.9
DE-G-03151009,Gifhorn,gemeinde,Niedersachsen,"Marktplatz 1, 38518 Gifhorn",,,relation/2066999,Rathaus Gifhorn,8.5
DE-G-03151025,Sassenburg,gemeinde,Niedersachsen,"Bokensdorfer Weg 12, 38524 Sassenburg",,,relation/2723247,Rathaus Westerbeck / Sassenburg,8.5
DE-G-03151040,Wittingen,gemeinde,Niedersachsen,"Bahnhofstraße 35, 29378 Wittingen",+49 5831 26-0,stadt@wittingen.de,way/88734406,Rathaus Wittingen,8.9
DE-G-03153002,Bad Harzburg,gemeinde,Niedersachsen,,,,,,
DE-G-03153008,Liebenburg,gemeinde,Niedersachsen,"Schäferwiese 15, 38704 Liebenburg",,,way/230222434,Rathaus Liebenburg,8.5
DE-G-03153012,Seesen,gemeinde,Niedersachsen,"Marktstraße 1, 38723 Seesen",+49 5381 750,,way/91207869,Stadtverwaltung Seesen,9.0
DE-G-03153016,Braunlage,gemeinde,Niedersachsen,"Herzog-Johann-Albrecht-Straße 2, 38700 Braunlage",,,node/1865802658,Rathaus,6.5
DE-G-03153017,Goslar,gemeinde,Niedersachsen,"Kornstraße 97, 38640 Goslar",,,way/336970397,Stadtverwaltung,6.5
DE-G-03153018,Clausthal-Zellerfeld,gemeinde,Niedersachsen,"An der Marktkirche 8, 38678 Clausthal-Zellerfeld",,,way/9196680,Berg- und Universitätsstadt Clausthal-Zellerfeld,8.5
DE-G-03153019,Langelsheim,gemeinde,Niedersachsen,"Harzstraße 8, 38685 Langelsheim",,,way/349925636,Stadtverwaltung Langelsheim,8.5
DE-G-03154013,Königslutter am Elm,gemeinde,Niedersachsen,"Hilligenberg 6a, 38154 Königslutter am Elm",,,way/371625077,,6.2
DE-G-03154014,Lehre,gemeinde,Niedersachsen,"Marktstraße 10, 38165 Lehre",,,way/183262668,Rathaus Lehre,8.5
DE-G-03154019,Schöningen,gemeinde,Niedersachsen,"Markt 2, 38364 Schöningen",,,way/39214353,Rathaus,6.5
DE-G-03154028,Helmstedt,gemeinde,Niedersachsen,"Markt 1, 38350 Helmstedt",,,way/187024546,Rathaus,6.5
DE-G-03155001,Bad Gandersheim,gemeinde,Niedersachsen,"Markt 10, 37581 Bad Gandersheim",,,way/31986369,Rathaus,6.5
DE-G-03155002,Bodenfelde,gemeinde,Niedersachsen,"Amelither Straße 23, 37194 Bodenfelde",+49 5572 93690,,way/298990440,Rathaus Bodenfelde,9.0
DE-G-03155003,Dassel,gemeinde,Niedersachsen,"Kirchplatz 2, 37586 Dassel",+49 5564 2020,,way/1022647525,Rathaus Dassel,9.0
DE-G-03155005,Hardegsen,gemeinde,Niedersachsen,"Vor dem Tore 1, 37181 Hardegsen",,,way/108297396,Rathaus,6.5
DE-G-03155006,Kalefeld,gemeinde,Niedersachsen,,,,,,
DE-G-03155007,Katlenburg-Lindau,gemeinde,Niedersachsen,,,,,,
DE-G-03155009,Moringen,gemeinde,Niedersachsen,"Klosterhof 1, 37186 Moringen",,,node/661178370,Stadt Moringen: Ortsverwaltung Fredelsloh,3.8
DE-G-03155010,Nörten-Hardenberg,gemeinde,Niedersachsen,"Burgstraße 2, Nörten-Hardenberg",,,node/1407036532,Rathaus,3.4
DE-G-03155011,Northeim,gemeinde,Niedersachsen,,,,,,
DE-G-03155012,Uslar,gemeinde,Niedersachsen,"Graftstraße 7, 37170 Uslar",,,way/200445412,Stadtverwaltung Uslar,8.5
DE-G-03155013,Einbeck,gemeinde,Niedersachsen,"Teichenweg 1, 37574 Einbeck",,,way/25361298,Neues Rathaus,6.4
DE-G-03157001,Edemissen,gemeinde,Niedersachsen,"Oelheimer Weg 1, 31234 Edemissen",+49 5176 1880,,way/150922396,Gemeinde Edemissen,8.9
DE-G-03157002,Hohenhameln,gemeinde,Niedersachsen,"Marktstraße 13, 31249 Hohenhameln",,info@hohenhameln.de,way/30434761,Rathaus,6.5
DE-G-03157005,Lengede,gemeinde,Niedersachsen,"Vallstedter Weg 1, 38268 Lengede",+49 5344 89-0,info@lengede.de,way/110306595,Rathaus Lengede,9.0
DE-G-03157006,Peine,gemeinde,Niedersachsen,"Kantstraße 5, 31224 Peine",+49 5171 490,,node/299702146,Rathaus Stadt Peine,9.0
DE-G-03157007,Vechelde,gemeinde,Niedersachsen,,,,,,
DE-G-03157008,Wendeburg,gemeinde,Niedersachsen,"Am Anger 5, 38176 Wendeburg",+49 53039111 0,,node/3325053961,Gemeinde Wendeburg,9.0
DE-G-03157009,Ilsede,gemeinde,Niedersachsen,"Eichstraße 3, 31241 Ilsede",+49 5172 4110,,node/1419819371,Rathaus Gemeinde Ilsede,9.0
DE-G-03158006,Cremlingen,gemeinde,Niedersachsen,"Ostdeutsche Straße 22, 38162 Cremlingen",+49 5306 8020,nfo@cremlingen.de,node/267243675,Gemeinde Cremlingen,9.0
DE-G-03158037,Wolfenbüttel,gemeinde,Niedersachsen,"Rosenwall 1, 38300 Wolfenbüttel",,,way/392614119,Stadt Wolfenbüttel - Dienststelle Rosenwall 1,8.5
DE-G-03158039,Schladen-Werla,gemeinde,Niedersachsen,,,,,,
DE-G-03159001,Adelebsen,gemeinde,Niedersachsen,,,,,,
DE-G-03159002,Bad Grund (Harz),gemeinde,Niedersachsen,"An der Mühlenwiese 1, 37539 Bad Grund",,,way/743386623,Rathaus Gemeinde Bad Grund (Harz),8.2
DE-G-03159003,Bad Lauterberg im Harz,gemeinde,Niedersachsen,,,,,,
DE-G-03159004,Bad Sachsa,gemeinde,Niedersachsen,"Bismarckstraße 1, 37441 Bad Sachsa",,,way/335905924,Rathaus,6.5
DE-G-03159007,Bovenden,gemeinde,Niedersachsen,"Rathausplatz 1, 37120 Bovenden",+49 551 82010,,way/82967919,Rathaus Bovenden,8.9
DE-G-03159010,Duderstadt,gemeinde,Niedersachsen,,,,,,
DE-G-03159013,Friedland,gemeinde,Niedersachsen,"Bönneker Straße 2, 37133 Friedland",+49 5504 8020,,node/139806384,Gemeindeverwaltung Friedland,8.8
DE-G-03159015,Gleichen,gemeinde,Niedersachsen,"Alte Heerstraße 25, 37130 Gleichen",,,way/88690458,Gemeindehaus,6.1
DE-G-03159016,Göttingen,gemeinde,Niedersachsen,"Reinhäuser Landstraße 4, 37083 Göttingen",+49 551 5250,,way/354583561,Landkreisverwaltung Göttingen,4.9
DE-G-03159017,Hann. Münden,gemeinde,Niedersachsen,"Oberdorf 2, 34346 Hann. Münden",,,node/7561072252,,6.0
DE-G-03159019,Herzberg am Harz,gemeinde,Niedersachsen,"Marktplatz 30, 37412 Herzberg am Harz",,,way/82221169,Rathaus,6.5
DE-G-03159026,Osterode am Harz,gemeinde,Niedersachsen,,,,,,
DE-G-03159029,Rosdorf,gemeinde,Niedersachsen,"Lange Straße 12, 37124 Rosdorf",,,way/375859914,Gemeindeverwaltung Rosdorf,8.5
DE-G-03159034,Staufenberg,gemeinde,Niedersachsen,"Hannoversche Straße 21, 34355 Staufenberg",,,way/984237986,Rathaus Staufenberg,8.5
DE-G-03159036,Walkenried,gemeinde,Niedersachsen,,,,,,
DE-G-03241001,Hannover,gemeinde,Niedersachsen,"Platz der Menschenrechte 1, 30159 Hannover",,,relation/313173,Neues Rathaus,6.4
DE-G-03241002,Barsinghausen,gemeinde,Niedersachsen,,,,,,
DE-G-03241003,Burgdorf,gemeinde,Niedersachsen,,,,,,
DE-G-03241004,Burgwedel,gemeinde,Niedersachsen,"Fuhrberger Straße 4, 30938 Burgwedel",,,way/371583758,Rathaus,6.5
DE-G-03241005,Garbsen,gemeinde,Niedersachsen,"Rathausplatz 1, 30823 Garbsen",,,way/27508810,Rathaus,6.5
DE-G-03241006,Gehrden,gemeinde,Niedersachsen,"Kirchstraße 1-3, 30989 Gehrden",+49 5108 64040,,way/268069126,Rathaus,7.0
DE-G-03241007,Hemmingen,gemeinde,Niedersachsen,"Rathausplatz 1, 30966 Hemmingen",+49 511 4103 0,rathaus@stadthemmingen.de,way/159331687,Rathaus Hemmingen,8.8
DE-G-03241008,Isernhagen,gemeinde,Niedersachsen,"Bothfelder Straße 29, 30916 Isernhagen",,,way/264767690,Rathaus,6.4
DE-G-03241009,Laatzen,gemeinde,Niedersachsen,"Marktplatz 13, 30880 Laatzen",,,way/207950810,Rathaus Laatzen,8.3
DE-G-03241010,Langenhagen,gemeinde,Niedersachsen,,,,,,
DE-G-03241011,Lehrte,gemeinde,Niedersachsen,,,,,,
DE-G-03241012,Neustadt am Rübenberge,gemeinde,Niedersachsen,"An der Stadtmauer 1 1, 31535 Neustadt am Rübenberge",+49 5032 84-0,,way/1305248704,Neues Rathaus,7.0
DE-G-03241013,Pattensen,gemeinde,Niedersachsen,"Rathausplatz 1, 30982 Pattensen",,,way/668826893,Rathaus,6.5
DE-G-03241014,Ronnenberg,gemeinde,Niedersachsen,,,,,,
DE-G-03241015,Seelze,gemeinde,Niedersachsen,"Rathausplatz 1, 30926 Seelze",,,way/87236018,Rathaus Seelze,8.5
DE-G-03241016,Sehnde,gemeinde,Niedersachsen,,,,,,
DE-G-03241017,Springe,gemeinde,Niedersachsen,"Auf dem Burghof 1, 31832 Springe",+49 5041 730,stadt@springe.de,way/124116564,Stadtverwaltung Springe,9.0
DE-G-03241018,Uetze,gemeinde,Niedersachsen,"Marktstraße 9, 31311 Uetze",+49 5173 970-00,info@uetze.de,way/27028403,Rathaus Uetze,9.0
DE-G-03241019,Wedemark,gemeinde,Niedersachsen,"Fritz-Sennheiser-Platz 1, 30900 Wedemark",+4951305810,,way/116455668,Rathaus Gemeinde Wedemark,8.9
DE-G-03241020,Wennigsen (Deister),gemeinde,Niedersachsen,"Hauptstraße 1-2, 30974 Wennigsen (Deister)",+49 5103 7007-0,,way/108952353,Rathaus der Gemeinde Wennigsen (Deister),9.0
DE-G-03241021,Wunstorf,gemeinde,Niedersachsen,"Südstraße 1, 31515 Wunstorf",,,way/31061271,Rathaus Wunstorf,8.5
DE-G-03251007,Bassum,gemeinde,Niedersachsen,"Alte Poststraße 14, 27211 Bassum",+49 4241 84-0,info@stadt.bassum.de,relation/9371384,Stadt Bassum,9.0
DE-G-03251012,Diepholz,gemeinde,Niedersachsen,"Rathausmarkt 1, 49356 Diepholz",+49 5441 909-0,webmaster@stadt-diepholz.de,way/467960465,Rathaus Diepholz,9.0
DE-G-03251037,Stuhr,gemeinde,Niedersachsen,"Blockener Straße 6, 28816 Stuhr",,,way/39106719,Rathaus Stuhr,8.5
DE-G-03251040,Sulingen,gemeinde,Niedersachsen,"Galtener Straße 12, 27232 Sulingen",,,way/239241073,Rathaus,6.5
DE-G-03251041,Syke,gemeinde,Niedersachsen,"Hinrich-Hanno-Platz 1, 28857 Syke",,,way/72578475,Rathaus,6.4
DE-G-03251042,Twistringen,gemeinde,Niedersachsen,"Lindenstraße 14, 27239 Twistringen",+49 4243 4130,rathaus@twistringen.de,way/250230528,Rathaus Twistringen,9.0
DE-G-03251044,Wagenfeld,gemeinde,Niedersachsen,"Pastorenkamp 25, 49419 Wagenfeld",+49 5444 9881-0,rathaus@wagenfeld.de,way/642850162,Rathaus Wagenfeld,8.9
DE-G-03251047,Weyhe,gemeinde,Niedersachsen,"Rathausplatz 1, 28844 Weyhe",,,way/4408446,Rathaus,6.5
DE-G-03252001,Aerzen,gemeinde,Niedersachsen,"Kirchplatz 1, 31855 Aerzen",,,way/364350976,Rathaus Aerzen,8.5
DE-G-03252002,Bad Münder am Deister,gemeinde,Niedersachsen,"Obertorstraße 1, 31848 Bad Münder am Deister",,,way/44561508,Rathaus,6.5
DE-G-03252003,Bad Pyrmont,gemeinde,Niedersachsen,,,,,,
DE-G-03252004,Coppenbrügge,gemeinde,Niedersachsen,"Schloßstraße 2, 31863 Coppenbrügge",+49 5156 7819-0,flecken@coppenbruegge.de,node/7449543468,Rathaus,7.0
DE-G-03252005,Emmerthal,gemeinde,Niedersachsen,"Berliner Straße 15, 31860 Emmerthal",,,node/12886375869,,6.4
DE-G-03252006,Hameln,gemeinde,Niedersachsen,,,,,,
DE-G-03252007,Hessisch Oldendorf,gemeinde,Niedersachsen,,,,,,
DE-G-03252008,Salzhemmendorf,gemeinde,Niedersachsen,"Hauptstraße 2, 31020 Salzhemmendorf",+49 5153 8080,,way/324849917,Flecken Salzhemmendorf,9.0
DE-G-03254002,Alfeld (Leine),gemeinde,Niedersachsen,"Marktplatz 1, 31061 Alfeld (Leine)",,,way/94330582,Rathaus,6.5
DE-G-03254003,Algermissen,gemeinde,Niedersachsen,"Marktstraße 7, 31191 Algermissen",,,node/967813207,,6.5
DE-G-03254005,Bad Salzdetfurth,gemeinde,Niedersachsen,,,,,,
DE-G-03254008,Bockenem,gemeinde,Niedersachsen,,,,,,
DE-G-03254011,Diekholzen,gemeinde,Niedersachsen,"Alfelder Straße 5, 31199 Diekholzen",+49 5121 2020,buergermeisterin@diekholzen.de,node/7744253124,Gemeinde Diekholzen,9.0
DE-G-03254014,Elze,gemeinde,Niedersachsen,"Hauptstraße 61, 31008 Elze",,,way/41760659,Rathaus,6.5
DE-G-03254017,Giesen,gemeinde,Niedersachsen,"Rathausstraße 27, Giesen",,,way/276465271,Rathaus,3.4
DE-G-03254020,Harsum,gemeinde,Niedersachsen,"Oststraße 27, 31177 Harsum",,,way/175986466,Rathaus,6.5
DE-G-03254021,Hildesheim,gemeinde,Niedersachsen,"Marie-Wagenknecht-Straße 3, 31134 Hildesheim",,,way/227364654,Landkreis Hildesheim / Kreishaus,4.4
DE-G-03254022,Holle,gemeinde,Niedersachsen,"Am Thie 1, 31188 Holle",+49 5062 84-0,,node/1348210174,,7.0
DE-G-03254026,Nordstemmen,gemeinde,Niedersachsen,"Rathausstraße 3, 31171 Nordstemmen",,,way/503314459,Rathaus Nordstemmen,8.5
DE-G-03254028,Sarstedt,gemeinde,Niedersachsen,,,,,,
DE-G-03254029,Schellerten,gemeinde,Niedersachsen,"Rathausstraße 8, 31174 Schellerten",+49 5123 401-0,,way/135656755,Rathaus Schellerten,8.9
DE-G-03254032,Söhlde,gemeinde,Niedersachsen,"Bürgermeister-Burgdorf-Straße 8, 31185 Söhlde",,,way/826313920,Rathaus,6.5
DE-G-03254042,Freden (Leine),gemeinde,Niedersachsen,"Am Schillerplatz 4, 31084 Freden (Leine)",,,way/29067021,Samtgemeinde Freden,8.5
DE-G-03254044,Lamspringe,gemeinde,Niedersachsen,,,,,,
DE-G-03254045,Sibbesse,gemeinde,Niedersachsen,"Lindenhof 1, 31079 Sibbesse",+49 5065 8010,,way/558557234,Rathaus Sibbesse,9.0
DE-G-03255008,Delligsen,gemeinde,Niedersachsen,"Schulstraße 2, 31073 Delligsen",+49 5187 9415 0,,node/315098454,Flecken Delligsen,9.0
DE-G-03255023,Holzminden,gemeinde,Niedersachsen,"Neue Straße 12, 37603 Holzminden",+49 5531 9590,,way/249442981,Rathaus Holzminden,9.0
DE-G-03256022,Nienburg (Weser),gemeinde,Niedersachsen,"Marktplatz 1, 31582 Nienburg/Weser",+49 5021 87-0,,way/228524789,Rathaus Nienburg,8.9
DE-G-03256025,Rehburg-Loccum,gemeinde,Niedersachsen,"Heidtorstraße 2, 31547 Rehburg-Loccum",+49 5037 97010,,node/6596646378,Rathaus Rehburg - Loccum,9.0
DE-G-03256030,Steyerberg,gemeinde,Niedersachsen,"Lange Straße 21, 31595 Steyerberg",+49 5764 96060,rathaus@steyerberg.de,node/2382116798,Rathaus Flecken Steyerberg,9.0
DE-G-03257003,Auetal,gemeinde,Niedersachsen,"Rehrener Straße 25, 31749 Auetal",,,node/319195804,Rathaus Gemeinde Auetal,8.5
DE-G-03257009,Bückeburg,gemeinde,Niedersachsen,"Marktplatz 2, 31675 Bückeburg",,,way/447216453,Rathaus,6.5
DE-G-03257028,Obernkirchen,gemeinde,Niedersachsen,"Marktplatz 4, 31683 Obernkirchen",+49 5724 3950,info@obernkirchen.de,node/5637496210,Stadtverwaltung Obernkirchen,9.0
DE-G-03257031,Rinteln,gemeinde,Niedersachsen,"Klosterstraße 19, 31737 Rinteln",,,way/37656106,Rathaus,6.5
DE-G-03257035,Stadthagen,gemeinde,Niedersachsen,"Rathauspassage 1, 31655 Stadthagen",+49 5721 782-0,stadtverwaltung@stadthagen.de,node/11500188643,Stadt Stadthagen,9.0
DE-G-03351004,Bergen,gemeinde,Niedersachsen,"Lange Straße 1, 29303 Bergen",,,way/175380455,Stadthaus Bergen,8.5
DE-G-03351006,Celle,gemeinde,Niedersachsen,"Am Französischen Garten 1, 29221 Celle",,,way/172361571,Neues Rathaus,6.4
DE-G-03351010,Faßberg,gemeinde,Niedersachsen,"Große Horststraße 40-44, 29328 Faßberg",,,way/47388178,Rathaus Faßberg,8.4
DE-G-03351012,Hambühren,gemeinde,Niedersachsen,,,,,,
DE-G-03351023,Wietze,gemeinde,Niedersachsen,"Neue Mitte 1, 29323 Wietze",,,node/2326383031,Rathaus Wietze,8.5
DE-G-03351024,Winsen (Aller),gemeinde,Niedersachsen,"Am Amtshof 5, 29308 Winsen (Aller)",+49 5143 988-0,,way/310506460,Rathaus Winsen (Aller),9.0
DE-G-03351025,Eschede,gemeinde,Niedersachsen,"Am Glockenkolk 1, 29348 Eschede",,,way/144921837,Rathaus Eschede,8.5
DE-G-03351026,Südheide,gemeinde,Niedersachsen,,,,,,
DE-G-03351501,Lohheide,gemeinde,Niedersachsen,,,,,,
DE-G-03352011,Cuxhaven,gemeinde,Niedersachsen,"Rathausplatz 1, 27472 Cuxhaven",,,way/992931803,Rathaus Cuxhaven,8.5
DE-G-03352032,Loxstedt,gemeinde,Niedersachsen,"Am Wedenberg 10, 27612 Loxstedt",+49 4744 480,gemeinde@loxstedt.de,way/210615821,Rathaus Loxstedt,8.9
DE-G-03352050,Schiffdorf,gemeinde,Niedersachsen,"Brameler Straße 13, 27619 Schiffdorf",+4947061810,,way/104413190,Rathaus Schiffdorf,9.0
DE-G-03352059,Beverstedt,gemeinde,Niedersachsen,"Schulstraße 2, 27616 Beverstedt",,,way/255304017,,6.5
DE-G-03352060,Hagen im Bremischen,gemeinde,Niedersachsen,"Amtsplatz 3, 27628",+49 4746 8729,,node/291164492,Rathaus,4.0
DE-G-03352061,Wurster Nordseeküste,gemeinde,Niedersachsen,"Westerbüttel 13, 27639 Wurster Nordseeküste",,,node/848608397,Rathaus Wurster Nordseeküste,8.5
DE-G-03352062,Geestland,gemeinde,Niedersachsen,"Sieverner Straße 10, 27607 Geestland",,,way/105526690,Stadtverwaltung Geestland – Rathaus 1,8.5
DE-G-03353005,Buchholz in der Nordheide,gemeinde,Niedersachsen,"Rathausplatz 1, 21244 Buchholz in der Nordheide",+49 4181 2140,,node/273149068,Rathaus Buchholz in der Nordheide,9.0
DE-G-03353026,Neu Wulmstorf,gemeinde,Niedersachsen,"Bahnhofstraße 39, 21629 Neu Wulmstorf",+4940700780,gemeinde@neu-wulmstorf.de,way/159391063,Rathaus Gemeinde Neu Wulmstorf,8.9
DE-G-03353029,Rosengarten,gemeinde,Niedersachsen,"Bremer Straße 40-42, 21224 Rosengarten",+49 4108 43330,,way/899624221,Rathaus Rosengarten,9.0
DE-G-03353031,Seevetal,gemeinde,Niedersachsen,"Kirchstraße 11, 21218 Seevetal",,,way/117084846,Rathaus der Gemeinde Seevetal,8.1
DE-G-03353032,Stelle,gemeinde,Niedersachsen,,,,,,
DE-G-03353040,Winsen (Luhe),gemeinde,Niedersachsen,"Schloßplatz 1, 21423 Winsen (Luhe)",,,way/96986335,Rathaus,6.5
DE-G-03355001,Adendorf,gemeinde,Niedersachsen,"Rathausplatz 14, 21365 Adendorf",,,way/43382779,Rathaus Adendorf,8.4
DE-G-03355009,Bleckede,gemeinde,Niedersachsen,"Lüneburger Straße 2a, 21354 Bleckede",,,way/113364517,Rathaus Bleckede,8.5
DE-G-03355022,Lüneburg,gemeinde,Niedersachsen,"Am Markt 1, 21335 Lüneburg",,,relation/2867756,Rathaus Lüneburg,8.5
DE-G-03355049,Amt Neuhaus,gemeinde,Niedersachsen,"Am Markt 4, 19273 Amt Neuhaus",+49 388416070,,way/376697060,Gemeinde Amt Neuhaus,9.0
DE-G-03356002,Grasberg,gemeinde,Niedersachsen,"Speckmannstraße 30, 28879 Grasberg",,,way/121140383,Rathaus,6.5
DE-G-03356005,Lilienthal,gemeinde,Niedersachsen,"Klosterstraße 16, 28865 Lilienthal",+49 4298 9290,gemeinde@lilienthal.de,way/26742427,Rathaus,7.0
DE-G-03356007,Osterholz-Scharmbeck,gemeinde,Niedersachsen,"Rathausstraße 1, 27711 Osterholz-Scharmbeck",+494791170,rathaus@osterholz-scharmbeck.de,relation/57651,Rathaus,6.9
DE-G-03356008,Ritterhude,gemeinde,Niedersachsen,"Riesstraße 40, 27721 Ritterhude",+49 4292 8890,info@ritterhude.de,way/27108524,Rathaus Ritterhude,8.9
DE-G-03356009,Schwanewede,gemeinde,Niedersachsen,,,,,,
DE-G-03356011,Worpswede,gemeinde,Niedersachsen,"Bauernreihe 1, 27726 Worpswede",,,way/26135952,Rathaus Worpswede,8.5
DE-G-03357008,Bremervörde,gemeinde,Niedersachsen,"Rathausmarkt 1, 27432 Bremervörde",+49 4761 987-0,,node/49151343,Rathaus Bremervörde,9.0
DE-G-03357016,Gnarrenburg,gemeinde,Niedersachsen,"Bahnhofstraße 1, 27442 Gnarrenburg",,,way/229351946,Gemeinde Gnarrenburg,8.5
DE-G-03357039,Rotenburg (Wümme),gemeinde,Niedersachsen,"Große Straße 1, 27356 Rotenburg (Wümme)",,,way/29457710,Rathaus Rotenburg,8.5
DE-G-03357041,Scheeßel,gemeinde,Niedersachsen,"Untervogtplatz 1, 27383 Scheeßel",,,node/8401975343,Gemeinde Scheeßel Rathaus,8.5
DE-G-03357051,Visselhövede,gemeinde,Niedersachsen,"Marktplatz 2, 27374 Visselhövede",,,way/40716899,Rathaus Visselhövede,8.5
DE-G-03358002,Bispingen,gemeinde,Niedersachsen,"Borsteler Straße 4, 29646 Bispingen",+49 5194 3980,,node/3598614303,Rathaus Bispingen,9.0
DE-G-03358008,Bad Fallingbostel,gemeinde,Niedersachsen,"Vogteistraße 1, 29683 Bad Fallingbostel",,,way/207563732,Rathaus Bad Fallingbostel,8.5
DE-G-03358016,Munster,gemeinde,Niedersachsen,"Heinrich-Peters-Platz 1, 29633 Munster",,,relation/3161087,Rathaus Munster,8.4
DE-G-03358017,Neuenkirchen,gemeinde,Niedersachsen,"Hauptstraße 1, 29643",,,node/900697086,Gemeindeverwaltung Neuenkirchen,5.5
DE-G-03358019,Schneverdingen,gemeinde,Niedersachsen,"Schulstraße 3, 29640 Schneverdingen",+49 5193 930,,node/3966412949,Rathaus Schneverdingen,9.0
DE-G-03358021,Soltau,gemeinde,Niedersachsen,"Poststraße 12, 29614",,,way/193679346,Stadtverwaltung Soltau,5.5
DE-G-03358023,Wietzendorf,gemeinde,Niedersachsen,"Hauptstraße 12, 29649 Wietzendorf",,,way/28703286,Rathaus,6.5
DE-G-03358024,Walsrode,gemeinde,Niedersachsen,,,,,,
DE-G-03358501,Osterheide,gemeinde,Niedersachsen,,,,,,
DE-G-03359010,Buxtehude,gemeinde,Niedersachsen,"Breite Straße 2, 21614 Buxtehude",,,way/352256163,Rathaus Buxtehude,8.5
DE-G-03359013,Drochtersen,gemeinde,Niedersachsen,"Sietwender Straße 27, 21706 Drochtersen",,,way/886685646,Rathaus Drochtersen,8.5
DE-G-03359028,Jork,gemeinde,Niedersachsen,"Am Gräfengericht 2, 21635 Jork",,,way/197076815,Rathaus Jork,8.5
DE-G-03359038,Stade,gemeinde,Niedersachsen,,,,,,
DE-G-03360004,Bienenbüttel,gemeinde,Niedersachsen,,,,,,
DE-G-03360025,Uelzen,gemeinde,Niedersachsen,"Herzogenplatz 2, 29525 Uelzen",+49 581 8000,,way/178967130,Rathaus,7.0
DE-G-03361001,Achim,gemeinde,Niedersachsen,"Obernstraße 38, 28832 Achim",+49 4202 9160-0,stadt@stadt.achim.de,way/110310746,Rathaus Achim,9.0
DE-G-03361003,Dörverden,gemeinde,Niedersachsen,"Große Straße 80, 27313 Dörverden",,,way/469025361,Rathaus Dörverden,8.5
DE-G-03361005,Kirchlinteln,gemeinde,Niedersachsen,"Am Rathaus 1, 27308 Kirchlinteln",,,way/347555627,Gemeindeverwaltung Kirchlinteln,8.4
DE-G-03361006,Langwedel,gemeinde,Niedersachsen,,,,,,
DE-G-03361008,Ottersberg,gemeinde,Niedersachsen,"Grüne Straße 24, 28870 Ottersberg",+49 4205 3170-0,,node/453655980,Rathaus Ottersberg,9.0
DE-G-03361009,Oyten,gemeinde,Niedersachsen,"Hauptstraße 55, 28876 Oyten",+49 4207 91400,info@oyten.de,way/88797869,Rathaus Gemeinde Oyten,9.0
DE-G-03361012,Verden (Aller),gemeinde,Niedersachsen,"Große Straße 40, 27283 Verden (Aller)",,,way/1125223138,Stadt Verden,8.5
DE-G-03401000,Delmenhorst,gemeinde,Niedersachsen,"Rathausplatz 1, 27749 Delmenhorst",,,way/266232562,Rathaus Delmenhorst,8.5
DE-G-03402000,Emden,gemeinde,Niedersachsen,,,,,,
DE-G-03403000,Oldenburg (Oldenburg),gemeinde,Niedersachsen,"Pferdemarkt 14, 26121 Oldenburg",,,way/64476015,Neues Rathaus,6.4
DE-G-03404000,Osnabrück,gemeinde,Niedersachsen,"Markt 30, 49074 Osnabrück",,,way/36333047,Rathaus Osnabrück,8.5
DE-G-03405000,Wilhelmshaven,gemeinde,Niedersachsen,"Rathausplatz 1, 26382 Wilhelmshaven",,,way/485213422,Rathaus Wilhelmshaven,8.4
DE-G-03451001,Apen,gemeinde,Niedersachsen,"Hauptstraße 200, 26689 Apen",,,way/297837056,Rathaus Apen,8.5
DE-G-03451002,Bad Zwischenahn,gemeinde,Niedersachsen,"Am Brink 9, 26160 Bad Zwischenahn",+49 4403 6040,gemeinde@bad-zwischenahn.de,way/39640526,Rathaus Bad Zwischenahn,8.9
DE-G-03451004,Edewecht,gemeinde,Niedersachsen,,,,,,
DE-G-03451005,Rastede,gemeinde,Niedersachsen,"Sophienstraße 27, 26180 Rastede",+49 4402 920-0,gemeinde@rastede.de,way/244086452,Rathaus der Gemeinde Rastede,9.0
DE-G-03451007,Westerstede,gemeinde,Niedersachsen,,,,,,
DE-G-03451008,Wiefelstede,gemeinde,Niedersachsen,"Kirchstraße 1, 26215 Wiefelstede",+49 4402 965 0,info@wiefelstede.de,way/156530253,Rathaus Wiefelstede,9.0
DE-G-03452001,Aurich,gemeinde,Niedersachsen,"Bürgermeister-Hippen-Platz 1, 26603 Aurich",+494941120,info@stadt.aurich.de,way/112284476,Rathaus Aurich,9.0
DE-G-03452002,Baltrum,gemeinde,Niedersachsen,,,,,,
DE-G-03452006,Großefehn,gemeinde,Niedersachsen,"Kanalstraße Süd 54, 26629 Großefehn",+49 4943 9200,,node/668484398,Gemeindeverwaltung Großefehn,9.0
DE-G-03452007,Großheide,gemeinde,Niedersachsen,,,,,,
DE-G-03452011,Hinte,gemeinde,Niedersachsen,"Brückstraße 11a, 26759 Hinte",+49 4925 92110,gemeinde.hinte@hinte.de,way/164422051,Rathaus Hinte,9.0
DE-G-03452012,Ihlow,gemeinde,Niedersachsen,,,,,,
DE-G-03452013,Juist,gemeinde,Niedersachsen,,,,,,
DE-G-03452014,Krummhörn,gemeinde,Niedersachsen,"Rathausstraße 1, 26736 Krummhörn",,,way/164421788,Rathaus Gemeinde Krummhörn,8.5
DE-G-03452019,Norden,gemeinde,Niedersachsen,"Am Markt 39, 26506 Norden",,,node/1493154750,Stadt Norden Bauamt - Umwelt - Verkehr,8.5
DE-G-03452020,Norderney,gemeinde,Niedersachsen,"Am Kurplatz 3, 26548 Norderney",,,way/39981211,Rathaus,6.5
DE-G-03452023,Südbrookmerland,gemeinde,Niedersachsen,"Westvictorburer Straße 2, 26624 Südbrookmerland",,,way/93251393,Rathaus Südbrookmerland,8.5
DE-G-03452025,Wiesmoor,gemeinde,Niedersachsen,"Hauptstraße 193, 26639 Wiesmoor",+49 4944 305 0,rathaus@wiesmoor.de,node/1267160476,Rathaus Wiesmoor,8.9
DE-G-03452027,Dornum,gemeinde,Niedersachsen,"Schatthauser Straße 9, 26553 Dornum",+49 4933 91890,info@gemeinde-dornum.de,way/184464319,Rathaus Dornum,9.0
DE-G-03453001,Barßel,gemeinde,Niedersachsen,"Theodor-Klinker-Platz, 26676 Barßel",,,way/31952063,Rathaus Barßel,8.5
DE-G-03453002,Bösel,gemeinde,Niedersachsen,"Am Kirchplatz 15, 26219 Bösel",,,way/80323824,Gemeindeverwaltung Bösel,8.5
DE-G-03453003,Cappeln (Oldenburg),gemeinde,Niedersachsen,"Am Markt 3, 49692 Cappeln (Oldenburg)",+49 4478 9484-0,gemeinde.cappeln@cappeln.de,way/108321422,Gemeindeverwaltung Cappeln,9.0
DE-G-03453004,Cloppenburg,gemeinde,Niedersachsen,,+49 4471 185-0,rathaus@cloppenburg.de,way/47070268,Rathaus,3.5
DE-G-03453005,Emstek,gemeinde,Niedersachsen,"Am Markt 1, 49685 Emstek",+49 4473 9484-0,rathaus@emstek.de,way/199997343,Gemeindeverwaltung Emstek (Rathaus),9.0
DE-G-03453006,Essen (Oldenburg),gemeinde,Niedersachsen,,,,,,
DE-G-03453007,Friesoythe,gemeinde,Niedersachsen,,,,,,
DE-G-03453008,Garrel,gemeinde,Niedersachsen,"Hauptstraße 15, 49681 Garrel",+49 4474 899 0,,way/503782490,Rathaus Garrel,9.0
DE-G-03453009,Lastrup,gemeinde,Niedersachsen,"Am Marktplatz 1, 49688 Lastrup",+49 4472 8900 0,,way/88437410,Rathaus Lastrup,9.0
DE-G-03453010,Lindern (Oldenburg),gemeinde,Niedersachsen,"Kirchstraße 1, 49699 Lindern (Oldenburg)",,,way/87369922,Gemeide Lindern,8.5
DE-G-03453011,Löningen,gemeinde,Niedersachsen,"Gutenbergstraße 1, 49624 Löningen",+49 5432 9410 0,stadt@loeningen.de,node/12049599397,Außenenstelle Rathaus Stadt Löningen,8.8
DE-G-03453012,Molbergen,gemeinde,Niedersachsen,"Cloppenburger Straße 22, 49696 Molbergen",+49 4475 94940,,way/331837561,Rathaus,7.0
DE-G-03453013,Saterland,gemeinde,Niedersachsen,"Hauptstraße 507, 26683 Saterland",,,way/401020923,Rathaus,6.5
DE-G-03454010,Emsbüren,gemeinde,Niedersachsen,"Magistratstraße 5, 48488 Emsbüren",,,way/781960243,Gemeinde Emsbüren,8.5
DE-G-03454014,Geeste,gemeinde,Niedersachsen,,,,,,
DE-G-03454018,Haren (Ems),gemeinde,Niedersachsen,"Neuer Markt 1, 49733 Haren (Ems)",,,way/161018415,Rathaus Haren,8.5
DE-G-03454019,Haselünne,gemeinde,Niedersachsen,"Rathausplatz 1, 49740 Haselünne",+49 5961 509-0,info@haseluenne.de,way/561568742,Rathaus,7.0
DE-G-03454032,Lingen (Ems),gemeinde,Niedersachsen,"Elisabethstraße 14-16, 49808 Lingen (Ems)",,,way/91235976,Rathaus Lingen,8.5
DE-G-03454035,Meppen,gemeinde,Niedersachsen,"Markt 43, 49716 Meppen",,,node/529116897,Meppen,8.5
DE-G-03454041,Papenburg,gemeinde,Niedersachsen,,+49 4961 82-0,info@papenburg.de,way/1374118057,Stadtverwaltung Papenburg (Rathaus),8.5
DE-G-03454044,Rhede (Ems),gemeinde,Niedersachsen,"Gerhardyweg 1, 26899 Rhede (Ems)",,,way/442635536,Rathaus Gemeinde Rhede (Ems),8.5
DE-G-03454045,Salzbergen,gemeinde,Niedersachsen,"Franz-Schratz-Straße 12, 48499 Salzbergen",,,way/251793844,Rathaus Salzbergen,8.5
DE-G-03454054,Twist,gemeinde,Niedersachsen,"Flensbergstraße 7, 49767 Twist",+49 5936 9330-0,info@twist-emsland.de,way/189245841,Gemeinde Twist,8.7
DE-G-03455007,Jever,gemeinde,Niedersachsen,"Am Kirchplatz 11, 26441 Jever",,,way/77483617,Rathaus der Stadt Jever,8.5
DE-G-03455014,Sande,gemeinde,Niedersachsen,"Hauptstraße 79, 26452 Sande",,,way/234570791,Gemeinde Sande,8.5
DE-G-03455015,Schortens,gemeinde,Niedersachsen,"Oldenburger Straße 29, 26419 Schortens",+49 4461 9820,,way/121439607,Rathaus Schortens,9.0
DE-G-03455020,Wangerland,gemeinde,Niedersachsen,"Helmsteder Straße 1, 26434 Wangerland",,,way/126100000,Gemeinde Wangerland,8.5
DE-G-03455021,Wangerooge,gemeinde,Niedersachsen,,,,,,
DE-G-03455025,Bockhorn,gemeinde,Niedersachsen,,,,,,
DE-G-03455026,Varel,gemeinde,Niedersachsen,,,,,,
DE-G-03455027,Zetel,gemeinde,Niedersachsen,"Ohrbült 1, 26340 Zetel",+49 4453 935-0,gemeinde@zetel.de,way/168231235,Rathaus Gemeinde Zetel,9.0
DE-G-03456001,Bad Bentheim,gemeinde,Niedersachsen,"Schloßstraße 2, 48455 Bad Bentheim",,,node/6657211743,Rathaus,6.5
DE-G-03456015,Nordhorn,gemeinde,Niedersachsen,,,,,,
DE-G-03456025,Wietmarschen,gemeinde,Niedersachsen,"Hauptstraße 62, 49835 Wietmarschen",+49 5908 93 99 0,,node/3170621385,Rathaus,6.3
DE-G-03457002,Borkum,gemeinde,Niedersachsen,"Neue Straße 1, 26757 Borkum",,,way/37616211,Rathaus Borkum,8.5
DE-G-03457012,Jemgum,gemeinde,Niedersachsen,"Hofstraße 2, 26844 Jemgum",,,node/188734332,Rathaus Jemgum,8.5
DE-G-03457013,Leer (Ostfriesland),gemeinde,Niedersachsen,"Rathausstraße 1, 26789 Leer",,,way/94724672,Historisches Rathaus Leer,4.5
DE-G-03457014,Moormerland,gemeinde,Niedersachsen,"Theodor-Heuss-Straße 12, 26802 Moormerland",+49 4954 8010,,way/1534926785,Rathaus Moormerland,9.0
DE-G-03457017,Ostrhauderfehn,gemeinde,Niedersachsen,"Hauptstraße 117, 26842 Ostrhauderfehn",,,way/188812803,Gemeinde Ostrhauderfehn,8.5
DE-G-03457018,Rhauderfehn,gemeinde,Niedersachsen,"1. Südwieke 2A, 26817 Rhauderfehn",,,way/230179891,Rathaus Gemeinde Rhauderfehn,8.4
DE-G-03457020,Uplengen,gemeinde,Niedersachsen,"Alter Postweg 113, 26670 Uplengen",+49 4956 9117-0,gemeinde@uplengen.de,way/662515306,Gemeindeverwaltung Uplengen,9.0
DE-G-03457021,Weener,gemeinde,Niedersachsen,"Osterstraße 1, 26826 Weener",+49 4951 305-0,,way/288002717,Rathaus,7.0
DE-G-03457022,Westoverledingen,gemeinde,Niedersachsen,"Bahnhofstraße 18, 26810 Westoverledingen",,,way/128593428,Rathaus Gemeinde Westoverledingen,8.5
DE-G-03457024,Bunde,gemeinde,Niedersachsen,"Kirchring 2, 26831 Bunde",,,way/757721974,Rathaus,6.5
DE-G-03458003,Dötlingen,gemeinde,Niedersachsen,"Hauptstraße 26, 27801 Dötlingen",+49 4432 9500,,way/311226347,,6.6
DE-G-03458005,Ganderkesee,gemeinde,Niedersachsen,"Mühlenstraße 2-4, 27777 Ganderkesee",+49 4222 44-0,,way/549625271,Gemeindeverwaltung Ganderkesee (Rathaus),9.0
DE-G-03458007,Großenkneten,gemeinde,Niedersachsen,,,,,,
DE-G-03458009,Hatten,gemeinde,Niedersachsen,"Hauptstraße 21, 26209 Hatten",,,node/837171243,,6.5
DE-G-03458010,Hude (Oldb),gemeinde,Niedersachsen,"Parkstraße 53, 27798 Hude",+49 4408 9213-0,,way/266641873,Rathaus Gemeinde Hude,9.0
DE-G-03458013,Wardenburg,gemeinde,Niedersachsen,"Friedrichstraße 16, 26203 Wardenburg",+49 4407 730,rathaus@wardenburg.de,node/3305330162,Rathaus Gemeinde Wardenburg,8.9
DE-G-03458014,Wildeshausen,gemeinde,Niedersachsen,,,,,,
DE-G-03459003,Bad Essen,gemeinde,Niedersachsen,,,,,,
DE-G-03459004,Bad Iburg,gemeinde,Niedersachsen,"Am Gografenhof 4, 49186 Bad Iburg",,,node/933076339,Rathaus Bad Iburg,8.5
DE-G-03459005,Bad Laer,gemeinde,Niedersachsen,"Glandorfer Straße 5, 49196 Bad Laer",,,way/161107684,Rathaus Bad Laer,8.5
DE-G-03459006,Bad Rothenfelde,gemeinde,Niedersachsen,,,,,,
DE-G-03459008,Belm,gemeinde,Niedersachsen,"Marktring 13, 49191 Belm",+49 5406 5050,info@belm.de,way/139512687,Rathaus,6.9
DE-G-03459012,Bissendorf,gemeinde,Niedersachsen,,,,,,
DE-G-03459013,Bohmte,gemeinde,Niedersachsen,"Bremer Straße 4, 49163 Bohmte",+49 5471 8080,,way/995321887,Gemeinde Bohmte,8.9
DE-G-03459014,Bramsche,gemeinde,Niedersachsen,"Hasestraße 11, 49565 Bramsche",,,way/91079247,Rathaus,6.5
DE-G-03459015,Dissen am Teutoburger Wald,gemeinde,Niedersachsen,,,,,,
DE-G-03459019,Georgsmarienhütte,gemeinde,Niedersachsen,"Oeseder Straße 85, 49124 Georgsmarienhütte",,,relation/6175312,Rathaus Georgsmarienhütte,8.3
DE-G-03459020,Hagen am Teutoburger Wald,gemeinde,Niedersachsen,"Schulstraße 7, 49170 Hagen am Teutoburger Wald",+49 5405 977 0,info@hagen-atw.de,way/153761806,Rathaus,7.0
DE-G-03459021,Hasbergen,gemeinde,Niedersachsen,"Hüggelplatz 1, 49205 Hasbergen",+49 5405 5020,,way/1123933727,Rathaus Hasbergen,9.0
DE-G-03459022,Hilter am Teutoburger Wald,gemeinde,Niedersachsen,"Osnabrücker Straße 1, 49176 Hilter am Teutoburger Wald",+49 5424 23180,,node/1247263032,Rathaus,7.0
DE-G-03459024,Melle,gemeinde,Niedersachsen,"Markt 22, Melle",,,way/189125465,Rathaus Melle,5.5
DE-G-03459029,Ostercappeln,gemeinde,Niedersachsen,,,,,,
DE-G-03459033,Wallenhorst,gemeinde,Niedersachsen,"Rathausallee 1, 49134 Wallenhorst",,,relation/4478022,Rathaus Wallenhorst,8.5
DE-G-03459034,Glandorf,gemeinde,Niedersachsen,"Münsterstraße 11, 49219 Glandorf",,,way/151073809,Rathaus,6.5
DE-G-03460001,Bakum,gemeinde,Niedersachsen,"Kirchstraße 3, 49456 Bakum",,,way/1336908098,Rathaus Bakum,8.5
DE-G-03460002,Damme,gemeinde,Niedersachsen,,,,,,
DE-G-03460003,Dinklage,gemeinde,Niedersachsen,"Am Markt 1, 49413 Dinklage",+49 4443 899 0,,way/707481809,Rathaus Dinklage,9.0
DE-G-03460004,Goldenstedt,gemeinde,Niedersachsen,"Hauptstraße 39, 49424 Goldenstedt",,,node/3587619194,Rathaus,6.5
DE-G-03460005,Holdorf,gemeinde,Niedersachsen,"Große Straße 19, 49451 Holdorf",+49 5494 985-0,,way/494725640,Rathaus Holdorf,9.0
DE-G-03460006,Lohne (Oldenburg),gemeinde,Niedersachsen,"Vogtstraße 26, 49393 Lohne (Oldenburg)",,rathaus@lohne.de,way/186442447,Rathaus der Stadt Lohne,8.5
DE-G-03460007,Neuenkirchen-Vörden,gemeinde,Niedersachsen,,,,,,
DE-G-03460008,Steinfeld (Oldenburg),gemeinde,Niedersachsen,"Am Rathausplatz 13, 49439 Steinfeld",,,way/384717872,Rathaus Gemeinde Steinfeld,8.5
DE-G-03460009,Vechta,gemeinde,Niedersachsen,"Burgstraße 6, 49377 Vechta",,,way/109244776,Rathaus Vechta,8.5
DE-G-03460010,Visbek,gemeinde,Niedersachsen,"Goldenstedter Straße 1, 49429 Visbek",,,node/438362236,Rathaus Visbek,8.5
DE-G-03461001,Berne,gemeinde,Niedersachsen,"Am Breithof 6, 27804 Berne",+49 4406 941-110,buergermeister@berne.de,way/194795755,Gemeinde Berne,9.0
DE-G-03461002,Brake (Unterweser),gemeinde,Niedersachsen,"Schrabberdeich 1, 26919 Brake (Unterweser)",+49 4401 102-0,stadt@brake.de,way/226217441,Rathaus,7.0
DE-G-03461003,Butjadingen,gemeinde,Niedersachsen,"Butjadinger Straße 59, 26969 Butjadingen",,,way/219773417,Rathaus,6.5
DE-G-03461004,Elsfleth,gemeinde,Niedersachsen,"Rathausplatz 1, 26931 Elsfleth",,,way/55490486,Rathaus,6.5
DE-G-03461005,Jade,gemeinde,Niedersachsen,"Jader Straße 47, 26349 Jade",+49 4454 899-0,info@gemeinde-jade.de,way/614771188,Gemeinde Jade,8.6
DE-G-03461006,Lemwerder,gemeinde,Niedersachsen,"Stedinger Straße 51, 27809 Lemwerder",,,way/25895074,Rathaus,6.5
DE-G-03461007,Nordenham,gemeinde,Niedersachsen,"Walther-Rathenau-Straße 25, 26954 Nordenham",,,way/92348380,Rathaus,6.4
DE-G-03461008,Ovelgönne,gemeinde,Niedersachsen,,,,,,
DE-G-03461009,Stadland,gemeinde,Niedersachsen,,,,,,
DE-G-03462005,Friedeburg,gemeinde,Niedersachsen,"Friedeburger Hauptstraße 96, 26446 Friedeburg",,,way/23802362,Rathaus Friedeburg,8.5
DE-G-03462007,Langeoog,gemeinde,Niedersachsen,"Hauptstraße 28, 26465 Langeoog",+49 4972 693-0,info@langeoog.de,way/179363192,Rathaus,7.0
DE-G-03462014,Spiekeroog,gemeinde,Niedersachsen,"Westerloog 2, 26474 Spiekeroog",,,way/89429774,Rathaus Spiekeroog,8.5
DE-G-03462019,Wittmund,gemeinde,Niedersachsen,,,,,,
DE-G-04011000,Bremen,gemeinde,Bremen,"Am Markt 21, 28195 Bremen",,,relation/2190791,Rathaus,6.5
DE-G-04012000,Bremerhaven,gemeinde,Bremen,,,,,,
DE-G-05111000,Düsseldorf,gemeinde,Nordrhein-Westfalen,"Marktplatz 2, 40213 Düsseldorf",,,way/23444432,Rathaus Düsseldorf,8.4
DE-G-05112000,Duisburg,gemeinde,Nordrhein-Westfalen,"Kuhstraße 6, 47051 Duisburg",,,node/3087218319,Rechtsamt der Stadt Duisburg,8.5
DE-G-05113000,Essen,gemeinde,Nordrhein-Westfalen,"Porscheplatz 1, 45127 Essen",,,way/51255253,Rathaus Essen,8.5
DE-G-05114000,Krefeld,gemeinde,Nordrhein-Westfalen,"Von-der-Leyen-Platz 1, 47798 Krefeld",,,relation/409533,Rathaus Krefeld,8.5
DE-G-05116000,Mönchengladbach,gemeinde,Nordrhein-Westfalen,,,,,,
DE-G-05117000,Mülheim an der Ruhr,gemeinde,Nordrhein-Westfalen,"Am Brunnen 11, 45481 Mülheim an der Ruhr",,,way/270080932,Rathaus,5.9
DE-G-05119000,Oberhausen,gemeinde,Nordrhein-Westfalen,"Schwartzstraße 72, 46045 Oberhausen",,,way/29087387,Rathaus Oberhausen,8.4
DE-G-05120000,Remscheid,gemeinde,Nordrhein-Westfalen,"Theodor-Heuss-Platz 1, 42853 Remscheid",+4921911600,remscheid@remscheid.de,node/4200186091,Rathaus Remscheid,8.9
DE-G-05122000,Solingen,gemeinde,Nordrhein-Westfalen,"Walter-Scheel-Platz 1, 42651 Solingen",+49 212 2900,,node/5879642332,Rathaus Solingen,8.9
DE-G-05124000,Wuppertal,gemeinde,Nordrhein-Westfalen,"Johannes-Rau-Platz 1, 42275 Wuppertal",+49 202 5630,,way/252025084,Rathaus Stadt Wuppertal,9.0
DE-G-05154004,Bedburg-Hau,gemeinde,Nordrhein-Westfalen,"Rathausplatz 1, 47551 Bedburg-Hau",,,way/250294286,Rathaus Gemeinde Bedburg-Hau,8.5
DE-G-05154008,Emmerich am Rhein,gemeinde,Nordrhein-Westfalen,"Geistmarkt 1, 46446 Emmerich am Rhein",,,way/82817836,Stadtverwaltung Rathaus,6.5
DE-G-05154012,Geldern,gemeinde,Nordrhein-Westfalen,,,,,,
DE-G-05154016,Goch,gemeinde,Nordrhein-Westfalen,"Markt 2, 47574 Goch",,,way/164184314,Rathaus Goch,8.5
DE-G-05154020,Issum,gemeinde,Nordrhein-Westfalen,"Herrlichkeit 7-9, 47661 Issum",,,way/111299475,Gemeindehaus,6.5
DE-G-05154024,Kalkar,gemeinde,Nordrhein-Westfalen,"Grabenstraße 69, 47546 Kalkar",,,way/254689546,,6.5
DE-G-05154028,Kerken,gemeinde,Nordrhein-Westfalen,"Dionysiusplatz 4, 47647 Kerken",,,node/1492562901,Gemeindeverwaltung,6.5
DE-G-05154032,Kevelaer,gemeinde,Nordrhein-Westfalen,"Peter-Plümpe-Platz 12, 47623 Kevelaer",,,way/1247475453,Rathaus der Stadt Kevelaer,8.5
DE-G-05154036,Kleve,gemeinde,Nordrhein-Westfalen,"Minoritenplatz 1, 47533 Kleve",+49 2821 840,,way/1321479863,Rathaus Kleve,9.0
DE-G-05154040,Kranenburg,gemeinde,Nordrhein-Westfalen,"Klever Straße 4, 47559 Kranenburg",,,way/254560107,Rathaus Kranenburg,8.5
DE-G-05154044,Rees,gemeinde,Nordrhein-Westfalen,,,,,,
DE-G-05154048,Rheurdt,gemeinde,Nordrhein-Westfalen,"Rathausstraße 35, 47509 Rheurdt",,,way/194177268,Rathaus Rheurdt,8.5
DE-G-05154052,Straelen,gemeinde,Nordrhein-Westfalen,,,,,,
DE-G-05154056,Uedem,gemeinde,Nordrhein-Westfalen,,,,,,
DE-G-05154060,Wachtendonk,gemeinde,Nordrhein-Westfalen,,,,,,
DE-G-05154064,Weeze,gemeinde,Nordrhein-Westfalen,"Cyriakusplatz 13-14, 47652 Weeze",+49 2837 9100,,way/88116815,Rathaus,7.0
DE-G-05158004,Erkrath,gemeinde,Nordrhein-Westfalen,"Bahnstraße 16, 40699 Erkrath",,,way/161381342,Rathaus Erkrath,8.4
DE-G-05158008,Haan,gemeinde,Nordrhein-Westfalen,"Kaiserstraße 85, 42781 Haan",,,way/52374512,,6.5
DE-G-05158012,Heiligenhaus,gemeinde,Nordrhein-Westfalen,"Hauptstraße 157, 42579 Heiligenhaus",+49 2056 13 0,,way/38097487,Rathaus Heiligenhaus,9.0
DE-G-05158016,Hilden,gemeinde,Nordrhein-Westfalen,,,,,,
DE-G-05158020,Langenfeld (Rheinland),gemeinde,Nordrhein-Westfalen,"Konrad-Adenauer-Platz 1, 40764 Langenfeld",+49 2173 7940,,relation/1307955,Rathaus,6.9
DE-G-05158024,Mettmann,gemeinde,Nordrhein-Westfalen,"Neanderstraße 85, 40822 Mettmann",,,way/145475485,Rathaus Stadt Mettmann,8.4
DE-G-05158026,Monheim am Rhein,gemeinde,Nordrhein-Westfalen,"Robert-Bosch-Straße 3, 40789 Monheim am Rhein",,,node/7138649213,Städtische Betriebe Stadt Monheim am Rhein,8.2
DE-G-05158028,Ratingen,gemeinde,Nordrhein-Westfalen,"Minoritenstraße 4, 40878 Ratingen",,,way/52055727,Rathaus Ratingen,8.5
DE-G-05158032,Velbert,gemeinde,Nordrhein-Westfalen,,,,,,
DE-G-05158036,Wülfrath,gemeinde,Nordrhein-Westfalen,"Am Rathaus 1, 42489 Wülfrath",,,way/28526766,Rathaus,6.4
DE-G-05162004,Dormagen,gemeinde,Nordrhein-Westfalen,"Paul-Wierich-Platz 1, 41539 Dormagen",,,way/26188606,,6.5
DE-G-05162008,Grevenbroich,gemeinde,Nordrhein-Westfalen,"Ostwall 14, 41515 Grevenbroich",,,node/268505656,Rathaus,6.5
DE-G-05162012,Jüchen,gemeinde,Nordrhein-Westfalen,"Am Rathaus 5, 41363 Jüchen",,,way/296262095,Rathaus Jüchen,8.5
DE-G-05162016,Kaarst,gemeinde,Nordrhein-Westfalen,"Am Neumarkt 2, 41564 Kaarst",+49 2131 987-0,info@Kaarst.de,way/129216622,Rathaus Kaarst,8.9
DE-G-05162020,Korschenbroich,gemeinde,Nordrhein-Westfalen,"Sebastianusstraße 1, 41352 Korschenbroich",,,node/8831215329,Rathaus,6.5
DE-G-05162022,Meerbusch,gemeinde,Nordrhein-Westfalen,"Dorfstraße 20, 40667 Meerbusch",,,way/48237823,,6.3
DE-G-05162024,Neuss,gemeinde,Nordrhein-Westfalen,"Markt 2, 41460 Neuss",+49 2131 90-01,stadtverwaltung@neuss.de,relation/1300026,Stadtverwaltung Neuss,9.0
DE-G-05162028,Rommerskirchen,gemeinde,Nordrhein-Westfalen,"Bahnstraße 51, 41569 Rommerskirchen",+49 2183 8000,,way/294584136,Rathaus,6.9
DE-G-05166004,Brüggen,gemeinde,Nordrhein-Westfalen,,,,,,
DE-G-05166008,Grefrath,gemeinde,Nordrhein-Westfalen,"Johannes-Girmes-Straße 21, 47929 Grefrath",+49 2158 40800,,node/4427835777,Rathaus Gemeinde Grefrath,8.7
DE-G-05166012,Kempen,gemeinde,Nordrhein-Westfalen,"Buttermarkt 1, 47906 Kempen",,,node/12144847309,Rathaus Kempen,8.5
DE-G-05166016,Nettetal,gemeinde,Nordrhein-Westfalen,,,,,,
DE-G-05166020,Niederkrüchten,gemeinde,Nordrhein-Westfalen,,,,,,
DE-G-05166024,Schwalmtal,gemeinde,Nordrhein-Westfalen,,,,,,
DE-G-05166028,Tönisvorst,gemeinde,Nordrhein-Westfalen,,,,,,
DE-G-05166032,Viersen,gemeinde,Nordrhein-Westfalen,,,,,,
DE-G-05166036,Willich,gemeinde,Nordrhein-Westfalen,,,,,,
DE-G-05170004,Alpen,gemeinde,Nordrhein-Westfalen,"Rathausstraße 5, 46519 Alpen",+49 2802 9120,info@alpen.de,way/50030059,Rathaus Alpen,9.0
DE-G-05170008,Dinslaken,gemeinde,Nordrhein-Westfalen,"Platz d' Agen 1, 46535 Dinslaken",,,node/2221828492,Rathaus,6.5
DE-G-05170012,Hamminkeln,gemeinde,Nordrhein-Westfalen,"Brüner Straße 9, 46499 Hamminkeln",,,way/184612825,Rathaus Hamminkeln,8.5
DE-G-05170016,Hünxe,gemeinde,Nordrhein-Westfalen,"Dorstener Straße 24, 46569 Hünxe",,,way/374797465,Rathaus Hünxe,8.5
DE-G-05170020,Kamp-Lintfort,gemeinde,Nordrhein-Westfalen,"Am Rathaus 2, 47475 Kamp-Lintfort",+4928429120,,way/774961383,Stadtverwaltung Kamp-Lintfort,8.9
DE-G-05170024,Moers,gemeinde,Nordrhein-Westfalen,"Rathausplatz 1, 47441 Moers",,,node/13857248689,Neues Rathaus,6.5
DE-G-05170028,Neukirchen-Vluyn,gemeinde,Nordrhein-Westfalen,"Hans-Böckler-Straße 26, 47506 Neukirchen-Vluyn",,,way/224632484,Rathaus Neukirchen-Vluyn,8.5
DE-G-05170032,Rheinberg,gemeinde,Nordrhein-Westfalen,"Kirchplatz 10, 47495 Rheinberg",+49 2843 171117,ute.zalewski@rheinberg.de,way/66295876,Stadthalle Rheinberg,9.0
DE-G-05170036,Schermbeck,gemeinde,Nordrhein-Westfalen,"Weseler Straße 2, 46514 Schermbeck",,,way/177955770,Rathaus,6.5
DE-G-05170040,Sonsbeck,gemeinde,Nordrhein-Westfalen,,,,,,
DE-G-05170044,Voerde (Niederrhein),gemeinde,Nordrhein-Westfalen,"Rathausplatz 20, 46562 Voerde (Niederrhein)",,,way/94835460,Rathaus Voerde,8.5
DE-G-05170048,Wesel,gemeinde,Nordrhein-Westfalen,"Klever-Tor-Platz 1, 46483 Wesel",,,way/254737068,Rathaus Wesel,8.5
DE-G-05170052,Xanten,gemeinde,Nordrhein-Westfalen,"Karthaus 2, 46509 Xanten",,,node/571308310,Rathaus Xanten,8.5
DE-G-05314000,Bonn,gemeinde,Nordrhein-Westfalen,,,,,,
DE-G-05315000,Köln,gemeinde,Nordrhein-Westfalen,"Mannesmannstraße 10, 50996 Köln",,,way/270965977,Stadtverwaltung Köln - Kundenzentrum Rodenkirchen,7.7
DE-G-05316000,Leverkusen,gemeinde,Nordrhein-Westfalen,"Friedrich-Ebert-Platz 1, 51373 Leverkusen",+49 214 4060,,node/1843617270,Rathaus Leverkusen,8.9
DE-G-05334002,Aachen,gemeinde,Nordrhein-Westfalen,"Johannes-Paul-II.-Straße 1, Aachen",,,way/83734744,Bezirksvertretung Aachen-Mitte,5.5
DE-G-05334004,Alsdorf,gemeinde,Nordrhein-Westfalen,"Hubertusstraße 17, 52477 Alsdorf",,,way/172456517,Rathaus Alsdorf,8.5
DE-G-05334008,Baesweiler,gemeinde,Nordrhein-Westfalen,,,,,,
DE-G-05334012,Eschweiler,gemeinde,Nordrhein-Westfalen,"Johannes-Rau-Platz 1, 52249 Eschweiler",,,way/32498888,Rathaus,6.5
DE-G-05334016,Herzogenrath,gemeinde,Nordrhein-Westfalen,,,,,,
DE-G-05334020,Monschau,gemeinde,Nordrhein-Westfalen,"Laufenstraße 84, 52156 Monschau",,,way/90586194,Rathaus Monschau,8.4
DE-G-05334024,Roetgen,gemeinde,Nordrhein-Westfalen,"Hauptstraße 55, 52159 Roetgen",,,way/93341726,Rathaus Roetgen,8.5
DE-G-05334028,Simmerath,gemeinde,Nordrhein-Westfalen,"Rathaus 1, 52152 Simmerath",+49 2473 6070,gemeinde@simmerath.de,way/88815552,Rathaus Simmerath,9.0
DE-G-05334032,Stolberg (Rhld.),gemeinde,Nordrhein-Westfalen,,,,,,
DE-G-05334036,Würselen,gemeinde,Nordrhein-Westfalen,"Morlaixplatz 1, 52146 Würselen",+49 2405 670,,way/36846905,Rathaus,7.0
DE-G-05358004,Aldenhoven,gemeinde,Nordrhein-Westfalen,,,,,,
DE-G-05358008,Düren,gemeinde,Nordrhein-Westfalen,"Kaiserplatz 2-4, 52349 Düren",+49 2421 25 0,,way/29139220,Rathaus Stadt Düren,9.0
DE-G-05358012,Heimbach,gemeinde,Nordrhein-Westfalen,,,,,,
DE-G-05358016,Hürtgenwald,gemeinde,Nordrhein-Westfalen,"August-Scholl-Straße 5, 52393 Hürtgenwald",,,way/28971960,Gemeinde Hürtgenwald,8.5
DE-G-05358020,Inden,gemeinde,Nordrhein-Westfalen,"Rathausstraße 1, 52459 Inden",,,way/33075972,Rathaus Inden,8.4
DE-G-05358024,Jülich,gemeinde,Nordrhein-Westfalen,"Große Rurstraße 17, 52428 Jülich",,,way/49749920,Stadtverwaltung Jülich (Neues Rathaus),8.5
DE-G-05358028,Kreuzau,gemeinde,Nordrhein-Westfalen,"Bahnhofstraße 7, 52372 Kreuzau",,,node/4610324244,Rathaus Kreuzau,8.4
DE-G-05358032,Langerwehe,gemeinde,Nordrhein-Westfalen,"Schönthaler Straße 4, 52379 Langerwehe",,,way/47796762,Rathaus Langerwehe,8.5
DE-G-05358036,Linnich,gemeinde,Nordrhein-Westfalen,,,,,,
DE-G-05358040,Merzenich,gemeinde,Nordrhein-Westfalen,"Valdersweg 1, 52399 Merzenich",,,way/426022124,Rathaus,6.5
DE-G-05358044,Nideggen,gemeinde,Nordrhein-Westfalen,"Zülpicher Straße 1, 52385 Nideggen",,,node/946694684,Stadt Nideggen,8.5
DE-G-05358048,Niederzier,gemeinde,Nordrhein-Westfalen,"Rathausstraße 8, 52382 Niederzier",,,way/388317505,Rathaus Niederzier,8.5
DE-G-05358052,Nörvenich,gemeinde,Nordrhein-Westfalen,,,,,,
DE-G-05358056,Titz,gemeinde,Nordrhein-Westfalen,"Wilhelm-Lieven-Platz 1, 52445 Titz",,,way/333313743,Landgemeinde Titz - Rathaus,8.5
DE-G-05358060,Vettweiß,gemeinde,Nordrhein-Westfalen,"Gereonstraße 14, 52391 Vettweiß",,,way/112682209,Rathaus der Gemeinde Vettweiß,8.5
DE-G-05362004,Bedburg,gemeinde,Nordrhein-Westfalen,"Am Rathaus 1, 50181 Bedburg",+4922724020,stadtverwaltung@bedburg.de,relation/11095980,Rathaus Bedburg,8.8
DE-G-05362008,Bergheim,gemeinde,Nordrhein-Westfalen,"Bethlehemer Straße 9-11, 50126 Bergheim",+49 2271 890,,node/1744594814,Rathaus Bergheim,9.0
DE-G-05362012,Brühl,gemeinde,Nordrhein-Westfalen,,,,,,
DE-G-05362016,Elsdorf,gemeinde,Nordrhein-Westfalen,"Gladbacher Straße 111, 50189 Elsdorf",+49 2274 7090,,way/139722326,Rathaus Elsdorf,9.0
DE-G-05362020,Erftstadt,gemeinde,Nordrhein-Westfalen,"Holzdamm 10, 50374 Erftstadt",,,way/89571819,Rathaus Erftstadt,8.4
DE-G-05362024,Frechen,gemeinde,Nordrhein-Westfalen,"Johann-Schmitz-Platz 3, 50226 Frechen",+49 2234 5011666,,way/32462084,Rathaus Frechen,9.0
DE-G-05362028,Hürth,gemeinde,Nordrhein-Westfalen,"Friedrich-Ebert-Straße 40, 50354 Hürth",+49 2233 53-0,,way/30712886,Rathaus Hürth,8.8
DE-G-05362032,Kerpen,gemeinde,Nordrhein-Westfalen,"Jahnplatz 1, 50171 Kerpen",,,way/290346022,Rathaus Kerpen,8.5
DE-G-05362036,Pulheim,gemeinde,Nordrhein-Westfalen,"Alte Kölner Straße 24, 50259 Pulheim",,,way/165248419,,6.5
DE-G-05362040,Wesseling,gemeinde,Nordrhein-Westfalen,"Alfons-Müller-Platz 1, 50389 Wesseling",+49 2236 7010,info@wesseling.de,way/30986930,Neues Rathaus,7.0
DE-G-05366004,Bad Münstereifel,gemeinde,Nordrhein-Westfalen,,,,,,
DE-G-05366008,Blankenheim,gemeinde,Nordrhein-Westfalen,"Ahrstraße 50, 53945 Blankenheim",,,way/308383641,Rathaus Blankenheim (Alter Konsum),8.5
DE-G-05366012,Dahlem,gemeinde,Nordrhein-Westfalen,,,,,,
DE-G-05366016,Euskirchen,gemeinde,Nordrhein-Westfalen,"An der Vogelrute 1, 53879 Euskirchen",+49 2251 140,info@euskirchen.de,relation/16204040,Rathaus (Stadtverwaltung) Euskirchen,8.9
DE-G-05366020,Hellenthal,gemeinde,Nordrhein-Westfalen,"Rathausstraße 2, 53940 Hellenthal",,,way/70396021,Rathaus,6.4
DE-G-05366024,Kall,gemeinde,Nordrhein-Westfalen,"Bahnhofstraße 9, 53925 Kall",,,way/304968936,Rathaus Kall,8.5
DE-G-05366028,Mechernich,gemeinde,Nordrhein-Westfalen,"Bergstraße 1, 53894 Mechernich",+49 2443 490,info@mechernich.de,way/282359210,Stadtverwaltung Mechernich,9.0
DE-G-05366032,Nettersheim,gemeinde,Nordrhein-Westfalen,"Krausstraße 2, 53947 Nettersheim",,,node/2157730575,Gemeindeverwaltung Nettersheim,8.2
DE-G-05366036,Schleiden,gemeinde,Nordrhein-Westfalen,,,,,,
DE-G-05366040,Weilerswist,gemeinde,Nordrhein-Westfalen,"Bonner Straße 29, 53919 Weilerswist",,,way/248978493,Rathaus Weilerswist,8.4
DE-G-05366044,Zülpich,gemeinde,Nordrhein-Westfalen,"Markt 20 - 21, 53909 Zülpich",+49 2252 520,,node/13758900973,Stadtverwaltung Zülpich,9.0
DE-G-05370004,Erkelenz,gemeinde,Nordrhein-Westfalen,"Johannismarkt 17, 41812 Erkelenz",+49 2431 850,info@erkelenz.de,way/113481002,Stadtverwaltung Erkelenz,9.0
DE-G-05370008,Gangelt,gemeinde,Nordrhein-Westfalen,"Burgstraße 10, 52538 Gangelt",+49 2454 5880,info@gangelt.de,way/108155309,Rathaus Gangelt,9.0
DE-G-05370012,Geilenkirchen,gemeinde,Nordrhein-Westfalen,,,,,,
DE-G-05370016,Heinsberg,gemeinde,Nordrhein-Westfalen,"Apfelstraße 60, 52525 Heinsberg",,,way/174277381,Rathaus,6.5
DE-G-05370020,Hückelhoven,gemeinde,Nordrhein-Westfalen,"Parkhofstraße 76, 41836 Hückelhoven",,,way/45546827,Stadtverwaltung,6.5
DE-G-05370024,Selfkant,gemeinde,Nordrhein-Westfalen,"Am Rathaus 13, 52538 Selfkant",+49 2456 4990,,way/857152205,Rathaus Gemeinde Selfkant,9.0
DE-G-05370028,Übach-Palenberg,gemeinde,Nordrhein-Westfalen,"Rathausplatz 4, 52531 Übach-Palenberg",+49 2451 9790,info@uebach-palenberg.de,way/829662435,Rathaus,7.0
DE-G-05370032,Waldfeucht,gemeinde,Nordrhein-Westfalen,"Lambertusstraße 13, 52525 Waldfeucht",+49 2455 3990,Gemeinde@Waldfeucht.de,node/2906931182,Rathaus Waldfeucht,9.0
DE-G-05370036,Wassenberg,gemeinde,Nordrhein-Westfalen,"Roermonder Straße 25-27, 41849 Wassenberg",+49 2432 4900603,info@wassenberg.de,node/2906931183,Rathaus Wassenberg,9.0
DE-G-05370040,Wegberg,gemeinde,Nordrhein-Westfalen,"Rathausplatz 25, 41844 Wegberg",+49 2434 830,posteingang@wegberg.de,way/20577013,Rathaus Wegberg,9.0
DE-G-05374004,Bergneustadt,gemeinde,Nordrhein-Westfalen,"Kölner Straße 256, 51702 Bergneustadt",+49 2261 4040,,node/1157393972,Rathaus und Verwaltung,7.0
DE-G-05374008,Engelskirchen,gemeinde,Nordrhein-Westfalen,"Engels-Platz 4, 51766 Engelskirchen",,,way/114721599,Rathaus,6.4
DE-G-05374012,Gummersbach,gemeinde,Nordrhein-Westfalen,"Rathausplatz 1, 51643 Gummersbach",+49 2261 870,,way/89018866,Rathaus Gummersbach,9.0
DE-G-05374016,Hückeswagen,gemeinde,Nordrhein-Westfalen,,,,,,
DE-G-05374020,Lindlar,gemeinde,Nordrhein-Westfalen,"Borromäusstraße 1, 51789 Lindlar",,,way/109707114,Gemeindeverwaltung Lindlar,8.5
DE-G-05374024,Marienheide,gemeinde,Nordrhein-Westfalen,"Hauptstraße 20, 51709 Marienheide",+49 2264 4044-0,,way/126116992,Rathaus der Gemeide Marienheide,9.0
DE-G-05374028,Morsbach,gemeinde,Nordrhein-Westfalen,"Bahnhofstraße 2, 51597 Morsbach",,,way/231967477,,6.5
DE-G-05374032,Nümbrecht,gemeinde,Nordrhein-Westfalen,"Hauptstraße 16, 51588 Nümbrecht",,,way/48272047,Rathaus Nümbrecht,8.5
DE-G-05374036,Radevormwald,gemeinde,Nordrhein-Westfalen,"Hohenfuhrstraße 13, 42477 Radevormwald",+49 2195 606-0,stadt@radevormwald.de,node/289156043,Rathaus,7.0
DE-G-05374040,Reichshof,gemeinde,Nordrhein-Westfalen,"Hauptstraße 12, 51580 Reichshof",,,way/130807407,Rathaus Gemeinde Reichshof,7.6
DE-G-05374044,Waldbröl,gemeinde,Nordrhein-Westfalen,"Nümbrechter Straße 18, 51545 Waldbröl",,,way/472081602,Stadt Waldbröl -Die Bürgermeisterin-,8.5
DE-G-05374048,Wiehl,gemeinde,Nordrhein-Westfalen,"Hauptstraße 24, 51674 Wiehl",,,way/335763735,,6.5
DE-G-05374052,Wipperfürth,gemeinde,Nordrhein-Westfalen,"Marktplatz 1, 51688 Wipperfürth",+49 2267 64 0,,node/662184402,Rathaus Wipperfürth,9.0
DE-G-05378004,Bergisch Gladbach,gemeinde,Nordrhein-Westfalen,"Konrad-Adenauer-Platz 1, 51465 Bergisch Gladbach",,,way/26662694,Rathaus Bergisch Gladbach,8.5
DE-G-05378008,Burscheid,gemeinde,Nordrhein-Westfalen,,,,,,
DE-G-05378012,Kürten,gemeinde,Nordrhein-Westfalen,"Karlheinz-Stockhausen-Platz 1, 51515 Kürten",+49 2268 9390,,node/1037164568,Gemeinde Kürten,9.0
DE-G-05378016,Leichlingen (Rheinland),gemeinde,Nordrhein-Westfalen,"Am Büscherhof 1, 42799 Leichlingen (Rheinland)",,,node/1537333705,Stadtverwaltung,6.5
DE-G-05378020,Odenthal,gemeinde,Nordrhein-Westfalen,"Altenberger-Dom-Straße 31, 51519 Odenthal",+49 2202 7100,post@odenthal.de,node/1326716412,Rathaus Odenthal,9.0
DE-G-05378024,Overath,gemeinde,Nordrhein-Westfalen,"Hauptstraße 25, 51491 Overath",+49 2206 6020,post@overath.de,node/525412564,Rathaus Overath,9.0
DE-G-05378028,Rösrath,gemeinde,Nordrhein-Westfalen,"Hauptstraße 229, 51503 Rösrath",,,way/219435499,Rathaus Rösrath,8.3
DE-G-05378032,Wermelskirchen,gemeinde,Nordrhein-Westfalen,"Telegrafenstraße 29-33, 42929 Wermelskirchen",+49 2196 710 0,post@wermelskirchen.de,way/178062392,Rathaus Wermelskirchen,9.0
DE-G-05382004,Alfter,gemeinde,Nordrhein-Westfalen,"Am Rathaus 7, 53347 Alfter",,,way/128962668,Rathaus Alfter,8.3
DE-G-05382008,Bad Honnef,gemeinde,Nordrhein-Westfalen,,,,,,
DE-G-05382012,Bornheim,gemeinde,Nordrhein-Westfalen,"Rathausstraße 2, 53332 Bornheim",,,way/51706720,Rathaus Bornheim,8.4
DE-G-05382016,Eitorf,gemeinde,Nordrhein-Westfalen,"Markt 1, 53783 Eitorf",,,way/265140388,Rathaus Eitorf,8.5
DE-G-05382020,Hennef (Sieg),gemeinde,Nordrhein-Westfalen,,,,,,
DE-G-05382024,Königswinter,gemeinde,Nordrhein-Westfalen,"Drachenfelsstraße 9-11, 53639 Königswinter",,,way/161115211,Rathaus Königswinter,8.5
DE-G-05382028,Lohmar,gemeinde,Nordrhein-Westfalen,"Rathausstraße 4, 53797 Lohmar",,,way/160665976,Rathaus Lohmar,8.5
DE-G-05382032,Meckenheim,gemeinde,Nordrhein-Westfalen,,,,,,
DE-G-05382036,Much,gemeinde,Nordrhein-Westfalen,"Hauptstraße 57, 53804 Much",,,node/8954843427,Rathaus Much,8.5
DE-G-05382040,Neunkirchen-Seelscheid,gemeinde,Nordrhein-Westfalen,"Hauptstraße 78, 53819 Neunkirchen-Seelscheid",,,way/131623530,Rathaus,6.5
DE-G-05382044,Niederkassel,gemeinde,Nordrhein-Westfalen,"Rathausstraße 19, 53859 Niederkassel",,,way/217139450,Rathaus,6.5
DE-G-05382048,Rheinbach,gemeinde,Nordrhein-Westfalen,"Schweigelstraße 23, 53359 Rheinbach",+49 2226 917 0,,way/139551162,Stadtverwaltung Rheinbach,9.0
DE-G-05382052,Ruppichteroth,gemeinde,Nordrhein-Westfalen,"Rathausstraße 18, 53809 Ruppichteroth",,,way/390020854,,6.2
DE-G-05382056,Sankt Augustin,gemeinde,Nordrhein-Westfalen,"Markt 1, 53757 Sankt Augustin",,,node/254354123,Rathaus Sankt Augustin,8.5
DE-G-05382060,Siegburg,gemeinde,Nordrhein-Westfalen,"Nogenter Platz 10, 53721 Siegburg",+49 2241 1020,,way/113293076,Rathaus,7.0
DE-G-05382064,Swisttal,gemeinde,Nordrhein-Westfalen,"Rathausstraße 115, 53913 Swisttal",,,way/41266122,Rathaus Swisttal,8.4
DE-G-05382068,Troisdorf,gemeinde,Nordrhein-Westfalen,,,,,,
DE-G-05382072,Wachtberg,gemeinde,Nordrhein-Westfalen,"Rathausstraße 34, 53343 Wachtberg",+49 228 95440,zentrale@wachtberg.de,way/269370490,Rathaus Wachtberg,9.0
DE-G-05382076,Windeck,gemeinde,Nordrhein-Westfalen,"Kirchstraße 4, 51570 Windeck",,,node/1896012368,"Rathaus, Abt. Schulverwaltung, Kindergärten, Sportbäder",6.5
DE-G-05512000,Bottrop,gemeinde,Nordrhein-Westfalen,"Ernst-Wilczok-Platz 1, 46236 Bottrop",,,way/24760613,Rathaus,6.5
DE-G-05513000,Gelsenkirchen,gemeinde,Nordrhein-Westfalen,,,,,,
DE-G-05515000,Münster,gemeinde,Nordrhein-Westfalen,,,,,,
DE-G-05554004,Ahaus,gemeinde,Nordrhein-Westfalen,"Rathausplatz 1, 48683 Ahaus",,,way/173134611,Rathaus Ahaus,8.5
DE-G-05554008,Bocholt,gemeinde,Nordrhein-Westfalen,"Berliner Platz 1, 46395 Bocholt",+49 2871 953-0,stadtverwaltung@mail.bocholt.de,way/88289340,Neues Rathaus,7.0
DE-G-05554012,Borken,gemeinde,Nordrhein-Westfalen,"Im Piepershagen 17, 46325 Borken",,,node/2577535525,Rathaus Borken,8.5
DE-G-05554016,Gescher,gemeinde,Nordrhein-Westfalen,"Marktplatz 1, 48712 Gescher",,,way/62688725,Rathaus Gescher,8.5
DE-G-05554020,Gronau (Westf.),gemeinde,Nordrhein-Westfalen,"Konrad-Adenauer-Straße 1, 48599 Gronau",+49 2562 120,,way/71307143,Rathaus Gronau,8.9
DE-G-05554024,Heek,gemeinde,Nordrhein-Westfalen,,,,,,
DE-G-05554028,Heiden,gemeinde,Nordrhein-Westfalen,"Rathausplatz 1, 46359 Heiden",,,way/27543282,Rathaus,6.5
DE-G-05554032,Isselburg,gemeinde,Nordrhein-Westfalen,"Minervastraße 12, 46419 Isselburg",,,way/50661512,Rathaus,6.5
DE-G-05554036,Legden,gemeinde,Nordrhein-Westfalen,"Amtshausstraße 1, 48739 Legden",+49 2566 9100,,way/170218861,Rathaus,7.0
DE-G-05554040,Raesfeld,gemeinde,Nordrhein-Westfalen,"Weseler Straße 19, 46348 Raesfeld",,,way/246922377,Rathaus Raesfeld,8.5
DE-G-05554044,Reken,gemeinde,Nordrhein-Westfalen,"Kirchstraße 14, 48734 Reken",+49 2864 9440,,way/98803149,Gemeinde Reken,9.0
DE-G-05554048,Rhede,gemeinde,Nordrhein-Westfalen,,,,,,
DE-G-05554052,Schöppingen,gemeinde,Nordrhein-Westfalen,,,,,,
DE-G-05554056,Stadtlohn,gemeinde,Nordrhein-Westfalen,"Markt 3, 48703 Stadtlohn",,,way/60872215,Rathaus,6.5
DE-G-05554060,Südlohn,gemeinde,Nordrhein-Westfalen,"Winterswyker Straße 1, 46354 Südlohn",,,way/47314833,,6.1
DE-G-05554064,Velen,gemeinde,Nordrhein-Westfalen,"Ramsdorfer Straße 19, 46342 Velen",,,node/36235822,Rathaus,6.5
DE-G-05554068,Vreden,gemeinde,Nordrhein-Westfalen,"Burgstraße 14, 48691 Vreden",+49 2564 3030,info@vreden.de,way/104526179,Rathaus Vreden,9.0
DE-G-05558004,Ascheberg,gemeinde,Nordrhein-Westfalen,"Dieningstraße 7, 59387 Ascheberg",,,way/299124037,Rathaus Ascheberg,8.5
DE-G-05558008,Billerbeck,gemeinde,Nordrhein-Westfalen,"Markt 1, 48727 Billerbeck",,,way/127528404,Rathaus,6.5
DE-G-05558012,Coesfeld,gemeinde,Nordrhein-Westfalen,"Markt 8, 48653 Coesfeld",+49 2541 9390,,way/1127736967,Rathaus Coesfeld,9.0
DE-G-05558016,Dülmen,gemeinde,Nordrhein-Westfalen,"Markt 1, 48249 Dülmen",+49 2594 12-0,stadt@duelmen.de,way/27413155,Stadtverwaltung Dülmen,9.0
DE-G-05558020,Havixbeck,gemeinde,Nordrhein-Westfalen,"Willi-Richter-Platz 1, 48329 Havixbeck",,,way/259527928,Rathaus,6.5
DE-G-05558024,Lüdinghausen,gemeinde,Nordrhein-Westfalen,"Borg 2, 59348 Lüdinghausen",,,way/24879315,Rathaus,6.5
DE-G-05558028,Nordkirchen,gemeinde,Nordrhein-Westfalen,"Bohlenstraße 2, 59394 Nordkirchen",,,node/659368289,Rathaus,6.5
DE-G-05558032,Nottuln,gemeinde,Nordrhein-Westfalen,"Stiftsplatz 7-8, 48301 Nottuln",+49 2502 9420,,node/777865720,Rathaus Gemeinde Nottuln,9.0
DE-G-05558036,Olfen,gemeinde,Nordrhein-Westfalen,,,,,,
DE-G-05558040,Rosendahl,gemeinde,Nordrhein-Westfalen,"Hauptstraße 30, 48720 Rosendahl",,,way/129497843,Rathaus Rosendahl,8.5
DE-G-05558044,Senden,gemeinde,Nordrhein-Westfalen,"Münsterstraße 30, 48308 Senden",,,way/247106623,Rathaus Senden,8.5
DE-G-05562004,Castrop-Rauxel,gemeinde,Nordrhein-Westfalen,"Europaplatz 1, 44575 Castrop-Rauxel",,,way/88204765,Rathaus Castrop-Rauxel,8.3
DE-G-05562008,Datteln,gemeinde,Nordrhein-Westfalen,"Genthiner Straße 8, 45711 Datteln",,,relation/12359804,Rathaus Datteln,8.4
DE-G-05562012,Dorsten,gemeinde,Nordrhein-Westfalen,,,,,,
DE-G-05562014,Gladbeck,gemeinde,Nordrhein-Westfalen,,,,,,
DE-G-05562016,Haltern am See,gemeinde,Nordrhein-Westfalen,,,,,,
DE-G-05562020,Herten,gemeinde,Nordrhein-Westfalen,"Kurt-Schumacher-Straße 2, 45699 Herten",,,way/54446496,Rathaus Herten,8.5
DE-G-05562024,Marl,gemeinde,Nordrhein-Westfalen,"Creiler Platz 1, 45768 Marl",,,way/131960857,Rathaus,6.5
DE-G-05562028,Oer-Erkenschwick,gemeinde,Nordrhein-Westfalen,"Rathausplatz 4, 45739 Oer-Erkenschwick",,,way/195027261,Rathaus II Oer-Erkenschwick,8.5
DE-G-05562032,Recklinghausen,gemeinde,Nordrhein-Westfalen,"Rathausplatz 3-4, 45657 Recklinghausen",+49 2361 500,,node/30319495,Recklinghausen Rathaus,9.0
DE-G-05562036,Waltrop,gemeinde,Nordrhein-Westfalen,"Münsterstraße 1, 45731 Waltrop",,,way/197360564,Rathaus Waltrop,8.4
DE-G-05566004,Altenberge,gemeinde,Nordrhein-Westfalen,"Kirchstraße 25, 48341 Altenberge",,,node/3427389090,,6.5
DE-G-05566008,Emsdetten,gemeinde,Nordrhein-Westfalen,"Am Markt 1, 48282 Emsdetten",+49 2572 9220,,way/48559460,Rathaus,7.0
DE-G-05566012,Greven,gemeinde,Nordrhein-Westfalen,"Rathausstraße 6, 48268 Greven",+49 2571 920-0,,way/27348778,Rathaus Greven,9.0
DE-G-05566016,Hörstel,gemeinde,Nordrhein-Westfalen,,,,,,
DE-G-05566020,Hopsten,gemeinde,Nordrhein-Westfalen,,,,,,
DE-G-05566024,Horstmar,gemeinde,Nordrhein-Westfalen,"Kirchplatz 1, 48612 Horstmar",,,node/4053673291,Stadtverwaltung Horstmar,8.5
DE-G-05566028,Ibbenbüren,gemeinde,Nordrhein-Westfalen,"Alte Münsterstraße 16, 49477 Ibbenbüren",+49 5451 931-0,,way/94983762,Rathaus Ibbenbüren,9.0
DE-G-05566032,Ladbergen,gemeinde,Nordrhein-Westfalen,,,,,,
DE-G-05566036,Laer,gemeinde,Nordrhein-Westfalen,,,,,,
DE-G-05566040,Lengerich,gemeinde,Nordrhein-Westfalen,,,,,,
DE-G-05566044,Lienen,gemeinde,Nordrhein-Westfalen,"Hauptstraße 14, 49536 Lienen",,,way/177917224,Rathaus Lienen,8.5
DE-G-05566048,Lotte,gemeinde,Nordrhein-Westfalen,"Westerkappelner Straße 19, 49504 Lotte",,,way/293919579,Rathaus der Gemeinde Lotte,8.0
DE-G-05566052,Metelen,gemeinde,Nordrhein-Westfalen,"Sendplatz 18, 48629 Metelen",,,node/5139784622,Rathaus,6.5
DE-G-05566056,Mettingen,gemeinde,Nordrhein-Westfalen,,,,,,
DE-G-05566060,Neuenkirchen,gemeinde,Nordrhein-Westfalen,"Hauptstraße 16, 48485 Neuenkirchen",+49 5973 9260,gemeinde@neuenkirchen.de,way/87719738,Rathaus Neuenkirchen,9.0
DE-G-05566064,Nordwalde,gemeinde,Nordrhein-Westfalen,"Bahnhofstraße 2, 48356 Nordwalde",,,way/1372354796,Bürgerzentrum Nordwalde,8.5
DE-G-05566068,Ochtrup,gemeinde,Nordrhein-Westfalen,"Hinterstraße 20, 48607 Ochtrup",,,way/152467969,Bauamt der Stadt Ochtrup,8.5
DE-G-05566072,Recke,gemeinde,Nordrhein-Westfalen,"Hauptstraße 28, 49509 Recke",,,way/203942472,Rathaus Recke,8.5
DE-G-05566076,Rheine,gemeinde,Nordrhein-Westfalen,,,,,,
DE-G-05566080,Saerbeck,gemeinde,Nordrhein-Westfalen,"Ferrières-Straße 11, 48369 Saerbeck",+49 2574 890,,way/34025977,Rathaus Saerbeck,9.0
DE-G-05566084,Steinfurt,gemeinde,Nordrhein-Westfalen,"Emsdettener Straße 40, 48565 Steinfurt",,,way/192584112,,6.5
DE-G-05566088,Tecklenburg,gemeinde,Nordrhein-Westfalen,,,,,,
DE-G-05566092,Westerkappeln,gemeinde,Nordrhein-Westfalen,,,,,,
DE-G-05566096,Wettringen,gemeinde,Nordrhein-Westfalen,,,,,,
DE-G-05570004,Ahlen,gemeinde,Nordrhein-Westfalen,"Westenmauer 10, 59227 Ahlen",+49 2382 590,,way/24957902,Rathaus,7.0
DE-G-05570008,Beckum,gemeinde,Nordrhein-Westfalen,"Weststraße 46, 59269 Beckum",,,way/93277436,Rathaus,6.5
DE-G-05570012,Beelen,gemeinde,Nordrhein-Westfalen,"Warendorfer Straße 9, 48361 Beelen",,,way/227210551,Rathaus,6.5
DE-G-05570016,Drensteinfurt,gemeinde,Nordrhein-Westfalen,,,,,,
DE-G-05570020,Ennigerloh,gemeinde,Nordrhein-Westfalen,"Marktplatz 1, 59320 Ennigerloh",+49 2524 28-0,,way/331686062,Rathaus,7.0
DE-G-05570024,Everswinkel,gemeinde,Nordrhein-Westfalen,"Am Magnusplatz 30, 48351 Everswinkel",+49 2582 880,,way/255584867,Rathaus,7.0
DE-G-05570028,Oelde,gemeinde,Nordrhein-Westfalen,"Ratsstiege 1, 59302 Oelde",,,way/323958644,,6.5
DE-G-05570032,Ostbevern,gemeinde,Nordrhein-Westfalen,"Am Rathaus 1, 48346 Ostbevern",+49 2532 820,gemeinde@ostbevern.de,way/171905643,Rathaus Ostbevern,9.0
DE-G-05570036,Sassenberg,gemeinde,Nordrhein-Westfalen,"Schürenstraße 17, 48336 Sassenberg",,,way/143118827,Rathaus,6.5
DE-G-05570040,Sendenhorst,gemeinde,Nordrhein-Westfalen,"Kirchstraße 1, 48324 Sendenhorst",,,way/49130627,Rathaus,6.5
DE-G-05570044,Telgte,gemeinde,Nordrhein-Westfalen,"Baßfeld 4, 48291 Telgte",+49 2504 130,rathaus@telgte.de,way/30453511,Rathaus,7.0
DE-G-05570048,Wadersloh,gemeinde,Nordrhein-Westfalen,"Liesborner Straße 5, 59329 Wadersloh",,,way/202099263,,6.5
DE-G-05570052,Warendorf,gemeinde,Nordrhein-Westfalen,,,,,,
DE-G-05711000,Bielefeld,gemeinde,Nordrhein-Westfalen,"Niederwall 23, 33602 Bielefeld",,,relation/48486,Neues Rathaus,6.5
DE-G-05754004,Borgholzhausen,gemeinde,Nordrhein-Westfalen,"Schulstraße 5, 33829 Borgholzhausen",,,node/412295823,Rathaus Borgholzhausen,8.5
DE-G-05754008,Gütersloh,gemeinde,Nordrhein-Westfalen,"Berliner Straße 70, 33330 Gütersloh",+49 5241 82-1,,node/269688949,Rathaus,7.0
DE-G-05754012,Halle (Westf.),gemeinde,Nordrhein-Westfalen,,,,,,
DE-G-05754016,Harsewinkel,gemeinde,Nordrhein-Westfalen,"Münsterstraße 14, 33428 Harsewinkel",,,way/31731266,Rathaus,6.5
DE-G-05754020,Herzebrock-Clarholz,gemeinde,Nordrhein-Westfalen,"Am Rathaus 1, 33442 Herzebrock-Clarholz",+49 5245 4440,,way/135505345,,6.9
DE-G-05754024,Langenberg,gemeinde,Nordrhein-Westfalen,"Klutenbrinkstraße 5, 33449 Langenberg",,,way/30234874,Rathaus,6.4
DE-G-05754028,Rheda-Wiedenbrück,gemeinde,Nordrhein-Westfalen,"Rathausplatz 13, 33378 Rheda-Wiedenbrück",,,way/251810823,Rathaus Rheda-Wiedenbrück,8.5
DE-G-05754032,Rietberg,gemeinde,Nordrhein-Westfalen,"Rathausstraße 31, 33397 Rietberg",,,way/24455428,Historisches Rathaus Rietberg,4.5
DE-G-05754036,Schloß Holte-Stukenbrock,gemeinde,Nordrhein-Westfalen,"Rathausstraße 2, 33758 Schloß Holte-Stukenbrock",+49 5207 89050,info@stadt-shs.de,way/106276868,Rathaus Schloß Holte-Stukenbrock,8.8
DE-G-05754040,Steinhagen,gemeinde,Nordrhein-Westfalen,"Am Pulverbach 25, 33803 Steinhagen",,,way/91119039,Rathaus,6.5
DE-G-05754044,Verl,gemeinde,Nordrhein-Westfalen,,,,,,
DE-G-05754048,Versmold,gemeinde,Nordrhein-Westfalen,"Münsterstraße 16, 33775 Versmold",,,way/87433577,Rathaus,6.5
DE-G-05754052,Werther (Westf.),gemeinde,Nordrhein-Westfalen,"Mühlenstraße 2, 33824 Werther (Westf.)",,,way/41487548,,6.5
DE-G-05758004,Bünde,gemeinde,Nordrhein-Westfalen,"Bahnhofstraße 15, 32257 Bünde",,,way/25753664,Rathaus,6.5
DE-G-05758008,Enger,gemeinde,Nordrhein-Westfalen,"Bahnhofstraße 44, 32130 Enger",+49 5224 98000,,way/170718409,Rathaus Enger,9.0
DE-G-05758012,Herford,gemeinde,Nordrhein-Westfalen,"Rathausplatz 1, 32052 Herford",,,way/18531967,Rathaus,6.5
DE-G-05758016,Hiddenhausen,gemeinde,Nordrhein-Westfalen,"Rathausstraße 1, 32120 Hiddenhausen",+49 5221 964 0,Info@Hiddenhausen.de,way/79051411,Rathaus,6.8
DE-G-05758020,Kirchlengern,gemeinde,Nordrhein-Westfalen,"Rathausplatz 1, 32278 Kirchlengern",,,way/35768448,Rathaus Kirchlengern,8.5
DE-G-05758024,Löhne,gemeinde,Nordrhein-Westfalen,,,,,,
DE-G-05758028,Rödinghausen,gemeinde,Nordrhein-Westfalen,"Heerstraße 2, 32289 Rödinghausen",,,way/45085811,Rathaus,6.5
DE-G-05758032,Spenge,gemeinde,Nordrhein-Westfalen,"Lange Straße 52-56, 32139 Spenge",,,way/26587924,Rathaus Spenge,8.5
DE-G-05758036,Vlotho,gemeinde,Nordrhein-Westfalen,"Lange Straße 60, 32602 Vlotho",+49 5733 9240,info@vlotho.de,way/40557362,Rathaus,6.9
DE-G-05762004,Bad Driburg,gemeinde,Nordrhein-Westfalen,"Am Rathausplatz 2, 33014 Bad Driburg",+49 5253 880,info@bad-driburg.de,way/206281348,Stadtverwaltung Bad Driburg,8.9
DE-G-05762008,Beverungen,gemeinde,Nordrhein-Westfalen,"Weserstraße 12, 37688 Beverungen",,,way/72577529,,6.5
DE-G-05762012,Borgentreich,gemeinde,Nordrhein-Westfalen,"Am Rathaus 13, 34434 Borgentreich",,,way/123307627,Rathaus,6.5
DE-G-05762016,Brakel,gemeinde,Nordrhein-Westfalen,"Am Markt 12, 33034 Brakel",,,way/60137900,Rathaus,6.5
DE-G-05762020,Höxter,gemeinde,Nordrhein-Westfalen,,,,,,
DE-G-05762024,Marienmünster,gemeinde,Nordrhein-Westfalen,,,,,,
DE-G-05762028,Nieheim,gemeinde,Nordrhein-Westfalen,"Marktstraße 28, 33039 Nieheim",,,way/45071373,Rathaus,6.5
DE-G-05762032,Steinheim,gemeinde,Nordrhein-Westfalen,"Kirchplatz 3, 32839 Steinheim",,,way/164510792,,6.5
DE-G-05762036,Warburg,gemeinde,Nordrhein-Westfalen,,,,,,
DE-G-05762040,Willebadessen,gemeinde,Nordrhein-Westfalen,,,,,,
DE-G-05766004,Augustdorf,gemeinde,Nordrhein-Westfalen,,,,,,
DE-G-05766008,Bad Salzuflen,gemeinde,Nordrhein-Westfalen,"Rudolph-Brandes-Allee 19, 32105 Bad Salzuflen",,,way/726086409,Neues Rathaus,6.4
DE-G-05766012,Barntrup,gemeinde,Nordrhein-Westfalen,,,,,,
DE-G-05766016,Blomberg,gemeinde,Nordrhein-Westfalen,"Marktplatz 1, 32825 Blomberg",,,way/249102038,Rathaus,6.5
DE-G-05766020,Detmold,gemeinde,Nordrhein-Westfalen,"Marktplatz 5, 32756 Detmold",,,relation/11883068,Rathaus,6.5
DE-G-05766024,Dörentrup,gemeinde,Nordrhein-Westfalen,"Poststraße 11, 32694 Dörentrup",,,way/196713052,Gemeinde Dörentrup,8.5
DE-G-05766028,Extertal,gemeinde,Nordrhein-Westfalen,"Mittelstraße 36, 32699 Extertal",,,way/376340970,Rathaus,6.5
DE-G-05766032,Horn-Bad Meinberg,gemeinde,Nordrhein-Westfalen,"Marktplatz 4, 32805 Horn-Bad Meinberg",,,relation/9413316,,6.5
DE-G-05766036,Kalletal,gemeinde,Nordrhein-Westfalen,"Rintelner Straße 3, 32689 Kalletal",+49 5264 6440,,node/4742591767,Rathaus Gemeinde Kalletal,9.0
DE-G-05766040,Lage,gemeinde,Nordrhein-Westfalen,"Am Drawen Hof 1, 32791",+49 232 60 13 30,Buergerservice@lage.de,way/646043344,Rathaus Lage,6.0
DE-G-05766044,Lemgo,gemeinde,Nordrhein-Westfalen,"Marktplatz 1, 32657 Lemgo",,,way/30008911,Rathaus,6.5
DE-G-05766048,Leopoldshöhe,gemeinde,Nordrhein-Westfalen,"Kirchweg 1, 33818 Leopoldshöhe",,,way/28213144,Rathaus Leopoldshöhe,8.5
DE-G-05766052,Lügde,gemeinde,Nordrhein-Westfalen,,,,,,
DE-G-05766056,Oerlinghausen,gemeinde,Nordrhein-Westfalen,"Rathausplatz 1, 33813 Oerlinghausen",,,way/25952353,Rathaus Oerlinghausen,8.4
DE-G-05766060,Schieder-Schwalenberg,gemeinde,Nordrhein-Westfalen,,,,,,
DE-G-05766064,Schlangen,gemeinde,Nordrhein-Westfalen,"Kirchplatz 6, 33189 Schlangen",+49 5252 9810,info@gemeinde-schlangen.de-mail.de,way/207090510,Gemeinde Schlangen,9.0
DE-G-05770004,Bad Oeynhausen,gemeinde,Nordrhein-Westfalen,,,,,,
DE-G-05770008,Espelkamp,gemeinde,Nordrhein-Westfalen,"Wilhelm-Kern-Platz 1, 32339 Espelkamp",,,way/296304777,Rathaus,6.5
DE-G-05770012,Hille,gemeinde,Nordrhein-Westfalen,,,,,,
DE-G-05770016,Hüllhorst,gemeinde,Nordrhein-Westfalen,"Löhner Straße 1, 32609 Hüllhorst",+49 5744 93150,,way/121476490,Rathaus Hüllhorst,9.0
DE-G-05770020,Lübbecke,gemeinde,Nordrhein-Westfalen,,,,,,
DE-G-05770024,Minden,gemeinde,Nordrhein-Westfalen,,,,,,
DE-G-05770028,Petershagen,gemeinde,Nordrhein-Westfalen,"Bahnhofstraße 63, 32469 Petershagen",+49 5702 8220,info@petershagen.de,way/140642549,Stadtverwaltung Petershagen,8.7
DE-G-05770032,Porta Westfalica,gemeinde,Nordrhein-Westfalen,"Kempstraße 1, 32457 Porta Westfalica",+49 571 791-0,info@portawestfalica.de,way/41902289,Rathaus Porta Westfalica,8.9
DE-G-05770036,Preußisch Oldendorf,gemeinde,Nordrhein-Westfalen,"Rathausstraße 3, 32361 Preußisch Oldendorf",,,way/367769543,Rathaus,6.5
DE-G-05770040,Rahden,gemeinde,Nordrhein-Westfalen,"Lange Straße 5, 32369 Rahden",,,way/113478895,,6.5
DE-G-05770044,Stemwede,gemeinde,Nordrhein-Westfalen,"Amtshausplatz 1, 32351 Stemwede",,,node/2130914084,Gemeindeverwaltung,6.5
DE-G-05774004,Altenbeken,gemeinde,Nordrhein-Westfalen,"Bahnhofstraße 5a, 33184 Altenbeken",+49 5255 1200-0,info@altenbeken.de,way/290324554,Gemeindeverwaltung Altenbeken,9.0
DE-G-05774008,Bad Lippspringe,gemeinde,Nordrhein-Westfalen,"Friedrich-Wilhelm-Weber-Platz 1, 33175 Bad Lippspringe",,,way/210882548,Rathaus Bad Lippspringe,8.5
DE-G-05774012,Borchen,gemeinde,Nordrhein-Westfalen,,,,,,
DE-G-05774016,Büren,gemeinde,Nordrhein-Westfalen,"Königstraße 16, 33142 Büren",+49 2951 9700,info@bueren.de,way/367275834,Rathaus,7.0
DE-G-05774020,Delbrück,gemeinde,Nordrhein-Westfalen,"Boker Straße 6, 33129 Delbrück",,,way/24851856,Stadthalle Delbrück,8.5
DE-G-05774024,Hövelhof,gemeinde,Nordrhein-Westfalen,"Schloßstraße 14, 33161 Hövelhof",,,way/45577574,Rathaus,6.5
DE-G-05774028,Lichtenau,gemeinde,Nordrhein-Westfalen,"Lange Straße 39, 33165 Lichtenau",+49 5295 890,stadt@lichtenau.de,way/282110167,Rathaus,7.0
DE-G-05774032,Paderborn,gemeinde,Nordrhein-Westfalen,"Ferdinandstraße 17, 33102 Paderborn",+49 5251 8792404,DiePARTEI@pader.porn,node/10037562991,Die PARTEI Paderborn,8.9
DE-G-05774036,Salzkotten,gemeinde,Nordrhein-Westfalen,,,,,,
DE-G-05774040,Bad Wünnenberg,gemeinde,Nordrhein-Westfalen,"Poststraße 15, 33181 Bad Wünnenberg",,,way/248558859,Rathaus,6.2
DE-G-05911000,Bochum,gemeinde,Nordrhein-Westfalen,,,,,,
DE-G-05913000,Dortmund,gemeinde,Nordrhein-Westfalen,"Friedensplatz 1, 44135 Dortmund",,,way/17424916,Rathaus,6.5
DE-G-05914000,Hagen,gemeinde,Nordrhein-Westfalen,,,,,,
DE-G-05915000,Hamm,gemeinde,Nordrhein-Westfalen,"Theodor-Heuss-Platz 16, 59065",,,relation/2148251,Rathaus,3.5
DE-G-05916000,Herne,gemeinde,Nordrhein-Westfalen,"Friedrich-Ebert-Platz 2, 44623 Herne",,,way/107517275,Rathaus Herne,8.5
DE-G-05954004,Breckerfeld,gemeinde,Nordrhein-Westfalen,"Frankfurter Straße 38, 58339 Breckerfeld",,,way/51980259,Rathaus,6.5
DE-G-05954008,Ennepetal,gemeinde,Nordrhein-Westfalen,"Bismarckstraße, 58256 Ennepetal",,,way/114536436,Rathaus Ennepetal,8.5
DE-G-05954012,Gevelsberg,gemeinde,Nordrhein-Westfalen,,,,,,
DE-G-05954016,Hattingen,gemeinde,Nordrhein-Westfalen,"Rathausplatz 1, 45525 Hattingen",+49 2324 2040,,node/3840484257,Rathaus Hattingen,9.0
DE-G-05954020,Herdecke,gemeinde,Nordrhein-Westfalen,"Kirchplatz 3, 58313 Herdecke",,,way/141794499,Rathaus,6.5
DE-G-05954024,Schwelm,gemeinde,Nordrhein-Westfalen,"Rathausplatz 1, 58332 Schwelm",+49 2336 8010,info@schwelm.de,relation/20380485,Rathaus Schwelm,9.0
DE-G-05954028,Sprockhövel,gemeinde,Nordrhein-Westfalen,,,,,,
DE-G-05954032,Wetter (Ruhr),gemeinde,Nordrhein-Westfalen,"Kaiserstraße 170, 58300",,,way/145407085,Rathaus Wetter,5.4
DE-G-05954036,Witten,gemeinde,Nordrhein-Westfalen,"Marktstraße 16, 58452 Witten",+49 2302 5810,poststelle@stadt-witten.de,relation/1654140,Rathaus Witten,9.0
DE-G-05958004,Arnsberg,gemeinde,Nordrhein-Westfalen,"Rathausplatz 1, 59759 Arnsberg",+49 2932 201-0,,way/140657442,Rathaus Arnsberg,8.2
DE-G-05958008,Bestwig,gemeinde,Nordrhein-Westfalen,"Rathausplatz 1, 59909 Bestwig",+49 2904 9870,,way/27035324,Rathaus Bestwig,9.0
DE-G-05958012,Brilon,gemeinde,Nordrhein-Westfalen,"Am Markt 1, 59929 Brilon",+49 2961 7940,,way/37386443,Rathaus,7.0
DE-G-05958016,Eslohe (Sauerland),gemeinde,Nordrhein-Westfalen,"Schultheißstraße 2, 59889 Eslohe (Sauerland)",+49 2973 8000,post@eslohe.de,way/206312423,Rathaus Eslohe,9.0
DE-G-05958020,Hallenberg,gemeinde,Nordrhein-Westfalen,"Rathausplatz 1, 59969 Hallenberg",,,way/58217842,Rathaus Hallenberg,8.5
DE-G-05958024,Marsberg,gemeinde,Nordrhein-Westfalen,"Lillers-Straße 8, 34431 Marsberg",,,node/417410957,Rathaus,6.5
DE-G-05958028,Medebach,gemeinde,Nordrhein-Westfalen,,,,,,
DE-G-05958032,Meschede,gemeinde,Nordrhein-Westfalen,"Franz-Stahlmecke-Platz 2, 59872 Meschede",+49 291 2050,,way/87605223,Rathaus Meschede,9.0
DE-G-05958036,Olsberg,gemeinde,Nordrhein-Westfalen,,,,,,
DE-G-05958040,Schmallenberg,gemeinde,Nordrhein-Westfalen,"Unterm Werth 1, 57392 Schmallenberg",,,way/250663843,Rathaus Stadt Schmallenberg,8.4
DE-G-05958044,Sundern (Sauerland),gemeinde,Nordrhein-Westfalen,,,,,,
DE-G-05958048,Winterberg,gemeinde,Nordrhein-Westfalen,,,,,,
DE-G-05962004,Altena,gemeinde,Nordrhein-Westfalen,"Lüdenscheider Straße 22, 58762 Altena",,,way/116645972,Rathaus,6.5
DE-G-05962008,Balve,gemeinde,Nordrhein-Westfalen,"Widukindplatz 1, 58802 Balve",,,way/97101467,Rathaus,6.5
DE-G-05962012,Halver,gemeinde,Nordrhein-Westfalen,"Thomasstraße 18, 58553 Halver",,,way/257641701,Rathaus Halver,8.5
DE-G-05962016,Hemer,gemeinde,Nordrhein-Westfalen,,,,,,
DE-G-05962020,Herscheid,gemeinde,Nordrhein-Westfalen,"Plettenberger Straße 27, 58849 Herscheid",,,way/25867548,Rathaus Herscheid,8.5
DE-G-05962024,Iserlohn,gemeinde,Nordrhein-Westfalen,"Schillerplatz 7, 58636 Iserlohn",,,way/31454152,Rathaus,6.5
DE-G-05962028,Kierspe,gemeinde,Nordrhein-Westfalen,"Springerweg 21, 58566 Kierspe",,,node/1052585266,Rathaus Kierspe,8.4
DE-G-05962032,Lüdenscheid,gemeinde,Nordrhein-Westfalen,"Rathausplatz 2, 58507 Lüdenscheid",,,way/108735291,Rathaus Lüdenscheid,8.0
DE-G-05962036,Meinerzhagen,gemeinde,Nordrhein-Westfalen,"Bahnhofstraße 11, 58540 Meinerzhagen",,,way/115868953,Rathaus Meinerzhagen,8.5
DE-G-05962040,Menden (Sauerland),gemeinde,Nordrhein-Westfalen,"Neumarkt 5, 58706 Menden (Sauerland)",,,way/173763773,Rathaus,6.5
DE-G-05962044,Nachrodt-Wiblingwerde,gemeinde,Nordrhein-Westfalen,,,,,,
DE-G-05962048,Neuenrade,gemeinde,Nordrhein-Westfalen,,,,,,
DE-G-05962052,Plettenberg,gemeinde,Nordrhein-Westfalen,"Grünestraße 12, 58840 Plettenberg",,,way/33138661,Rathaus Plettenberg,8.5
DE-G-05962056,Schalksmühle,gemeinde,Nordrhein-Westfalen,"Rathausplatz 1, 58579 Schalksmühle",,,node/1770023477,Gemeindeverwaltung Schalksmühle,8.5
DE-G-05962060,Werdohl,gemeinde,Nordrhein-Westfalen,"Goethestraße 51, 58791 Werdohl",,,node/3223369771,Stadtverwaltung Werdohl,8.4
DE-G-05966004,Attendorn,gemeinde,Nordrhein-Westfalen,"Kölner Straße 12, 57439 Attendorn",,,way/329562497,,6.5
DE-G-05966008,Drolshagen,gemeinde,Nordrhein-Westfalen,"Hagener Straße 9, 57489 Drolshagen",,,way/318715200,Rathaus der Stadt Drolshagen,8.5
DE-G-05966012,Finnentrop,gemeinde,Nordrhein-Westfalen,"Am Markt 1, 57413 Finnentrop",,,way/134335479,Rathaus der Gemeinde Finnentrop,8.5
DE-G-05966016,Kirchhundem,gemeinde,Nordrhein-Westfalen,"Hundemstraße 35, 57399 Kirchhundem",,,node/301309989,Rathaus,6.5
DE-G-05966020,Lennestadt,gemeinde,Nordrhein-Westfalen,"Thomas-Morus-Platz 1, 57368 Lennestadt",+49 2723 6080,rathaus@lennestadt.de,way/38345273,Rathaus Lennestadt,9.0
DE-G-05966024,Olpe,gemeinde,Nordrhein-Westfalen,"Franziskanerstraße 6, 57462 Olpe",,rathaus@olpe.de,way/108959052,Rathaus Olpe,8.5
DE-G-05966028,Wenden,gemeinde,Nordrhein-Westfalen,"Hauptstraße 75, 57482 Wenden",+49 2762 406-0,,way/330795709,Rathaus,7.0
DE-G-05970004,Bad Berleburg,gemeinde,Nordrhein-Westfalen,"Poststraße 42, 57319 Bad Berleburg",,,way/274637930,Stadtverwaltung,6.5
DE-G-05970008,Burbach,gemeinde,Nordrhein-Westfalen,"Eicher Weg 13, 57299 Burbach",,,way/440192906,Rathaus Burbach,8.4
DE-G-05970012,Erndtebrück,gemeinde,Nordrhein-Westfalen,,,,,,
DE-G-05970016,Freudenberg,gemeinde,Nordrhein-Westfalen,"Mórer Platz 1, 57258 Freudenberg",,,way/42453378,Rathaus Freudenberg,8.5
DE-G-05970020,Hilchenbach,gemeinde,Nordrhein-Westfalen,"Markt 13, 57271 Hilchenbach",+49 2733 2880,,way/47199499,Rathaus Hilchenbach,9.0
DE-G-05970024,Kreuztal,gemeinde,Nordrhein-Westfalen,"Siegener Straße 5, 57223 Kreuztal",,,way/46949262,Rathaus Kreuztal,8.5
DE-G-05970028,Bad Laasphe,gemeinde,Nordrhein-Westfalen,"Mühlenstraße 20, 57334 Bad Laasphe",,,way/85827271,Rathaus Bad Laasphe,8.5
DE-G-05970032,Netphen,gemeinde,Nordrhein-Westfalen,"Amtsstraße 6, 57250 Netphen",,,way/287896232,,6.5
DE-G-05970036,Neunkirchen,gemeinde,Nordrhein-Westfalen,"Bahnhofstraße 3, 57290 Neunkirchen",,,way/306361922,Rathaus Neunkirchen,8.5
DE-G-05970040,Siegen,gemeinde,Nordrhein-Westfalen,"Markt 2, 57072 Siegen",+49 271 4040,,way/40018473,Rathaus Siegen,9.0
DE-G-05970044,Wilnsdorf,gemeinde,Nordrhein-Westfalen,"Marktplatz 1, 57234 Wilnsdorf",,,way/30789463,Rathaus Wilnsdorf,8.5
DE-G-05974004,Anröchte,gemeinde,Nordrhein-Westfalen,"Hauptstraße 74, 59609 Anröchte",,,way/221198866,Rathaus,6.5
DE-G-05974008,Bad Sassendorf,gemeinde,Nordrhein-Westfalen,"Eichendorffstraße 1, 59505 Bad Sassendorf",,,way/69719168,Rathaus/Gemeindeverwaltung,6.4
DE-G-05974012,Ense,gemeinde,Nordrhein-Westfalen,"Am Spring 4, 59469 Ense",,,node/1168797671,Gemeinde-Verwaltung,6.5
DE-G-05974016,Erwitte,gemeinde,Nordrhein-Westfalen,"Am Markt 13, 59597 Erwitte",,,way/239047998,Stadtverwaltung Erwitte,8.5
DE-G-05974020,Geseke,gemeinde,Nordrhein-Westfalen,,,,,,
DE-G-05974024,Lippetal,gemeinde,Nordrhein-Westfalen,"Bahnhofstraße 7, 59510 Lippetal",,,way/198503759,Rathaus Gemeinde Lippetal,8.5
DE-G-05974028,Lippstadt,gemeinde,Nordrhein-Westfalen,"Lange Straße 14, 59555 Lippstadt",,,way/35466667,Rathaus,6.5
DE-G-05974032,Möhnesee,gemeinde,Nordrhein-Westfalen,"Hauptstraße 19, 59519 Möhnesee",+49 2924 9810,,way/281928248,Rathaus,7.0
DE-G-05974036,Rüthen,gemeinde,Nordrhein-Westfalen,"Hochstraße 14, 59602 Rüthen",,,way/116405578,Rathaus,6.5
DE-G-05974040,Soest,gemeinde,Nordrhein-Westfalen,,,,,,
DE-G-05974044,Warstein,gemeinde,Nordrhein-Westfalen,"Dieplohstraße 1, 59581 Warstein",+49 2902 810,,way/51688162,Rathaus Warstein,9.0
DE-G-05974048,Welver,gemeinde,Nordrhein-Westfalen,,,,,,
DE-G-05974052,Werl,gemeinde,Nordrhein-Westfalen,"Hedwig-Dransfeld-Straße 23, 59457 Werl",,,way/94178822,Rathaus Stadt Werl,8.5
DE-G-05974056,Wickede (Ruhr),gemeinde,Nordrhein-Westfalen,,,,,,
DE-G-05978004,Bergkamen,gemeinde,Nordrhein-Westfalen,"Rathausplatz 1, 59192 Bergkamen",,,way/1026766644,Rathaus,6.4
DE-G-05978008,Bönen,gemeinde,Nordrhein-Westfalen,,,,,,
DE-G-05978012,Fröndenberg/Ruhr,gemeinde,Nordrhein-Westfalen,"Bahnhofstraße 2, 58730 Fröndenberg/Ruhr",,,node/703666790,Rathaus,6.5
DE-G-05978016,Holzwickede,gemeinde,Nordrhein-Westfalen,"Allee 5, 59439 Holzwickede",,,way/193196852,Rathaus,6.5
DE-G-05978020,Kamen,gemeinde,Nordrhein-Westfalen,"Rathausplatz 1, 59174 Kamen",,,way/60170820,Rathaus,6.4
DE-G-05978024,Lünen,gemeinde,Nordrhein-Westfalen,"Willy-Brandt-Platz 1, 44532 Lünen",+4923061040,stadtverwaltung@luenen.de,way/43660520,Rathaus Lünen,9.0
DE-G-05978028,Schwerte,gemeinde,Nordrhein-Westfalen,"Rathausstraße 31, 58239 Schwerte",,,way/263396379,Rathaus Schwerte,8.5
DE-G-05978032,Selm,gemeinde,Nordrhein-Westfalen,,,,,,
DE-G-05978036,Unna,gemeinde,Nordrhein-Westfalen,"Friedrich-Ebert-Straße 17, 59425 Unna",+49 2303 27-0,,way/93405465,Kreishaus Unna,4.9
DE-G-05978040,Werne,gemeinde,Nordrhein-Westfalen,,,,,,
DE-G-06411000,Darmstadt,gemeinde,Hessen,"Luisenplatz 5a, 64283 Darmstadt",+49 6151 115,info@darmstadt.de,node/1529390468,Neues Rathaus,7.0
DE-G-06412000,Frankfurt am Main,gemeinde,Hessen,,,,,,
DE-G-06413000,Offenbach am Main,gemeinde,Hessen,,,,,,
DE-G-06414000,Wiesbaden,gemeinde,Hessen,"Konradinerallee 11, 65189 Wiesbaden",,,relation/6442483,Stadtverwaltung Wiesbaden,8.3
DE-G-06431001,Abtsteinach,gemeinde,Hessen,"Kirchstraße 2, 69518 Abtsteinach",+49 6207 94070,gemeinde@abtsteinach.de,way/119044190,Rathaus Abtsteinach,9.0
DE-G-06431002,Bensheim,gemeinde,Hessen,"Kirchbergstraße 18, 64625 Bensheim",,,way/115019396,Rathaus,6.4
DE-G-06431003,Biblis,gemeinde,Hessen,"Darmstädter Straße 25, 68647 Biblis",,,node/276926714,Gemeindeverwaltung Biblis Rathaus,8.5
DE-G-06431004,Birkenau,gemeinde,Hessen,"Hauptstraße 119, 69488 Birkenau",+49 6201 3970,info@gemeinde-birkenau.de,way/51911064,Gemeindeverwaltung Birkenau,9.0
DE-G-06431005,Bürstadt,gemeinde,Hessen,,,,,,
DE-G-06431006,Einhausen,gemeinde,Hessen,"Marktplatz 5, 64683 Einhausen",,,way/200045446,Rathaus,6.5
DE-G-06431007,Fürth,gemeinde,Hessen,"Hauptstraße 19, 64658 Fürth",+49 6253 20010,info@gemeinde-fuerth.de,way/119096837,Rathaus Fürth,9.0
DE-G-06431008,Gorxheimertal,gemeinde,Hessen,"Siedlungsstraße 35, 69517 Gorxheimertal",,,way/217572897,Rathaus Gorxheimertal,8.4
DE-G-06431009,Grasellenbach,gemeinde,Hessen,"Schulstraße 1, 64689 Grasellenbach",+49 6253 94940,info@gemeinde-grasellenbach.de,node/11641484885,,6.8
DE-G-06431010,Groß-Rohrheim,gemeinde,Hessen,,,,,,
DE-G-06431011,Heppenheim (Bergstraße),gemeinde,Hessen,"Gräffstraße 7-9, 64646 Heppenheim",+496252130,,node/3733224346,Magistrat der Stadt Heppenheim (Stadthaus),9.0
DE-G-06431012,Hirschhorn (Neckar),gemeinde,Hessen,"Hauptstraße 17, 69434 Hirschhorn",,,way/118204946,Rathaus,6.5
DE-G-06431013,Lampertheim,gemeinde,Hessen,,,,,,
DE-G-06431014,Lautertal (Odenwald),gemeinde,Hessen,"Nibelungenstraße 280, 64686 Lautertal (Odenwald)",,,node/240115524,Lautertal,8.5
DE-G-06431015,Lindenfels,gemeinde,Hessen,"Burgstraße 39, 64678 Lindenfels",,,way/34179041,Rathaus,6.5
DE-G-06431016,Lorsch,gemeinde,Hessen,"Marktplatz 1, 64653 Lorsch",,,way/121118116,Historisches Rathaus Lorsch,4.5
DE-G-06431017,Mörlenbach,gemeinde,Hessen,"Rathausplatz 1, 69509 Mörlenbach",+49 6209 8080,info@moerlenbach.de,way/30838853,Rathaus Mörlenbach,9.0
DE-G-06431018,Neckarsteinach,gemeinde,Hessen,"Hauptstraße 7, 69239 Neckarsteinach",,,way/506515619,Stadtverwaltung Neckarsteinach,8.5
DE-G-06431019,Rimbach,gemeinde,Hessen,"Rathausstraße 1, 64668 Rimbach",,,way/122795395,Rathaus Rimbach,8.5
DE-G-06431020,Viernheim,gemeinde,Hessen,"Kettelerstraße 3, 68519 Viernheim",+49 6204 9880,buergermeister@viernheim.de,way/37825580,Rathaus Viernheim,9.0
DE-G-06431021,Wald-Michelbach,gemeinde,Hessen,"In der Gass 17, 69483 Wald-Michelbach",,,node/494612962,,6.4
DE-G-06431022,Zwingenberg,gemeinde,Hessen,,,,,,
DE-G-06432001,Alsbach-Hähnlein,gemeinde,Hessen,"Bickenbacher Straße 6, 64665 Alsbach-Hähnlein",,,way/31263578,Rathaus Alsbach-Hähnlein,8.5
DE-G-06432002,Babenhausen,gemeinde,Hessen,"Marktplatz 2, 64832 Babenhausen",,,way/265055412,Rathaus,6.5
DE-G-06432003,Bickenbach,gemeinde,Hessen,"Darmstädter Straße 7, 64404 Bickenbach",,,way/31356093,Rathaus Bickenbach,8.5
DE-G-06432004,Dieburg,gemeinde,Hessen,"Markt 4, 64807 Dieburg",+49 6071 2001 0,,way/149879589,Rathaus,7.0
DE-G-06432005,Eppertshausen,gemeinde,Hessen,"Franz-Gruber-Platz 14, 64859 Eppertshausen",,,node/1442476555,Gemeinde von Eppertshausen,8.5
DE-G-06432006,Erzhausen,gemeinde,Hessen,"Rodenseestraße 3, 64390 Erzhausen",+49 6150 97670,,way/193386360,Rathaus,7.0
DE-G-06432007,Fischbachtal,gemeinde,Hessen,"Darmstädter Straße 8, 64405 Fischbachtal",+49 6166 9300-0,,way/254523808,Rathaus der Gemeinde Fischbachtal,9.0
DE-G-06432008,Griesheim,gemeinde,Hessen,"Wilhelm-Leuschner-Straße 75, 64347 Griesheim",,,way/20470064,Rathaus Griesheim,8.4
DE-G-06432009,Groß-Bieberau,gemeinde,Hessen,"Marktstraße 28-30, 64401 Groß-Bieberau",,,node/6412004824,Rathaus Groß-Bieberau,8.5
DE-G-06432010,Groß-Umstadt,gemeinde,Hessen,,,,,,
DE-G-06432011,Groß-Zimmern,gemeinde,Hessen,"Rathausplatz 1, 64846 Groß-Zimmern",,,way/337481485,Rathaus,6.5
DE-G-06432012,Messel,gemeinde,Hessen,,,,,,
DE-G-06432013,Modautal,gemeinde,Hessen,"Odenwaldstraße 34, 64397 Modautal",,,way/274962443,,6.5
DE-G-06432014,Mühltal,gemeinde,Hessen,"Ober-Ramstädter Straße 2-4, 64367 Mühltal",,,way/38287602,Rathaus Mühltal,8.5
DE-G-06432015,Münster (Hessen),gemeinde,Hessen,"Mozartstraße 8, 64839 Münster (Hessen)",+49 6071 3002 0,rathaus@muenster-hessen.de,node/353497296,Gemeinde Münster (Hessen),9.0
DE-G-06432016,Ober-Ramstadt,gemeinde,Hessen,,,,,,
DE-G-06432017,Otzberg,gemeinde,Hessen,"Otzbergstraße 13, 64853 Otzberg",,,way/172360363,Rathaus Otzberg,8.5
DE-G-06432018,Pfungstadt,gemeinde,Hessen,,,,,,
DE-G-06432019,Reinheim,gemeinde,Hessen,"Cestasplatz 1, 64354 Reinheim",+49 6162 805-0,,node/346361290,Rathaus Reinheim,9.0
DE-G-06432020,Roßdorf,gemeinde,Hessen,"Erbacher Straße 1, 64380 Roßdorf",,,way/145120218,Rathaus,6.5
DE-G-06432021,Schaafheim,gemeinde,Hessen,"Wilhelm-Leuschner-Straße 3, 64850 Schaafheim",,,node/7474307484,,6.5
DE-G-06432022,Seeheim-Jugenheim,gemeinde,Hessen,"Schulstraße 12, 64342 Seeheim-Jugenheim",,,way/49714426,Neues Rathaus,6.5
DE-G-06432023,Weiterstadt,gemeinde,Hessen,"Riedbahnstraße 6, 64331 Weiterstadt",,,way/10217937,Rathaus,6.3
DE-G-06433001,Biebesheim am Rhein,gemeinde,Hessen,,,,,,
DE-G-06433002,Bischofsheim,gemeinde,Hessen,,,,,,
DE-G-06433003,Büttelborn,gemeinde,Hessen,"Mainzer Straße 13, 64572 Büttelborn",,,way/79505933,Rathaus,6.5
DE-G-06433004,Gernsheim,gemeinde,Hessen,,,,,,
DE-G-06433005,Ginsheim-Gustavsburg,gemeinde,Hessen,"Schulstraße 12, 65462 Ginsheim-Gustavsburg",,,way/148081896,,6.5
DE-G-06433006,Groß-Gerau,gemeinde,Hessen,"An der Pforte 2, 64521 Groß-Gerau",,,way/50753547,Rathaus,6.2
DE-G-06433007,Kelsterbach,gemeinde,Hessen,"Mörfelder Straße 33, 65451 Kelsterbach",,,way/89187766,Rathaus,6.5
DE-G-06433008,Mörfelden-Walldorf,gemeinde,Hessen,,,,,,
DE-G-06433009,Nauheim,gemeinde,Hessen,"Weingartenstraße 46-50, 64569 Nauheim",,,way/27608713,Rathaus Nauheim,8.5
DE-G-06433010,Raunheim,gemeinde,Hessen,,,,,,
DE-G-06433011,Riedstadt,gemeinde,Hessen,,,,,,
DE-G-06433012,Rüsselsheim am Main,gemeinde,Hessen,"Marktplatz 4, 65428 Rüsselsheim am Main",+49 6142 83-0,,way/410753702,Rathaus,7.0
DE-G-06433013,Stockstadt am Rhein,gemeinde,Hessen,,,,,,
DE-G-06433014,Trebur,gemeinde,Hessen,"Herrngasse 3, 65468 Trebur",+49 6147 208 0,,node/259237515,Gemeinde Trebur,9.0
DE-G-06434001,Bad Homburg v. d. Höhe,gemeinde,Hessen,,,,,,
DE-G-06434002,Friedrichsdorf,gemeinde,Hessen,"Hugenottenstraße 55, 61381 Friedrichsdorf",+49 6172 731,,way/38458327,Rathaus Friedrichsdorf,9.0
DE-G-06434003,Glashütten,gemeinde,Hessen,,,,,,
DE-G-06434004,Grävenwiesbach,gemeinde,Hessen,,,,,,
DE-G-06434005,Königstein im Taunus,gemeinde,Hessen,"Burgweg 5, 61462 Königstein im Taunus",+49 6174 202-0,,way/178088810,Rathaus,7.0
DE-G-06434006,Kronberg im Taunus,gemeinde,Hessen,,,,,,
DE-G-06434007,Neu-Anspach,gemeinde,Hessen,,,,,,
DE-G-06434008,Oberursel (Taunus),gemeinde,Hessen,"Rathausplatz 1, 61440 Oberursel (Taunus)",+49 6171 502-0,,node/1107986463,Rathaus Oberursel,9.0
DE-G-06434009,Schmitten im Taunus,gemeinde,Hessen,,,,,,
DE-G-06434010,Steinbach (Taunus),gemeinde,Hessen,"Gartenstraße 20, 61449 Steinbach (Taunus)",,,way/51765029,Rathaus,6.5
DE-G-06434011,Usingen,gemeinde,Hessen,"Wilhelmjstraße 1, 61250 Usingen",+49 6081 1024-0,stadt@usingen.de,node/5176837993,Rathaus Usingen,9.0
DE-G-06434012,Wehrheim,gemeinde,Hessen,"Dorfborngasse 1, 61273 Wehrheim",,,node/1340471376,Rathaus,6.5
DE-G-06434013,Weilrod,gemeinde,Hessen,"Am Senner 1, 61276 Weilrod",+49 6083 95090,,way/265583409,Gemeindeverwaltung Weilrod,9.0
DE-G-06435001,Bad Orb,gemeinde,Hessen,"Frankfurter Straße 2, 63619 Bad Orb",+49 6052 860,,way/100990849,Stadtverwaltung Bad Orb,9.0
DE-G-06435002,Bad Soden-Salmünster,gemeinde,Hessen,"Rathausstraße 1, 63628 Bad Soden-Salmünster",+49 6056 7330,,node/3818509928,Rathaus Bad Soden-Salmünster,9.0
DE-G-06435003,Biebergemünd,gemeinde,Hessen,"Am Gemeindezentrum 4, 63599 Biebergemünd",+49 6050 97170,info@biebergemuend.de,node/3845383438,Rathaus,6.9
DE-G-06435004,Birstein,gemeinde,Hessen,"Carl-Lomb-Straße 1, 63633 Birstein",+49 6054 80 8-0,info@birstein.de,node/4731879109,Rathaus Birstein,9.0
DE-G-06435005,Brachttal,gemeinde,Hessen,,,,,,
DE-G-06435006,Bruchköbel,gemeinde,Hessen,"Hauptstraße 32, 63486 Bruchköbel",,,way/996304876,Stadthaus Bruchköbel,8.5
DE-G-06435007,Erlensee,gemeinde,Hessen,,,,,,
DE-G-06435008,Flörsbachtal,gemeinde,Hessen,"Hauptstraße 14, 63639 Flörsbachtal",,,way/186048207,Rathaus,6.5
DE-G-06435009,Freigericht,gemeinde,Hessen,"Rathausstraße 13, 63579 Freigericht",+49 6055 9160,gemeinde@freigericht.de,way/100631999,Gemeinde Freigericht,9.0
DE-G-06435010,Gelnhausen,gemeinde,Hessen,"Obermarkt 7, 63571 Gelnhausen",,,way/139760558,Rathaus,6.5
DE-G-06435011,Großkrotzenburg,gemeinde,Hessen,"Bahnhofstraße 3, 63538 Großkrotzenburg",+49 6186 20090,,way/193427533,Gemeindeverwaltung Großkrotzenburg,9.0
DE-G-06435012,Gründau,gemeinde,Hessen,"Am Bürgerzentrum 1, 63584 Gründau",,,way/120959878,,6.5
DE-G-06435013,Hammersbach,gemeinde,Hessen,,,,,,
DE-G-06435014,Hanau,gemeinde,Hessen,"Am Markt 14-18, 63450 Hanau",+49 6181 2950,,node/8250167160,Stadtverwaltung Hanau,9.0
DE-G-06435015,Hasselroth,gemeinde,Hessen,"Bodo-Käppel-Platz 1, 63594 Hasselroth",+49 6055 88060,,node/2613266468,Rathaus Hasselroth,9.0
DE-G-06435016,Jossgrund,gemeinde,Hessen,"Martinusstraße 2, 63637 Jossgrund",,,way/185194243,Rathaus Jossgrund,8.5
DE-G-06435017,Langenselbold,gemeinde,Hessen,,,,,,
DE-G-06435018,Linsengericht,gemeinde,Hessen,"Amtshofstraße 1, 63589 Linsengericht",,,way/122653772,Rathaus Linsengericht,8.5
DE-G-06435019,Maintal,gemeinde,Hessen,"Klosterhofstraße 4-6, 63477 Maintal",,,way/193384503,Stadtverwaltung Maintal,8.3
DE-G-06435020,Neuberg,gemeinde,Hessen,,,,,,
DE-G-06435021,Nidderau,gemeinde,Hessen,"Am Steinweg 1, 61130 Nidderau",+49 6187 299-0,info@nidderau.de,way/99018685,Rathaus Nidderau,8.9
DE-G-06435022,Niederdorfelden,gemeinde,Hessen,"Burgstraße 5, 61138 Niederdorfelden",,,node/1157422481,Gemeindeverwaltung Niederdorfelden,8.5
DE-G-06435023,Rodenbach,gemeinde,Hessen,,,,,,
DE-G-06435024,Ronneburg,gemeinde,Hessen,,,,,,
DE-G-06435025,Schlüchtern,gemeinde,Hessen,"Krämerstraße 2, 36381 Schlüchtern",,,way/31543857,Rathaus Schlüchtern,8.5
DE-G-06435026,Schöneck,gemeinde,Hessen,,,,,,
DE-G-06435027,Sinntal,gemeinde,Hessen,"Am Rathaus 11, 36391 Sinntal",+49 6664 800,,way/379509187,Rathaus Sinntal,9.0
DE-G-06435028,Steinau an der Straße,gemeinde,Hessen,"Brüder-Grimm-Straße 47, 36396 Steinau an der Straße",,,way/63128765,Rathaus,6.5
DE-G-06435029,Wächtersbach,gemeinde,Hessen,,,,,,
DE-G-06436001,Bad Soden am Taunus,gemeinde,Hessen,"Königsteiner Straße 73, 65812 Bad Soden am Taunus",+49 6196 2080,,way/306418890,Rathaus,7.0
DE-G-06436002,Eppstein,gemeinde,Hessen,,,,,,
DE-G-06436003,Eschborn,gemeinde,Hessen,,,,,,
DE-G-06436004,Flörsheim am Main,gemeinde,Hessen,"Rathausplatz 3, 65439 Flörsheim am Main",+49 6145 955110,stadtbuero@floersheim-main.de,node/10789792583,Stadtbüro Flörsheim am Main,9.0
DE-G-06436005,Hattersheim am Main,gemeinde,Hessen,,,,,,
DE-G-06436006,Hochheim am Main,gemeinde,Hessen,"Burgeffstraße 30, 65239 Hochheim am Main",,,way/38861524,Neues Rathaus,6.5
DE-G-06436007,Hofheim am Taunus,gemeinde,Hessen,,,,,,
DE-G-06436008,Kelkheim (Taunus),gemeinde,Hessen,"Gagernring 6, 65779 Kelkheim (Taunus)",,,way/47703067,Rathaus Kelkheim,8.4
DE-G-06436009,Kriftel,gemeinde,Hessen,"Frankfurter Straße 33-37, 65830 Kriftel",,,way/157992338,Rat- und Bürgerhaus Kriftel,4.5
DE-G-06436010,Liederbach am Taunus,gemeinde,Hessen,,,,,,
DE-G-06436011,Schwalbach am Taunus,gemeinde,Hessen,"Marktplatz 1-2, 65824 Schwalbach am Taunus",,,node/1462095501,,6.4
DE-G-06436012,Sulzbach (Taunus),gemeinde,Hessen,"Hauptstraße 11, 65843 Sulzbach (Taunus)",+49 6196 70210,info@sulzbach-taunus.de,node/2291042725,Rathaus,7.0
DE-G-06437001,Bad König,gemeinde,Hessen,"Schloßplatz 3, 64732 Bad König",,,way/142608713,Schloss Bad König,8.5
DE-G-06437003,Brensbach,gemeinde,Hessen,"Ezyer Straße 5, 64395 Brensbach",,,way/291113921,Gemeindezentrum Brensbach,8.5
DE-G-06437004,Breuberg,gemeinde,Hessen,"Ernst-Ludwig-Straße 2-4, 64747 Breuberg",+49 6163 7090,info@breuberg.de,node/6013419020,Rathaus Breuberg,9.0
DE-G-06437005,Brombachtal,gemeinde,Hessen,"Hauptstraße 59, 64753 Brombachtal",,,way/389206882,Gemeindeverwaltung Brombachtal,8.4
DE-G-06437006,Erbach,gemeinde,Hessen,"Neckarstraße 3, 64711 Erbach",+49 6062 640,rarhaus@erbach.de,way/28603011,Stadtverwaltung Erbach,9.0
DE-G-06437007,Fränkisch-Crumbach,gemeinde,Hessen,"Rodensteiner Straße 8, 64407 Fränkisch-Crumbach",,,way/358924150,Rathaus Fränkisch-Crumbach,8.5
DE-G-06437009,Höchst i. Odw.,gemeinde,Hessen,,,,,,
DE-G-06437010,Lützelbach,gemeinde,Hessen,"Mainstraße 1, 64750 Lützelbach",+49 6165 3070,gemeinde@luetzelbach.de,node/240038599,Lützelbach,9.0
DE-G-06437011,Michelstadt,gemeinde,Hessen,"Frankfurter Straße 3, 64720 Michelstadt",+49 6061 740,stadtverwaltung@michelstadt.de,relation/1318944,Stadtverwaltung,7.0
DE-G-06437012,Mossautal,gemeinde,Hessen,"Ortsstraße 124, 64756 Mossautal",+49 6062 91990,,node/569306329,Rathaus,7.0
DE-G-06437013,Reichelsheim (Odenwald),gemeinde,Hessen,,,,,,
DE-G-06437016,Oberzent,gemeinde,Hessen,"Metzkeil 1, 64760 Oberzent",+49 60 68 75 90 500,,node/6264677624,Stadtverwaltung Oberzent,9.0
DE-G-06438001,Dietzenbach,gemeinde,Hessen,"Europaplatz 1, 63128 Dietzenbach",,,way/27832687,Rathaus Dietzenbach,8.4
DE-G-06438002,Dreieich,gemeinde,Hessen,,,,,,
DE-G-06438003,Egelsbach,gemeinde,Hessen,"Freiherr-vom-Stein-Straße 13, 63329 Egelsbach",,,way/158257081,Rathaus Gemeinde Egelsbach,8.4
DE-G-06438004,Hainburg,gemeinde,Hessen,,,,,,
DE-G-06438005,Heusenstamm,gemeinde,Hessen,,,,,,
DE-G-06438006,Langen (Hessen),gemeinde,Hessen,"Südliche Ringstraße 80, 63225 Langen (Hessen)",+49 6103 2030,,way/23855626,Stadtverwaltung Langen,8.9
DE-G-06438007,Mainhausen,gemeinde,Hessen,"Rheinstraße 3, 63533 Mainhausen",,,way/1422302483,Rathaus Mainhausen,8.5
DE-G-06438008,Mühlheim am Main,gemeinde,Hessen,"Friedensstraße 20, 63165 Mühlheim am Main",+49 6108 6010,,way/189086467,Stadtverwaltung Mühlheim am Main,9.0
DE-G-06438009,Neu-Isenburg,gemeinde,Hessen,"Hugenottenallee 53, 63263 Neu-Isenburg",,,way/299582172,Rathaus Neu-Isenburg,8.4
DE-G-06438010,Obertshausen,gemeinde,Hessen,"Beethovenstraße 2, 63179 Obertshausen",,,node/1607536736,Rathaus Obertshausen,8.5
DE-G-06438011,Rodgau,gemeinde,Hessen,"Hintergasse 15, 63110 Rodgau",+49 6106 693-0,,way/96349879,Rathaus Rodgau,9.0
DE-G-06438012,Rödermark,gemeinde,Hessen,,,,,,
DE-G-06438013,Seligenstadt,gemeinde,Hessen,,,,,,
DE-G-06439001,Aarbergen,gemeinde,Hessen,"Rathausstraße 1, 65326 Aarbergen",,,way/238835323,Rathaus Aarbergen (Altes),8.5
DE-G-06439002,Bad Schwalbach,gemeinde,Hessen,"Adolfstraße 38, 65307 Bad Schwalbach",,,way/89551404,Stadtverwaltung,6.5
DE-G-06439003,Eltville am Rhein,gemeinde,Hessen,"Gutenbergstraße 13, 65343 Eltville am Rhein",+49 6123 697-0,info@eltville.de,way/235270565,Magistrat der Stadt Eltville am Rhein,9.0
DE-G-06439004,Geisenheim,gemeinde,Hessen,"Rüdesheimer Straße 48, 65366 Geisenheim",,,way/386332951,Rathaus Hochschulstadt Geisenheim,8.5
DE-G-06439005,Heidenrod,gemeinde,Hessen,"Rathausstraße 9, 65321 Heidenrod",+49 6120 790,,way/364430220,Gemeindeverwaltung Heidenrod,9.0
DE-G-06439006,Hohenstein,gemeinde,Hessen,,,,,,
DE-G-06439007,Hünstetten,gemeinde,Hessen,"Im Lagersboden 5, 65510 Hünstetten",,,way/24703513,Gemeindeverwaltung Hünstetten,8.2
DE-G-06439008,Idstein,gemeinde,Hessen,"König-Adolf-Platz 2, 65510 Idstein",+49 6126 78-0,,way/51960278,Rathaus,7.0
DE-G-06439009,Kiedrich,gemeinde,Hessen,"Marktstraße 27, 65399 Kiedrich",+49 6123 90500,buergermeister@kiedrich.de,way/359377244,Rathaus,7.0
DE-G-06439010,Lorch,gemeinde,Hessen,"Markt 5, 65391 Lorch",+49 6726 180,,way/89278443,Rathaus,7.0
DE-G-06439011,Niedernhausen,gemeinde,Hessen,"Wilrijkplatz, 65527 Niedernhausen",+49 6127 903-0,,way/38366539,Rathaus Niedernhausen,9.0
DE-G-06439012,Oestrich-Winkel,gemeinde,Hessen,,,,,,
DE-G-06439013,Rüdesheim am Rhein,gemeinde,Hessen,"Markt 16, 65385 Rüdesheim am Rhein",,,way/236568858,Rathaus Rüdesheim am Rhein,8.5
DE-G-06439014,Schlangenbad,gemeinde,Hessen,"Rheingauer Straße 23, 65388 Schlangenbad",+49 6129 48-0,,way/56181493,Rathaus,7.0
DE-G-06439015,Taunusstein,gemeinde,Hessen,"Aarstraße 150, 65232 Taunusstein",,,way/40778078,Rathaus Taunusstein,8.5
DE-G-06439016,Waldems,gemeinde,Hessen,"Schulgasse 2, 65529 Waldems",+49 6126 5920,,way/137061345,Rathaus Waldems,9.0
DE-G-06439017,Walluf,gemeinde,Hessen,"Mühlstraße 40, 65396 Walluf",,,way/293937529,Rathaus Walluf,8.4
DE-G-06440001,Altenstadt,gemeinde,Hessen,"Frankfurter Straße 11, 63674 Altenstadt",,,way/342956299,Rathaus Altenstadt,8.5
DE-G-06440002,Bad Nauheim,gemeinde,Hessen,,,,,,
DE-G-06440003,Bad Vilbel,gemeinde,Hessen,"Am Sonnenplatz 1, 61118",,,way/137672419,Stadtverwaltung Bad Vilbel,5.2
DE-G-06440004,Büdingen,gemeinde,Hessen,,,,,,
DE-G-06440005,Butzbach,gemeinde,Hessen,"Marktplatz 1, 35510 Butzbach",,,node/3368960833,Rathaus,6.5
DE-G-06440006,Echzell,gemeinde,Hessen,"Lindenstraße 9, 61209 Echzell",,,node/530129967,Gemeindeverwaltung Echzell,8.5
DE-G-06440007,Florstadt,gemeinde,Hessen,"Freiherr-vom-Stein-Straße 1, 61197 Florstadt",,,way/376142485,Rathaus Florstadt,8.4
DE-G-06440008,Friedberg (Hessen),gemeinde,Hessen,"Mainzer-Tor-Anlage 6, 61169 Friedberg (Hessen)",,,way/318361193,Rathaus,6.4
DE-G-06440009,Gedern,gemeinde,Hessen,"Schloßberg 7, 63688 Gedern",,,node/853742366,,6.5
DE-G-06440010,Glauburg,gemeinde,Hessen,,,,,,
DE-G-06440011,Hirzenhain,gemeinde,Hessen,"Karl-Birx-Straße 6, 63697 Hirzenhain",,,way/106937814,Gemeindeverwaltung,6.5
DE-G-06440012,Karben,gemeinde,Hessen,,,,,,
DE-G-06440013,Kefenrod,gemeinde,Hessen,"Hitzkirchener Straße 19, 63699 Kefenrod",,,way/30981117,Rathaus Kefenrod,8.5
DE-G-06440014,Limeshain,gemeinde,Hessen,,,,,,
DE-G-06440015,Münzenberg,gemeinde,Hessen,"Hauptstraße 22, 35516 Münzenberg",,,way/425375142,Stadtverwaltung,6.1
DE-G-06440016,Nidda,gemeinde,Hessen,,,,,,
DE-G-06440017,Niddatal,gemeinde,Hessen,"Im Kloster 6, 61194 Niddatal",,,way/26774083,Stadtverwaltung Niddatal,8.3
DE-G-06440018,Ober-Mörlen,gemeinde,Hessen,,,,,,
DE-G-06440019,Ortenberg,gemeinde,Hessen,"Lauterbacher Straße 2, 63683 Ortenberg",,,way/71378267,Stadtverwaltung Ortenberg,8.5
DE-G-06440020,Ranstadt,gemeinde,Hessen,"Hauptstraße 15, 63691 Ranstadt",,,node/1578720966,Rathaus,6.5
DE-G-06440021,Reichelsheim (Wetterau),gemeinde,Hessen,"Zum Rathaus 1, 61203 Reichelsheim",,,way/1148652639,Neues Rathaus,6.5
DE-G-06440022,Rockenberg,gemeinde,Hessen,"Obergasse 12, Rockenberg",,,way/206377246,Rathaus,3.5
DE-G-06440023,Rosbach v. d. Höhe,gemeinde,Hessen,,,,,,
DE-G-06440024,Wölfersheim,gemeinde,Hessen,"Hauptstraße 60, 61200 Wölfersheim",,,way/549802768,,6.5
DE-G-06440025,Wöllstadt,gemeinde,Hessen,"Paul-Hallmann-Straße 3, 61206 Wöllstadt",,,way/408841300,Rathaus Wöllstadt,8.5
DE-G-06531001,Allendorf (Lumda),gemeinde,Hessen,"Bahnhofstraße 14, 35469 Allendorf (Lumda)",,,way/93135329,Allendorf,8.5
DE-G-06531002,Biebertal,gemeinde,Hessen,"Mühlbergstraße 9, 35444 Biebertal",+49 6409 69 0,info@biebertal.de,way/26705845,Rathaus,7.0
DE-G-06531003,Buseck,gemeinde,Hessen,,,,,,
DE-G-06531004,Fernwald,gemeinde,Hessen,"Oppenröder Straße 1, 35463 Fernwald",,,way/26370018,Rathaus Fernwald,8.4
DE-G-06531005,Gießen,gemeinde,Hessen,"Berliner Platz 1, 35390 Gießen",,,way/31531492,Rathaus Gießen,8.5
DE-G-06531006,Grünberg,gemeinde,Hessen,"Rabegasse 1, 35305 Grünberg",+49 6401 8040,info@gruenberg.de,way/84811236,Rathaus Grünberg,9.0
DE-G-06531007,Heuchelheim a. d. Lahn,gemeinde,Hessen,,,,,,
DE-G-06531008,Hungen,gemeinde,Hessen,,,,,,
DE-G-06531009,Langgöns,gemeinde,Hessen,"St.-Ulrich-Ring 13, 35428 Langgöns",,,way/126225672,Rathaus Langgöns,8.4
DE-G-06531010,Laubach,gemeinde,Hessen,"Friedrichstraße 11, 35321 Laubach",+49 6405 9210,,way/67391657,Rathaus Laubach,9.0
DE-G-06531011,Lich,gemeinde,Hessen,"Unterstadt 1, 35423 Lich",,,way/148628488,Rathaus,6.5
DE-G-06531012,Linden,gemeinde,Hessen,"Konrad-Adenauer-Straße 25, 35440 Linden",,,way/275936018,Rathaus Stadt Linden,8.4
DE-G-06531013,Lollar,gemeinde,Hessen,"Holzmühler Weg 76, 35457 Lollar",,,way/463526244,Rathaus Lollar,8.4
DE-G-06531014,Pohlheim,gemeinde,Hessen,"Ludwigstraße 31, 35415 Pohlheim",,,node/2724848221,Pohlheim,8.5
DE-G-06531015,Rabenau,gemeinde,Hessen,,,,,,
DE-G-06531016,Reiskirchen,gemeinde,Hessen,"Schulstraße 17, 35447 Reiskirchen",,,way/981580456,"Verwaltung, Rathaus",6.5
DE-G-06531017,Staufenberg,gemeinde,Hessen,"Tarjanplatz 1, 35460 Staufenberg",,,way/55857336,Rathaus Staufenberg,8.5
DE-G-06531018,Wettenberg,gemeinde,Hessen,"Sorguesplatz 2, 35435 Wettenberg",+49 641 8040,,node/462761623,Gemeindeverwaltung Wettenberg,9.0
DE-G-06532001,Aßlar,gemeinde,Hessen,"Mühlgrabenstraße 1, 35614 Aßlar",+4964418030,,node/8486932153,Stadtverwaltung Aßlar,9.0
DE-G-06532002,Bischoffen,gemeinde,Hessen,"Schulstraße 23, 35649 Bischoffen",,,way/214741896,Gemeindeverwaltung Bischoffen und Dorfgemenschaftshaus Niederweidbach,8.2
DE-G-06532003,Braunfels,gemeinde,Hessen,"Hüttenweg 3, 35619 Braunfels",+49 6442 303-0,info@braunfels.de,node/2495625861,Stadtverwaltung Braunfels,8.9
DE-G-06532004,Breitscheid,gemeinde,Hessen,"Rathausstraße 14, 35767 Breitscheid",,,way/122702563,Rathaus Breitscheid,8.5
DE-G-06532005,Dietzhölztal,gemeinde,Hessen,"Hauptstraße 92, 35716 Dietzhölztal",,,way/151370212,Gemeindeverwaltung,6.5
DE-G-06532006,Dillenburg,gemeinde,Hessen,"Rathausstraße 7, 35683 Dillenburg",,,way/168119344,,6.5
DE-G-06532007,Driedorf,gemeinde,Hessen,"Wilhelmstraße 16, 35759 Driedorf",,,way/173022588,Gemeindeverwaltung Driedorf,8.5
DE-G-06532008,Ehringshausen,gemeinde,Hessen,"Rathausstraße 1, 35630 Ehringshausen",,,way/150892614,Rathaus Ehringshausen,8.4
DE-G-06532009,Eschenburg,gemeinde,Hessen,"Nassauer Straße 11, 35713 Eschenburg",+49 2774 9150,,way/31264239,Rathaus,7.0
DE-G-06532010,Greifenstein,gemeinde,Hessen,"Herborner Straße 38, 35753 Greifenstein",,,node/1989873157,Gemeindeverwaltung Greifenstein,8.1
DE-G-06532011,Haiger,gemeinde,Hessen,"Marktplatz 7, 35708 Haiger",+49 2773 8110,,way/25164732,Rathaus,7.0
DE-G-06532012,Herborn,gemeinde,Hessen,,,,,,
DE-G-06532013,Hohenahr,gemeinde,Hessen,"Rathausplatz 6, 35644 Hohenahr",,,node/9682702651,Gemeinde Hohenahr,8.5
DE-G-06532014,Hüttenberg,gemeinde,Hessen,"Frankfurter Straße 49-51, 35625 Hüttenberg",,,node/423585433,Gemeindeverwaltung Hüttenberg,8.5
DE-G-06532015,Lahnau,gemeinde,Hessen,"Rathausplatz 3, 35633 Lahnau",,,way/169753853,Gemeinde Lahnau Gebäude 3,8.5
DE-G-06532016,Leun,gemeinde,Hessen,,,,,,
DE-G-06532017,Mittenaar,gemeinde,Hessen,,,,,,
DE-G-06532018,Schöffengrund,gemeinde,Hessen,"Neukirchener Straße 5, 35641 Schöffengrund",+49 6445 9244-0,info@schoeffengrund.de,node/6225750386,Gemeindeverwaltung Schöffengrund,9.0
DE-G-06532019,Siegbach,gemeinde,Hessen,,,,,,
DE-G-06532020,Sinn,gemeinde,Hessen,,,,,,
DE-G-06532021,Solms,gemeinde,Hessen,"Oberndorfer Straße 20, 35606 Solms",+49 6442 9100,stadtverwaltung@solms.de,node/6937747810,Stadtverwaltung Solms,8.9
DE-G-06532022,Waldsolms,gemeinde,Hessen,"Lindenplatz 2, 35647 Waldsolms",+49 6085 98100,info@waldsolms.de,way/129308029,Rathaus Waldsolms,9.0
DE-G-06532023,Wetzlar,gemeinde,Hessen,"Ernst-Leitz-Straße 30, 35578 Wetzlar",+49 6441 99-0,,way/18310772,Rathaus Wetzlar,9.0
DE-G-06533001,Beselich,gemeinde,Hessen,"Steinbacher Straße 10, 65614 Beselich",,,node/5297736583,Gemeinde Beselich,8.5
DE-G-06533002,Brechen,gemeinde,Hessen,"Marktstraße 1, 65611 Brechen",,,way/137682327,Rathaus,6.5
DE-G-06533003,Bad Camberg,gemeinde,Hessen,,,,,,
DE-G-06533004,Dornburg,gemeinde,Hessen,,,,,,
DE-G-06533005,Elbtal,gemeinde,Hessen,"Rathausstraße 1, 65627 Elbtal",,,way/462102083,Gemeindeverwaltung Elbtal,8.5
DE-G-06533006,Elz,gemeinde,Hessen,,,,,,
DE-G-06533007,Hadamar,gemeinde,Hessen,,,,,,
DE-G-06533008,Hünfelden,gemeinde,Hessen,,,,,,
DE-G-06533009,Limburg a. d. Lahn,gemeinde,Hessen,,,,,,
DE-G-06533010,Löhnberg,gemeinde,Hessen,,,,,,
DE-G-06533011,Mengerskirchen,gemeinde,Hessen,"Schloßstraße 3, 35794 Mengerskirchen",,,node/7823187053,Gemeindeverwaltung Mengerskirchen,8.5
DE-G-06533012,Merenberg,gemeinde,Hessen,"Allendorfer Straße 4, Merenberg",,,way/375833062,Rathaus Merenberg,5.5
DE-G-06533013,Runkel,gemeinde,Hessen,,,,,,
DE-G-06533014,Selters (Taunus),gemeinde,Hessen,"Brunnenstraße 46, 65618 Selters (Taunus)",,,way/264586352,Rathaus,6.5
DE-G-06533015,Villmar,gemeinde,Hessen,,,,,,
DE-G-06533016,Waldbrunn (Westerwald),gemeinde,Hessen,"Hauser Kirchweg 4, 65620 Waldbrunn (Westerwald)",,,way/192703314,Rathaus Waldbrunn (Westerwald),8.3
DE-G-06533017,Weilburg,gemeinde,Hessen,"Mauerstraße 6, 35781 Weilburg",,,way/31021797,Rathaus,6.5
DE-G-06533018,Weilmünster,gemeinde,Hessen,"Rathausplatz 8, 35789 Weilmünster",,,way/219700122,Gemeinde Weilmünster,8.5
DE-G-06533019,Weinbach,gemeinde,Hessen,,,,,,
DE-G-06534001,Amöneburg,gemeinde,Hessen,"Am Markt 1, 35287 Amöneburg",,,way/201951635,Rathaus Amöneburg,8.5
DE-G-06534002,Angelburg,gemeinde,Hessen,"Bahnhofstraße 1, 35719 Angelburg",,,node/2679310279,Rathaus Angelburg,8.5
DE-G-06534003,Bad Endbach,gemeinde,Hessen,"Herborner Straße 1, 35080 Bad Endbach",+49 2776 801-0,post@bad-endbach.info,way/283431953,Gemeindeverwaltung Bad Endbach,9.0
DE-G-06534004,Biedenkopf,gemeinde,Hessen,"Hainstraße 63, 35216 Biedenkopf",,,way/393054462,Rathaus,6.4
DE-G-06534005,Breidenbach,gemeinde,Hessen,,,,,,
DE-G-06534006,Cölbe,gemeinde,Hessen,,,,,,
DE-G-06534007,Dautphetal,gemeinde,Hessen,"Hainstraße 1, 35232 Dautphetal",,,way/33677905,Gemeindeverwaltung Dautphetal,8.5
DE-G-06534008,Ebsdorfergrund,gemeinde,Hessen,,,,,,
DE-G-06534009,Fronhausen,gemeinde,Hessen,"Schulstraße 19, 35112 Fronhausen",,,way/139428475,,6.5
DE-G-06534010,Gladenbach,gemeinde,Hessen,,,,,,
DE-G-06534011,Kirchhain,gemeinde,Hessen,,,,,,
DE-G-06534012,Lahntal,gemeinde,Hessen,"Oberdorfer Straße 1, 35094 Lahntal",,,way/261924146,Gemeindeverwaltung Lahntal,8.5
DE-G-06534013,Lohra,gemeinde,Hessen,"Heinrich-Naumann-Weg 2, 35102 Lohra",+49 6462 20070,,way/298296714,Gemeindeverwaltung Lohra,9.0
DE-G-06534014,Marburg,gemeinde,Hessen,,,,,,
DE-G-06534015,Münchhausen,gemeinde,Hessen,"Marburger Straße 82, 35117 Münchhausen",,,way/589706033,Rathaus Münchhausen,8.5
DE-G-06534016,Neustadt (Hessen),gemeinde,Hessen,"Ritterstraße 5, 35279 Neustadt (Hessen)",,,node/1547747028,,6.5
DE-G-06534017,Rauschenberg,gemeinde,Hessen,"Schloßstraße 1, 35282 Rauschenberg",,,way/292292407,Rathaus Rauschenberg,8.5
DE-G-06534018,Stadtallendorf,gemeinde,Hessen,"Bahnhofstraße 2, 35260 Stadtallendorf",,,relation/3839084,Rathaus,6.5
DE-G-06534019,Steffenberg,gemeinde,Hessen,"Bauhofstraße 1, 35239 Steffenberg",,,way/691584872,Rathaus Steffenberg,8.4
DE-G-06534020,Weimar (Lahn),gemeinde,Hessen,"Alte Bahnhofstraße 31, 35096 Weimar (Lahn)",,,way/167477643,Gemeindeverwaltung Weimar (Lahn),8.5
DE-G-06534021,Wetter (Hessen),gemeinde,Hessen,"Marktplatz 1, 35083 Wetter (Hessen)",,,way/252548264,,6.5
DE-G-06534022,Wohratal,gemeinde,Hessen,,,,,,
DE-G-06535001,Alsfeld,gemeinde,Hessen,"Markt 1, 36304 Alsfeld",,,way/893154784,Rathaus,6.5
DE-G-06535002,Antrifttal,gemeinde,Hessen,,,,,,
DE-G-06535003,Feldatal,gemeinde,Hessen,"Schulstraße 2, 36325 Feldatal",,,way/107747324,Gemeindeverwaltung,6.5
DE-G-06535004,Freiensteinau,gemeinde,Hessen,"Alte Schulstraße 5, 36399 Freiensteinau",,,way/173088228,Gemeinde Freiensteinau,8.5
DE-G-06535005,Gemünden (Felda),gemeinde,Hessen,"Rathausgasse 6, 35329 Gemünden (Felda)",,,way/238504565,Rathaus,6.3
DE-G-06535006,Grebenau,gemeinde,Hessen,"Amthof 2, 36323 Grebenau",+49 6646 970-0,info@grebenau.de,way/110859945,Stadtverwaltung Grebenau,9.0
DE-G-06535007,Grebenhain,gemeinde,Hessen,"Hauptstraße 51, 36355 Grebenhain",,,way/633836873,Rathaus,6.5
DE-G-06535008,Herbstein,gemeinde,Hessen,,,,,,
DE-G-06535009,Homberg (Ohm),gemeinde,Hessen,"Marktstraße 26, 35315 Homberg (Ohm)",,,way/174974540,Stadtverwaltung Homberg (Ohm),8.5
DE-G-06535010,Kirtorf,gemeinde,Hessen,"Neustädter Straße 10, 36320 Kirtorf",,,way/580459903,Rathaus,6.5
DE-G-06535011,Lauterbach (Hessen),gemeinde,Hessen,,,,,,
DE-G-06535012,Lautertal (Vogelsberg),gemeinde,Hessen,"Rathausstraße 3, 36369 Lautertal",+49 6643 96100,,way/107833049,Gemeindeverwaltung Lautertal,9.0
DE-G-06535013,Mücke,gemeinde,Hessen,"Im Herrnhain 2, 35325 Mücke",,,way/223611537,Gemeindeverwaltung Mücke,8.4
DE-G-06535014,Romrod,gemeinde,Hessen,"Jahnstraße 2, 36329 Romrod",,,way/204500794,Stadtverwaltung,6.5
DE-G-06535015,Schlitz,gemeinde,Hessen,"An der Kirche 4, 36110 Schlitz",,,node/1323671360,Rathaus,6.5
DE-G-06535016,Schotten,gemeinde,Hessen,"Vogelsbergstraße 184, 63679 Schotten",,,way/121479156,Stadtverwaltung,6.4
DE-G-06535017,Schwalmtal,gemeinde,Hessen,"Alsfelder Straße 72, 36318 Schwalmtal",,,way/103208185,,6.4
DE-G-06535018,Ulrichstein,gemeinde,Hessen,,,,,,
DE-G-06535019,Wartenberg,gemeinde,Hessen,"Landenhäuser Straße 11, 36367 Wartenberg",,,way/99491303,Gemeinde Wartenberg,8.5
DE-G-06611000,Kassel,gemeinde,Hessen,,,,,,
DE-G-06631001,Bad Salzschlirf,gemeinde,Hessen,"Fuldaer Straße 2, 36364 Bad Salzschlirf",,,way/100196658,,6.5
DE-G-06631002,Burghaun,gemeinde,Hessen,,,,,,
DE-G-06631003,Dipperz,gemeinde,Hessen,,,,,,
DE-G-06631004,Ebersburg,gemeinde,Hessen,"Schulstraße 3, 36157 Ebersburg",,,way/370284135,,6.5
DE-G-06631005,Ehrenberg (Rhön),gemeinde,Hessen,"Rhönstraße 26, 36115 Ehrenberg (Rhön)",,,way/217193105,Rathaus Ehrenberg (Rhön),8.5
DE-G-06631006,Eichenzell,gemeinde,Hessen,"Schloßgasse 4, 36124 Eichenzell",,,node/206257668,Gemeinde Eichenzell,8.5
DE-G-06631007,Eiterfeld,gemeinde,Hessen,,,,,,
DE-G-06631008,Flieden,gemeinde,Hessen,"Hauptstraße 36, 36103 Flieden",,,way/222393009,Rathaus Flieden,8.5
DE-G-06631009,Fulda,gemeinde,Hessen,,,,,,
DE-G-06631010,Gersfeld (Rhön),gemeinde,Hessen,"Marktplatz 19, 36129 Gersfeld (Rhön)",+49 6654 170,stadtverwaltung@gersfeld.de,way/179101821,Rathaus der Stadt Gersfeld,9.0
DE-G-06631011,Großenlüder,gemeinde,Hessen,"St.-Georg-Straße 2, 36137 Großenlüder",,,way/108770408,Gemeinde Großenlüder,8.5
DE-G-06631012,Hilders,gemeinde,Hessen,,,,,,
DE-G-06631013,Hofbieber,gemeinde,Hessen,,,,,,
DE-G-06631014,Hosenfeld,gemeinde,Hessen,,,,,,
DE-G-06631015,Hünfeld,gemeinde,Hessen,"Konrad-Adenauer-Platz 1, 36088 Hünfeld",+49 6652 180 0,stadt@huenfeld.de,way/346328259,Rathaus Hünfeld,9.0
DE-G-06631016,Kalbach,gemeinde,Hessen,,,,,,
DE-G-06631017,Künzell,gemeinde,Hessen,"Unterer Ortesweg 23, 36093 Künzell",,,way/142693662,Gemeindeverwaltung Künzell,8.5
DE-G-06631018,Neuhof,gemeinde,Hessen,"Lindenplatz 4, 36119 Neuhof",+49 6655 9700,info@neuhof-fulda.de,way/85314863,Rathaus Neuhof,8.9
DE-G-06631019,Nüsttal,gemeinde,Hessen,,,,,,
DE-G-06631020,Petersberg,gemeinde,Hessen,"Rathausplatz 1, 36100 Petersberg",+49 661 62060,gemeinde@petersberg.de,way/403711938,Rathaus Petersberg,9.0
DE-G-06631021,Poppenhausen (Wasserkuppe),gemeinde,Hessen,"Von-Steinrück-Platz 1, 36163 Poppenhausen",,,node/349315886,Rathaus,6.5
DE-G-06631022,Rasdorf,gemeinde,Hessen,,,,,,
DE-G-06631023,Tann (Rhön),gemeinde,Hessen,"Marktplatz 9, Tann (Rhön)",,,way/128193905,Rathaus,3.5
DE-G-06632001,Alheim,gemeinde,Hessen,"Alheimerstraße 2, Alheim",,,node/6225611674,Rathaus Alheim,5.5
DE-G-06632002,Bad Hersfeld,gemeinde,Hessen,"Weinstraße 16, 36251 Bad Hersfeld",,,way/65155486,Rathaus,6.5
DE-G-06632003,Bebra,gemeinde,Hessen,"Rathausmarkt 1, 36179 Bebra",,,way/102779058,Rathaus Bebra,8.5
DE-G-06632004,Breitenbach a. Herzberg,gemeinde,Hessen,,,,,,
DE-G-06632005,Cornberg,gemeinde,Hessen,"Am Markt 8, 36219 Cornberg",,,way/544883657,Gemeindeverwaltung,6.5
DE-G-06632006,Friedewald,gemeinde,Hessen,"Schlossplatz 2, 36289 Friedewald",+49 6674 92410-0,info@friedewald-hessen.de,way/128207389,Gemeindeverwaltung,7.0
DE-G-06632007,Hauneck,gemeinde,Hessen,,,,,,
DE-G-06632008,Haunetal,gemeinde,Hessen,"Konrad-Zuse-Platz 6, 36166 Haunetal",,,node/821499214,Gemeindeverwaltung Haunetal,8.5
DE-G-06632009,Heringen (Werra),gemeinde,Hessen,"Obere Goethestraße 17, 36266 Heringen (Werra)",,,node/530184458,Rathaus Heringen,8.5
DE-G-06632010,Hohenroda,gemeinde,Hessen,,,,,,
DE-G-06632011,Kirchheim,gemeinde,Hessen,,,,,,
DE-G-06632012,Ludwigsau,gemeinde,Hessen,,,,,,
DE-G-06632013,Nentershausen,gemeinde,Hessen,,,,,,
DE-G-06632014,Neuenstein,gemeinde,Hessen,"Freiherr-vom-Stein-Straße 5, 36286 Neuenstein",+49 6677 9210 0,,way/217184354,Bürgermeisteramt Neuenstein,9.0
DE-G-06632015,Niederaula,gemeinde,Hessen,"Schlitzer Straße 3, 36272 Niederaula",,,way/170618262,Gemeindeverwaltung Niederaula,8.5
DE-G-06632016,Philippsthal (Werra),gemeinde,Hessen,"Schloß 1, 36269 Philippsthal (Werra)",,,way/69922936,,6.5
DE-G-06632017,Ronshausen,gemeinde,Hessen,"Eisenacher Straße 12A, 36217 Ronshausen",,,way/544887775,,6.5
DE-G-06632018,Rotenburg a. d. Fulda,gemeinde,Hessen,,,,,,
DE-G-06632019,Schenklengsfeld,gemeinde,Hessen,,,,,,
DE-G-06632020,Wildeck,gemeinde,Hessen,"Eisenacher Straße 98, 36208 Wildeck",,,way/110677797,Gemeindeverwaltung Wildeck,8.5
DE-G-06633001,Ahnatal,gemeinde,Hessen,"Wilhelmsthaler Straße 3, 34292 Ahnatal",,,way/574772779,Rathaus Ahnatal,8.5
DE-G-06633002,Bad Karlshafen,gemeinde,Hessen,"Hafenplatz 8, 34385 Bad Karlshafen",+49 5672 99990,stadtverwaltung@bad-karlshafen.de,way/172173829,Rathaus Bad Karlshafen,9.0
DE-G-06633003,Baunatal,gemeinde,Hessen,"Marktplatz 14, 34225 Baunatal",+49 561 49920,magistrat@stadt-baunatal.de,way/177317896,Rathaus,7.0
DE-G-06633004,Breuna,gemeinde,Hessen,,,,,,
DE-G-06633005,Calden,gemeinde,Hessen,,,,,,
DE-G-06633006,Bad Emstal,gemeinde,Hessen,,,,,,
DE-G-06633007,Espenau,gemeinde,Hessen,"Im Ort 1, 34314 Espenau",+49 5673 9993 0,gemeinde@espenau.de,way/223301703,Gemeindeverwaltung Espenau,9.0
DE-G-06633008,Fuldabrück,gemeinde,Hessen,"Am Rathaus 2, 34277 Fuldabrück",,,way/27989934,Rathaus Fuldabrück,8.5
DE-G-06633009,Fuldatal,gemeinde,Hessen,"Am Rathaus 9, 34233 Fuldatal",+49 561 9818 0,,way/145919525,Gemeinde Fuldatal - Rathaus,9.0
DE-G-06633010,Grebenstein,gemeinde,Hessen,"Markt 1, 34393 Grebenstein",+49 5674 7050,,way/106493285,Rathaus,7.0
DE-G-06633011,Habichtswald,gemeinde,Hessen,"Breiter Weg 4, 34317 Habichtswald",+49 5606 59960,,way/533984008,Rathaus Gemeinde Habichtswald,8.7
DE-G-06633012,Helsa,gemeinde,Hessen,"Berliner Straße 20, 34298 Helsa",+49 5605 80080,,way/525431218,Gemeinde Helsa,9.0
DE-G-06633013,Hofgeismar,gemeinde,Hessen,"Markt 1, 34369 Hofgeismar",,,way/128226927,Rathaus Hofgeismar,8.5
DE-G-06633014,Immenhausen,gemeinde,Hessen,,,,,,
DE-G-06633015,Kaufungen,gemeinde,Hessen,"Leipziger Straße 463, 34260 Kaufungen",+49 5605 8020,info@kaufungen.de,way/89022488,Bürgerhaus Kaufungen,5.0
DE-G-06633016,Liebenau,gemeinde,Hessen,"Lacheweg 1, 34396 Liebenau",,,node/11137741509,Rathaus,6.5
DE-G-06633017,Lohfelden,gemeinde,Hessen,"Dr.-Walter-Lübcke-Platz 1, 34253 Lohfelden",,,way/49939865,Rathaus Lohfelden,8.4
DE-G-06633018,Naumburg,gemeinde,Hessen,"Burgstraße 15, 34311 Naumburg",,,node/430172062,Rathaus Naumburg,8.5
DE-G-06633019,Nieste,gemeinde,Hessen,"Wilhelm-Heitmann-Platz 4, 34329 Nieste",,,way/362438376,Gemeindehaus,6.5
DE-G-06633020,Niestetal,gemeinde,Hessen,"Dr.-Walter-Lübcke-Platz 1, 34266 Niestetal",,,node/309717059,Rathaus Niestetal,8.4
DE-G-06633022,Reinhardshagen,gemeinde,Hessen,"Amtsstraße 10, 34359 Reinhardshagen",,,way/25384011,Gemeindeverwaltung Reinhardshagen Dienststelle Veckerhagen,8.5
DE-G-06633023,Schauenburg,gemeinde,Hessen,"Korbacher Straße 300, 34270 Schauenburg",,,way/194455244,Rathaus Schauenburg,8.4
DE-G-06633024,Söhrewald,gemeinde,Hessen,,,,,,
DE-G-06633025,Trendelburg,gemeinde,Hessen,"Zur Burg 4, 34388 Trendelburg",,,way/192993300,Stadtverwaltung Trendelburg,8.4
DE-G-06633026,Vellmar,gemeinde,Hessen,"Rathausplatz 1, 34246 Vellmar",,,way/159144785,Rathaus Vellmar,7.9
DE-G-06633028,Wolfhagen,gemeinde,Hessen,"Burgstraße 33, 34466 Wolfhagen",,,way/240195781,Rathaus Wolfhagen,8.5
DE-G-06633029,Zierenberg,gemeinde,Hessen,"Poststraße 20, 34289 Zierenberg",,,node/2072761906,Stadtverwaltung Zierenberg,8.5
DE-G-06633030,Wesertal,gemeinde,Hessen,"Brückenstraße 1, 34399 Wesertal",+49 5572 93730,,way/114481345,Rathaus,7.0
DE-G-06634001,Borken (Hessen),gemeinde,Hessen,"Am Rathaus 7, 34582 Borken (Hessen)",,,way/91799490,Rathaus Borken (Hessen),8.4
DE-G-06634002,Edermünde,gemeinde,Hessen,"Brückenhofstraße 4, 34295 Edermünde",+49 5665 79090,,way/643926341,Gemeindeverwaltung Edermünde,8.7
DE-G-06634003,Felsberg,gemeinde,Hessen,"Vernouillet Allee 1, 34587 Felsberg",+49 5662 5020,,way/351647168,Rathaus Felsberg,8.9
DE-G-06634004,Frielendorf,gemeinde,Hessen,"Ziegenhainer Straße 2, 34621 Frielendorf",+49 5684 9999 0,gemeinde@frielendorf.de,way/1175050313,Hauptverwaltung Marktflecken Frielendorf,8.9
DE-G-06634005,Fritzlar,gemeinde,Hessen,"Zwischen den Krämen 7, 34560 Fritzlar",,,node/268090995,Stadtverwaltung Fritzlar,8.5
DE-G-06634006,Gilserberg,gemeinde,Hessen,"Bahnhofstraße 40, 34630 Gilserberg",+49 6696 96190,,way/184992025,Rathaus Gilserberg,9.0
DE-G-06634007,Gudensberg,gemeinde,Hessen,"Kasseler Straße 2, 34281 Gudensberg",+49 5603 933-0,,way/822326066,Rathaus,7.0
DE-G-06634008,Guxhagen,gemeinde,Hessen,"Zum Ehrenhain 2, 34302 Guxhagen",,,node/383984816,Gemeindeverwaltung / Rathaus,6.5
DE-G-06634009,Homberg (Efze),gemeinde,Hessen,"Rathausgasse 1, 34576 Homberg (Efze)",+49 5681 9940,,way/204932429,Rathaus Homberg (Efze),9.0
DE-G-06634010,Jesberg,gemeinde,Hessen,"Frankfurter Straße 1, 34632 Jesberg",+49 6695 9601-0,,way/35104146,Rathaus Jesberg,9.0
DE-G-06634011,Knüllwald,gemeinde,Hessen,"Hauptstraße 7, 34593 Knüllwald",+49 5681 99570,,way/142605078,Gemeinde Knüllwald,9.0
DE-G-06634012,Körle,gemeinde,Hessen,"Im Mülmischtal 2, 34327 Körle",,,way/193832444,,6.5
DE-G-06634013,Malsfeld,gemeinde,Hessen,"Lindenstraße 1, Malsfeld",,,way/194660566,Rathaus,3.5
DE-G-06634014,Melsungen,gemeinde,Hessen,"Am Markt 1, 34212 Melsungen",,,way/151075791,Rathaus Melsungen,8.5
DE-G-06634015,Morschen,gemeinde,Hessen,"Paul-Frankfurth-Straße 11, 34326",,,way/100060584,Rathaus Morschen,5.5
DE-G-06634016,Neuental,gemeinde,Hessen,"Hauptstraße 8, 34599 Neuental",+49 6693 803860,,node/2566084412,Gemeindeverwaltung Neuental,9.0
DE-G-06634017,Neukirchen,gemeinde,Hessen,"Am Rathaus 10, 34626 Neukirchen",,,node/12754704860,Stadt Neukirchen,8.5
DE-G-06634018,Niedenstein,gemeinde,Hessen,"Obertor 8, 34305 Niedenstein",,,way/230082295,Rathaus Niedenstein,8.5
DE-G-06634019,Oberaula,gemeinde,Hessen,"Hersfelder Straße 4, 36280 Oberaula",,,way/243564939,Rathaus Oberaula,8.5
DE-G-06634020,Ottrau,gemeinde,Hessen,"Neukirchener Straße 1, 34633 Ottrau",,,way/199017705,Rathaus Ottrau,8.5
DE-G-06634021,Schrecksbach,gemeinde,Hessen,"Alsfelder Straße 14, 34637 Schrecksbach",,,node/9892935410,,6.5
DE-G-06634022,Schwalmstadt,gemeinde,Hessen,"Marktplatz 1, 34613 Schwalmstadt",,,way/94417238,Rathaus,6.5
DE-G-06634023,Schwarzenborn,gemeinde,Hessen,"Marktplatz 1, 34639 Schwarzenborn",+49 5686 99880,,node/3837301308,Stadtverwaltung Schwarzenborn,9.0
DE-G-06634024,Spangenberg,gemeinde,Hessen,,,,,,
DE-G-06634025,Wabern,gemeinde,Hessen,"Landgrafenstraße 9, Wabern",,,node/1406896942,Rathaus der Gemeinde Wabern,5.5
DE-G-06634026,Willingshausen,gemeinde,Hessen,"Am Rathaus 2, 34628 Willingshausen",+49 6691 96300,,node/1977620323,Rathaus,6.7
DE-G-06634027,Bad Zwesten,gemeinde,Hessen,"Ringstraße 1, 34596 Bad Zwesten",,,way/269741956,Rathaus Bad Zwesten,8.5
DE-G-06635001,Allendorf (Eder),gemeinde,Hessen,"Schulstraße 5, 35108 Allendorf (Eder)",+49 6452 9131-0,,way/326699186,Rathaus / Bürgerhaus Gemeinde Allendorf (Eder),5.0
DE-G-06635002,Bad Arolsen,gemeinde,Hessen,"Mittelstraße 38, 34454 Bad Arolsen",,,way/234888098,,5.9
DE-G-06635003,Bad Wildungen,gemeinde,Hessen,"Am Markt 1, 34537 Bad Wildungen",+49 5621 7010,,way/265430877,Rathaus,7.0
DE-G-06635004,Battenberg (Eder),gemeinde,Hessen,"Hauptstraße 58, 35088 Battenberg (Eder)",,,way/295743025,Stadtverwaltung Battenberg,8.4
DE-G-06635006,Burgwald,gemeinde,Hessen,"Hauptstraße 73, 35099 Burgwald",,,way/302629461,Gemeindeverwaltung Burgwald,8.2
DE-G-06635007,Diemelsee,gemeinde,Hessen,,,,,,
DE-G-06635008,Diemelstadt,gemeinde,Hessen,,,,,,
DE-G-06635009,Edertal,gemeinde,Hessen,"Bahnhofstraße 25, 34549 Edertal",,,node/453629632,Gemeindeverwaltung Edertal,8.4
DE-G-06635010,Frankenau,gemeinde,Hessen,"Ehlingshäuser Straße 1, 35110 Frankenau",,,node/457194828,Rathaus Frankenau,8.5
DE-G-06635011,Frankenberg (Eder),gemeinde,Hessen,"Marktplatz 1, 35066 Frankenberg (Eder)",+49 6451 5050,,way/80299951,Rathaus Frankenberg,9.0
DE-G-06635012,Gemünden (Wohra),gemeinde,Hessen,"Marktstraße 10, 35285 Gemünden (Wohra)",,,way/777683683,,6.5
DE-G-06635013,Haina (Kloster),gemeinde,Hessen,"Poststraße 4, 35114 Haina (Kloster)",+49 6456 9289000,rathaus@haina.de,way/284327391,Rathaus Haina,9.0
DE-G-06635014,Hatzfeld (Eder),gemeinde,Hessen,,,,,,
DE-G-06635015,Korbach,gemeinde,Hessen,,,,,,
DE-G-06635016,Lichtenfels,gemeinde,Hessen,"Aarweg 10, 35104 Lichtenfels",,,node/685933926,Gemeindeverwaltung Lichtenfels,8.5
DE-G-06635017,Rosenthal,gemeinde,Hessen,,,,,,
DE-G-06635018,Twistetal,gemeinde,Hessen,,,,,,
DE-G-06635019,Vöhl,gemeinde,Hessen,"Schloßstraße 1, 34516 Vöhl",,,way/411100177,Gemeindeverwaltung Vöhl,8.5
DE-G-06635020,Volkmarsen,gemeinde,Hessen,"Steinweg 29, 34471 Volkmarsen",,,node/4494411008,Rathaus,6.5
DE-G-06635021,Waldeck,gemeinde,Hessen,"Am Rathaus 1, 34513 Waldeck",,,way/28046915,Stadt Waldeck Rathaus,7.9
DE-G-06635022,Willingen (Upland),gemeinde,Hessen,"Waldecker Straße 12, 34508 Willingen (Upland)",,,way/319272580,Rathaus,6.5
DE-G-06636001,Bad Sooden-Allendorf,gemeinde,Hessen,"Marktplatz 8, 37242 Bad Sooden-Allendorf",+49 56 52 95 85 0,,way/97574444,Rathaus,7.0
DE-G-06636002,Berkatal,gemeinde,Hessen,,,,,,
DE-G-06636003,Eschwege,gemeinde,Hessen,"Obermarkt 22, Eschwege",,,relation/17890354,Rathaus Eschwege,5.5
DE-G-06636004,Großalmerode,gemeinde,Hessen,,,,,,
DE-G-06636005,Herleshausen,gemeinde,Hessen,,,,,,
DE-G-06636006,Hessisch Lichtenau,gemeinde,Hessen,"Landgrafenstraße 52, 37235 Hessisch Lichtenau",,,way/200898208,Rathaus,6.5
DE-G-06636007,Meinhard,gemeinde,Hessen,,,,,,
DE-G-06636008,Meißner,gemeinde,Hessen,,,,,,
DE-G-06636009,Neu-Eichenberg,gemeinde,Hessen,"Lange Straße 27, 37249 Neu-Eichenberg",,,relation/13379607,Gemeindeverwaltung Neu-Eichenberg,8.5
DE-G-06636010,Ringgau,gemeinde,Hessen,,,,,,
DE-G-06636011,Sontra,gemeinde,Hessen,"Marktplatz 6, 36205 Sontra",,,way/204517226,Rathaus,6.5
DE-G-06636012,Waldkappel,gemeinde,Hessen,,,,,,
DE-G-06636013,Wanfried,gemeinde,Hessen,"Marktstraße 18, 37281 Wanfried",+49 5655 9894 0,,way/129818023,Rathaus,7.0
DE-G-06636014,Wehretal,gemeinde,Hessen,"Landstraße 70, 37287 Wehretal",,,way/162874826,Rathaus Gemeinde Wehretal,8.5
DE-G-06636015,Weißenborn,gemeinde,Hessen,"Kirchplatz 1, 37299 Weißenborn",+49 5659 302,info@gemeinde-weissenborn.de,way/511762821,Gemeindeverwaltung,7.0
DE-G-06636016,Witzenhausen,gemeinde,Hessen,"Am Markt 1, 37213 Witzenhausen",,,way/729644708,Rathaus Witzenhausen,8.5
DE-G-07111000,Koblenz,gemeinde,Rheinland-Pfalz,"Willi-Hörter-Platz 1, 56068 Koblenz",,,node/13258114266,Rathaus Koblenz,8.5
DE-G-07131007,Bad Neuenahr-Ahrweiler,gemeinde,Rheinland-Pfalz,"Hauptstraße 116, 53474 Bad Neuenahr-Ahrweiler",,,way/115666796,Rathaus Bad Neuenahr-Ahrweiler,8.4
DE-G-07131070,Remagen,gemeinde,Rheinland-Pfalz,"Bachstraße 2, 53424 Remagen",+49 2642 2010,stadtverwaltung@remagen.de,way/47288889,Rathaus Remagen,9.0
DE-G-07131077,Sinzig,gemeinde,Rheinland-Pfalz,"Kirchplatz 5, 53489 Sinzig",+49 2642 4001-0,info@sinzig.de,way/80041597,Rathaus Sinzig,9.0
DE-G-07131090,Grafschaft,gemeinde,Rheinland-Pfalz,"Ahrtalstraße 5, 53501 Grafschaft",+49 2641 8007-0,,way/322582104,Gemeindeverwaltung Gemeinde Grafschaft,9.0
DE-G-07133006,Bad Kreuznach,gemeinde,Rheinland-Pfalz,"Kornmarkt 5, 55543 Bad Kreuznach",+49 671 800-0,stadtverwaltung@bad-kreuznach.de,relation/19694222,Stadtverwaltung,7.0
DE-G-07134045,Idar-Oberstein,gemeinde,Rheinland-Pfalz,"Georg-Maus-Straße 1, 55743 Idar-Oberstein",+49 6781 64-0,stadtverwaltung@idar-oberstein.de,way/816965861,Stadtverwaltung Idar-Oberstein,8.9
DE-G-07137003,Andernach,gemeinde,Rheinland-Pfalz,"Läufstraße 11, 56626",,,way/128192453,"Stadtverwaltung Andernach, Rathaus",5.5
DE-G-07137068,Mayen,gemeinde,Rheinland-Pfalz,"Rosengasse 2, 56727 Mayen",+49 2651880,info@mayen.de,node/2330786375,Rathaus Mayen,9.0
DE-G-07137203,Bendorf,gemeinde,Rheinland-Pfalz,"Im Stadtpark 2, Bendorf",+49 2622 703-0,info@bendorf.de,way/120818361,Stadtverwaltung Bendorf,6.0
DE-G-07138045,Neuwied,gemeinde,Rheinland-Pfalz,"Engerser Landstraße 17, 56564 Neuwied",+49 2631 8020,,way/30113610,Stadtverwaltung,6.9
DE-G-07140501,Boppard,gemeinde,Rheinland-Pfalz,,,,,,
DE-G-07141075,Lahnstein,gemeinde,Rheinland-Pfalz,,,,,,
DE-G-07211000,Trier,gemeinde,Rheinland-Pfalz,"Am Augustinerhof 3, 54290 Trier",+49 651 718-0,,relation/1309668,Rathaus Trier,8.9
DE-G-07231134,Wittlich,gemeinde,Rheinland-Pfalz,"Schloßstraße 11, 54516 Wittlich",+49 6571 17-0,info@stadt.wittlich.de,way/85069484,Stadtverwaltung Wittlich,9.0
DE-G-07231502,Morbach,gemeinde,Rheinland-Pfalz,,,,,,
DE-G-07232018,Bitburg,gemeinde,Rheinland-Pfalz,"Rathausplatz 3-4, 54634 Bitburg",+49 6561 6001-0,bitburg@bitburg.de,way/219175412,Rathaus Bitburg,9.0
DE-G-07311000,Frankenthal (Pfalz),gemeinde,Rheinland-Pfalz,"Rathausplatz 2-7, 67227 Frankenthal (Pfalz)",,,way/99733257,Stadtverwaltung Frankenthal,8.5
DE-G-07312000,Kaiserslautern,gemeinde,Rheinland-Pfalz,"Willy-Brandt-Platz 1, 67657 Kaiserslautern",+49 631 3650,,way/325994948,Rathaus Kaiserslautern,9.0
DE-G-07313000,Landau in der Pfalz,gemeinde,Rheinland-Pfalz,"Marktstraße 50, 76829 Landau in der Pfalz",,,way/60672143,Rathaus,6.5
DE-G-07314000,Ludwigshafen am Rhein,gemeinde,Rheinland-Pfalz,,,,,,
DE-G-07315000,Mainz,gemeinde,Rheinland-Pfalz,"Daniel-Brendel-Straße 11, 55127 Mainz",,,way/207503788,"Stadtverwaltung Mainz, Orstverwaltung Mainz-Drais",7.9
DE-G-07316000,Neustadt an der Weinstraße,gemeinde,Rheinland-Pfalz,"Marktplatz 1, 67433 Neustadt an der Weinstraße",,,relation/17348204,Stadtverwaltung Neustadt an der Weinstraße,8.5
DE-G-07317000,Pirmasens,gemeinde,Rheinland-Pfalz,"Exerzierplatzstraße 17, 66953 Pirmasens",,,way/56023583,Rathaus Pirmasens,8.5
DE-G-07318000,Speyer,gemeinde,Rheinland-Pfalz,"Kleine Pfaffengasse 21, 67346 Speyer",,,node/12944660162,"Stadt Speyer | Stabsstelle Wirtschaftsförderung, Stadtmarketing, Veranstaltungen",8.5
DE-G-07319000,Worms,gemeinde,Rheinland-Pfalz,"Marktplatz 2, 67547 Worms",,,node/1258414597,Rathaus der Stadt Worms,8.5
DE-G-07320000,Zweibrücken,gemeinde,Rheinland-Pfalz,,,,,,
DE-G-07331003,Alzey,gemeinde,Rheinland-Pfalz,"Ernst-Ludwig-Straße 42, 55232 Alzey",,,way/229541861,Stadtverwaltung Alzey,8.5
DE-G-07332002,Bad Dürkheim,gemeinde,Rheinland-Pfalz,"Mannheimer Straße 24, 67098 Bad Dürkheim",,,way/400438004,Rathaus,6.5
DE-G-07332024,Grünstadt,gemeinde,Rheinland-Pfalz,"Kreuzerweg 2, 67269 Grünstadt",+49 6359 8050,,way/324102385,Rathaus Grünstadt,9.0
DE-G-07332025,Haßloch,gemeinde,Rheinland-Pfalz,"Rathausplatz 1, 67454 Haßloch",,,way/89233280,Rathaus Haßloch,8.5
DE-G-07334007,Germersheim,gemeinde,Rheinland-Pfalz,"Kolpingplatz 3, 76726 Germersheim",,,node/4714869852,Stadtverwaltung Germersheim,8.5
DE-G-07334501,Wörth am Rhein,gemeinde,Rheinland-Pfalz,,,,,,
DE-G-07338004,Bobenheim-Roxheim,gemeinde,Rheinland-Pfalz,"Rathausplatz 1, 67240 Bobenheim-Roxheim",+49 6239 9390,,way/180377590,Gemeindeverwaltung Bobenheim-Roxheim,8.9
DE-G-07338005,Böhl-Iggelheim,gemeinde,Rheinland-Pfalz,"Am Schwarzweiher 7, 67459 Böhl-Iggelheim",,,way/105138382,Rathaus Böhl-Iggelheim,8.4
DE-G-07338017,Limburgerhof,gemeinde,Rheinland-Pfalz,,,,,,
DE-G-07338019,Mutterstadt,gemeinde,Rheinland-Pfalz,"Oggersheimer Straße 10, 67112 Mutterstadt",,,way/94759321,Rathaus,6.5
DE-G-07338025,Schifferstadt,gemeinde,Rheinland-Pfalz,"Marktplatz 2, 67105 Schifferstadt",,,node/2360394249,Rathaus Schifferstadt,8.5
DE-G-07339005,Bingen am Rhein,gemeinde,Rheinland-Pfalz,,,,,,
DE-G-07339009,Budenheim,gemeinde,Rheinland-Pfalz,"Berliner Straße 3, 55257 Budenheim",+49 6139 299-0,info@budenheim.de,way/88119562,Gemeindeverwaltung Budenheim,8.9
DE-G-07339030,Ingelheim am Rhein,gemeinde,Rheinland-Pfalz,"Rathausplatz 1, 55263 Ingelheim am Rhein",,,way/293898723,,6.1
DE-G-08111000,Stuttgart,gemeinde,Baden-Württemberg,,,,,,
DE-G-08115003,Böblingen,gemeinde,Baden-Württemberg,"Marktplatz 16, 71032 Böblingen",,,relation/9475043,Rathaus,6.5
DE-G-08115028,Leonberg,gemeinde,Baden-Württemberg,"Belforter Platz 1, 71229 Leonberg",,,way/18969151,Neues Rathaus,6.5
DE-G-08115029,Magstadt,gemeinde,Baden-Württemberg,"Marktplatz 1, 71106 Magstadt",,,way/26097110,Rathaus Magstadt,8.5
DE-G-08115041,Renningen,gemeinde,Baden-Württemberg,"Hauptstraße 1, 71272 Renningen",,,way/51461351,Rathaus Renningen,8.5
DE-G-08115042,Rutesheim,gemeinde,Baden-Württemberg,"Leonberger Straße 15, 71277 Rutesheim",,,way/18824647,Rathaus,6.5
DE-G-08115044,Schönaich,gemeinde,Baden-Württemberg,"Bühlstraße 10, 71101 Schönaich",+49 7031 639-0,,way/24456935,Rathaus Schönaich,9.0
DE-G-08115045,Sindelfingen,gemeinde,Baden-Württemberg,,,,,,
DE-G-08115050,Weil der Stadt,gemeinde,Baden-Württemberg,"Marktplatz 4, 71263 Weil der Stadt",,,way/35553906,Rathaus Weil der Stadt,8.5
DE-G-08115051,Weil im Schönbuch,gemeinde,Baden-Württemberg,"Marktplatz 3, 71093 Weil im Schönbuch",,,node/6589340186,Rathaus Weil im Schönbuch,8.5
DE-G-08115052,Weissach,gemeinde,Baden-Württemberg,"Rathausstraße 7, 71287 Weissach",,,way/217495260,Rathaus,6.3
DE-G-08115001,Aidlingen,gemeinde,Baden-Württemberg,"Hauptstraße 6, 71134 Aidlingen",,,way/185716020,Gemeinde Aidlingen,8.5
DE-G-08115054,Grafenau,gemeinde,Baden-Württemberg,"Hofstetten 12, 71120 Grafenau",+49 7033 403-0,info@grafenau.kdrs.de,way/60416218,Rathaus Grafenau,8.9
DE-G-08115013,Ehningen,gemeinde,Baden-Württemberg,"Königstraße 29, 71139 Ehningen",,,way/132528007,Rathaus,6.5
DE-G-08115015,Gärtringen,gemeinde,Baden-Württemberg,"Rohrweg 2, 71116 Gärtringen",,,way/28952452,Rathaus Gärtringen,8.5
DE-G-08115010,Deckenpfronn,gemeinde,Baden-Württemberg,"Marktplatz 1, 75392 Deckenpfronn",,,way/29509174,Rathaus,6.5
DE-G-08115021,Herrenberg,gemeinde,Baden-Württemberg,"Marktplatz 5, 71083 Herrenberg",,,way/51557001,Rathaus,6.5
DE-G-08115037,Nufringen,gemeinde,Baden-Württemberg,"Hauptstraße 28, 71154 Nufringen",,,node/349269138,Rathaus,6.5
DE-G-08115002,Altdorf,gemeinde,Baden-Württemberg,"Kirchplatz 5, 71155 Altdorf",,,way/27292357,Rathaus,6.5
DE-G-08115022,Hildrizhausen,gemeinde,Baden-Württemberg,"Herrenberger Straße 13, 71157 Hildrizhausen",,,way/123125111,Rathaus,6.5
DE-G-08115024,Holzgerlingen,gemeinde,Baden-Württemberg,"Böblinger Straße 5, 71088 Holzgerlingen",,,way/69316950,Rathaus,6.5
DE-G-08115004,Bondorf,gemeinde,Baden-Württemberg,"Hindenburgstraße 33, 71149 Bondorf",,,way/26004481,Rathaus,6.5
DE-G-08115016,Gäufelden,gemeinde,Baden-Württemberg,"Rathausplatz 1, 71126 Gäufelden",,,node/415719499,Rathaus Gäufelden,8.5
DE-G-08115034,Mötzingen,gemeinde,Baden-Württemberg,"Schlossgartenstraße 1, 71159 Mötzingen",+49 7452 88810,,node/4657860189,Gemeindeverwaltung Mötzingen,9.0
DE-G-08115053,Jettingen,gemeinde,Baden-Württemberg,"Albstraße 2, 71131 Jettingen",,,way/109470225,Gemeindeverwaltung Jettingen,8.4
DE-G-08115046,Steinenbronn,gemeinde,Baden-Württemberg,"Stuttgarter Straße 5, 71144 Steinenbronn",,,way/511857019,Rathaus Gemeinde Steinenbronn,8.5
DE-G-08115048,Waldenbuch,gemeinde,Baden-Württemberg,,,,,,
DE-G-08116015,Denkendorf,gemeinde,Baden-Württemberg,"Furtstraße 1, 73770 Denkendorf",+49 711 3416800,,way/259032789,Rathaus Denkendorf,9.0
DE-G-08116019,Esslingen am Neckar,gemeinde,Baden-Württemberg,"Rathausplatz 2, 73728 Esslingen am Neckar",,,way/31826203,Neues Rathaus,6.5
DE-G-08116047,Neuhausen auf den Fildern,gemeinde,Baden-Württemberg,,,,,,
DE-G-08116072,Wernau (Neckar),gemeinde,Baden-Württemberg,"Kirchheimer Straße 68, 73249 Wernau (Neckar)",,,node/8882500186,Stadtverwaltung Wernau,8.5
DE-G-08116076,Aichwald,gemeinde,Baden-Württemberg,"Seestraße 8, 73773 Aichwald",,,node/307677470,Gemeindeverwaltung Aichwald,8.5
DE-G-08116077,Filderstadt,gemeinde,Baden-Württemberg,"Aicher Straße 9, 70794 Filderstadt",,,node/7780908153,Stadtverwaltung Filderstadt,8.5
DE-G-08116078,Leinfelden-Echterdingen,gemeinde,Baden-Württemberg,,,,,,
DE-G-08116080,Ostfildern,gemeinde,Baden-Württemberg,"Klosterhof 10, 73760 Ostfildern",,,way/206645352,Stadtverwaltung Ostfildern,8.5
DE-G-08116081,Aichtal,gemeinde,Baden-Württemberg,"Waldenbucher Straße 30, 72631 Aichtal",,,way/63840773,Stadtverwaltung Aichtal,8.5
DE-G-08116016,Dettingen unter Teck,gemeinde,Baden-Württemberg,,,,,,
DE-G-08116033,Kirchheim unter Teck,gemeinde,Baden-Württemberg,,,,,,
DE-G-08116048,Notzingen,gemeinde,Baden-Württemberg,"Bachstraße 50, 73274 Notzingen",,,way/233372626,Rathaus Notzingen,8.5
DE-G-08116018,Erkenbrechtsweiler,gemeinde,Baden-Württemberg,"Uracher Straße 2, 73268 Erkenbrechtsweiler",,,way/384627036,Rathaus,6.5
DE-G-08116054,Owen,gemeinde,Baden-Württemberg,"Rathausgasse 8, 73277 Owen",,,node/371667045,Stadtverwaltung Owen,8.5
DE-G-08116079,Lenningen,gemeinde,Baden-Württemberg,"Marktplatz 1, 73252 Lenningen",,,way/451514039,Gemeindeverwaltung Lenningen,8.5
DE-G-08116005,Altdorf,gemeinde,Baden-Württemberg,"Spitalhof 1, 72655 Altdorf",+49712793970,rathaus@altdorf-es.de,way/49843603,Gemeindeverwaltung,7.0
DE-G-08116006,Altenriet,gemeinde,Baden-Württemberg,"Brunnenstraße 5, 72657 Altenriet",,,way/145316499,Rathaus,6.5
DE-G-08116008,Bempflingen,gemeinde,Baden-Württemberg,"Metzinger Straße 3, 72658 Bempflingen",,,way/372610235,Rathaus,6.5
DE-G-08116041,Neckartailfingen,gemeinde,Baden-Württemberg,"Nürtinger Straße 4, 72666 Neckartailfingen",+49 7127 18080,,way/309140358,Rathaus,7.0
DE-G-08116042,Neckartenzlingen,gemeinde,Baden-Württemberg,"Planstraße 9, 72654 Neckartenzlingen",,,way/244566782,Neues Rathaus,6.5
DE-G-08116063,Schlaitdorf,gemeinde,Baden-Württemberg,"Hauptstraße 32, 72667 Schlaitdorf",,,way/263617346,"Rathaus Schlaitdorf, Gemeindeverwaltung",8.5
DE-G-08116011,Beuren,gemeinde,Baden-Württemberg,"Linsenhofer Straße 2, 72660",,,node/1496232868,Rathaus Gemeinde Beuren,5.5
DE-G-08116036,Kohlberg,gemeinde,Baden-Württemberg,,,,,,
DE-G-08116046,Neuffen,gemeinde,Baden-Württemberg,"Hauptstraße 19, 72639",,,way/200404421,Rathaus Neuffen,5.5
DE-G-08116020,Frickenhausen,gemeinde,Baden-Württemberg,"Mittlere Straße 18, 72636 Frickenhausen",,,way/31356851,Rathaus,6.5
DE-G-08116022,Großbettlingen,gemeinde,Baden-Württemberg,"Schweizerhof 2, 72663 Großbettlingen",,,way/175492764,Rathaus,6.5
DE-G-08116049,Nürtingen,gemeinde,Baden-Württemberg,"Marktstraße 7, 72622 Nürtingen",,,node/390063012,Rathaus Stadt Nürtingen,8.5
DE-G-08116050,Oberboihingen,gemeinde,Baden-Württemberg,"Rathausgasse 3, 72644 Oberboihingen",+49 7022 6000-0,,way/236298290,Rathaus Oberboihingen,9.0
DE-G-08116068,Unterensingen,gemeinde,Baden-Württemberg,,,,,,
DE-G-08116073,Wolfschlugen,gemeinde,Baden-Württemberg,"Kirchstraße 19, 72649 Wolfschlugen",,,node/286613353,Rathaus Wolfschlugen,8.5
DE-G-08116004,Altbach,gemeinde,Baden-Württemberg,"Esslinger Straße 65, 73776 Altbach",,,way/590329039,Rathaus Altbach,8.5
DE-G-08116014,Deizisau,gemeinde,Baden-Württemberg,,,,,,
DE-G-08116056,Plochingen,gemeinde,Baden-Württemberg,"Schulstraße 7, 73207 Plochingen",+49715370050,,way/254545178,Rathaus,7.0
DE-G-08116007,Baltmannsweiler,gemeinde,Baden-Württemberg,,,,,,
DE-G-08116027,Hochdorf,gemeinde,Baden-Württemberg,"Kirchheimer Straße 53, 73269 Hochdorf",,,node/330559335,Rathaus Hochdorf,8.5
DE-G-08116037,Lichtenwald,gemeinde,Baden-Württemberg,"Hauptstraße 34, 73669 Lichtenwald",,,way/326128223,Gemeindeverwaltung Lichtenwald,8.5
DE-G-08116058,Reichenbach an der Fils,gemeinde,Baden-Württemberg,,,,,,
DE-G-08116012,Bissingen an der Teck,gemeinde,Baden-Württemberg,"Vordere Straße 45, 73266 Bissingen an der Teck",+49 7023 90000-0,,way/29998244,Neues Rathaus,7.0
DE-G-08116029,Holzmaden,gemeinde,Baden-Württemberg,"Bahnhofstraße 2, 73271 Holzmaden",,,way/257038489,Rathaus Holzmaden,8.5
DE-G-08116043,Neidlingen,gemeinde,Baden-Württemberg,"Kelterstraße 1, 73272 Neidlingen",,,way/243423282,Rathaus Neidlingen mit historischer Rathausuhr,4.5
DE-G-08116053,Ohmden,gemeinde,Baden-Württemberg,"Hauptstraße 18, 73275 Ohmden",,,way/68706263,Rathaus Ohmden,8.5
DE-G-08116070,Weilheim an der Teck,gemeinde,Baden-Württemberg,"Marktplatz 6, 73235 Weilheim an der Teck",,,way/433826811,Rathaus Weilheim an der Teck,8.5
DE-G-08116035,Köngen,gemeinde,Baden-Württemberg,"Stöfflerplatz 1, 73257 Köngen",+49 7024 8007-0,,way/98426437,Rathaus Köngen,9.0
DE-G-08116071,Wendlingen am Neckar,gemeinde,Baden-Württemberg,,,,,,
DE-G-08117010,Böhmenkirch,gemeinde,Baden-Württemberg,"Hauptstraße 100, 89558 Böhmenkirch",,,way/423880880,,6.5
DE-G-08117006,Bad Ditzenbach,gemeinde,Baden-Württemberg,"Hauptstraße 40, 73342 Bad Ditzenbach",,,node/13194678123,Gemeindeverwaltung Bad Ditzenbach,8.5
DE-G-08117014,Deggingen,gemeinde,Baden-Württemberg,"Bahnhofstraße 9, 73326 Deggingen",,,node/2511443575,Rathaus Deggingen,8.5
DE-G-08117018,Ebersbach an der Fils,gemeinde,Baden-Württemberg,,,,,,
DE-G-08117044,Schlierbach,gemeinde,Baden-Württemberg,"Hölzerstraße 1, 73278 Schlierbach",,,way/244210877,,6.5
DE-G-08117019,Eislingen/Fils,gemeinde,Baden-Württemberg,,,,,,
DE-G-08117037,Ottenbach,gemeinde,Baden-Württemberg,,,,,,
DE-G-08117042,Salach,gemeinde,Baden-Württemberg,"Rathausplatz 1, 73084 Salach",+49 7162 40080,,way/26843496,Rathaus,7.0
DE-G-08117007,Bad Überkingen,gemeinde,Baden-Württemberg,,,,,,
DE-G-08117024,Geislingen an der Steige,gemeinde,Baden-Württemberg,"Hauptstraße 1, 73312 Geislingen an der Steige",,,way/161122589,Rathaus,6.4
DE-G-08117033,Kuchen,gemeinde,Baden-Württemberg,"Marktplatz 11, 73329 Kuchen",,,way/334257967,Rathaus,6.5
DE-G-08117026,Göppingen,gemeinde,Baden-Württemberg,"Hauptstraße 1, 73033 Göppingen",,,node/94190766,Rathaus,6.5
DE-G-08117043,Schlat,gemeinde,Baden-Württemberg,"Hauptstraße 2, 73114 Schlat",,,way/419017428,,6.5
DE-G-08117053,Wäschenbeuren,gemeinde,Baden-Württemberg,"Manfred-Wörner-Platz 1, 73116 Wäschenbeuren",,,way/225136796,Rathaus Wäschenbeuren,8.5
DE-G-08117055,Wangen,gemeinde,Baden-Württemberg,"Pfarrberg 2, 73117 Wangen",,,way/303078925,Rathaus Wangen,8.4
DE-G-08117015,Donzdorf,gemeinde,Baden-Württemberg,,,,,,
DE-G-08117025,Gingen an der Fils,gemeinde,Baden-Württemberg,"Bahnhofstraße 25, 73333 Gingen an der Fils",+49 7162 9606-0,,way/102059783,Rathaus,7.0
DE-G-08117049,Süßen,gemeinde,Baden-Württemberg,"Heidenheimer Straße 30, 73079 Süßen",,,way/409989319,Rathaus,6.5
DE-G-08117061,Lauterstein,gemeinde,Baden-Württemberg,"Hauptstraße 75, 73111 Lauterstein",,,way/310299703,Stadtverwaltung Lauterstein,8.5
DE-G-08117016,Drackenstein,gemeinde,Baden-Württemberg,,,,,,
DE-G-08117028,Gruibingen,gemeinde,Baden-Württemberg,"Hauptstraße 18, 73344 Gruibingen",,,way/294793574,Rathaus Gruibingen,8.5
DE-G-08117031,Hohenstadt,gemeinde,Baden-Württemberg,"Schulstraße 9, 73345 Hohenstadt",,,way/538754106,Gemeindeverwaltung Hohenstadt,8.5
DE-G-08117035,Mühlhausen im Täle,gemeinde,Baden-Württemberg,,,,,,
DE-G-08117058,Wiesensteig,gemeinde,Baden-Württemberg,"Hauptstraße 25, 73349 Wiesensteig",,,way/163506183,Stadtverwaltung Wiesensteig,8.5
DE-G-08117001,Adelberg,gemeinde,Baden-Württemberg,"Vordere Hauptstraße 2, 73099 Adelberg",,,way/288303468,Rathaus Adelberg,8.5
DE-G-08117009,Birenbach,gemeinde,Baden-Württemberg,"Marktplatz 1, 73102 Birenbach",+49 7161 50098-0,,node/429906735,Gemeindeverwaltung Birenbach,9.0
DE-G-08117011,Börtlingen,gemeinde,Baden-Württemberg,,,,,,
DE-G-08117038,Rechberghausen,gemeinde,Baden-Württemberg,"Amtsgasse 4, 73098 Rechberghausen",,,way/37111477,Rathaus Rechberghausen,8.5
DE-G-08117002,Aichelberg,gemeinde,Baden-Württemberg,"Vorderbergstraße 2, 73101 Aichelberg",,,way/445883871,Gemeindeverwaltung Aichelberg,8.5
DE-G-08117012,Bad Boll,gemeinde,Baden-Württemberg,"Hauptstraße 94, 73087 Bad Boll",+49 7164 808-0,,way/470224867,Rathaus,7.0
DE-G-08117017,Dürnau,gemeinde,Baden-Württemberg,"Hauptstraße 16, 73105 Dürnau",,,way/699488694,,6.5
DE-G-08117023,Gammelshausen,gemeinde,Baden-Württemberg,"Hauptstraße 19, 73108 Gammelshausen",+49716494010,,way/54153676,Gemeindeverwaltung,7.0
DE-G-08117029,Hattenhofen,gemeinde,Baden-Württemberg,"Hauptstraße 45, 73110 Hattenhofen",+49 7164 91009-0,,way/340249506,Rathaus,7.0
DE-G-08117060,Zell unter Aichelberg,gemeinde,Baden-Württemberg,"Lindenstraße 1, 73119 Zell unter Aichelberg",,,way/117626678,Rathaus,6.5
DE-G-08117003,Albershausen,gemeinde,Baden-Württemberg,"Kirchstraße 1, 73095 Albershausen",+49 7161 3093-0,,way/28860436,Rathaus Albershausen,9.0
DE-G-08117051,Uhingen,gemeinde,Baden-Württemberg,"Kirchstraße 2, 73066 Uhingen",+49 7161 9380-0,,way/244178063,Rathaus Uhingen,9.0
DE-G-08117020,Eschenbach,gemeinde,Baden-Württemberg,"Lotenbergstraße 6, 73107 Eschenbach",+49 7161 94040-0,,way/478726377,Rathaus Eschenbach,8.9
DE-G-08117030,Heiningen,gemeinde,Baden-Württemberg,"Hauptstraße 30, 73092 Heiningen",+49 7161 4034-0,,way/45124013,Rathaus Heiningen,9.0
DE-G-08118003,Asperg,gemeinde,Baden-Württemberg,"Marktplatz 1, 71679 Asperg",,,way/106341835,Rathaus Asperg,8.5
DE-G-08118011,Ditzingen,gemeinde,Baden-Württemberg,"Am Laien 1, 71254 Ditzingen",,,way/42392965,Rathaus,6.5
DE-G-08118019,Gerlingen,gemeinde,Baden-Württemberg,"Rathausplatz 1, 70839 Gerlingen",+49 7156 2050,,way/22718133,Rathaus,7.0
DE-G-08118021,Großbottwar,gemeinde,Baden-Württemberg,"Marktplatz 1, 71723 Großbottwar",,,way/117634501,Rathaus Großbottwar,8.5
DE-G-08118046,Kornwestheim,gemeinde,Baden-Württemberg,,,,,,
DE-G-08118048,Ludwigsburg,gemeinde,Baden-Württemberg,"Wilhelmstraße 11, 71638 Ludwigsburg",,,way/137770279,Rathaus,6.5
DE-G-08118050,Markgröningen,gemeinde,Baden-Württemberg,"Marktplatz 1, 71706 Markgröningen",+49 7145 130,,way/91899054,Rathaus Markgröningen,9.0
DE-G-08118051,Möglingen,gemeinde,Baden-Württemberg,"Rathausplatz 3, 71696 Möglingen",,,way/181259597,Rathaus Möglingen,8.5
DE-G-08118060,Oberstenfeld,gemeinde,Baden-Württemberg,"Großbottwarer Straße 20, 71720 Oberstenfeld",,,way/443099700,Rathaus,6.5
DE-G-08118076,Sachsenheim,gemeinde,Baden-Württemberg,"Äußerer Schloßhof 5, 74343 Sachsenheim",,,node/10718366540,Stadtverwaltung Sachsenheim,8.5
DE-G-08118080,Korntal-Münchingen,gemeinde,Baden-Württemberg,"Saalplatz 4, 70825 Korntal-Münchingen",,,node/132846993,Stadtverwaltung Korntal-Münchingen,8.4
DE-G-08118081,Remseck am Neckar,gemeinde,Baden-Württemberg,"Marktplatz 1, 71686 Remseck am Neckar",+49714628090,info@remseck.de,way/821385524,Rathaus Remseck am Neckar,9.0
DE-G-08118007,Besigheim,gemeinde,Baden-Württemberg,"Marktplatz 12, 74354 Besigheim",,,way/151514638,Rathaus Besigheim,8.5
DE-G-08118016,Freudental,gemeinde,Baden-Württemberg,"Schlossplatz 1, 74392 Freudental",,,way/205618358,Rathaus Freudental,8.5
DE-G-08118018,Gemmrigheim,gemeinde,Baden-Württemberg,"Ottmarsheimer Straße 1, 74376 Gemmrigheim",,,way/315288360,Rathaus Gemmrigheim,8.5
DE-G-08118028,Hessigheim,gemeinde,Baden-Württemberg,"Besigheimer Straße 17, 74394 Hessigheim",,,way/307143694,,6.5
DE-G-08118047,Löchgau,gemeinde,Baden-Württemberg,"Hauptstraße 49, 74369 Löchgau",,,way/290109540,Rathaus,6.5
DE-G-08118053,Mundelsheim,gemeinde,Baden-Württemberg,"Rathausgasse 1, 74395 Mundelsheim",,,way/253860058,Bürgermeisteramt Mundelsheim,8.5
DE-G-08118074,Walheim,gemeinde,Baden-Württemberg,"Hauptstraße 68, 74399 Walheim",,,way/33301829,Rathaus,6.5
DE-G-08118071,Tamm,gemeinde,Baden-Württemberg,"Hauptstraße 100, 71732 Tamm",,,way/224083581,Rathaus,6.5
DE-G-08118077,Ingersheim,gemeinde,Baden-Württemberg,"Hindenburgplatz 10, 74379 Ingersheim",,,way/285821692,Rathaus,6.5
DE-G-08118079,Bietigheim-Bissingen,gemeinde,Baden-Württemberg,"Marktplatz 8, 74321 Bietigheim-Bissingen",,,way/130512487,Rathaus Bietigheim-Bissingen,8.4
DE-G-08118010,Bönnigheim,gemeinde,Baden-Württemberg,"Kirchheimer Straße 1, 74357 Bönnigheim",,,way/51878622,Rathaus Bönnigheim,8.5
DE-G-08118015,Erligheim,gemeinde,Baden-Württemberg,"Rathausstraße 7, 74391 Erligheim",,,way/162610778,Rathaus Erligheim,8.5
DE-G-08118040,Kirchheim am Neckar,gemeinde,Baden-Württemberg,"Hauptstraße 78, 74366 Kirchheim am Neckar",+49 7143 8955 0,info@kirchheim-n.de,way/299738030,,7.0
DE-G-08118063,Pleidelsheim,gemeinde,Baden-Württemberg,"Marbacher Straße 5, 74385 Pleidelsheim",,,way/268207740,Rathaus Pleidelsheim,8.5
DE-G-08118078,Freiberg am Neckar,gemeinde,Baden-Württemberg,,,,,,
DE-G-08118001,Affalterbach,gemeinde,Baden-Württemberg,"Marbacher Straße 21, 71563 Affalterbach",,,way/293400243,Rathaus,6.5
DE-G-08118006,Benningen am Neckar,gemeinde,Baden-Württemberg,"Studionstraße 10, 71726 Benningen am Neckar",,,way/197444421,Rathaus,6.5
DE-G-08118014,Erdmannhausen,gemeinde,Baden-Württemberg,,,,,,
DE-G-08118049,Marbach am Neckar,gemeinde,Baden-Württemberg,"Marktstraße 23, 71672 Marbach am Neckar",,,way/273369663,Rathaus,6.5
DE-G-08118027,Hemmingen,gemeinde,Baden-Württemberg,"Schloss 1, 71282 Hemmingen",,,way/47255468,Schloss Hemmingen,8.5
DE-G-08118067,Schwieberdingen,gemeinde,Baden-Württemberg,"Schlosshof 1, 71701 Schwieberdingen",,,way/31015339,Rathaus Schwieberdingen,8.5
DE-G-08118054,Murr,gemeinde,Baden-Württemberg,"Marktstraße 29, 71711 Steinheim an der Murr",,,way/113840302,Rathaus,6.4
DE-G-08118070,Steinheim an der Murr,gemeinde,Baden-Württemberg,"Marktstraße 29, 71711 Steinheim an der Murr",,,way/113840302,Rathaus,6.5
DE-G-08118012,Eberdingen,gemeinde,Baden-Württemberg,"Stuttgarter Straße 34, 71735 Eberdingen",,,way/98957003,Rathaus Eberdingen,8.5
DE-G-08118059,Oberriexingen,gemeinde,Baden-Württemberg,"Hauptstraße 14, 71739 Oberriexingen",+49 7042 9090,rathaus@oberriexingen.de,node/332117789,Rathaus Oberriexingen,9.0
DE-G-08118068,Sersheim,gemeinde,Baden-Württemberg,,,,,,
DE-G-08118073,Vaihingen an der Enz,gemeinde,Baden-Württemberg,,,,,,
DE-G-08119001,Alfdorf,gemeinde,Baden-Württemberg,"Obere Schloßstraße 28, 73553 Alfdorf",,,node/8882810050,Rathaus Alfdorf,8.5
DE-G-08119020,Fellbach,gemeinde,Baden-Württemberg,"Marktplatz 1, 70734 Fellbach",+49 711 5851-0,,node/2616935628,Rathaus Fellbach,9.0
DE-G-08119041,Korb,gemeinde,Baden-Württemberg,"J.-F.-Weishaar-Straße 7, 71404 Korb",+4971519334-0,gemeinde@korb.de,way/168735829,Rathaus Korb,9.0
DE-G-08119044,Murrhardt,gemeinde,Baden-Württemberg,"Marktplatz 10, 71540 Murrhardt",,,way/17508649,Rathaus Murrhardt,8.5
DE-G-08119061,Rudersberg,gemeinde,Baden-Württemberg,"Backnanger Straße 26, 73635 Rudersberg",,,way/186123040,Rathaus,6.5
DE-G-08119079,Waiblingen,gemeinde,Baden-Württemberg,"Kurze Straße 33, 71332 Waiblingen",,,way/26611078,Rathaus Waiblingen,8.5
DE-G-08119089,Berglen,gemeinde,Baden-Württemberg,,,,,,
DE-G-08119090,Remshalden,gemeinde,Baden-Württemberg,"Marktplatz 1, 73630 Remshalden",,,way/208182829,Rathaus Remshalden,8.5
DE-G-08119091,Weinstadt,gemeinde,Baden-Württemberg,"Hauptstraße 1, 71384 Weinstadt",,,way/203896072,Rathaus,6.2
DE-G-08119093,Kernen im Remstal,gemeinde,Baden-Württemberg,"Stettener Straße 12, 71394 Kernen im Remstal",,,way/12660899,Rathaus der Gemeinde Kernen im Remstal,8.5
DE-G-08119003,Allmersbach im Tal,gemeinde,Baden-Württemberg,"Backnanger Straße 42, 71573 Allmersbach im Tal",,,way/270041288,Rathaus Allmersbach im Tal,8.5
DE-G-08119004,Althütte,gemeinde,Baden-Württemberg,"Rathausplatz 1, 71566 Althütte",,,node/3687928438,Rathaus Althütte,8.4
DE-G-08119006,Auenwald,gemeinde,Baden-Württemberg,"Lippoldsweiler Straße 15, 71549 Auenwald",,,way/201242150,Bürgermeisteramt Auenwald,8.5
DE-G-08119008,Backnang,gemeinde,Baden-Württemberg,"Am Rathaus 1, 71522 Backnang",,,way/61434737,Rathaus Backnang,8.5
DE-G-08119018,Burgstetten,gemeinde,Baden-Württemberg,"Rathausstraße 18, 71576 Burgstetten",,,way/124324616,Bürgermeisteramt Burgstetten,8.5
DE-G-08119038,Kirchberg an der Murr,gemeinde,Baden-Württemberg,"Kirchplatz 2, 71737 Kirchberg an der Murr",+49 7144 83750,,way/141821536,Rathaus,7.0
DE-G-08119053,Oppenweiler,gemeinde,Baden-Württemberg,"Schloßstraße 12, 71570 Oppenweiler",,,node/7222681893,Gemeindeverwaltung Oppenweiler,8.5
DE-G-08119083,Weissach im Tal,gemeinde,Baden-Württemberg,"Kirchberg 2, 71554 Weissach im Tal",,,way/279088506,Rathaus Weissach im Tal,8.5
DE-G-08119087,Aspach,gemeinde,Baden-Württemberg,"Backnanger Straße 9, 71546 Aspach",,,way/141812524,Rathaus Aspach,8.5
DE-G-08119055,Plüderhausen,gemeinde,Baden-Württemberg,"Am Marktplatz 11, 73655 Plüderhausen",,,way/222338261,Rathaus,6.5
DE-G-08119076,Urbach,gemeinde,Baden-Württemberg,"Konrad-Hornschuch-Straße 12, 73660 Urbach",,,way/30821500,Bürgermeisteramt Urbach,8.5
DE-G-08119067,Schorndorf,gemeinde,Baden-Württemberg,"Marktplatz 1, 73614 Schorndorf",,,way/72368977,Stadtverwaltung Schorndorf,8.5
DE-G-08119086,Winterbach,gemeinde,Baden-Württemberg,"Marktplatz 2, 73650 Winterbach",,,way/156846828,Rathaus,6.5
DE-G-08119024,Großerlach,gemeinde,Baden-Württemberg,,,,,,
DE-G-08119069,Spiegelberg,gemeinde,Baden-Württemberg,"Sulzbacher Straße 7, 71579 Spiegelberg",,,way/145765526,Rathaus Spiegelberg,8.5
DE-G-08119075,Sulzbach an der Murr,gemeinde,Baden-Württemberg,"Bahnhofstraße 3, 71560 Sulzbach an der Murr",+49 7193 51-0,bma@sulzbach-murr.de,way/24257957,Rathaus,7.0
DE-G-08119037,Kaisersbach,gemeinde,Baden-Württemberg,"Dorfstraße 5, 73667 Kaisersbach",,,way/139420610,Rathaus Kaisersbach,8.5
DE-G-08119084,Welzheim,gemeinde,Baden-Württemberg,"Kirchplatz 3, 73642 Welzheim",,,way/466920000,Rathaus Welzheim,8.5
DE-G-08119042,Leutenbach,gemeinde,Baden-Württemberg,"Rathausplatz 1, 71397 Leutenbach",,,way/125007508,Rathaus Leutenbach,8.5
DE-G-08119068,Schwaikheim,gemeinde,Baden-Württemberg,"Marktplatz 4, 71409 Schwaikheim",,,way/203764572,Rathaus Schwaikheim,8.5
DE-G-08119085,Winnenden,gemeinde,Baden-Württemberg,"Torstraße 10, 71364 Winnenden",+49 7195 130,,way/121769928,Rathaus,7.0
DE-G-08121000,Heilbronn,gemeinde,Baden-Württemberg,"Marktplatz 7, 74072 Heilbronn",,,relation/4111683,Rathaus Heilbronn,8.5
DE-G-08125007,Bad Wimpfen,gemeinde,Baden-Württemberg,"Marktplatz 1, 74206 Bad Wimpfen",,,way/177942280,Rathaus,6.5
DE-G-08125039,Gundelsheim,gemeinde,Baden-Württemberg,"Tiefenbacher Straße 16, 74831 Gundelsheim",,,way/167079144,Rathaus,6.5
DE-G-08125058,Leingarten,gemeinde,Baden-Württemberg,"Heilbronner Straße 38, 74211 Leingarten",,,way/99272785,Rathaus,6.5
DE-G-08125068,Neudenau,gemeinde,Baden-Württemberg,"Hauptstraße 27, 74861 Neudenau",,,way/369857374,Stadtverwaltung Neudenau,8.5
DE-G-08125107,Wüstenrot,gemeinde,Baden-Württemberg,"Eichwaldstraße 19, 71543 Wüstenrot",,,way/109424889,Rathaus Wüstenrot,8.3
DE-G-08125005,Bad Friedrichshall,gemeinde,Baden-Württemberg,"Rathausplatz 1, 74177 Bad Friedrichshall",,,way/93490610,Rathaus,6.5
DE-G-08125078,Oedheim,gemeinde,Baden-Württemberg,,,,,,
DE-G-08125079,Offenau,gemeinde,Baden-Württemberg,"Jagstfelder Straße 1, 74254 Offenau",,,way/51081654,Rathaus,6.5
DE-G-08125006,Bad Rappenau,gemeinde,Baden-Württemberg,"Kirchplatz 4, 74906 Bad Rappenau",+4972649220,,way/142429359,Rathaus Bad Rappenau,9.0
DE-G-08125049,Kirchardt,gemeinde,Baden-Württemberg,"Goethestraße 5, 74912 Kirchardt",,,way/46916583,,6.5
DE-G-08125087,Siegelsbach,gemeinde,Baden-Württemberg,,,,,,
DE-G-08125013,Brackenheim,gemeinde,Baden-Württemberg,"Marktplatz 1, 74336 Brackenheim",,,way/95997576,Rathaus,6.5
DE-G-08125017,Cleebronn,gemeinde,Baden-Württemberg,"Keltergasse 2, 74389 Cleebronn",,,node/4607478575,Rathaus,6.5
DE-G-08125026,Eppingen,gemeinde,Baden-Württemberg,"Marktplatz 1, 75031 Eppingen",+49 7262 920-0,,way/225948233,Rathaus Eppingen,9.0
DE-G-08125034,Gemmingen,gemeinde,Baden-Württemberg,"Hausener Straße 1, 75050 Gemmingen",,,way/37585427,Rathaus,6.5
DE-G-08125047,Ittlingen,gemeinde,Baden-Württemberg,"Hauptstraße 101, 74930 Ittlingen",,,way/224294912,Rathaus Ittlingen,8.5
DE-G-08125030,Flein,gemeinde,Baden-Württemberg,"Kellergasse 1, 74223 Flein",,,way/216964442,Rathaus Flein,8.5
DE-G-08125094,Talheim,gemeinde,Baden-Württemberg,,,,,,
DE-G-08125056,Lauffen am Neckar,gemeinde,Baden-Württemberg,,,,,,
DE-G-08125066,Neckarwestheim,gemeinde,Baden-Württemberg,"Marktplatz 1, 74382 Neckarwestheim",+4971331840,,way/222148080,Rathaus Neckarwestheim,9.0
DE-G-08125074,Nordheim,gemeinde,Baden-Württemberg,"Hauptstraße 26, 74226 Nordheim",,,way/69747683,Rathaus,6.5
DE-G-08125048,Jagsthausen,gemeinde,Baden-Württemberg,"Hauptstraße 3, 74249 Jagsthausen",+49 7943 91010,,way/405814319,Rathaus Jagsthausen,9.0
DE-G-08125063,Möckmühl,gemeinde,Baden-Württemberg,"Hauptstraße 23, 74219 Möckmühl",,,way/29374056,Rathaus,6.5
DE-G-08125084,Roigheim,gemeinde,Baden-Württemberg,"Hauptstraße 20, 74255 Roigheim",,,way/229940220,Rathaus,6.5
DE-G-08125103,Widdern,gemeinde,Baden-Württemberg,"Hauptstraße 38, 74259 Widdern",,,way/280009859,Rathaus,6.5
DE-G-08125027,Erlenbach,gemeinde,Baden-Württemberg,"Klingenstraße 2, 74235 Erlenbach",,,way/89899368,Rathaus Erlenbach,8.5
DE-G-08125065,Neckarsulm,gemeinde,Baden-Württemberg,"Marktstraße 18, 74172 Neckarsulm",,,way/44154716,Rathaus (Gebäude A und B),6.5
DE-G-08125096,Untereisesheim,gemeinde,Baden-Württemberg,"Rathausstraße 1, 74257 Untereisesheim",,,way/93902365,Rathaus,6.5
DE-G-08125069,Neuenstadt am Kocher,gemeinde,Baden-Württemberg,"Hauptstraße 50, 74196 Neuenstadt am Kocher",,,way/198073795,,6.5
DE-G-08125111,Hardthausen am Kocher,gemeinde,Baden-Württemberg,,,,,,
DE-G-08125113,Langenbrettach,gemeinde,Baden-Württemberg,"Rathausstraße 1, 74243 Langenbrettach",,,way/516470280,Gemeindeverwaltung Langenbrettach,8.5
DE-G-08125038,Güglingen,gemeinde,Baden-Württemberg,"Marktstraße 19, 74363 Güglingen",,,way/222396311,Rathaus Güglingen,8.5
DE-G-08125081,Pfaffenhofen,gemeinde,Baden-Württemberg,"Rodbachstraße 15, 74397 Pfaffenhofen",,,way/209572182,Rathaus Pfaffenhofen,8.5
DE-G-08125108,Zaberfeld,gemeinde,Baden-Württemberg,"Schlossberg 5, 74374 Zaberfeld",,,way/141318491,Rathaus,6.5
DE-G-08125059,Löwenstein,gemeinde,Baden-Württemberg,"Maybachstraße 32, 74245 Löwenstein",+49 7130 220,,way/220257017,Rathaus Löwenstein,9.0
DE-G-08125110,Obersulm,gemeinde,Baden-Württemberg,"Bernhardstraße 1, 74182 Obersulm",,,way/121114871,Gemeindeverwaltung Obersulm,8.4
DE-G-08125001,Abstatt,gemeinde,Baden-Württemberg,"Rathausstraße 30, 74232 Abstatt",,,way/31324678,Rathaus,6.5
DE-G-08125008,Beilstein,gemeinde,Baden-Württemberg,"Hauptstraße 19, 71717 Beilstein",,,way/36789417,Rathaus Beilstein,8.5
DE-G-08125046,Ilsfeld,gemeinde,Baden-Württemberg,"Rathausstraße 8, 74360 Ilsfeld",+49 7062 9042-0,gemeinde@ilsfeld.de,way/55147782,Rathaus Ilsfeld,9.0
DE-G-08125098,Untergruppenbach,gemeinde,Baden-Württemberg,"Kirchstraße 2, 74199 Untergruppenbach",,,way/144414074,Rathaus Untergruppenbach,8.5
DE-G-08125061,Massenbachhausen,gemeinde,Baden-Württemberg,"Heilbronner Straße 54, 74252 Massenbachhausen",,,way/92861206,Rathaus,6.5
DE-G-08125086,Schwaigern,gemeinde,Baden-Württemberg,"Marktstraße 2, 74193 Schwaigern",+49 7138 210,,way/581244006,Stadtverwaltung Schwaigern,9.0
DE-G-08125021,Eberstadt,gemeinde,Baden-Württemberg,,,,,,
DE-G-08125024,Ellhofen,gemeinde,Baden-Württemberg,,,,,,
DE-G-08125057,Lehrensteinsfeld,gemeinde,Baden-Württemberg,"Ellhofener Straße 2, 74251 Lehrensteinsfeld",,,way/212104413,Rathaus,6.5
DE-G-08125102,Weinsberg,gemeinde,Baden-Württemberg,"Marktplatz 11, 74189 Weinsberg",,stadt@weinsberg.de,way/101817405,Rathaus,6.5
DE-G-08126011,Bretzfeld,gemeinde,Baden-Württemberg,,,,,,
DE-G-08126072,Schöntal,gemeinde,Baden-Württemberg,"Klosterhof 1, 74214 Schöntal",,,way/192283380,Gemeindeverwaltung Schöntal,8.3
DE-G-08126047,Kupferzell,gemeinde,Baden-Württemberg,"Marktplatz 14-16, 74635 Kupferzell",,,way/348393042,Rathaus Kupferzell,8.5
DE-G-08126058,Neuenstein,gemeinde,Baden-Württemberg,"Hintere Straße 1, 74632 Neuenstein",,,way/361545549,Neues Rathaus,6.5
DE-G-08126085,Waldenburg,gemeinde,Baden-Württemberg,"Hauptstraße 13, 74638 Waldenburg",,,way/172109208,Rathaus Waldenburg,8.5
DE-G-08126020,Dörzbach,gemeinde,Baden-Württemberg,"Marktplatz 2, 74677 Dörzbach",,,way/371272889,Rathaus Dörzbach,8.5
DE-G-08126045,Krautheim,gemeinde,Baden-Württemberg,"Burgweg 5, 74238 Krautheim",,,way/458057874,Rathaus,6.5
DE-G-08126056,Mulfingen,gemeinde,Baden-Württemberg,"Kirchweg 1, 74673 Mulfingen",,,way/373228143,Rathaus Mulfingen,8.5
DE-G-08126039,Ingelfingen,gemeinde,Baden-Württemberg,"Schloßstraße 12, 74653 Ingelfingen",,,node/11319416399,Stadtverwaltung Ingelfingen,8.5
DE-G-08126046,Künzelsau,gemeinde,Baden-Württemberg,"Stuttgarter Straße 7, 74653 Künzelsau",,,way/148770053,Rathaus Künzelsau,8.5
DE-G-08126028,Forchtenberg,gemeinde,Baden-Württemberg,"Hauptstraße 14, 74670 Forchtenberg",+49 7947 9111-0,stadt@forchtenberg.de,way/267528718,Rathaus,7.0
DE-G-08126060,Niedernhall,gemeinde,Baden-Württemberg,"Hauptstraße 30, 74676 Niedernhall",,,node/290185917,Rathaus Niedernhall,8.5
DE-G-08126086,Weißbach,gemeinde,Baden-Württemberg,,,,,,
DE-G-08126066,Öhringen,gemeinde,Baden-Württemberg,"Marktplatz 15, 74613 Öhringen",,,node/392245298,Rathaus,6.5
DE-G-08126069,Pfedelbach,gemeinde,Baden-Württemberg,"Hauptstraße 17, 74629 Pfedelbach",,,way/258956910,Rathaus Pfedelbach,8.5
DE-G-08126094,Zweiflingen,gemeinde,Baden-Württemberg,"Eichacher Straße 17, 74639 Zweiflingen",,,way/138644628,Rathaus Zweiflingen,8.5
DE-G-08127008,Blaufelden,gemeinde,Baden-Württemberg,"Hindenburgplatz 4, 74572 Blaufelden",,,way/417789761,Rathaus,6.5
DE-G-08127052,Mainhardt,gemeinde,Baden-Württemberg,"Hauptstraße 1, 74535 Mainhardt",,,way/139068618,Rathaus Mainhardt,8.4
DE-G-08127075,Schrozberg,gemeinde,Baden-Württemberg,"Schloßstraße 22, 74575 Schrozberg",,,way/435025274,,5.8
DE-G-08127009,Braunsbach,gemeinde,Baden-Württemberg,"Geislinger Straße 11, 74542 Braunsbach",+49 7906 94094-0,,way/421886710,Rathaus Braunsbach,9.0
DE-G-08127086,Untermünkheim,gemeinde,Baden-Württemberg,,,,,,
DE-G-08127014,Crailsheim,gemeinde,Baden-Württemberg,,,,,,
DE-G-08127073,Satteldorf,gemeinde,Baden-Württemberg,"Satteldorfer Hauptstraße 50, 74589 Satteldorf",,,way/179889924,Rathaus Satteldorf,8.5
DE-G-08127103,Frankenhardt,gemeinde,Baden-Württemberg,"Crailsheimer Straße 3, 74586 Frankenhardt",,,way/570463399,Rathaus Frankenhardt,8.5
DE-G-08127104,Stimpfach,gemeinde,Baden-Württemberg,"Kirchstraße 22, 74597 Stimpfach",+49 7967 90010,gemeinde@stimpfach.de,way/560494934,Rathaus Stimpfach,9.0
DE-G-08127101,Kreßberg,gemeinde,Baden-Württemberg,"Untere Hirtenstraße 34, 74594 Kreßberg",,,way/296993562,Gemeindeverwaltung Kreßberg,8.5
DE-G-08127102,Fichtenau,gemeinde,Baden-Württemberg,"Hauptstraße 2, 74579 Fichtenau",,,way/305265555,Gemeindeverwaltung Fichtenau,8.5
DE-G-08127032,Gerabronn,gemeinde,Baden-Württemberg,"Blaufeldener Straße 8, Gerabronn",,,way/329422780,Rathaus Gerabronn,5.5
DE-G-08127047,Langenburg,gemeinde,Baden-Württemberg,"Hauptstraße 15, 74595 Langenburg",,,way/437023703,Rathaus Langenburg,8.5
DE-G-08127043,Ilshofen,gemeinde,Baden-Württemberg,"Haller Straße 1, 74532 Ilshofen",,,way/96241897,Rathaus,6.5
DE-G-08127089,Vellberg,gemeinde,Baden-Württemberg,"Im Städtle 28, 74541 Vellberg",,,node/12631734353,Stadtverwaltung Vellberg,8.5
DE-G-08127099,Wolpertshausen,gemeinde,Baden-Württemberg,"Haller Straße 15, 74549 Wolpertshausen",,,way/118966466,Rathaus Wolpertshausen,8.5
DE-G-08127023,Fichtenberg,gemeinde,Baden-Württemberg,"Rathausstraße 13, 74427 Fichtenberg",+49 7971 95550,fichtenberg@fichtenberg.de,node/10951468491,Rathaus Fichtenberg,9.0
DE-G-08127025,Gaildorf,gemeinde,Baden-Württemberg,"Schloss-Straße 20, 74405 Gaildorf",,,node/1999714534,Rathaus Stadt Gaildorf,8.5
DE-G-08127062,Oberrot,gemeinde,Baden-Württemberg,"Rottalstraße 44, 74420 Oberrot",,,way/190704654,Rathaus Oberrot,8.5
DE-G-08127079,Sulzbach-Laufen,gemeinde,Baden-Württemberg,"Eisbachstraße 24, 74429 Sulzbach-Laufen",,,way/281839395,Gemeindeverwaltung Sulzbach-Laufen,8.5
DE-G-08127012,Bühlertann,gemeinde,Baden-Württemberg,"Hauptstraße 12, 74424 Bühlertann",,,way/503003980,,6.5
DE-G-08127013,Bühlerzell,gemeinde,Baden-Württemberg,"Heilberger Straße 4, 74426 Bühlerzell",,,way/491211054,,6.5
DE-G-08127063,Obersontheim,gemeinde,Baden-Württemberg,"Rathausplatz 1, 74423 Obersontheim",+49 7973 696-0,,way/31874709,Rathaus,7.0
DE-G-08127046,Kirchberg an der Jagst,gemeinde,Baden-Württemberg,,,,,,
DE-G-08127071,Rot am See,gemeinde,Baden-Württemberg,"Raiffeisenstraße 1, 74585 Rot am See",,,way/150388850,Rathaus Rot am See,8.5
DE-G-08127091,Wallhausen,gemeinde,Baden-Württemberg,"Seestraße 2, 74599 Wallhausen",,,way/144934670,,6.5
DE-G-08127056,Michelbach an der Bilz,gemeinde,Baden-Württemberg,,,,,,
DE-G-08127059,Michelfeld,gemeinde,Baden-Württemberg,"Haller Straße 35, 74545 Michelfeld",+49 791 97071 0,,way/153021494,Rathaus Michelfeld,9.0
DE-G-08127076,Schwäbisch Hall,gemeinde,Baden-Württemberg,"Am Markt 6, 74523 Schwäbisch Hall",,,way/215492000,Rathaus Schwäbisch Hall,8.5
DE-G-08127100,Rosengarten,gemeinde,Baden-Württemberg,"Hauptstraße 39, 74538 Rosengarten",+49 791 950170,gemeinde@rosengarten.de,way/383494874,Gemeindeverwaltung Rosengarten,9.0
DE-G-08128020,Creglingen,gemeinde,Baden-Württemberg,"Torstraße 2, 97993 Creglingen",,,way/508201332,Rathaus Creglingen,8.5
DE-G-08128039,Freudenberg,gemeinde,Baden-Württemberg,"Hauptstraße 152, 97896 Freudenberg",,,way/204279985,Stadt Freudenberg,8.5
DE-G-08128064,Külsheim,gemeinde,Baden-Württemberg,"Kirchbergweg 7, 97900 Külsheim",+49 9345 673-0,,node/10776517961,Stadtverwaltung Külsheim,9.0
DE-G-08128082,Niederstetten,gemeinde,Baden-Württemberg,"Albert-Sammt-Straße 1, 97996 Niederstetten",+49 7932 91020,,way/333240842,Rathaus Niederstetten,9.0
DE-G-08128126,Weikersheim,gemeinde,Baden-Württemberg,"Marktplatz 7, 97990 Weikersheim",+49 7934 1020,,way/221366412,Rathaus Weikersheim,9.0
DE-G-08128131,Wertheim,gemeinde,Baden-Württemberg,"Mühlenstraße 26, 97877 Wertheim",+49 9342 3010,stadtverwaltung@wertheim.de,way/231698607,Rathaus,7.0
DE-G-08128139,Lauda-Königshofen,gemeinde,Baden-Württemberg,"Marktplatz 1, 97922 Lauda-Königshofen",,,way/499888052,Rathaus,6.5
DE-G-08128006,Assamstadt,gemeinde,Baden-Württemberg,"Bobstadter Straße 1, 97959 Assamstadt",,,way/469631952,Rathaus,6.5
DE-G-08128007,Bad Mergentheim,gemeinde,Baden-Württemberg,"Bahnhofplatz 1, 97980 Bad Mergentheim",,,way/231080761,Rathaus,6.5
DE-G-08128058,Igersheim,gemeinde,Baden-Württemberg,"Möhlerplatz 9, 97999 Igersheim",,,node/298274509,Rathaus,6.5
DE-G-08128014,Boxberg,gemeinde,Baden-Württemberg,"Kurpfalzstraße 29, 97944 Boxberg",,,way/494219156,Rathaus,6.5
DE-G-08128138,Ahorn,gemeinde,Baden-Württemberg,"Schloßstraße 24, 74744 Ahorn",,,node/1806860323,Gemeindeverwaltung Ahorn,8.5
DE-G-08128047,Grünsfeld,gemeinde,Baden-Württemberg,"Hauptstraße 12, 97947 Grünsfeld",,,way/311551397,Rathaus,6.5
DE-G-08128137,Wittighausen,gemeinde,Baden-Württemberg,"Königstraße 17, Wittighausen",,,way/140362870,Rathaus Wittighausen,5.5
DE-G-08128045,Großrinderfeld,gemeinde,Baden-Württemberg,"Marktplatz 6, 97950 Großrinderfeld",+49 9349 92 01-0,,node/4502330413,Rathaus Großrinderfeld,9.0
DE-G-08128061,Königheim,gemeinde,Baden-Württemberg,"Kirchplatz 2, 97953 Königheim",,,way/380109858,Rathaus,6.5
DE-G-08128115,Tauberbischofsheim,gemeinde,Baden-Württemberg,"Hauptstraße 37, 97941 Tauberbischofsheim",,,way/307581445,Stadtverwaltung Tauberbischofsheim,8.5
DE-G-08128128,Werbach,gemeinde,Baden-Württemberg,,,,,,
DE-G-08135010,Dischingen,gemeinde,Baden-Württemberg,"Marktplatz 9, 89561 Dischingen",,,way/263957074,,6.5
DE-G-08135015,Gerstetten,gemeinde,Baden-Württemberg,"Wilhelmstraße 31, 89547",+49 7323 84-0,rathaus@gerstetten.de,way/387159098,Rathaus Gerstetten,6.0
DE-G-08135020,Herbrechtingen,gemeinde,Baden-Württemberg,"Hauptstraße 28, 89542 Herbrechtingen",,,way/450133099,,5.9
DE-G-08135025,Königsbronn,gemeinde,Baden-Württemberg,"Herwartstraße 2, 89551 Königsbronn",,,way/228550022,Rathaus Königsbronn,8.4
DE-G-08135032,Steinheim am Albuch,gemeinde,Baden-Württemberg,"Hauptstraße 24, 89555 Steinheim am Albuch",+49 7329 96060,,node/3703580935,Rathaus,7.0
DE-G-08135016,Giengen an der Brenz,gemeinde,Baden-Württemberg,"Marktstraße 11, 89537 Giengen an der Brenz",,,way/25652944,Rathaus,6.5
DE-G-08135021,Hermaringen,gemeinde,Baden-Württemberg,"Karlstraße 12, 89568 Hermaringen",,,way/87907065,Rathaus,6.5
DE-G-08135019,Heidenheim an der Brenz,gemeinde,Baden-Württemberg,,,,,,
DE-G-08135026,Nattheim,gemeinde,Baden-Württemberg,"Fleinheimer Straße 2, 89564 Nattheim",,,way/46933275,Rathaus Nattheim,8.5
DE-G-08135027,Niederstotzingen,gemeinde,Baden-Württemberg,"Im Städtle 26, 89168 Niederstotzingen",,,way/90360081,Stadtverwaltung Niederstotzingen,8.5
DE-G-08135031,Sontheim an der Brenz,gemeinde,Baden-Württemberg,"Brenzer Straße 25, 89567 Sontheim an der Brenz",,,way/122545872,Rathaus,6.5
DE-G-08136002,Abtsgmünd,gemeinde,Baden-Württemberg,"Rathausplatz 1, 73453 Abtsgmünd",,,way/156790715,Rathaus Abtsgmünd,8.5
DE-G-08136027,Gschwend,gemeinde,Baden-Württemberg,"Gmünder Straße 2, 74417 Gschwend",,,way/191367015,Rathaus Gschwend,8.5
DE-G-08136042,Lorch,gemeinde,Baden-Württemberg,,,,,,
DE-G-08136045,Neresheim,gemeinde,Baden-Württemberg,"Hauptstraße 20, 73450 Neresheim",,,way/112702984,Stadtverwaltung Neresheim,8.5
DE-G-08136050,Oberkochen,gemeinde,Baden-Württemberg,"Eugen-Bolz-Platz 1, 73447 Oberkochen",,,way/89223615,Rathaus Oberkochen,8.4
DE-G-08136021,Essingen,gemeinde,Baden-Württemberg,"Rathausgasse 9, 73457 Essingen",,,way/265643179,Rathaus,6.5
DE-G-08136033,Hüttlingen,gemeinde,Baden-Württemberg,,,,,,
DE-G-08136088,Aalen,gemeinde,Baden-Württemberg,"Marktplatz 30, 73430 Aalen",+49 7361 52-0,presseamt@aalen.de,way/165033369,Rathaus,7.0
DE-G-08136010,Bopfingen,gemeinde,Baden-Württemberg,"Marktplatz 1, 73441 Bopfingen",,,way/302755628,Rathaus,6.5
DE-G-08136037,Kirchheim am Ries,gemeinde,Baden-Württemberg,"Auf dem Wört 1, 73467 Kirchheim am Ries",+49 7362 956900,info@kirchheim-am-ries.de,node/10941658409,Gemeinde Kirchheim am Ries,9.0
DE-G-08136087,Riesbürg,gemeinde,Baden-Württemberg,"Hauptstraße 13, 73469 Riesbürg",,,way/32823521,Gemeindeverwaltung Riesbürg,8.5
DE-G-08136003,Adelmannsfelden,gemeinde,Baden-Württemberg,"Hauptstraße 71, 73486 Adelmannsfelden",,,node/8979496748,Rathaus Adelmannsfelden,8.5
DE-G-08136018,Ellenberg,gemeinde,Baden-Württemberg,"Hauptstraße 25, 73488 Ellenberg",,,way/135199808,Rathaus Ellenberg,8.5
DE-G-08136019,Ellwangen (Jagst),gemeinde,Baden-Württemberg,"Spitalstraße 4, 73479 Ellwangen (Jagst)",+49 7961 84-0,info@ellwangen.de,relation/9921358,Stadt Ellwangen,9.0
DE-G-08136035,Jagstzell,gemeinde,Baden-Württemberg,"Hauptstraße 6, 73489 Jagstzell",,,way/467499647,Bürgermeisteramt Jagstzell,8.5
DE-G-08136046,Neuler,gemeinde,Baden-Württemberg,"Hauptstraße 15, 73491 Neuler",,,way/334242865,Rathaus Neuler,8.5
DE-G-08136060,Rosenberg,gemeinde,Baden-Württemberg,"Haller Straße 15, 73494 Rosenberg",,,way/475942332,Rathaus Rosenberg,8.5
DE-G-08136084,Wört,gemeinde,Baden-Württemberg,,,,,,
DE-G-08136089,Rainau,gemeinde,Baden-Württemberg,"Schloßberg 12, 73492 Rainau",,,way/218060642,Gemeindeverwaltung Rainau,8.5
DE-G-08136038,Lauchheim,gemeinde,Baden-Württemberg,"Hauptstraße 28, 73466 Lauchheim",,,node/5095341245,,6.5
DE-G-08136082,Westhausen,gemeinde,Baden-Württemberg,"Jahnstraße 2, 73463 Westhausen",,,way/93037777,Rathaus Westhausen,8.5
DE-G-08136020,Eschach,gemeinde,Baden-Württemberg,"Rathausplatz 1, 73569 Eschach",,,way/212463249,Rathaus Eschach,8.5
DE-G-08136024,Göggingen,gemeinde,Baden-Württemberg,"Hauptstraße 46, 73571 Göggingen",,,way/197254773,Rathaus,6.5
DE-G-08136034,Iggingen,gemeinde,Baden-Württemberg,"Marktplatz 6, 73574 Iggingen",,,way/227356636,Rathaus,6.5
DE-G-08136040,Leinzell,gemeinde,Baden-Württemberg,"Mulfinger Straße 2, 73575 Leinzell",,,way/164718940,Gemeindeverwaltung Leinzell,8.5
DE-G-08136049,Obergröningen,gemeinde,Baden-Württemberg,"Seestraße 12, 73569 Obergröningen",,,way/209163700,Gemeindeverwaltung Obergröningen,8.5
DE-G-08136062,Schechingen,gemeinde,Baden-Württemberg,"Marktplatz 1, 73579 Schechingen",,,way/197230299,Rathaus Schechingen,8.5
DE-G-08136007,Bartholomä,gemeinde,Baden-Württemberg,"Brunnenfeldstraße 1, 73566 Bartholomä",,,way/207461709,Gemeindeverwaltung Bartholomä,8.5
DE-G-08136009,Böbingen an der Rems,gemeinde,Baden-Württemberg,"Römerstraße 2, 73560 Böbingen an der Rems",,,way/139594004,Rathaus Böbingen an der Rems,8.5
DE-G-08136028,Heubach,gemeinde,Baden-Württemberg,"Hauptstraße 53, 73540 Heubach",+49 7173 181-0,info@heubach.de,way/330213869,Rathaus,7.0
DE-G-08136029,Heuchlingen,gemeinde,Baden-Württemberg,"Küferstraße 3, 73572 Heuchlingen",,,way/183829922,Rathaus Heuchlingen,8.5
DE-G-08136043,Mögglingen,gemeinde,Baden-Württemberg,"Zehnthof 1, 73563 Mögglingen",,info@moegglingen.de,way/155433812,Rathaus Mögglingen,8.5
DE-G-08136065,Schwäbisch Gmünd,gemeinde,Baden-Württemberg,"Marktplatz 1, 73525 Schwäbisch Gmünd",+49 7171 603-0,stadtverwaltung@schwaebisch-gmuend.de,way/91331335,Stadtverwaltung Schwäbisch Gmünd - Rathaus,9.0
DE-G-08136079,Waldstetten,gemeinde,Baden-Württemberg,"Bettringer Straße 21, 73550 Waldstetten",,,node/10003107405,Gemeindeverwaltung Waldstetten,8.5
DE-G-08136015,Durlangen,gemeinde,Baden-Württemberg,"Hermann-Löns-Weg 5, 73568 Durlangen",,,way/228815028,Rathaus,6.4
DE-G-08136044,Mutlangen,gemeinde,Baden-Württemberg,"Hauptstraße 22, 73557 Mutlangen",,,way/202068345,Rathaus,6.5
DE-G-08136061,Ruppertshofen,gemeinde,Baden-Württemberg,"Erlenstraße 1, 73577 Ruppertshofen",,,way/235299458,Rathaus Ruppertshofen,8.5
DE-G-08136066,Spraitbach,gemeinde,Baden-Württemberg,"Kirchplatz 1, 73565 Spraitbach",,,way/140646801,Rathaus Spraitbach,8.5
DE-G-08136070,Täferrot,gemeinde,Baden-Württemberg,"Durlanger Straße 2, 73527 Täferrot",,,node/390489374,Gemeindeverwaltung Täferrot,8.5
DE-G-08136068,Stödtlen,gemeinde,Baden-Württemberg,"Rathausstraße 11, 73495 Stödtlen",,,way/250623249,Rathaus Stödtlen,8.5
DE-G-08136071,Tannhausen,gemeinde,Baden-Württemberg,"Hauptstraße 54, 73497 Tannhausen",,,way/477958345,Gemeindeverwaltung Tannhausen,8.4
DE-G-08136075,Unterschneidheim,gemeinde,Baden-Württemberg,"Ziegelhütte 25, 73485 Unterschneidheim",,,way/1335847012,Gemeindeverwaltung Unterschneidheim,8.5
DE-G-08211000,Baden-Baden,gemeinde,Baden-Württemberg,,,,,,
DE-G-08212000,Karlsruhe,gemeinde,Baden-Württemberg,"Karl-Friedrich-Straße 10, 76133 Karlsruhe",,,relation/1333212,Rathaus,6.5
DE-G-08215017,Ettlingen,gemeinde,Baden-Württemberg,"Marktplatz 2, 76275 Ettlingen",,,way/60264776,Rathaus,6.5
DE-G-08215046,Malsch,gemeinde,Baden-Württemberg,"Hauptstraße 71, 76316 Malsch",,,way/140496854,,6.5
DE-G-08215047,Marxzell,gemeinde,Baden-Württemberg,"Karlsruher Straße 2, 76359 Marxzell",,,way/312390570,Gemeindeverwaltung Marxzell,8.4
DE-G-08215064,Östringen,gemeinde,Baden-Württemberg,,,,,,
DE-G-08215084,Ubstadt-Weiher,gemeinde,Baden-Württemberg,,,,,,
DE-G-08215089,Walzbachtal,gemeinde,Baden-Württemberg,"Wössinger Straße 26-28, 75045 Walzbachtal",,,way/229552340,Rathaus Walzbachtal,8.5
DE-G-08215090,Weingarten (Baden),gemeinde,Baden-Württemberg,"Marktplatz 2, 76356 Weingarten (Baden)",,,node/1908928695,Rathaus Weingarten,8.5
DE-G-08215096,Karlsbad,gemeinde,Baden-Württemberg,,,,,,
DE-G-08215097,Kraichtal,gemeinde,Baden-Württemberg,"Rathausstraße 30, 76703 Kraichtal",,,way/182029408,Stadtverwaltung Kraichtal,8.5
DE-G-08215101,Pfinztal,gemeinde,Baden-Württemberg,,,,,,
DE-G-08215102,Eggenstein-Leopoldshafen,gemeinde,Baden-Württemberg,"Friedrichstraße 32, 76344 Eggenstein-Leopoldshafen",+49 721 978860,info@egg-leo.de,way/96151991,Rathaus,7.0
DE-G-08215105,Linkenheim-Hochstetten,gemeinde,Baden-Württemberg,"Karlsruher Straße 41, 76351 Linkenheim-Hochstetten",+49 7247 8020,gemeinde@linkenheim-hochstetten.de,way/96204459,Rathaus,7.0
DE-G-08215106,Waghäusel,gemeinde,Baden-Württemberg,"Gymnasiumstraße 1, 68753 Waghäusel",,,way/87445849,Stadtverwaltung Waghäusel,8.4
DE-G-08215108,Rheinstetten,gemeinde,Baden-Württemberg,,,,,,
DE-G-08215109,Stutensee,gemeinde,Baden-Württemberg,"Rathausstraße 3, 76297 Stutensee",+49 7244 969 0,presse@stutensee.de,way/69605526,Rathaus Stutensee,9.0
DE-G-08215110,Waldbronn,gemeinde,Baden-Württemberg,"Marktplatz 7, 76337 Waldbronn",+49 7243 609-0,,way/79119474,Rathaus,6.9
DE-G-08215039,Kronau,gemeinde,Baden-Württemberg,"Kirrlacher Straße 2, 76709 Kronau",,,way/211440826,Rathaus Kronau,8.5
DE-G-08215100,Bad Schönborn,gemeinde,Baden-Württemberg,,,,,,
DE-G-08215007,Bretten,gemeinde,Baden-Württemberg,"Untere Kirchgasse 9, 75015 Bretten",,,way/117586621,Rathaus,6.5
DE-G-08215025,Gondelsheim,gemeinde,Baden-Württemberg,"Bruchsaler Straße 32, 75053 Gondelsheim",,,way/397074205,Rathaus Gondelsheim,8.5
DE-G-08215009,Bruchsal,gemeinde,Baden-Württemberg,"Kaiserstraße 66, 76646 Bruchsal",+49 7251 790,info@bruchsal.de,node/7334394940,Rathaus Bruchsal,9.0
DE-G-08215021,Forst,gemeinde,Baden-Württemberg,"Weiherer Straße 1, 76694 Forst",+49 7251 7800,,way/136130918,,7.0
DE-G-08215029,Hambrücken,gemeinde,Baden-Württemberg,,,,,,
DE-G-08215103,Karlsdorf-Neuthard,gemeinde,Baden-Württemberg,,,,,,
DE-G-08215099,Graben-Neudorf,gemeinde,Baden-Württemberg,"Werner-Juchler-Platz 1, 76676 Graben-Neudorf",,,way/26576232,Rathaus,6.4
DE-G-08215111,Dettenheim,gemeinde,Baden-Württemberg,"Bächlestraße 33, 76706 Dettenheim",,,way/281841069,Rathaus,6.5
DE-G-08215040,Kürnbach,gemeinde,Baden-Württemberg,"Marktplatz 12, 75057 Kürnbach",,,node/356860546,Kürnbach,8.5
DE-G-08215059,Oberderdingen,gemeinde,Baden-Württemberg,"Amthof 13, 75038 Oberderdingen",,,way/39239137,Rathaus,6.5
DE-G-08215066,Philippsburg,gemeinde,Baden-Württemberg,,,,,,
DE-G-08215107,Oberhausen-Rheinhausen,gemeinde,Baden-Württemberg,,,,,,
DE-G-08215082,Sulzfeld,gemeinde,Baden-Württemberg,"Rathausplatz 1, 75056 Sulzfeld",,,way/191229045,Bürgermeisteramt Sulzfeld,8.5
DE-G-08215094,Zaisenhausen,gemeinde,Baden-Württemberg,,,,,,
DE-G-08216008,Bühlertal,gemeinde,Baden-Württemberg,,,,,,
DE-G-08216013,Forbach,gemeinde,Baden-Württemberg,"Landstraße 27, 76596 Forbach",,,way/301815305,Rathaus Forbach,8.5
DE-G-08216015,Gaggenau,gemeinde,Baden-Württemberg,"Hauptstraße 71, 76571 Gaggenau",,,relation/3243253,Rathaus Gaggenau,8.4
DE-G-08216006,Bischweier,gemeinde,Baden-Württemberg,"Bahnhofstraße 17, 76476 Bischweier",,,way/487124594,Gemeindeverwaltung Bischweier,8.5
DE-G-08216024,Kuppenheim,gemeinde,Baden-Württemberg,"Friedensplatz 1, 76456 Kuppenheim",,,way/142718385,Rathaus,6.5
DE-G-08216007,Bühl,gemeinde,Baden-Württemberg,"Mooser Straße 22, 77815 Bühl",+49 7227 2134,,way/54154418,Stadtverwaltung Bühl Zweigstelle Moos,8.4
DE-G-08216041,Ottersweier,gemeinde,Baden-Württemberg,"Laufer Straße 18, 77833 Ottersweier",+49 7223 98600,gemeinde@ottersweier.de,way/1014428088,Rathaus Ottersweier,9.0
DE-G-08216002,Au am Rhein,gemeinde,Baden-Württemberg,"Hauptstraße 7, 76474 Au am Rhein",,,way/199884089,,6.5
DE-G-08216005,Bietigheim,gemeinde,Baden-Württemberg,"Malscher Straße 22, 76467 Bietigheim",+49 7245 8080,,way/37606208,,7.0
DE-G-08216009,Durmersheim,gemeinde,Baden-Württemberg,"Rathausplatz 1, 76448 Durmersheim",+49 7245 9200,,way/298695314,Rathaus,7.0
DE-G-08216012,Elchesheim-Illingen,gemeinde,Baden-Württemberg,"Rathausplatz 8, 76477 Elchesheim-Illingen",+49 7245 9301-11,,way/192502072,Rathaus,7.0
DE-G-08216017,Gernsbach,gemeinde,Baden-Württemberg,"Igelbachstraße 11, Gernsbach",,,way/230052452,Rathaus Gernsbach,5.5
DE-G-08216029,Loffenau,gemeinde,Baden-Württemberg,"Untere Dorfstraße 1, 76597 Loffenau",+49 7083 92330,gemeinde@loffenau.de,way/220061975,Rathaus,7.0
DE-G-08216059,Weisenbach,gemeinde,Baden-Württemberg,"Hauptstraße 3, 76599 Weisenbach",+49 7224 9183-0,,way/299683044,Gemeindeverwaltung Weisenbach,9.0
DE-G-08216023,Iffezheim,gemeinde,Baden-Württemberg,"Hauptstraße 54, 76473 Iffezheim",,,way/14306277,Rathaus,6.5
DE-G-08216033,Muggensturm,gemeinde,Baden-Württemberg,,,,,,
DE-G-08216039,Ötigheim,gemeinde,Baden-Württemberg,"Schulstraße 3, 76470 Ötigheim",+49 7222 9197-0,,way/26768917,Rathaus,6.9
DE-G-08216043,Rastatt,gemeinde,Baden-Württemberg,,,,,,
DE-G-08216052,Steinmauern,gemeinde,Baden-Württemberg,"Hauptstraße 82, 76479 Steinmauern",+49 7222 92750,rathaus@steinmauern.de,way/303533440,Rathaus Steinmauern,9.0
DE-G-08216028,Lichtenau,gemeinde,Baden-Württemberg,"Hauptstraße 15, 77839 Lichtenau",+49 7227 95770,,way/121475538,Rathaus Lichtenau,9.0
DE-G-08216063,Rheinmünster,gemeinde,Baden-Württemberg,"Lindenbrunnenstraße 1, 77836 Rheinmünster",,,way/254362598,Rathaus Rheinmünster,8.5
DE-G-08216022,Hügelsheim,gemeinde,Baden-Württemberg,,,,,,
DE-G-08216049,Sinzheim,gemeinde,Baden-Württemberg,"Marktplatz 1, 76547 Sinzheim",+49 7221 806-0,,way/108091894,Rathaus Sinzheim,9.0
DE-G-08221000,Heidelberg,gemeinde,Baden-Württemberg,"Marktplatz 10, 69117 Heidelberg",+49 6221 5810580,,node/137982924,Rathaus,7.0
DE-G-08222000,Mannheim,gemeinde,Baden-Württemberg,"Glücksteinallee 11, 68163 Mannheim",,,relation/13839186,Technisches Rathaus Mannheim,8.4
DE-G-08225014,Buchen (Odenwald),gemeinde,Baden-Württemberg,"Wimpinaplatz 3, 74722 Buchen (Odenwald)",,,way/108116131,Neues Rathaus,6.5
DE-G-08225060,Mudau,gemeinde,Baden-Württemberg,"Schloßauer Straße 2, 69427 Mudau",,,way/117375247,Gemeindeverwaltung Mudau,8.5
DE-G-08225032,Hardheim,gemeinde,Baden-Württemberg,"Schloßplatz 6, 74736 Hardheim",,,way/295005259,Schloss Hardheim,8.5
DE-G-08225039,Höpfingen,gemeinde,Baden-Württemberg,"Heidelberger Straße 23, 74746 Höpfingen",,,way/302363494,Gemeinde Höpfingen,8.5
DE-G-08225109,Walldürn,gemeinde,Baden-Württemberg,"Burgstraße 3, 74731 Walldürn",+49 6282 67103,stadt@wallduern.de,way/295367106,Schloss Walldürn,9.0
DE-G-08225033,Haßmersheim,gemeinde,Baden-Württemberg,"Theodor-Heuss-Straße 45, 74855 Haßmersheim",,,way/305745905,Rathaus,6.5
DE-G-08225042,Hüffenhardt,gemeinde,Baden-Württemberg,"Reisengasse 1, 74928 Hüffenhardt",+49 6268 9205-0,rathaus@hueffenhardt.de,way/251479092,Rathaus Hüffenhardt,9.0
DE-G-08225002,Aglasterhausen,gemeinde,Baden-Württemberg,"Am Marktplatz 1, 74858 Aglasterhausen",,,way/388382580,Gemeindeverwaltung Aglasterhausen,8.5
DE-G-08225068,Neunkirchen,gemeinde,Baden-Württemberg,"Marktplatz 1, 74867 Neunkirchen",,,way/208920354,Rathaus,6.5
DE-G-08225116,Schwarzach,gemeinde,Baden-Württemberg,"Hauptstraße 14, 74869 Schwarzach",,,way/335565019,Rathaus,6.5
DE-G-08225024,Fahrenbach,gemeinde,Baden-Württemberg,"Adolf-Weber-Straße 23, 74864 Fahrenbach",,,way/122192309,Rathaus,6.5
DE-G-08225052,Limbach,gemeinde,Baden-Württemberg,"Muckentaler Straße 9, 74838 Limbach",,,way/55363565,Gemeinde Limbach,8.5
DE-G-08225058,Mosbach,gemeinde,Baden-Württemberg,"Hauptstraße 29, 74821 Mosbach",,,way/191495570,Rathaus Mosbach,8.5
DE-G-08225067,Neckarzimmern,gemeinde,Baden-Württemberg,,,,,,
DE-G-08225074,Obrigheim,gemeinde,Baden-Württemberg,"Hauptstraße 7, 74847 Obrigheim",,,way/384817955,Rathaus Obrigheim,8.5
DE-G-08225117,Elztal,gemeinde,Baden-Württemberg,"Hauptstraße 8, 74834 Elztal",,,way/188520169,Bürgermeisteramt Elztal,8.5
DE-G-08225010,Binau,gemeinde,Baden-Württemberg,"Reichenbucher Straße 38a, 74862 Binau",,,node/288339913,Rathaus,6.5
DE-G-08225064,Neckargerach,gemeinde,Baden-Württemberg,"Hauptstraße 25, 69437 Neckargerach",,,way/229276816,Rathaus Neckargerach,8.5
DE-G-08225113,Zwingenberg,gemeinde,Baden-Württemberg,"Alte Dorfstraße 8, 69439 Zwingenberg",,,way/352225179,Rathaus Zwingenberg,8.4
DE-G-08225118,Waldbrunn,gemeinde,Baden-Württemberg,"Alte Marktstraße 4, 69429 Waldbrunn",+49 6274 930-0,rathaus@waldbrunn-odenwald.de,way/120463379,Rathaus,7.0
DE-G-08225075,Osterburken,gemeinde,Baden-Württemberg,"Marktplatz 3, 74706 Osterburken",+49 6291 401 0,,way/262501663,Rathaus,7.0
DE-G-08225082,Rosenberg,gemeinde,Baden-Württemberg,"Hauptstraße 26, 74749 Rosenberg",,,way/272985927,Gemeindeverwaltung Rosenberg,8.5
DE-G-08225114,Ravenstein,gemeinde,Baden-Württemberg,"Lindenstraße 4, 74747 Ravenstein",,,way/289366107,Stadtverwaltung Ravenstein,8.5
DE-G-08225009,Billigheim,gemeinde,Baden-Württemberg,"Sulzbacher Straße 9, 74842 Billigheim",,,way/390604172,Bürgermeisteramt Billigheim,8.5
DE-G-08225115,Schefflenz,gemeinde,Baden-Württemberg,"Mittelstraße 47, 74850 Schefflenz",,,way/234388914,Gemeindeverwaltung Schefflenz,8.5
DE-G-08225001,Adelsheim,gemeinde,Baden-Württemberg,"Marktstraße 7, 74740 Adelsheim",+49 6291 62000,,way/275658943,Rathaus Adelsheim,9.0
DE-G-08225091,Seckach,gemeinde,Baden-Württemberg,"Bahnhofstraße 30, 74743 Seckach",,,way/184259040,Rathaus Seckach,8.5
DE-G-08226009,Brühl,gemeinde,Baden-Württemberg,"Hauptstraße 1, 68782 Brühl",+49 6202 20030,buergermeisteramt@bruehl-baden.de,node/10126108189,Rathaus Brühl,9.0
DE-G-08226012,Dossenheim,gemeinde,Baden-Württemberg,"Rathausplatz 1, 69221 Dossenheim",+49622186510,,way/27200712,Rathaus,7.0
DE-G-08226018,Eppelheim,gemeinde,Baden-Württemberg,"Schulstraße 2, 69214 Eppelheim",+49 6221 7940,info@eppelheim.de,way/107123653,Rathaus / Stadtverwaltung Eppelheim,9.0
DE-G-08226028,Heddesheim,gemeinde,Baden-Württemberg,"Unterdorfstraße 3, 68542 Heddesheim",,,way/116935745,Rathaus Heddesheim,8.5
DE-G-08226036,Ilvesheim,gemeinde,Baden-Württemberg,"Schlossstraße 9, 68549 Ilvesheim",+49 621 49660-0,gemeinde@ilvesheim.de,way/145289581,Ilvesheim Rathaus,9.0
DE-G-08226037,Ketsch,gemeinde,Baden-Württemberg,"Hockenheimer Straße 5, 68775 Ketsch",,,way/136398799,Rathaus Ketsch,8.5
DE-G-08226038,Ladenburg,gemeinde,Baden-Württemberg,"Hauptstraße 7, 68526 Ladenburg",+49 6203 700,,node/2656057110,Rathaus Ladenburg,9.0
DE-G-08226041,Leimen,gemeinde,Baden-Württemberg,"Rathausstraße 1-3, 69181 Leimen",,,way/475255578,Neues Rathaus,6.5
DE-G-08226060,Nußloch,gemeinde,Baden-Württemberg,"Sinsheimer Straße 19, 69226 Nußloch",,,way/282761208,Rathaus Nußloch,8.5
DE-G-08226062,Oftersheim,gemeinde,Baden-Württemberg,"Mannheimer Straße 49, 68723 Oftersheim",,,way/93036912,Rathaus,6.5
DE-G-08226063,Plankstadt,gemeinde,Baden-Württemberg,"Schwetzinger Straße 28, 68723 Plankstadt",,,way/231141274,Rathaus,6.5
DE-G-08226076,Sandhausen,gemeinde,Baden-Württemberg,,,,,,
DE-G-08226082,Schriesheim,gemeinde,Baden-Württemberg,"Friedrichstraße 28-30, 69198 Schriesheim",,,way/25990250,Neues Rathaus,6.5
DE-G-08226084,Schwetzingen,gemeinde,Baden-Württemberg,"Hebelstraße 1, 68723 Schwetzingen",,,relation/9331617,Rathaus,6.5
DE-G-08226095,Walldorf,gemeinde,Baden-Württemberg,"Nußlocher Straße 45, 69190 Walldorf",+49 6227 350,,way/303968823,,7.0
DE-G-08226096,Weinheim,gemeinde,Baden-Württemberg,"Hohensachsener Straße 5, 69469 Weinheim",,,way/398414822,,6.1
DE-G-08226103,St. Leon-Rot,gemeinde,Baden-Württemberg,"Rathausstraße 2, 68789 St. Leon-Rot",,,way/177035232,Rathaus St. Leon-Rot,8.4
DE-G-08226105,Edingen-Neckarhausen,gemeinde,Baden-Württemberg,,,,,,
DE-G-08226107,Hirschberg an der Bergstraße,gemeinde,Baden-Württemberg,"Großsachsener Straße 14, 69493 Hirschberg an der Bergstraße",,,way/182543161,Gemeindeverwaltung Hirschberg an der Bergstraße,8.4
DE-G-08226013,Eberbach,gemeinde,Baden-Württemberg,"Leopoldsplatz 1, 69412 Eberbach",+49 6271 87 1,stadt@eberbach.de,way/168838099,Rathaus Eberbach,8.9
DE-G-08226081,Schönbrunn,gemeinde,Baden-Württemberg,,,,,,
DE-G-08226020,Eschelbronn,gemeinde,Baden-Württemberg,"Bahnhofstraße 1, 74927 Eschelbronn",,,way/439848683,Rathaus Eschelbronn,8.5
DE-G-08226048,Mauer,gemeinde,Baden-Württemberg,"Heidelberger Straße 34, 69256 Mauer",,,way/247440395,Rathaus,6.5
DE-G-08226049,Meckesheim,gemeinde,Baden-Württemberg,"Friedrichstraße 10, 74909 Meckesheim",+49 6226 92000,post@meckesheim.de,way/246810951,Rathaus,7.0
DE-G-08226086,Spechbach,gemeinde,Baden-Württemberg,"Hauptstraße 35, 74937 Spechbach",,,way/420047911,Rathaus Spechbach,8.5
DE-G-08226104,Lobbach,gemeinde,Baden-Württemberg,"Hauptstraße 52, 74931 Lobbach",,,way/911504936,Gemeindeverwaltung Lobbach,8.5
DE-G-08226031,Hemsbach,gemeinde,Baden-Württemberg,,,,,,
DE-G-08226040,Laudenbach,gemeinde,Baden-Württemberg,"Untere Straße 2, 69514 Laudenbach",+49 6201 70020,rathaus@gemeinde-laudenbach.de,way/111564579,Rathaus Laudenbach,9.0
DE-G-08226003,Altlußheim,gemeinde,Baden-Württemberg,"Rathausplatz 1, 68804 Altlußheim",,,way/109861886,Rathaus,6.0
DE-G-08226032,Hockenheim,gemeinde,Baden-Württemberg,"Rathausstraße 1, 68766 Hockenheim",,,way/136081589,Rathaus,6.5
DE-G-08226059,Neulußheim,gemeinde,Baden-Württemberg,"Sankt-Leoner-Straße 5, 68809 Neulußheim",,,way/1066729163,Rathaus,6.5
DE-G-08226068,Reilingen,gemeinde,Baden-Württemberg,"Hockenheimer Straße 1, 68799 Reilingen",,post@reilingen.de-mail.de,way/197993921,Rathaus,6.4
DE-G-08226006,Bammental,gemeinde,Baden-Württemberg,"Hauptstraße 71, 69245 Bammental",,,way/108044579,,6.5
DE-G-08226022,Gaiberg,gemeinde,Baden-Württemberg,"Hauptstraße 44, 69251 Gaiberg",,,way/135714802,Bürgermeisteramt Gaiberg,8.5
DE-G-08226056,Neckargemünd,gemeinde,Baden-Württemberg,"Bahnhofstraße 54, 69151 Neckargemünd",,,node/272621405,Rathaus Neckargemünd,8.4
DE-G-08226097,Wiesenbach,gemeinde,Baden-Württemberg,"Hauptstraße 26, 69257 Wiesenbach",,,way/34099243,Rathaus Wiesenbach,8.5
DE-G-08226046,Malsch,gemeinde,Baden-Württemberg,"Kirchberg 10, 69254 Malsch",+49 7253 92520,rathaus@malsch-weinort.de,way/24865519,Rathaus Malsch,9.0
DE-G-08226054,Mühlhausen,gemeinde,Baden-Württemberg,"Schulstraße 6, 69242 Mühlhausen",,,way/28944289,,6.5
DE-G-08226065,Rauenberg,gemeinde,Baden-Württemberg,"Wieslocher Straße 21, 69231 Rauenberg",,,way/264209273,Stadt Rauenberg,8.5
DE-G-08226027,Heddesbach,gemeinde,Baden-Württemberg,"Hauptstraße 2, 69434 Heddesbach",,,way/411338908,,6.5
DE-G-08226029,Heiligkreuzsteinach,gemeinde,Baden-Württemberg,"Silberne Bergstraße 3, 69253 Heiligkreuzsteinach",,,way/170293000,,6.5
DE-G-08226080,Schönau,gemeinde,Baden-Württemberg,"Rathausstraße 28, 69250 Schönau",,,way/328372122,Stadtverwaltung Schönau,8.5
DE-G-08226099,Wilhelmsfeld,gemeinde,Baden-Württemberg,,,,,,
DE-G-08226085,Sinsheim,gemeinde,Baden-Württemberg,"Wilhelmstraße 14-16, 74889 Sinsheim",,,way/236976198,Rathaus Sinsheim,8.5
DE-G-08226101,Zuzenhausen,gemeinde,Baden-Württemberg,"Hauptstraße 25, 74939 Zuzenhausen",,,way/439848699,Rathaus Zuzenhausen,8.5
DE-G-08226102,Angelbachtal,gemeinde,Baden-Württemberg,"Schloßstraße 1, 74918 Angelbachtal",,,node/12308145781,Gemeindeverwaltung Angelbachtal,8.5
DE-G-08226017,Epfenbach,gemeinde,Baden-Württemberg,,,,,,
DE-G-08226055,Neckarbischofsheim,gemeinde,Baden-Württemberg,"Alexandergasse 2, 74924 Neckarbischofsheim",+49 7263 6070,,way/143729653,,7.0
DE-G-08226058,Neidenstein,gemeinde,Baden-Württemberg,,,,,,
DE-G-08226066,Reichartshausen,gemeinde,Baden-Württemberg,"Rathausstraße 3, 74934 Reichartshausen",+49 6262 92400,info@reichartshausen.de,way/195593172,Rathaus Reichartshausen,9.0
DE-G-08226091,Waibstadt,gemeinde,Baden-Württemberg,"Hauptstraße 31, 74915 Waibstadt",,,way/239847445,Stadtverwaltung Waibstadt,8.5
DE-G-08226106,Helmstadt-Bargen,gemeinde,Baden-Württemberg,"Rabanstraße 14, 74921 Helmstadt-Bargen",+49 7263 91200,GV-Post@Helmstadt-Bargen.de,way/371371569,Gemeindeverwaltung Helmstadt-Bargen,9.0
DE-G-08226010,Dielheim,gemeinde,Baden-Württemberg,"Hauptstraße 37, 69234 Dielheim",,,way/134121631,Rathaus Dielheim,8.5
DE-G-08226098,Wiesloch,gemeinde,Baden-Württemberg,"Marktstraße 13, 69168 Wiesloch",,,way/312192251,Rathaus Wiesloch,8.5
DE-G-08231000,Pforzheim,gemeinde,Baden-Württemberg,"Marktplatz 1, 75175 Pforzheim",,,way/41107603,Neues Rathaus,6.5
DE-G-08235065,Schömberg,gemeinde,Baden-Württemberg,,,,,,
DE-G-08235080,Wildberg,gemeinde,Baden-Württemberg,"Kirchstraße 32, 72218 Wildberg",,,way/27339674,Rathaus,6.3
DE-G-08235006,Altensteig,gemeinde,Baden-Württemberg,"Rathausplatz 1, 72213 Altensteig",,,way/241961392,Rathaus Altensteig,8.5
DE-G-08235022,Egenhausen,gemeinde,Baden-Württemberg,"Hauptstraße 19, 72227 Egenhausen",,,way/198064221,Gemeindeverwaltung Egenhausen,8.5
DE-G-08235066,Simmersfeld,gemeinde,Baden-Württemberg,,,,,,
DE-G-08235007,Althengstett,gemeinde,Baden-Württemberg,,,,,,
DE-G-08235029,Gechingen,gemeinde,Baden-Württemberg,"Calwer Straße 14, 75391 Gechingen",,,way/190305989,Rathaus,6.5
DE-G-08235057,Ostelsheim,gemeinde,Baden-Württemberg,"Hauptstraße 8, 75395 Ostelsheim",,,way/191317310,Gemeindeverwaltung Ostelsheim,8.5
DE-G-08235067,Simmozheim,gemeinde,Baden-Württemberg,"Hauptstraße 8, 75397 Simmozheim",,,way/193187376,Rathaus,6.5
DE-G-08235018,Dobel,gemeinde,Baden-Württemberg,"Neusatzer Straße 2, 75335 Dobel",+49 7083 7450,,way/251320221,Rathaus Dobel,9.0
DE-G-08235033,Bad Herrenalb,gemeinde,Baden-Württemberg,"Rathausplatz 11, 76332 Bad Herrenalb",+49 7083 50050,stadt@badherrenalb.de,node/1062777078,Stadtverwaltung Bad Herrenalb,9.0
DE-G-08235008,Bad Liebenzell,gemeinde,Baden-Württemberg,"Kurhausdamm 2, 75378 Bad Liebenzell",,,node/250466828,Rathaus Bad Liebenzell,8.5
DE-G-08235073,Unterreichenbach,gemeinde,Baden-Württemberg,"Im Oberdorf 15, 75399 Unterreichenbach",,,node/345058830,Rathaus,6.5
DE-G-08235047,Neubulach,gemeinde,Baden-Württemberg,"Marktplatz 3, 75387 Neubulach",+49 7053 96950,stadtverwaltung@neubulach.de,way/59202955,Rathaus Neubulach,9.0
DE-G-08235050,Neuweiler,gemeinde,Baden-Württemberg,"Marktstraße 7, 75389 Neuweiler",,,way/412170368,Rathaus,6.5
DE-G-08235084,Bad Teinach-Zavelstein,gemeinde,Baden-Württemberg,"Rathausstraße 9, 75385 Bad Teinach-Zavelstein",,,way/107912726,Stadtverwaltung Bad Teinach Zavelstein,8.5
DE-G-08235055,Oberreichenbach,gemeinde,Baden-Württemberg,"Schulstraße 3, 75394 Oberreichenbach",+49 7051 96990,info@oberreichenbach.de,way/113863877,Bürgermeisteramt Oberreichenbach,9.0
DE-G-08235085,Calw,gemeinde,Baden-Württemberg,"Marktplatz 9, 75365 Calw",,,way/105937503,Rathaus,6.5
DE-G-08235020,Ebhausen,gemeinde,Baden-Württemberg,,,,,,
DE-G-08235032,Haiterbach,gemeinde,Baden-Württemberg,"Marktplatz 1, 72221 Haiterbach",,,way/426383341,Rathaus Stadt Haiterbach,8.5
DE-G-08235046,Nagold,gemeinde,Baden-Württemberg,"Marktstraße 27, 72202 Nagold",,,way/88660648,Rathaus,6.5
DE-G-08235060,Rohrdorf,gemeinde,Baden-Württemberg,,,,,,
DE-G-08235025,Enzklösterle,gemeinde,Baden-Württemberg,,,,,,
DE-G-08235035,Höfen an der Enz,gemeinde,Baden-Württemberg,,,,,,
DE-G-08235079,Bad Wildbad,gemeinde,Baden-Württemberg,"Hauptstraße 2, 75323 Bad Wildbad",,,way/34306710,Rathaus,6.2
DE-G-08236004,Birkenfeld,gemeinde,Baden-Württemberg,"Marktplatz 6, Birkenfeld",,,way/117477148,Rathaus Birkenfeld,5.5
DE-G-08236028,Illingen,gemeinde,Baden-Württemberg,"Ortszentrum 8, 75428 Illingen",+49 7042 8242-0,,way/321349087,Gemeindeverwaltung Illingen,9.0
DE-G-08236030,Ispringen,gemeinde,Baden-Württemberg,,,,,,
DE-G-08236033,Knittlingen,gemeinde,Baden-Württemberg,"Marktstraße 19, 75438 Knittlingen",,stadt.knittlingen@knittlingen.de,way/241580279,Stadtverwaltung Knittlingen,8.5
DE-G-08236046,Niefern-Öschelbronn,gemeinde,Baden-Württemberg,"Friedenstraße 11, 75223 Niefern-Öschelbronn",+49 7233 96220,,node/345462338,,6.9
DE-G-08236070,Keltern,gemeinde,Baden-Württemberg,,,,,,
DE-G-08236071,Remchingen,gemeinde,Baden-Württemberg,"San-Biagio-Platani-Platz 8, Remchingen",,,node/5173147821,Rathaus Remchingen,5.4
DE-G-08236072,Straubenhardt,gemeinde,Baden-Württemberg,,,,,,
DE-G-08236019,Friolzheim,gemeinde,Baden-Württemberg,"Rathausstraße 7, 71292 Friolzheim",+49 7044 90360,,way/642906319,Rathaus,7.0
DE-G-08236025,Heimsheim,gemeinde,Baden-Württemberg,"Schloßhof 5, 71296 Heimsheim",,,node/11318441444,Stadtverwaltung Heimsheim,8.5
DE-G-08236039,Mönsheim,gemeinde,Baden-Württemberg,,,,,,
DE-G-08236065,Wiernsheim,gemeinde,Baden-Württemberg,"Marktplatz 1, 75446 Wiernsheim",,,node/7499137899,Rathaus Wiernsheim,8.5
DE-G-08236067,Wimsheim,gemeinde,Baden-Württemberg,,,,,,
DE-G-08236068,Wurmberg,gemeinde,Baden-Württemberg,"Uhlandstraße 15, 75449 Wurmberg",,,way/206155673,Rathaus Wurmberg,8.5
DE-G-08236011,Eisingen,gemeinde,Baden-Württemberg,"Talstraße 1, 75239 Eisingen",+49723238110,,way/311475002,Bürgermeisteramt Eisingen,9.0
DE-G-08236074,Kämpfelbach,gemeinde,Baden-Württemberg,"Hauptstraße 17, 75236 Kämpfelbach",+49 7232 2350,,node/3538711096,Rathaus Kämpfelbach-Bilfingen,8.8
DE-G-08236076,Königsbach-Stein,gemeinde,Baden-Württemberg,,,,,,
DE-G-08236038,Maulbronn,gemeinde,Baden-Württemberg,"Klosterhof 31, 75433 Maulbronn",,,way/119141019,Rathaus,6.5
DE-G-08236061,Sternenfels,gemeinde,Baden-Württemberg,"Maulbronner Straße 7, 75447 Sternenfels",,,way/326154846,Gemeindeverwaltung Sternenfels,8.5
DE-G-08236040,Mühlacker,gemeinde,Baden-Württemberg,"Kelterplatz 7, 75417 Mühlacker",,,node/7499148606,Rathaus Mühlacker,8.5
DE-G-08236050,Ötisheim,gemeinde,Baden-Württemberg,"Schönenberger Straße 2, 75443 Ötisheim",,,way/113526475,Rathaus Ötisheim,8.5
DE-G-08236013,Engelsbrand,gemeinde,Baden-Württemberg,"Rathausplatz 1, 75331 Engelsbrand",,,way/235145138,Rathaus Engelsbrand,8.5
DE-G-08236043,Neuenbürg,gemeinde,Baden-Württemberg,"Rathausstraße 2, 75305 Neuenbürg",,,way/28803223,Rathaus Neuenbürg,8.5
DE-G-08236031,Kieselbronn,gemeinde,Baden-Württemberg,"Hauptstraße 20, 75249 Kieselbronn",+49 7231 95340,,way/354590769,,7.0
DE-G-08236073,Neulingen,gemeinde,Baden-Württemberg,"Schloßstraße 2, 75245 Neulingen",+49 7237 42844,info@neulingen.de,way/436082823,Gemeindeverwaltung Neulingen,8.9
DE-G-08236075,Ölbronn-Dürrn,gemeinde,Baden-Württemberg,"Hauptstraße 53, 75248 Ölbronn-Dürrn",,,way/239499053,Gemeindeverwaltung Ölbronn-Dürrn,8.5
DE-G-08236044,Neuhausen,gemeinde,Baden-Württemberg,"Pforzheimer Straße 20, 75242 Neuhausen",,,way/93343526,Rathaus Neuhausen,8.5
DE-G-08236062,Tiefenbronn,gemeinde,Baden-Württemberg,"Gemmingenstraße 1, 75233 Tiefenbronn",,,node/370185344,Rathaus Tiefenbronn,8.5
DE-G-08237002,Alpirsbach,gemeinde,Baden-Württemberg,"Marktplatz 2, 72275 Alpirsbach",,,way/292417542,Rathaus Alpirsbach,8.5
DE-G-08237004,Baiersbronn,gemeinde,Baden-Württemberg,,,,,,
DE-G-08237045,Loßburg,gemeinde,Baden-Württemberg,"Hauptstraße 50, 72290 Loßburg",,,way/428204850,Rathaus Loßburg,8.5
DE-G-08237019,Dornstetten,gemeinde,Baden-Württemberg,"Marktplatz 2, 72280 Dornstetten",,,way/186923963,,6.5
DE-G-08237030,Glatten,gemeinde,Baden-Württemberg,"Lombacher Straße 27, 72293 Glatten",,,way/395892663,Rathaus Glatten,8.5
DE-G-08237061,Schopfloch,gemeinde,Baden-Württemberg,"Marktplatz 2, 72296 Schopfloch",+49 7443 9603 0,,way/359842252,Rathaus Schopfloch,9.0
DE-G-08237074,Waldachtal,gemeinde,Baden-Württemberg,"Waldachstraße 8, 72178 Waldachtal",+49 7443 9634 0,,way/122213349,Gemeindeverwaltung Waldachtal,8.9
DE-G-08237028,Freudenstadt,gemeinde,Baden-Württemberg,"Marktplatz 1, 72250 Freudenstadt",,,way/166574104,Rathaus Freudenstadt,8.5
DE-G-08237073,Seewald,gemeinde,Baden-Württemberg,"Wildbader Straße 1, 72297 Seewald",,,way/91447411,Bürgermeisteramt Seewald,8.5
DE-G-08237075,Bad Rippoldsau-Schapbach,gemeinde,Baden-Württemberg,"Rathausplatz 1, 77776 Bad Rippoldsau-Schapbach",,,way/307102059,Rathaus,6.0
DE-G-08237024,Empfingen,gemeinde,Baden-Württemberg,"Mühlheimer Straße 2, 72186 Empfingen",,,node/439201797,Rathaus Empfingen,8.5
DE-G-08237027,Eutingen im Gäu,gemeinde,Baden-Württemberg,"Marktstraße 17, 72184 Eutingen im Gäu",,,node/2295460369,Rathaus Eutingen im Gäu,8.5
DE-G-08237040,Horb am Neckar,gemeinde,Baden-Württemberg,"Hochbergstraße 6, 72160 Horb am Neckar",+49 7482 292,,node/4242801237,,6.2
DE-G-08237032,Grömbach,gemeinde,Baden-Württemberg,"Lindenweg 8, 72294 Grömbach",+49 7453 8276,Gemeinde@Groembach.de,way/310935844,Gemeindeverwaltung Grömbach,9.0
DE-G-08237054,Pfalzgrafenweiler,gemeinde,Baden-Württemberg,"Hauptstraße 1, 72285 Pfalzgrafenweiler",+49 7445 8518-0,,way/133155204,Rathaus,7.0
DE-G-08237072,Wörnersberg,gemeinde,Baden-Württemberg,,,,,,
DE-G-08311000,Freiburg im Breisgau,gemeinde,Baden-Württemberg,"Steinhalde 6, 79117 Freiburg im Breisgau",,,way/218108328,Rathaus,6.1
DE-G-08315068,Lenzkirch,gemeinde,Baden-Württemberg,"Kirchplatz 1, 79853 Lenzkirch",,,way/82306676,Rathaus Lenzkirch,8.5
DE-G-08315076,Neuenburg am Rhein,gemeinde,Baden-Württemberg,"Rathausplatz 5a, 79395 Neuenburg am Rhein",,,way/425631672,,6.5
DE-G-08315133,Vogtsburg im Kaiserstuhl,gemeinde,Baden-Württemberg,,,,,,
DE-G-08315006,Bad Krozingen,gemeinde,Baden-Württemberg,,,,,,
DE-G-08315048,Hartheim am Rhein,gemeinde,Baden-Württemberg,,,,,,
DE-G-08315015,Breisach am Rhein,gemeinde,Baden-Württemberg,"Münsterplatz 1, 79206 Breisach am Rhein",,,way/79129385,Rathaus,6.5
DE-G-08315059,Ihringen,gemeinde,Baden-Württemberg,"Bachenstraße 42, 79241 Ihringen",,,way/401745286,Rathaus Ihringen,8.5
DE-G-08315072,Merdingen,gemeinde,Baden-Württemberg,"Kirchgasse 2, 79291 Merdingen",,,way/118163806,Rathaus Merdingen,8.5
DE-G-08315020,Buchenbach,gemeinde,Baden-Württemberg,"Hauptstraße 20, 79256 Buchenbach",+49 7661 39650,gemeinde@buchenbach.de,node/10178073810,Gemeindeverwaltung Buchenbach,9.0
DE-G-08315064,Kirchzarten,gemeinde,Baden-Württemberg,,,,,,
DE-G-08315084,Oberried,gemeinde,Baden-Württemberg,"Klosterplatz 4, 79254 Oberried",,,way/463127454,Gemeindeverwaltung Oberried,8.4
DE-G-08315109,Stegen,gemeinde,Baden-Württemberg,"Dorfplatz 1, 79252 Stegen",+49 7661 39690,gemeinde@stegen.de,node/10123738496,Rathaus,7.0
DE-G-08315014,Bollschweil,gemeinde,Baden-Württemberg,"Hexentalstraße 56, 79283 Bollschweil",,,way/237937329,Rathaus Bollschweil,8.4
DE-G-08315131,Ehrenkirchen,gemeinde,Baden-Württemberg,"Bundesstraße 13, 79238 Ehrenkirchen",,,way/141876065,Bürgermeisteramt Ehrenkirchen Ortsverwaltung Norsingen,4.3
DE-G-08315047,Gundelfingen,gemeinde,Baden-Württemberg,"Alte Bundesstraße 31, 79194 Gundelfingen",,,way/143888602,Rathaus,6.5
DE-G-08315051,Heuweiler,gemeinde,Baden-Württemberg,"Dorfstraße 21, Heuweiler",+49 7666 91345 0,,way/90316460,Gemeindehaus Heuweiler,6.0
DE-G-08315008,Ballrechten-Dottingen,gemeinde,Baden-Württemberg,"Alfred-Löffler-Straße 1, 79282 Ballrechten-Dottingen",,,way/209050874,Rathaus Ballrechten-Dottingen,8.5
DE-G-08315033,Eschbach,gemeinde,Baden-Württemberg,"Hauptstraße 24, 79427 Eschbach",,,node/653687072,Rathaus,6.5
DE-G-08315050,Heitersheim,gemeinde,Baden-Württemberg,,,,,,
DE-G-08315003,Au,gemeinde,Baden-Württemberg,"Dorfstraße 25, 79280 Au",,,way/89371426,Rathaus,6.5
DE-G-08315056,Horben,gemeinde,Baden-Württemberg,"Dorfstraße 2, 79289 Horben",,,way/88895501,Gemeindeverwaltung Horben,8.5
DE-G-08315073,Merzhausen,gemeinde,Baden-Württemberg,"Friedhofweg 11, 79249 Merzhausen",,,way/90714531,Rathaus Merzhausen,8.5
DE-G-08315107,Sölden,gemeinde,Baden-Württemberg,"Staufener Straße 4, 79294 Sölden",+49 761 137800,,way/237984378,Rathaus Sölden,9.0
DE-G-08315125,Wittnau,gemeinde,Baden-Württemberg,"Kirchweg 2, 79299 Wittnau",+49 761 4564790,,way/233418431,Rathaus Wittnau,9.0
DE-G-08315016,Breitnau,gemeinde,Baden-Württemberg,"Dorfstraße 11, 79874 Breitnau",,,way/112175307,"Rathaus, Gemeindeverwaltung",6.5
DE-G-08315052,Hinterzarten,gemeinde,Baden-Württemberg,"Rathausstraße 12, 79856 Hinterzarten",,,way/158053583,Rathaus Hinterzarten,8.5
DE-G-08315013,Bötzingen,gemeinde,Baden-Württemberg,"Allmendweg 5, 79268 Bötzingen",,,node/5640670978,Gemeindeverwaltung Bötzingen,8.5
DE-G-08315030,Eichstetten am Kaiserstuhl,gemeinde,Baden-Württemberg,"Hauptstraße 43, 79356 Eichstetten am Kaiserstuhl",,,way/95183726,Rathaus,6.5
DE-G-08315043,Gottenheim,gemeinde,Baden-Württemberg,,,,,,
DE-G-08315039,Friedenweiler,gemeinde,Baden-Württemberg,"Hauptstraße 24, 79877 Friedenweiler",+49 7654 9119 0,gemeinde@friedenweiler.de,way/199525827,Bürgermeisteramt Friedenweiler,8.6
DE-G-08315070,Löffingen,gemeinde,Baden-Württemberg,"Rathausplatz 1, 79843 Löffingen",,,way/129244916,Rathaus Löffingen,8.5
DE-G-08315115,Umkirch,gemeinde,Baden-Württemberg,"Vinzenz-Kremp-Weg 1, 79224 Umkirch",,,way/105895183,Rathaus,6.5
DE-G-08315132,March,gemeinde,Baden-Württemberg,,,,,,
DE-G-08315004,Auggen,gemeinde,Baden-Württemberg,,,,,,
DE-G-08315007,Badenweiler,gemeinde,Baden-Württemberg,"Ernst-Eisenlohr-Straße 5, 79410 Badenweiler",+49 7632 720,,way/58776340,Rathaus Badenweiler,9.0
DE-G-08315022,Buggingen,gemeinde,Baden-Württemberg,,,,,,
DE-G-08315074,Müllheim im Markgräflerland,gemeinde,Baden-Württemberg,"Bismarckstraße 3, 79379 Müllheim im Markgräflerland",+49 7631 8010,,way/163985665,Stadt Müllheim im Markgräflerland,9.0
DE-G-08315111,Sulzburg,gemeinde,Baden-Württemberg,"Hauptstraße 60, 79295 Sulzburg",,,way/110470125,Rathaus,6.5
DE-G-08315041,Glottertal,gemeinde,Baden-Württemberg,"Talstraße 45, 79286 Glottertal",,,way/108049208,Rathaus,6.5
DE-G-08315094,St. Märgen,gemeinde,Baden-Württemberg,"Rathausplatz 6, 79274 St. Märgen",+49 7669 91180,rathaus@st-maergen.de,way/108752102,Gemeindeverwaltung St. Märgen,9.0
DE-G-08315095,St. Peter,gemeinde,Baden-Württemberg,"Klosterhof 12, 79271 St. Peter",,,way/26658762,(Baustelle) Rathaus,6.5
DE-G-08315028,Ebringen,gemeinde,Baden-Württemberg,,,,,,
DE-G-08315089,Pfaffenweiler,gemeinde,Baden-Württemberg,"Rathausgasse 4, 79292 Pfaffenweiler",,,way/27249297,Rathaus,6.5
DE-G-08315098,Schallstadt,gemeinde,Baden-Württemberg,"Waldseemüller-Straße 1, 79227 Schallstadt",,,way/794920319,Rathaus,6.4
DE-G-08315037,Feldberg (Schwarzwald),gemeinde,Baden-Württemberg,"Kirchgasse 1, 79868 Feldberg",,,way/161815053,Rathaus Feldberg,8.5
DE-G-08315102,Schluchsee,gemeinde,Baden-Württemberg,"Fischbacher Straße 7, 79859 Schluchsee",,,way/149450077,Rathaus Schluchsee,8.5
DE-G-08315108,Staufen im Breisgau,gemeinde,Baden-Württemberg,"Hauptstraße 53, 79219 Staufen im Breisgau",,,way/162292920,Rathaus,6.5
DE-G-08315130,Münstertal/Schwarzwald,gemeinde,Baden-Württemberg,"Wasen 47, 79244 Münstertal",,,way/159064059,Rathaus,6.5
DE-G-08315031,Eisenbach (Hochschwarzwald),gemeinde,Baden-Württemberg,"Bei der Kirche 1, 79871 Eisenbach",,,way/61410894,Rathaus Eisenbach,8.4
DE-G-08315113,Titisee-Neustadt,gemeinde,Baden-Württemberg,"Pfauenstraße 2, 79822 Titisee-Neustadt",,,node/4526413082,Stadtverwaltung Titisee-Neustadt,8.4
DE-G-08316009,Denzlingen,gemeinde,Baden-Württemberg,"Hauptstraße 110, 79211 Denzlingen",,,way/267275621,Rathaus Denzlingen,8.5
DE-G-08316036,Reute,gemeinde,Baden-Württemberg,,,,,,
DE-G-08316045,Vörstetten,gemeinde,Baden-Württemberg,"Freiburger Straße 2, 79279 Vörstetten",,,way/90523938,,6.5
DE-G-08316003,Biederbach,gemeinde,Baden-Württemberg,"Dorfstraße 18, 79215 Biederbach",,,way/108597674,Gemeindeverwaltung Biederbach,8.5
DE-G-08316010,Elzach,gemeinde,Baden-Württemberg,"Hauptstraße 69, 79215 Elzach",,,node/1404594873,Rathaus,6.5
DE-G-08316055,Winden im Elztal,gemeinde,Baden-Württemberg,"Bahnhofstraße 1, 79297 Winden im Elztal",,,way/44871106,Rathaus Winden im Elztal,8.4
DE-G-08316011,Emmendingen,gemeinde,Baden-Württemberg,"Landvogtei 10, 79312 Emmendingen",+49 7641 4520,,way/48488857,Rathaus Emmendingen,9.0
DE-G-08316024,Malterdingen,gemeinde,Baden-Württemberg,"Hauptstraße 18, 79364 Malterdingen",,,way/31823913,Rathaus,6.5
DE-G-08316039,Sexau,gemeinde,Baden-Württemberg,,,,,,
DE-G-08316043,Teningen,gemeinde,Baden-Württemberg,,,,,,
DE-G-08316054,Freiamt,gemeinde,Baden-Württemberg,"Sägplatz 1, 79348 Freiamt",,,way/129709469,Rathaus Freiamt,8.3
DE-G-08316017,Herbolzheim,gemeinde,Baden-Württemberg,"Hauptstraße 26, 79336 Herbolzheim",,,way/198310054,Rathaus Herbolzheim,8.5
DE-G-08316020,Kenzingen,gemeinde,Baden-Württemberg,,,,,,
DE-G-08316049,Weisweil,gemeinde,Baden-Württemberg,"Hinterdorfstraße 14, 79367 Weisweil",,,way/199707353,Rathaus Weisweil,8.5
DE-G-08316053,Rheinhausen,gemeinde,Baden-Württemberg,"Hauptstraße 95, 79365 Rheinhausen",,,way/194400857,Rathaus Rheinhausen,8.4
DE-G-08316002,Bahlingen am Kaiserstuhl,gemeinde,Baden-Württemberg,,,,,,
DE-G-08316012,Endingen am Kaiserstuhl,gemeinde,Baden-Württemberg,,,,,,
DE-G-08316013,Forchheim,gemeinde,Baden-Württemberg,"Herrenstraße 33, 79362 Forchheim",,,way/273857678,,6.5
DE-G-08316037,Riegel am Kaiserstuhl,gemeinde,Baden-Württemberg,"Hauptstraße 31, 79359 Riegel am Kaiserstuhl",,,way/110524732,Rathaus,6.5
DE-G-08316038,Sasbach am Kaiserstuhl,gemeinde,Baden-Württemberg,,,,,,
DE-G-08316051,Wyhl am Kaiserstuhl,gemeinde,Baden-Württemberg,,,,,,
DE-G-08316014,Gutach im Breisgau,gemeinde,Baden-Württemberg,"Dorfstraße 33, 79261",,,way/229581287,Rathaus Gutach im Breisgau,5.3
DE-G-08316042,Simonswald,gemeinde,Baden-Württemberg,"Talstraße 12, Simonswald",,,way/112399864,,3.5
DE-G-08316056,Waldkirch,gemeinde,Baden-Württemberg,"Fabrik Sonntag 8, 79183 Waldkirch",,,node/1851835993,Notariat Waldkirch,8.4
DE-G-08317005,Appenweier,gemeinde,Baden-Württemberg,"Hauptstraße 12, 77767 Appenweier",,,node/2907005865,Rathaus,6.2
DE-G-08317031,Friesenheim,gemeinde,Baden-Württemberg,"Friesenheimer Hauptstraße 71-73, 77948 Friesenheim",,,way/161863531,Rathaus,6.5
DE-G-08317051,Hornberg,gemeinde,Baden-Württemberg,,,,,,
DE-G-08317057,Kehl,gemeinde,Baden-Württemberg,"Hauptstraße 85, 77694 Kehl",,,way/28440015,Rathaus,6.5
DE-G-08317141,Willstätt,gemeinde,Baden-Württemberg,"Am Mühlplatz 1, 77731 Willstätt",+49 7852 430,gemeinde@willstaett.de,node/4453348292,Rathaus Willstätt,9.0
DE-G-08317151,Neuried,gemeinde,Baden-Württemberg,"Kirchstraße 21, 77743 Neuried",,,way/189118371,Gemeinde Neuried,8.5
DE-G-08317153,Rheinau,gemeinde,Baden-Württemberg,"Rheinstraße 52, 77866 Rheinau",+49 7844 4000,buergerbuero@rheinau.de,way/42397495,Rathaus Rheinau I,9.0
DE-G-08317001,Achern,gemeinde,Baden-Württemberg,,,,,,
DE-G-08317068,Lauf,gemeinde,Baden-Württemberg,"Hauptstraße 70, 77886 Lauf",+49 7841 20060,,way/313815183,Rathaus Lauf,9.0
DE-G-08317116,Sasbach,gemeinde,Baden-Württemberg,"Kirchplatz 4, 77880 Sasbach",+49 7841 6860,,way/118706365,Rathaus Sasbach,9.0
DE-G-08317118,Sasbachwalden,gemeinde,Baden-Württemberg,,,,,,
DE-G-08317026,Ettenheim,gemeinde,Baden-Württemberg,"Rohanstraße 16, 77955 Ettenheim",+49 7822 4320,,way/193040923,Rathaus,7.0
DE-G-08317073,Mahlberg,gemeinde,Baden-Württemberg,,,,,,
DE-G-08317113,Ringsheim,gemeinde,Baden-Württemberg,"Rathausplatz 1, 77975 Ringsheim",,,way/207860207,Rathaus,6.5
DE-G-08317114,Rust,gemeinde,Baden-Württemberg,"Fischerstraße 51, 77977 Rust",,,node/387511346,Rathaus Rust,8.5
DE-G-08317152,Kappel-Grafenhausen,gemeinde,Baden-Württemberg,"Rathausstraße 2, 77966 Kappel-Grafenhausen",,,way/226868627,,6.5
DE-G-08317009,Berghaupten,gemeinde,Baden-Württemberg,"Rathausplatz 2, 77791 Berghaupten",+49 7803 9677 0,,way/116909297,,7.0
DE-G-08317034,Gengenbach,gemeinde,Baden-Württemberg,"Victor-Kretz-Straße 2, 77723 Gengenbach",+49 7803 9300,info@stadt-gengenbach.de,way/91332976,Rathaus Gengenbach,9.0
DE-G-08317097,Ohlsbach,gemeinde,Baden-Württemberg,"Hauptstraße 33, 77797 Ohlsbach",,,way/356726634,Rathaus Ohlsbach,8.5
DE-G-08317029,Fischerbach,gemeinde,Baden-Württemberg,"Hauptstraße 38, 77716 Fischerbach",+49783291900,,way/310621940,Rathaus Fischerbach,9.0
DE-G-08317040,Haslach im Kinzigtal,gemeinde,Baden-Württemberg,"Am Marktplatz 1, 77716 Haslach im Kinzigtal",,,way/313850645,Rathaus,6.5
DE-G-08317046,Hofstetten,gemeinde,Baden-Württemberg,"Hauptstraße 5, 77716 Hofstetten",,,way/389347903,Rathaus,6.5
DE-G-08317078,Mühlenbach,gemeinde,Baden-Württemberg,"Hauptstraße 24, 77796 Mühlenbach",+49 7832 91180,,node/1223283882,Rathaus,7.0
DE-G-08317129,Steinach,gemeinde,Baden-Württemberg,"Kirchstraße 4, 77790 Steinach",,,way/317221262,Rathaus Steinach,8.5
DE-G-08317039,Gutach (Schwarzwaldbahn),gemeinde,Baden-Württemberg,"Hauptstraße 38, 77793 Gutach (Schwarzwaldbahn)",,,way/29261735,Gemeindeverwaltung Gutach (Schwarzwaldbahn),8.5
DE-G-08317041,Hausach,gemeinde,Baden-Württemberg,"Hauptstraße 40, 77756 Hausach",,,way/281874577,Rathaus Hausach,8.5
DE-G-08317056,Kappelrodeck,gemeinde,Baden-Württemberg,"Hauptstraße 65, 77876 Kappelrodeck",+49 7842 8020,,way/26624475,Rathaus Kappelrodeck,9.0
DE-G-08317102,Ottenhöfen im Schwarzwald,gemeinde,Baden-Württemberg,,,,,,
DE-G-08317126,Seebach,gemeinde,Baden-Württemberg,"Ruhesteinstraße 21, 77889 Seebach",+49 7842 94830,gemeinde@seebach.de,way/302124307,Rathaus Seebach,9.0
DE-G-08317059,Kippenheim,gemeinde,Baden-Württemberg,,,,,,
DE-G-08317065,Lahr/Schwarzwald,gemeinde,Baden-Württemberg,,,,,,
DE-G-08317008,Bad Peterstal-Griesbach,gemeinde,Baden-Württemberg,"Schwarzwaldstraße 11, 77740 Bad Peterstal-Griesbach",,,way/167008397,Rathaus,6.5
DE-G-08317098,Oppenau,gemeinde,Baden-Württemberg,"Rathausplatz 1, 77728 Oppenau",,,way/295609057,Rathaus,6.5
DE-G-08317067,Lautenbach,gemeinde,Baden-Württemberg,"Hauptstraße 48, Lautenbach",+49 7802 92590,rathaus@lautenbach-renchtal.de,way/96679106,Rathaus,4.0
DE-G-08317089,Oberkirch,gemeinde,Baden-Württemberg,"Eisenbahnstraße 1, 77704 Oberkirch",,,way/173337980,Stadtverwaltung Oberkirch,8.5
DE-G-08317110,Renchen,gemeinde,Baden-Württemberg,"Hauptstraße 57, 77871 Renchen",,,way/116558816,Rathaus,6.5
DE-G-08317021,Durbach,gemeinde,Baden-Württemberg,"Tal 5, 77770 Durbach",+49 781 4830,rathaus@durbach.de,way/125502109,Rathaus Durbach,9.0
DE-G-08317047,Hohberg,gemeinde,Baden-Württemberg,"Freiburger Straße 32, 77749 Hohberg",,,way/147395084,Rathaus,6.5
DE-G-08317096,Offenburg,gemeinde,Baden-Württemberg,,,,,,
DE-G-08317100,Ortenberg,gemeinde,Baden-Württemberg,"Dorfplatz 1, 77799 Ortenberg",+49 781 93350,,way/177518308,Rathaus,7.0
DE-G-08317122,Schutterwald,gemeinde,Baden-Württemberg,,,,,,
DE-G-08317121,Schuttertal,gemeinde,Baden-Württemberg,"Hauptstraße 5, 77978 Schuttertal",,,way/152619978,Gemeindeverwaltung Schuttertal,8.3
DE-G-08317127,Seelbach,gemeinde,Baden-Württemberg,"Schuttertalstraße 8, 77960 Seelbach",,,way/146347027,,6.3
DE-G-08317075,Meißenheim,gemeinde,Baden-Württemberg,"Winkelstraße 28, 77974 Meißenheim",,,way/433875986,Rathaus Meißenheim,8.4
DE-G-08317150,Schwanau,gemeinde,Baden-Württemberg,"Kirchstraße 16, 77963 Schwanau",,,way/404797402,Gemeindeverwaltung Schwanau,8.5
DE-G-08317093,Oberwolfach,gemeinde,Baden-Württemberg,,,,,,
DE-G-08317145,Wolfach,gemeinde,Baden-Württemberg,"Hauptstraße 41, 77709 Wolfach",+49 7834 835345,,node/2419232695,Rathaus,7.0
DE-G-08317011,Biberach,gemeinde,Baden-Württemberg,"Hauptstraße 27, 77781 Biberach",,,way/176242025,Rathaus,6.5
DE-G-08317085,Nordrach,gemeinde,Baden-Württemberg,"Im Dorf 26, 77787 Nordrach",+49 7838 92990,,way/339183577,Rathaus Nordrach,9.0
DE-G-08317088,Oberharmersbach,gemeinde,Baden-Württemberg,"Dorf 30, 77784 Oberharmersbach",+49 7837 92970,gemeinde@oberharmersbach.de,way/114861751,Rathaus Oberharmersbach,9.0
DE-G-08317146,Zell am Harmersbach,gemeinde,Baden-Württemberg,"Hauptstraße 19, 77736 Zell am Harmersbach",,,way/343701526,Rathaus,6.5
DE-G-08325012,Dornhan,gemeinde,Baden-Württemberg,,,,,,
DE-G-08325014,Dunningen,gemeinde,Baden-Württemberg,"Hauptstraße 25, 78655 Dunningen",,,way/154902566,Rathaus Dunningen,8.5
DE-G-08325071,Eschbronn,gemeinde,Baden-Württemberg,"Hauptstraße 8, 78664 Eschbronn",,,way/312380626,Gemeindeverwaltung Eschbronn,8.5
DE-G-08325015,Epfendorf,gemeinde,Baden-Württemberg,"Adenauerstraße 14, 78736 Epfendorf",,,way/436014064,Rathaus Gemeinde Epfendorf,8.5
DE-G-08325045,Oberndorf am Neckar,gemeinde,Baden-Württemberg,"Alt-Dorfstraße 40, 78727 Oberndorf am Neckar",,,way/684690468,Rathaus,6.2
DE-G-08325070,Fluorn-Winzeln,gemeinde,Baden-Württemberg,"Freudenstädter Straße 20, 78737 Fluorn-Winzeln",,,node/289765980,Gemeindeverwaltung Fluorn-Winzeln,8.5
DE-G-08325011,Dietingen,gemeinde,Baden-Württemberg,"Kirchplatz 1, 78661 Dietingen",,,way/162833945,Rathaus Dietingen,8.5
DE-G-08325049,Rottweil,gemeinde,Baden-Württemberg,"Bruderschaftsgasse 4, 78628 Rottweil",,,node/1546446542,Neues Rathaus,6.5
DE-G-08325064,Wellendingen,gemeinde,Baden-Württemberg,"Schloßplatz 1, 78669 Wellendingen",,,node/11559341664,Rathaus der Gemeinde Wellendingen,8.5
DE-G-08325069,Zimmern ob Rottweil,gemeinde,Baden-Württemberg,,,,,,
DE-G-08325072,Deißlingen,gemeinde,Baden-Württemberg,"Kehlhof 1, 78652 Deißlingen",,,way/107748210,Gemeindeverwaltung Deißlingen,8.5
DE-G-08325050,Schenkenzell,gemeinde,Baden-Württemberg,"Reinerzaustraße 12, 77773 Schenkenzell",+49 7836 93970,,way/284970344,Rathaus Schenkenzell,9.0
DE-G-08325051,Schiltach,gemeinde,Baden-Württemberg,"Marktplatz 6, 77761 Schiltach",+49 7836 580,,way/290223891,Rathaus Schiltach,9.0
DE-G-08325001,Aichhalden,gemeinde,Baden-Württemberg,"Alpirsbacher Straße 18, 78733 Aichhalden",,,way/810583569,Rathaus,6.1
DE-G-08325024,Hardt,gemeinde,Baden-Württemberg,"Mariazeller Straße 1, 78739 Hardt",,,way/204417576,Rathaus Hardt,8.5
DE-G-08325036,Lauterbach,gemeinde,Baden-Württemberg,"Schramberger Straße 5, 78730 Lauterbach",,,node/3938000858,Rathaus Lauterbach,8.5
DE-G-08325053,Schramberg,gemeinde,Baden-Württemberg,"Hauptstraße 25, 78713 Schramberg",,,way/107685192,,6.5
DE-G-08325057,Sulz am Neckar,gemeinde,Baden-Württemberg,"Obere Hauptstraße 2, 72172 Sulz am Neckar",,,way/119932137,Rathaus Sulz am Neckar,8.4
DE-G-08325061,Vöhringen,gemeinde,Baden-Württemberg,,,,,,
DE-G-08325009,Bösingen,gemeinde,Baden-Württemberg,"Epfendorfer Straße 6, 78662 Bösingen",,,way/425316652,,6.5
DE-G-08325060,Villingendorf,gemeinde,Baden-Württemberg,,,,,,
DE-G-08326003,Bad Dürrheim,gemeinde,Baden-Württemberg,"Schulplatz 9, 78073 Bad Dürrheim",,,way/100611747,,5.8
DE-G-08326005,Blumberg,gemeinde,Baden-Württemberg,"Hauptstraße 97, 78176 Blumberg",,,way/169223370,,6.5
DE-G-08326031,Königsfeld im Schwarzwald,gemeinde,Baden-Württemberg,"Rathausstraße 2, 78126 Königsfeld im Schwarzwald",,,way/53215262,Rathaus,6.5
DE-G-08326052,St. Georgen im Schwarzwald,gemeinde,Baden-Württemberg,"Hauptstraße 9, 78112 St. Georgen",,,way/96391450,Rathaus,6.5
DE-G-08326068,Vöhrenbach,gemeinde,Baden-Württemberg,"Friedrichstraße 8, 78147 Vöhrenbach",,,way/320273396,Rathaus,6.5
DE-G-08326006,Bräunlingen,gemeinde,Baden-Württemberg,,,,,,
DE-G-08326012,Donaueschingen,gemeinde,Baden-Württemberg,,,,,,
DE-G-08326027,Hüfingen,gemeinde,Baden-Württemberg,,,,,,
DE-G-08326017,Furtwangen im Schwarzwald,gemeinde,Baden-Württemberg,,,,,,
DE-G-08326020,Gütenbach,gemeinde,Baden-Württemberg,,,,,,
DE-G-08326054,Schönwald im Schwarzwald,gemeinde,Baden-Württemberg,"Franz-Schubert-Straße 3, 78141 Schönwald im Schwarzwald",,,way/142822128,Rathaus,6.5
DE-G-08326055,Schonach im Schwarzwald,gemeinde,Baden-Württemberg,,,,,,
DE-G-08326060,Triberg im Schwarzwald,gemeinde,Baden-Württemberg,"Hauptstraße 57, 78098 Triberg im Schwarzwald",,,node/1506831239,Rathaus,6.5
DE-G-08326010,Dauchingen,gemeinde,Baden-Württemberg,"Deißlinger Straße 1, 78083 Dauchingen",,,way/439885962,,6.5
DE-G-08326037,Mönchweiler,gemeinde,Baden-Württemberg,"Hindenburgstraße 42, 78087 Mönchweiler",,,node/598915661,Rathaus Mönchweiler,8.5
DE-G-08326041,Niedereschach,gemeinde,Baden-Württemberg,,,,,,
DE-G-08326061,Tuningen,gemeinde,Baden-Württemberg,"Auf dem Platz 1, 78609 Tuningen",+49 7464 98610,,way/328075065,Rathaus Tuningen,9.0
DE-G-08326065,Unterkirnach,gemeinde,Baden-Württemberg,"Villinger Straße 5, 78089 Unterkirnach",,,way/99142953,Rathaus,6.5
DE-G-08326074,Villingen-Schwenningen,gemeinde,Baden-Württemberg,"Hauptstraße 32, 78052 Villingen-Schwenningen",,,way/90683802,,6.1
DE-G-08326075,Brigachtal,gemeinde,Baden-Württemberg,"St.-Gallus-Straße 4, 78086 Brigachtal",,,node/413437853,Rathaus Brigachtal,8.5
DE-G-08327004,Bärenthal,gemeinde,Baden-Württemberg,"Kirchstraße 8, 78580 Bärenthal",,,way/231735485,Gemeindeverwaltung Bärenthal,8.5
DE-G-08327008,Buchheim,gemeinde,Baden-Württemberg,"Rathausstraße 4, 88637 Buchheim",,,way/249217072,,6.5
DE-G-08327016,Fridingen an der Donau,gemeinde,Baden-Württemberg,"Kirchplatz 2, 78567 Fridingen an der Donau",+49 7463 837 0,info@fridingen.de,way/229593318,Stadtverwaltung Fridingen an der Donau,9.0
DE-G-08327027,Irndorf,gemeinde,Baden-Württemberg,"Eichfelsenstraße 22, 78597",,,node/1728172595,Gemeindeverwaltung Irndorf,5.5
DE-G-08327030,Kolbingen,gemeinde,Baden-Württemberg,"Hauptstraße 3, 78600 Kolbingen",,,node/975452150,Rathaus Kolbingen,8.5
DE-G-08327036,Mühlheim an der Donau,gemeinde,Baden-Württemberg,"Hauptstraße 16, 78570 Mühlheim an der Donau",,,way/224228335,Stadtverwaltung Mühlheim an der Donau,8.5
DE-G-08327041,Renquishausen,gemeinde,Baden-Württemberg,"Kolbinger Straße 1, 78603 Renquishausen",,,node/938889193,Rathaus,6.5
DE-G-08327007,Bubsheim,gemeinde,Baden-Württemberg,"Gosheimer Straße 4, 78585 Bubsheim",,,way/444645328,Rathaus Bubsheim,8.5
DE-G-08327009,Deilingen,gemeinde,Baden-Württemberg,"An der Steig 1, 78586 Deilingen",,,way/225300733,Rathaus,6.5
DE-G-08327013,Egesheim,gemeinde,Baden-Württemberg,"Hauptstraße 10, 78592 Egesheim",,,node/1347981135,,6.5
DE-G-08327019,Gosheim,gemeinde,Baden-Württemberg,"Hauptstraße 47, 78559 Gosheim",,,way/320731024,Gemeindeverwaltung Gosheim,8.5
DE-G-08327029,Königsheim,gemeinde,Baden-Württemberg,,,,,,
DE-G-08327040,Reichenbach am Heuberg,gemeinde,Baden-Württemberg,"Kirchstraße 8, 78564 Reichenbach am Heuberg",,,way/292953653,Gemeindeverwaltung Reichenbach am Heuberg,8.5
DE-G-08327051,Wehingen,gemeinde,Baden-Württemberg,"Gosheimer Straße 14, 78564 Wehingen",+49 7426 94700,,way/180422870,Bürgermeisteramt Wehingen,9.0
DE-G-08327018,Geisingen,gemeinde,Baden-Württemberg,"Hauptstraße 36, 78187 Geisingen",,,way/628667012,Rathaus Geisingen,8.5
DE-G-08327025,Immendingen,gemeinde,Baden-Württemberg,,,,,,
DE-G-08327002,Aldingen,gemeinde,Baden-Württemberg,"Marktplatz 3-5, 78554 Aldingen",,,way/317182869,,6.5
DE-G-08327005,Balgheim,gemeinde,Baden-Württemberg,"Marienplatz 3, 78582 Balgheim",,,way/256101645,Rathaus Balgheim,8.5
DE-G-08327006,Böttingen,gemeinde,Baden-Württemberg,"Allenspacher Weg 2, 78583 Böttingen",,,way/466318206,Rathaus Böttingen,8.5
DE-G-08327010,Denkingen,gemeinde,Baden-Württemberg,,,,,,
DE-G-08327011,Dürbheim,gemeinde,Baden-Württemberg,"Probststraße 2, 78589 Dürbheim",,,way/562009477,Gemeindeverwaltung Dürbheim,8.5
DE-G-08327017,Frittlingen,gemeinde,Baden-Württemberg,"Hauptstraße 46, 78665 Frittlingen",,,way/37471453,Rathaus Frittlingen,8.5
DE-G-08327023,Hausen ob Verena,gemeinde,Baden-Württemberg,"Hauptstraße 34, 78595 Hausen ob Verena",,,way/503778676,Bürgermeisteramt Hausen ob Verena,8.5
DE-G-08327033,Mahlstetten,gemeinde,Baden-Württemberg,"Rathausstraße 1, 78601 Mahlstetten",,,way/561976025,Gemeindeverwaltung Mahlstetten,8.5
DE-G-08327046,Spaichingen,gemeinde,Baden-Württemberg,"Marktplatz 19, 78549 Spaichingen",+49 7424 95710,,node/3445469012,Rathaus Spaichingen,9.0
DE-G-08327012,Durchhausen,gemeinde,Baden-Württemberg,"Dorfstraße 51, 78591 Durchhausen",,,way/310932553,Rathaus Durchhausen,8.5
DE-G-08327020,Gunningen,gemeinde,Baden-Württemberg,,,,,,
DE-G-08327048,Talheim,gemeinde,Baden-Württemberg,"Kirchbrunnen 6, 78607 Talheim",,,way/302247933,Gemeineverwaltung Talheim,8.5
DE-G-08327049,Trossingen,gemeinde,Baden-Württemberg,,,,,,
DE-G-08327038,Neuhausen ob Eck,gemeinde,Baden-Württemberg,"Rathausplatz 1, 78579 Neuhausen ob Eck",,,way/219949462,Rathaus Neuhausen ob Eck,8.5
DE-G-08327050,Tuttlingen,gemeinde,Baden-Württemberg,"Rathausstraße 1, 78532 Tuttlingen",+49 7461 99 0,,node/1738554639,Rathaus,7.0
DE-G-08327054,Wurmlingen,gemeinde,Baden-Württemberg,"Obere Hauptstraße 4, 78573 Wurmlingen",,,way/351235121,Rathaus,6.5
DE-G-08327055,Seitingen-Oberflacht,gemeinde,Baden-Württemberg,"Obere Hauptstraße 8, 78606 Seitingen-Oberflacht",,,way/568822025,Gemeindeverwaltung Seitingen-Oberflacht,8.5
DE-G-08327056,Rietheim-Weilheim,gemeinde,Baden-Württemberg,"Rathausplatz 3, 78604 Rietheim-Weilheim",,,way/188584706,Gemeindeverwaltung Rietheim-Weilheim,8.4
DE-G-08327057,Emmingen-Liptingen,gemeinde,Baden-Württemberg,"Schulstraße 8, 78576 Emmingen-Liptingen",,,way/387987938,Gemeindeverwaltung Emmingen-Liptingen,8.5
DE-G-08335035,Hilzingen,gemeinde,Baden-Württemberg,"Hauptstraße 36, 78247 Hilzingen",,,node/4585260534,Rathaus,6.5
DE-G-08335063,Radolfzell am Bodensee,gemeinde,Baden-Württemberg,"Marktplatz 2, 78315 Radolfzell am Bodensee",+49 7732 810,stadt@radolfzell.de,way/45138070,Rathaus,7.0
DE-G-08335080,Tengen,gemeinde,Baden-Württemberg,"Marktstraße 1, 78250 Tengen",,,way/223158310,Rathaus Tengen,8.5
DE-G-08335001,Aach,gemeinde,Baden-Württemberg,"Hauptstraße 16, 78267 Aach",+49 7774 93090,,way/300038774,Stadtverwaltung Aach,9.0
DE-G-08335022,Engen,gemeinde,Baden-Württemberg,"Hauptstraße 11, 78234 Engen",+49 7733 5020,,way/104503245,Rathaus Engen,9.0
DE-G-08335097,Mühlhausen-Ehingen,gemeinde,Baden-Württemberg,"Schloßstraße 46, 78259 Mühlhausen-Ehingen",,,way/152534296,Gemeindeverwaltung Mühlhausen-Ehingen,8.5
DE-G-08335015,Büsingen am Hochrhein,gemeinde,Baden-Württemberg,,,,,,
DE-G-08335026,Gailingen am Hochrhein,gemeinde,Baden-Württemberg,"Hauptstraße 7, 78262 Gailingen am Hochrhein",,,way/284138018,Rathaus,6.5
DE-G-08335028,Gottmadingen,gemeinde,Baden-Württemberg,"Johann-Georg-Fahr-Straße 10, 78244 Gottmadingen",,,node/363816013,Rathaus Gottmadingen,8.5
DE-G-08335025,Gaienhofen,gemeinde,Baden-Württemberg,,,,,,
DE-G-08335055,Moos,gemeinde,Baden-Württemberg,"Bohlinger Straße 18, 78345 Moos",,,way/1320893318,Rathaus,6.5
DE-G-08335061,Öhningen,gemeinde,Baden-Württemberg,"Klosterplatz 1, 78337 Öhningen",+49 7735 8190,,way/234554299,Rathaus Öhningen,9.0
DE-G-08335002,Allensbach,gemeinde,Baden-Württemberg,"Rathausplatz 1, 78476 Allensbach",+49 7533 8010,,way/43078686,Rathaus Allensbach,9.0
DE-G-08335043,Konstanz,gemeinde,Baden-Württemberg,"Kanzleistraße 15, 78462 Konstanz",,,way/237392416,Rathaus Konstanz,8.5
DE-G-08335066,Reichenau,gemeinde,Baden-Württemberg,"Münsterplatz 2, 78479 Reichenau",,rathaus@reichenau.de,way/51206382,Rathaus Reichenau,8.5
DE-G-08335075,Singen (Hohentwiel),gemeinde,Baden-Württemberg,"Hohgarten 1, 78224 Singen (Hohentwiel)",+49 7731 850,,relation/1633652,Rathaus Singen,9.0
DE-G-08335077,Steißlingen,gemeinde,Baden-Württemberg,"Schulstraße 19, 78256 Steißlingen",+49 7738 92930,gemeinde@steisslingen.de,way/264634616,Rathaus Steißlingen,9.0
DE-G-08335081,Volkertshausen,gemeinde,Baden-Württemberg,"Hauptstraße 27, 78269 Volkertshausen",,,way/530057238,Rathaus Volkertshausen,8.5
DE-G-08335100,Rielasingen-Worblingen,gemeinde,Baden-Württemberg,"Lessingstraße 2, 78239 Rielasingen-Worblingen",+49 7731 93210,info@rielasingen-worblingen.de,way/339253645,Gemeindeverwaltung Rielasingen-Worblingen,9.0
DE-G-08335021,Eigeltingen,gemeinde,Baden-Württemberg,"Krumme Straße 1, 78253 Eigeltingen",+49 7774 93220,gemeinde@eigeltingen.de,node/9911766680,Rathaus Eigeltingen,9.0
DE-G-08335057,Mühlingen,gemeinde,Baden-Württemberg,"Im Göhren 2, 78357 Mühlingen",,,way/304384868,Rathaus Mühlingen,8.5
DE-G-08335079,Stockach,gemeinde,Baden-Württemberg,"Adenauerstraße 4, 78333 Stockach",,,way/423127702,Rathaus,6.4
DE-G-08335096,Hohenfels,gemeinde,Baden-Württemberg,"Hauptstraße 30, 78355 Hohenfels",,,way/404747299,Gemeindeverwaltung Hohenfels,8.5
DE-G-08335098,Bodman-Ludwigshafen,gemeinde,Baden-Württemberg,,,,,,
DE-G-08335099,Orsingen-Nenzingen,gemeinde,Baden-Württemberg,"Stockacher Straße 2, 78359 Orsingen-Nenzingen",+49 7771 93410,,way/315159471,Gemeindeverwaltung Orsingen-Nenzingen,9.0
DE-G-08336014,Efringen-Kirchen,gemeinde,Baden-Württemberg,"Hauptstraße 26, 79588 Efringen-Kirchen",,,way/28918776,Rathaus,6.5
DE-G-08336084,Steinen,gemeinde,Baden-Württemberg,"Eisenbahnstraße 31, 79585 Steinen",,,way/86322977,Rathaus Steinen,8.5
DE-G-08336087,Todtnau,gemeinde,Baden-Württemberg,"Rathausplatz 1, 79674 Todtnau",,,way/87979718,Rathaus Todtnau,8.5
DE-G-08336091,Weil am Rhein,gemeinde,Baden-Württemberg,"Rathausplatz 1, 79576 Weil am Rhein",+49 7621 7040,stadt@weil-am-rhein.de,way/90505577,Rathaus,6.9
DE-G-08336105,Grenzach-Wyhlen,gemeinde,Baden-Württemberg,,,,,,
DE-G-08336107,Kleines Wiesental,gemeinde,Baden-Württemberg,"Tegernauer Ortsstraße 9, 79692 Kleines Wiesental",,,way/277655793,Gemeindeverwaltung Kleines Wiesental,8.5
DE-G-08336045,Kandern,gemeinde,Baden-Württemberg,"Waldeckstraße 39, 79400 Kandern",,,node/685768447,Stadtverwaltung Kandern,8.5
DE-G-08336104,Malsburg-Marzell,gemeinde,Baden-Württemberg,"Rathausplatz 1, 79429 Malsburg-Marzell",,,way/89233820,Gemeindeverwaltung Malsburg-Marzell,8.4
DE-G-08336043,Inzlingen,gemeinde,Baden-Württemberg,,,,,,
DE-G-08336050,Lörrach,gemeinde,Baden-Württemberg,"Luisenstraße 16, 79539 Lörrach",,,way/86323418,Rathaus Lörrach,8.4
DE-G-08336069,Rheinfelden (Baden),gemeinde,Baden-Württemberg,"Kirchplatz 2, 79618 Rheinfelden",,,way/59277476,Rathaus Rheinfelden,8.5
DE-G-08336082,Schwörstadt,gemeinde,Baden-Württemberg,,,,,,
DE-G-08336006,Bad Bellingen,gemeinde,Baden-Württemberg,"Rheinstraße 25, 79415 Bad Bellingen",,,node/615919591,Rathaus Bad Bellingen,8.5
DE-G-08336078,Schliengen,gemeinde,Baden-Württemberg,"Altinger Straße 2, 79418 Schliengen",,,node/7780866836,Gemeindeverwaltung Schliengen,8.5
DE-G-08336004,Aitern,gemeinde,Baden-Württemberg,"Schulweg 6, 79677 Aitern",,,way/158501329,Rathaus Aitern,8.5
DE-G-08336010,Böllen,gemeinde,Baden-Württemberg,"Oberböllen 19, 79677 Böllen",,,way/136212395,Gemeindeverwaltung Böllen,8.5
DE-G-08336025,Fröhnd,gemeinde,Baden-Württemberg,"Unterkastel 21, 79677 Fröhnd",,,way/225141169,Gemeindeverwaltung Fröhnd,8.5
DE-G-08336079,Schönau im Schwarzwald,gemeinde,Baden-Württemberg,"Talstraße 22, 79677 Schönau im Schwarzwald",,,way/414858102,Stadt Schönau im Schwarzwald,8.5
DE-G-08336080,Schönenberg,gemeinde,Baden-Württemberg,"Belchenstraße 1, 79677 Schönenberg",,,way/225033779,Rathaus Schönenberg,8.5
DE-G-08336089,Tunau,gemeinde,Baden-Württemberg,"Dorfstraße 2, 79677 Tunau",,,way/413405211,Rathaus Tunau,8.5
DE-G-08336090,Utzenfeld,gemeinde,Baden-Württemberg,"Wiesentalstraße 29, 79694 Utzenfeld",,,way/223465634,Gemeindeverwaltung Utzenfeld,8.5
DE-G-08336094,Wembach,gemeinde,Baden-Württemberg,"Bifigstraße 2, 79677 Wembach",,,way/225036612,Gemeindeverwaltung Wembach,8.5
DE-G-08336096,Wieden,gemeinde,Baden-Württemberg,"Kirchstraße 2, 79695 Wieden",,,way/116635613,Gemeindeverwaltung Wieden,8.5
DE-G-08336034,Hasel,gemeinde,Baden-Württemberg,"Hofstraße 2, 79686 Hasel",,,way/276146301,Bürgermeisteramt Hasel,8.5
DE-G-08336036,Hausen im Wiesental,gemeinde,Baden-Württemberg,,,,,,
DE-G-08336057,Maulburg,gemeinde,Baden-Württemberg,,,,,,
DE-G-08336081,Schopfheim,gemeinde,Baden-Württemberg,"Hauptstraße 31, 79650 Schopfheim",,,way/40096728,Rathaus Schopfheim,8.5
DE-G-08336008,Binzen,gemeinde,Baden-Württemberg,"Am Rathausplatz 6, Binzen",,,way/151992340,,3.5
DE-G-08336019,Eimeldingen,gemeinde,Baden-Württemberg,"Dorfstraße 1, 79591 Eimeldingen",,,way/23909327,Rathaus Eimeldingen,8.5
DE-G-08336024,Fischingen,gemeinde,Baden-Württemberg,"Kirchplatz 6, 79592 Fischingen",,,node/389607320,,6.5
DE-G-08336073,Rümmingen,gemeinde,Baden-Württemberg,,,,,,
DE-G-08336075,Schallbach,gemeinde,Baden-Württemberg,,,,,,
DE-G-08336100,Wittlingen,gemeinde,Baden-Württemberg,,,,,,
DE-G-08336103,Zell im Wiesental,gemeinde,Baden-Württemberg,"Constanze-Weber-Gasse 4, 79669 Zell im Wiesental",,,way/427893541,Rathaus der Stadt Zell im Wiesental,8.5
DE-G-08336106,Häg-Ehrsberg,gemeinde,Baden-Württemberg,"Rathausstraße 27, 79685 Häg-Ehrsberg",,,way/411057775,Gemeindeverwaltung Häg-Ehrsberg,8.4
DE-G-08337002,Albbruck,gemeinde,Baden-Württemberg,"Schulstraße 6, 79774 Albbruck",,,way/174497986,Rathaus Albbruck,8.5
DE-G-08337038,Görwihl,gemeinde,Baden-Württemberg,"Hauptstraße 54, 79733 Görwihl",,,way/307059083,Rathaus Görwihl,8.5
DE-G-08337062,Klettgau,gemeinde,Baden-Württemberg,"Degernauer Straße 22, 79771 Klettgau",,,way/314156015,Bürgermeisteramt Klettgau,8.5
DE-G-08337066,Laufenburg (Baden),gemeinde,Baden-Württemberg,"Hauptstraße 30, 79725 Laufenburg (Baden)",,,way/168926595,Stadtverwaltung Laufenburg (Baden),8.5
DE-G-08337106,Stühlingen,gemeinde,Baden-Württemberg,,,,,,
DE-G-08337116,Wehr,gemeinde,Baden-Württemberg,"Hauptstraße 16, 79664 Wehr",+49 7762 8080,stadt@wehr.de,way/183187436,Rathaus,7.0
DE-G-08337022,Bonndorf im Schwarzwald,gemeinde,Baden-Württemberg,"Martinstraße 8, 79848 Bonndorf im Schwarzwald",,,way/224679423,Stadtverwaltung Bonndorf im Schwarzwald,8.5
DE-G-08337127,Wutach,gemeinde,Baden-Württemberg,"Amtshausstraße 2, 79879 Wutach",,,way/91434233,Bürgermeisteramt Wutach,8.5
DE-G-08337030,Dettighofen,gemeinde,Baden-Württemberg,"Berwanger Straße 5, 79802 Dettighofen",,,way/440758592,Rathaus Dettighofen,8.5
DE-G-08337060,Jestetten,gemeinde,Baden-Württemberg,"Hombergstraße 2, 79798 Jestetten",+49 7745 92090,,node/344335063,Rathaus Jestetten,9.0
DE-G-08337070,Lottstetten,gemeinde,Baden-Württemberg,"Rathausplatz 1, 79807 Lottstetten",,,way/27841648,Rathaus,6.5
DE-G-08337053,Hohentengen am Hochrhein,gemeinde,Baden-Württemberg,,,,,,
DE-G-08337125,Küssaberg,gemeinde,Baden-Württemberg,"Gemeindezentrum 1, 79790 Küssaberg",+49 7741 60010,,way/103728815,Gemeindeverwaltung Küssaberg,8.9
DE-G-08337039,Grafenhausen,gemeinde,Baden-Württemberg,"Schulstraße 6, 79865 Grafenhausen",,,way/1433078587,,6.5
DE-G-08337128,Ühlingen-Birkendorf,gemeinde,Baden-Württemberg,"Kirchstraße 1, 79777 Ühlingen-Birkendorf",,,way/131341244,Gemeindeverwaltung Ühlingen-Birkendorf,8.5
DE-G-08337049,Herrischried,gemeinde,Baden-Württemberg,"Hauptstraße 28, 79737 Herrischried",,,way/303085838,Gemeindeverwaltung Herrischried,8.5
DE-G-08337076,Murg,gemeinde,Baden-Württemberg,"Hauptstraße 52, 79730 Murg",+49 7763 930 0,,way/168985363,Gemeindeverwaltung Murg,9.0
DE-G-08337090,Rickenbach,gemeinde,Baden-Württemberg,"Hauptstraße 7, 79736 Rickenbach",,,way/177333578,Rathaus Rickenbach,8.5
DE-G-08337096,Bad Säckingen,gemeinde,Baden-Württemberg,"Rathausplatz 1, 79713 Bad Säckingen",,,way/25813207,Rathaus,6.5
DE-G-08337013,Bernau im Schwarzwald,gemeinde,Baden-Württemberg,"Rathausstraße 18, 79872 Bernau im Schwarzwald",,,way/256861385,Rathaus Bernau im Schwarzwald,8.5
DE-G-08337027,Dachsberg (Südschwarzwald),gemeinde,Baden-Württemberg,"Rathausstraße 1, 79875 Dachsberg",,,way/317156716,Gemeindeverwaltung Dachsberg,8.5
DE-G-08337045,Häusern,gemeinde,Baden-Württemberg,"St.-Fridolin-Straße 5, 79837 Häusern",,,way/138562725,Gemeindeverwaltung Häusern,8.5
DE-G-08337051,Höchenschwand,gemeinde,Baden-Württemberg,"Waldshuter Straße 2, 79862 Höchenschwand",+49767248190,,way/1260740069,Rathaus Höchenschwand,9.0
DE-G-08337059,Ibach,gemeinde,Baden-Württemberg,"Hofrain 1, 79837 Ibach",,,way/280873705,Rathaus Ibach,8.5
DE-G-08337097,St. Blasien,gemeinde,Baden-Württemberg,,,,,,
DE-G-08337108,Todtmoos,gemeinde,Baden-Württemberg,"Sankt-Blasier-Straße 2, 79682 Todtmoos",,,way/188794797,Todtmoos,8.5
DE-G-08337032,Dogern,gemeinde,Baden-Württemberg,"Rathausweg 1, 79804 Dogern",,,way/175697564,Gemeindeverwaltung Dogern,8.5
DE-G-08337065,Lauchringen,gemeinde,Baden-Württemberg,"Hohrainstraße 59, 79787 Lauchringen",+49 7741 60950,lauchringen@lauchringen.de,way/147733343,Rathaus Gemeinde Lauchringen,8.9
DE-G-08337118,Weilheim,gemeinde,Baden-Württemberg,"Badener Platz 1, 79809 Weilheim",,,way/1557964034,Rathaus Weilheim,8.5
DE-G-08337126,Waldshut-Tiengen,gemeinde,Baden-Württemberg,"Rathausstraße 4, 79761 Waldshut-Tiengen",+49 7741 833710,,way/93263042,Rathaus,6.8
DE-G-08337123,Wutöschingen,gemeinde,Baden-Württemberg,"Kirchstraße 5, 79793 Wutöschingen",,,way/294872851,Gemeinde Wutöschingen,8.5
DE-G-08337124,Eggingen,gemeinde,Baden-Württemberg,,,,,,
DE-G-08415014,Dettingen an der Erms,gemeinde,Baden-Württemberg,,,,,,
DE-G-08415019,Eningen unter Achalm,gemeinde,Baden-Württemberg,,,,,,
DE-G-08415059,Pfullingen,gemeinde,Baden-Württemberg,,,,,,
DE-G-08415061,Reutlingen,gemeinde,Baden-Württemberg,"Marktplatz 22, 72764 Reutlingen",,,way/24057401,Rathaus Reutlingen,8.5
DE-G-08415073,Trochtelfingen,gemeinde,Baden-Württemberg,"Kirchstraße 11, 72818 Trochtelfingen",,,way/322009810,,6.2
DE-G-08415080,Wannweil,gemeinde,Baden-Württemberg,"Hauptstraße 11, 72827 Wannweil",+49712195850,info@gemeinde-wannweil.de,node/287831808,Rathaus Wannweil,9.0
DE-G-08415091,Sonnenbühl,gemeinde,Baden-Württemberg,"Hauptstraße 2, 72820 Sonnenbühl",,,way/47229136,Gemeindeverwaltung Sonnenbühl,8.5
DE-G-08415092,Lichtenstein,gemeinde,Baden-Württemberg,"Rathausplatz 17, 72805 Lichtenstein",,,way/198356773,Rathaus Lichtenstein,8.5
DE-G-08415093,St. Johann,gemeinde,Baden-Württemberg,"Schulstraße 1, 72813 St. Johann",+49 7122 82990,info@st-johann.de,way/93258868,Gemeindeverwaltung St. Johann,9.0
DE-G-08415089,Engstingen,gemeinde,Baden-Württemberg,"Kirchstraße 6, 72829 Engstingen",+49 7129 939 90,info@engstingen.de,way/31452429,Gemeindeverwaltung Engstingen,9.0
DE-G-08415090,Hohenstein,gemeinde,Baden-Württemberg,"Im Dorf 14, 72531 Hohenstein",+49 7387 98700,,way/258785744,Gemeindeverwaltung Hohenstein,9.0
DE-G-08415029,Grafenberg,gemeinde,Baden-Württemberg,"Bergstraße 30, 72661 Grafenberg",,,way/322940967,,6.5
DE-G-08415050,Metzingen,gemeinde,Baden-Württemberg,"Stuttgarter Straße 2-4, 72555 Metzingen",+49 7123 9250,,node/1985648322,Neues Rathaus,7.0
DE-G-08415062,Riederich,gemeinde,Baden-Württemberg,"Mittelstädter Straße 17, 72585 Riederich",,,way/212069614,Rathaus Riederich,8.5
DE-G-08415027,Gomadingen,gemeinde,Baden-Württemberg,,,,,,
DE-G-08415048,Mehrstetten,gemeinde,Baden-Württemberg,,,,,,
DE-G-08415053,Münsingen,gemeinde,Baden-Württemberg,"Bachwiesenstraße 7, 72525 Münsingen",+49 7381 1820,,way/249986248,Rathaus Münsingen,9.0
DE-G-08415060,Pliezhausen,gemeinde,Baden-Württemberg,"Marktplatz 1, 72124 Pliezhausen",,,node/3954453731,Rathaus Pliezhausen,8.5
DE-G-08415087,Walddorfhäslach,gemeinde,Baden-Württemberg,"Hauptstraße 9, 72141 Walddorfhäslach",,,way/169634543,Gemeindeverwaltung Walddorfhäslach,8.5
DE-G-08415028,Grabenstetten,gemeinde,Baden-Württemberg,"Böhringer Straße 10, 72582 Grabenstetten",,,way/374141291,Rathaus,6.5
DE-G-08415039,Hülben,gemeinde,Baden-Württemberg,"Hauptstraße 1, 72584 Hülben",,,way/281146771,Rathaus,6.5
DE-G-08415078,Bad Urach,gemeinde,Baden-Württemberg,"Marktplatz 9, 72574 Bad Urach",+49 7125 1560,info@bad-urach.de,way/292730861,Rathaus Stadt Bad Urach,9.0
DE-G-08415088,Römerstein,gemeinde,Baden-Württemberg,"Albstraße 2, 72587 Römerstein",,,way/262599228,Gemeindeverwaltung Römerstein,8.5
DE-G-08415034,Hayingen,gemeinde,Baden-Württemberg,"Marktstraße 1, 72534 Hayingen",,,way/242788813,Rathaus Hayingen,8.5
DE-G-08415058,Pfronstetten,gemeinde,Baden-Württemberg,"Hauptstraße 25, 72539 Pfronstetten",,,way/261597477,Gemeindeverwaltung Pfronstetten,8.5
DE-G-08415085,Zwiefalten,gemeinde,Baden-Württemberg,"Marktplatz 3, 88529 Zwiefalten",,,way/280491141,Gemeindeverwaltung Zwiefalten,8.5
DE-G-08416009,Dettenhausen,gemeinde,Baden-Württemberg,"Bismarckstraße 7, 72135 Dettenhausen",,,way/131924577,"Rathaus, Gemeindeverwaltung Dettenhausen",6.5
DE-G-08416022,Kirchentellinsfurt,gemeinde,Baden-Württemberg,"Rathausplatz 1, 72138 Kirchentellinsfurt",,,way/231141151,Rathaus,6.5
DE-G-08416023,Kusterdingen,gemeinde,Baden-Württemberg,"Kirchentellinsfurter Straße 9, 72127 Kusterdingen",,,way/32598460,Rathaus,6.5
DE-G-08416041,Tübingen,gemeinde,Baden-Württemberg,"Am Markt 1, 72070 Tübingen",,,way/682712527,Rathaus,6.5
DE-G-08416048,Ammerbuch,gemeinde,Baden-Württemberg,"Schwedenstraße 21, 72119 Ammerbuch",+49 7073 91715115,,node/4976375415,,6.5
DE-G-08416011,Dußlingen,gemeinde,Baden-Württemberg,"Rathausplatz 1, 72144 Dußlingen",,,node/1909911495,Rathaus Dußlingen,8.5
DE-G-08416015,Gomaringen,gemeinde,Baden-Württemberg,"Lindenstraße 63, 72810 Gomaringen",,,way/218694110,Rathaus Gomaringen,8.5
DE-G-08416026,Nehren,gemeinde,Baden-Württemberg,"Hauptstraße 32, 72147 Nehren",+49 7473 3785-0,,way/307846087,Rathaus Nehren,9.0
DE-G-08416006,Bodelshausen,gemeinde,Baden-Württemberg,"Am Burghof 8, 72411 Bodelshausen",,,way/198441591,Rathaus,6.5
DE-G-08416025,Mössingen,gemeinde,Baden-Württemberg,"Freiherr-vom-Stein-Straße 20, 72116 Mössingen",,,way/241991004,Rathaus Mössingen,8.4
DE-G-08416031,Ofterdingen,gemeinde,Baden-Württemberg,"Rathausgasse 2, 72131 Ofterdingen",,,way/318479042,Rathaus Ofterdingen,8.5
DE-G-08416018,Hirrlingen,gemeinde,Baden-Württemberg,"Schloßhof 1, 72145 Hirrlingen",+49 7478 9311 0,info@hirrlingen.de,node/288460811,Rathaus,7.0
DE-G-08416036,Rottenburg am Neckar,gemeinde,Baden-Württemberg,"Bei der Kirche 3, 72108 Rottenburg am Neckar",,,way/217782457,Rathaus,6.2
DE-G-08416049,Neustetten,gemeinde,Baden-Württemberg,"Hohenzollernstraße 4, 72149 Neustetten",,,way/1133330057,Bürgermeisteramt Neustetten,8.5
DE-G-08416050,Starzach,gemeinde,Baden-Württemberg,"Hauptstraße 15, 72181 Starzach",+49 7483 188-0,,way/240614934,"Gemeindeverwaltung Starzach, Rathaus",9.0
DE-G-08417013,Burladingen,gemeinde,Baden-Württemberg,"Hauptstraße 49, 72393 Burladingen",+49 7475 8920,info@burladingen.de,way/515541102,Rathaus,7.0
DE-G-08417025,Haigerloch,gemeinde,Baden-Württemberg,,,,,,
DE-G-08417054,Rosenfeld,gemeinde,Baden-Württemberg,"Frauenberggasse 1, 72348 Rosenfeld",,,way/311568994,Rathaus,6.5
DE-G-08417010,Bitz,gemeinde,Baden-Württemberg,"Hindenburgplatz 7, 72475 Bitz",,,way/24211658,Rathaus,6.5
DE-G-08417079,Albstadt,gemeinde,Baden-Württemberg,"Marktstraße 35, 72458 Albstadt",,,way/25983587,Rathaus,6.5
DE-G-08417002,Balingen,gemeinde,Baden-Württemberg,"Färberstraße 2, 72336 Balingen",,,way/139524084,Rathaus,6.5
DE-G-08417022,Geislingen,gemeinde,Baden-Württemberg,"Vorstadtstraße 9, 72351 Geislingen",+49 7433 9684-0,,way/143885294,Rathaus,7.0
DE-G-08417008,Bisingen,gemeinde,Baden-Württemberg,"Heidelbergstraße 9, 72406 Bisingen",,,node/1311794060,Rathaus Bisingen,8.5
DE-G-08417023,Grosselfingen,gemeinde,Baden-Württemberg,,,,,,
DE-G-08417031,Hechingen,gemeinde,Baden-Württemberg,"Marktplatz 1, 72379 Hechingen",,,way/27410458,Rathaus,6.5
DE-G-08417036,Jungingen,gemeinde,Baden-Württemberg,,,,,,
DE-G-08417051,Rangendingen,gemeinde,Baden-Württemberg,"Schulstraße 10, 72414 Rangendingen",,,way/53177178,Rathaus,6.5
DE-G-08417044,Meßstetten,gemeinde,Baden-Württemberg,"Unterdorfstraße 17, 72469 Meßstetten",,,way/405687774,Rathaus,6.1
DE-G-08417045,Nusplingen,gemeinde,Baden-Württemberg,"Marktplatz 8, 72362 Nusplingen",,,way/334330389,Rathaus,6.5
DE-G-08417047,Obernheim,gemeinde,Baden-Württemberg,,,,,,
DE-G-08417014,Dautmergen,gemeinde,Baden-Württemberg,,,,,,
DE-G-08417015,Dormettingen,gemeinde,Baden-Württemberg,,,,,,
DE-G-08417016,Dotternhausen,gemeinde,Baden-Württemberg,,,,,,
DE-G-08417029,Hausen am Tann,gemeinde,Baden-Württemberg,"Mühlstraße 6, 72361 Hausen am Tann",,,way/197936240,Rathaus,6.5
DE-G-08417052,Ratshausen,gemeinde,Baden-Württemberg,"Schloßhof 4, 72365 Ratshausen",,,way/186955032,Gemeindeverwaltung Ratshausen,8.5
DE-G-08417057,Schömberg,gemeinde,Baden-Württemberg,,,,,,
DE-G-08417071,Weilen unter den Rinnen,gemeinde,Baden-Württemberg,"Angelstraße 1, 72367 Weilen unter den Rinnen",,,way/194528693,Gemeindeverwaltung Weilen unter den Rinnen,8.5
DE-G-08417078,Zimmern unter der Burg,gemeinde,Baden-Württemberg,"Kirchstraße 5, 72369 Zimmern unter der Burg",,,node/1295433627,Rathaus Zimmern unter der Burg,8.5
DE-G-08417063,Straßberg,gemeinde,Baden-Württemberg,"Lindenstraße 5, 72479 Straßberg",+49 7434 9384-0,,way/107742404,Rathaus Straßberg,9.0
DE-G-08417075,Winterlingen,gemeinde,Baden-Württemberg,,,,,,
DE-G-08421000,Ulm,gemeinde,Baden-Württemberg,"Marktplatz 1, 89073 Ulm",,,way/52525823,Rathaus,6.5
DE-G-08425039,Erbach,gemeinde,Baden-Württemberg,"Erlenbachstraße 20, 89155",,,node/1613490469,Rathaus Erbach,5.5
DE-G-08425108,Schelklingen,gemeinde,Baden-Württemberg,,,,,,
DE-G-08425141,Blaustein,gemeinde,Baden-Württemberg,,,,,,
DE-G-08425002,Allmendingen,gemeinde,Baden-Württemberg,"Steißlinger Straße 16, 89604 Allmendingen",,,way/252080640,Rathaus,6.0
DE-G-08425004,Altheim,gemeinde,Baden-Württemberg,,,,,,
DE-G-08425017,Berghülen,gemeinde,Baden-Württemberg,"Hauptstraße 2, 89180 Berghülen",,,way/288917381,Rathaus,6.5
DE-G-08425020,Blaubeuren,gemeinde,Baden-Württemberg,,,,,,
DE-G-08425028,Dietenheim,gemeinde,Baden-Württemberg,,,,,,
DE-G-08425066,Illerrieden,gemeinde,Baden-Württemberg,,,,,,
DE-G-08425140,Balzheim,gemeinde,Baden-Württemberg,"Am Dorfplatz 8, 88481 Balzheim",,,way/173982597,Rathaus Balzheim,8.5
DE-G-08425014,Beimerstetten,gemeinde,Baden-Württemberg,"Kirchgasse 1, 89179 Beimerstetten",,,way/339195245,Rathaus und Gemeindehaus,6.5
DE-G-08425031,Dornstadt,gemeinde,Baden-Württemberg,"Kirchplatz 2, 89160 Dornstadt",,,node/373831605,Rathaus,6.5
DE-G-08425135,Westerstetten,gemeinde,Baden-Württemberg,"Kirchstraße 3, 89198 Westerstetten",,,way/111206610,Rathaus,6.5
DE-G-08425033,Ehingen (Donau),gemeinde,Baden-Württemberg,"Marktplatz 1, 89584 Ehingen (Donau)",,,way/99601775,Stadtverwaltung Ehingen (Donau),8.5
DE-G-08425050,Griesingen,gemeinde,Baden-Württemberg,,,,,,
DE-G-08425088,Oberdischingen,gemeinde,Baden-Württemberg,,,,,,
DE-G-08425093,Öpfingen,gemeinde,Baden-Württemberg,,,,,,
DE-G-08425064,Hüttisheim,gemeinde,Baden-Württemberg,"Hauptstraße 33, 89185",,,way/179512853,Rathaus,3.5
DE-G-08425110,Schnürpflingen,gemeinde,Baden-Württemberg,"Hauptstraße 17, 89194",,,way/217397324,Rathaus,3.5
DE-G-08425137,Illerkirchberg,gemeinde,Baden-Württemberg,"Hauptstraße 49, 89171 Illerkirchberg",,,way/170604118,Gemeindeverwaltung Illerkirchberg,8.5
DE-G-08425138,Staig,gemeinde,Baden-Württemberg,"Raiffeisenstraße 7, 89195 Staig",+49 7346 96030,,node/276402238,Rathaus Staig,8.9
DE-G-08425071,Laichingen,gemeinde,Baden-Württemberg,"Bahnhofstraße 26, 89150 Laichingen",,,way/371301373,Stadtverwaltung Laichingen,8.5
DE-G-08425079,Merklingen,gemeinde,Baden-Württemberg,,,,,,
DE-G-08425084,Nellingen,gemeinde,Baden-Württemberg,,,,,,
DE-G-08425134,Westerheim,gemeinde,Baden-Württemberg,,,,,,
DE-G-08425139,Heroldstatt,gemeinde,Baden-Württemberg,"Am Berg 1, 72535 Heroldstatt",,,way/292032208,Gemeindeverwaltung Heroldstatt,8.4
DE-G-08425005,Altheim (Alb),gemeinde,Baden-Württemberg,"Schmiedgasse 15, 89174 Altheim (Alb)",,,way/350402578,Bürgermeisteramt Altheim (Alb),8.5
DE-G-08425011,Asselfingen,gemeinde,Baden-Württemberg,,,,,,
DE-G-08425013,Ballendorf,gemeinde,Baden-Württemberg,,,,,,
DE-G-08425019,Bernstadt,gemeinde,Baden-Württemberg,,,,,,
DE-G-08425022,Börslingen,gemeinde,Baden-Württemberg,"Hauptstraße 25, 89177 Börslingen",,,way/230249821,Gemeinde Börslingen,8.5
DE-G-08425024,Breitingen,gemeinde,Baden-Württemberg,,,,,,
DE-G-08425062,Holzkirch,gemeinde,Baden-Württemberg,,,,,,
DE-G-08425072,Langenau,gemeinde,Baden-Württemberg,"Marktplatz 1, 89129",,,way/261738876,Rathaus,3.5
DE-G-08425083,Neenstetten,gemeinde,Baden-Württemberg,"Dorfplatz 1, 89189 Neenstetten",,,way/389159978,Rathaus Neenstetten,8.5
DE-G-08425085,Nerenstetten,gemeinde,Baden-Württemberg,"Schulstraße 8, 89129 Nerenstetten",,,way/369928322,Rathaus Nerenstetten,8.5
DE-G-08425092,Öllingen,gemeinde,Baden-Württemberg,"Hauptstraße 42, 89129 Öllingen",,,way/209872544,Rathaus Öllingen,8.5
DE-G-08425097,Rammingen,gemeinde,Baden-Württemberg,"Rathausgasse 7, 89192 Rammingen",,,way/350633840,Rathaus,6.5
DE-G-08425112,Setzingen,gemeinde,Baden-Württemberg,"Marktplatz 1, 89129",,,way/261738876,Rathaus,3.1
DE-G-08425130,Weidenstetten,gemeinde,Baden-Württemberg,"Dorfplatz 1, 89197 Weidenstetten",,,way/151353748,Rathaus Weidenstetten,8.5
DE-G-08425008,Amstetten,gemeinde,Baden-Württemberg,"Lonetalstraße 19, 73340 Amstetten",,,way/102737593,Rathaus,6.5
DE-G-08425075,Lonsee,gemeinde,Baden-Württemberg,"Urspringer Straße 6, 89173 Lonsee",,,way/298357764,,6.0
DE-G-08425035,Emeringen,gemeinde,Baden-Württemberg,"Lederstraße 2, 88499 Emeringen",,,way/103777746,Rathaus,6.5
DE-G-08425036,Emerkingen,gemeinde,Baden-Württemberg,,,,,,
DE-G-08425052,Grundsheim,gemeinde,Baden-Württemberg,"Kirchweg 1, Grundsheim",,,way/237923042,Rathaus,3.5
DE-G-08425055,Hausen am Bussen,gemeinde,Baden-Württemberg,,,,,,
DE-G-08425073,Lauterach,gemeinde,Baden-Württemberg,"Lautertalstraße 16, Lauterach",,,way/180693421,Rathaus,3.5
DE-G-08425081,Munderkingen,gemeinde,Baden-Württemberg,"Marktstraße 1, 89597 Munderkingen",+49 7393 5980,,way/180478027,Rathaus Munderkingen,9.0
DE-G-08425090,Obermarchtal,gemeinde,Baden-Württemberg,"Hauptstraße 21, Obermarchtal",,,way/100059222,Rathaus,3.5
DE-G-08425091,Oberstadion,gemeinde,Baden-Württemberg,"Kirchplatz 29, 89613 Oberstadion",,,way/171004020,Rathaus,6.5
DE-G-08425098,Rechtenstein,gemeinde,Baden-Württemberg,"Braunselweg 2, Rechtenstein",,,way/102346756,Rathaus,3.5
DE-G-08425104,Rottenacker,gemeinde,Baden-Württemberg,"Bühlstraße 7, Rottenacker",,,way/168542427,Rathaus,3.5
DE-G-08425123,Untermarchtal,gemeinde,Baden-Württemberg,"Bahnhofstraße 4, Untermarchtal",+49 7393 917383,,way/55654685,Rathaus,4.0
DE-G-08425124,Unterstadion,gemeinde,Baden-Württemberg,,,,,,
DE-G-08425125,Unterwachingen,gemeinde,Baden-Württemberg,,,,,,
DE-G-08426134,Schemmerhofen,gemeinde,Baden-Württemberg,"Hauptstraße 25, 88433 Schemmerhofen",,,way/256741442,Rathaus Schemmerhofen,8.5
DE-G-08426005,Alleshausen,gemeinde,Baden-Württemberg,"Hauptstraße 10, 88422 Alleshausen",,,way/241777108,Rathaus Alleshausen,8.5
DE-G-08426006,Allmannsweiler,gemeinde,Baden-Württemberg,,,,,,
DE-G-08426013,Bad Buchau,gemeinde,Baden-Württemberg,"Marktplatz 2, 88422 Bad Buchau",,,way/96626119,Rathaus,6.5
DE-G-08426020,Betzenweiler,gemeinde,Baden-Württemberg,"Riedlinger Straße 4, 88422 Betzenweiler",,,way/237121362,Rathaus Betzenweiler,8.5
DE-G-08426036,Dürnau,gemeinde,Baden-Württemberg,"Im Winkel 2, 88422 Dürnau",,,way/312581427,Rathaus Dürnau,8.5
DE-G-08426064,Kanzach,gemeinde,Baden-Württemberg,"Rathausweg 6, 88422 Kanzach",,,way/256604973,Rathaus Kanzach,8.5
DE-G-08426078,Moosburg,gemeinde,Baden-Württemberg,"Bad Buchauer Straße 59, 88422 Moosburg",,,way/95557426,Rathaus Moosburg,8.5
DE-G-08426090,Oggelshausen,gemeinde,Baden-Württemberg,"Schulstraße 5, 88422 Oggelshausen",,,way/251946204,Rathaus Oggelshausen,8.5
DE-G-08426109,Seekirch,gemeinde,Baden-Württemberg,"Hauptstraße 23, 88422 Seekirch",,,way/251212070,Rathaus Seekirch,8.5
DE-G-08426118,Tiefenbach,gemeinde,Baden-Württemberg,"Buchauer Straße 21, 88422 Tiefenbach",,,way/251521651,Rathaus Tiefenbach,8.5
DE-G-08426014,Bad Schussenried,gemeinde,Baden-Württemberg,"Wilhelm-Schussen-Straße 36, 88427 Bad Schussenried",,,way/286300741,Rathaus Bad Schussenried,8.5
DE-G-08426062,Ingoldingen,gemeinde,Baden-Württemberg,"St. Georgenstraße 1, 88456 Ingoldingen",,,way/198469057,,6.5
DE-G-08426011,Attenweiler,gemeinde,Baden-Württemberg,"Bachstraße 7, 88448 Attenweiler",,,way/261439082,Gemeindeverwaltung Attenweiler,8.5
DE-G-08426021,Biberach an der Riß,gemeinde,Baden-Württemberg,"Matthias-Erzberger-Platz 1, 88400 Biberach an der Riß",+49 7351 510,info@biberach-riss.de,way/245780857,Neues Rathaus,7.0
DE-G-08426038,Eberhardzell,gemeinde,Baden-Württemberg,"Burgstraße 2, 88436 Eberhardzell",,,way/122140891,Rathaus,6.5
DE-G-08426058,Hochdorf,gemeinde,Baden-Württemberg,"Hauptstraße 29, 88454 Hochdorf",,,way/115466874,Gemeindeverwaltung Hochdorf,8.5
DE-G-08426071,Maselheim,gemeinde,Baden-Württemberg,"Wennedacher Straße 5, 88437 Maselheim",,,way/321218071,Rathaus Maselheim,8.5
DE-G-08426074,Mittelbiberach,gemeinde,Baden-Württemberg,"Biberacher Straße 59, 88441 Mittelbiberach",,,way/102363630,Rathaus,6.5
DE-G-08426120,Ummendorf,gemeinde,Baden-Württemberg,"Biberacher Straße 9, 88444 Ummendorf",+49735134770,,way/101949865,Gemeindeverwaltung Ummendorf,9.0
DE-G-08426128,Warthausen,gemeinde,Baden-Württemberg,"Alte Biberacher Straße 13, 88447 Warthausen",,,way/136654290,Bürgermeisteramt Warthausen,8.5
DE-G-08426019,Berkheim,gemeinde,Baden-Württemberg,,,,,,
DE-G-08426031,Dettingen an der Iller,gemeinde,Baden-Württemberg,,,,,,
DE-G-08426044,Erolzheim,gemeinde,Baden-Württemberg,"Marktplatz 7, Erolzheim",,,way/411435896,Rathaus,3.5
DE-G-08426065,Kirchberg an der Iller,gemeinde,Baden-Württemberg,"Hauptstraße 20, 88486 Kirchberg an der Iller",,,way/91002328,Rathaus Kirchberg an der Iller,8.5
DE-G-08426066,Kirchdorf an der Iller,gemeinde,Baden-Württemberg,,,,,,
DE-G-08426001,Achstetten,gemeinde,Baden-Württemberg,"Laupheimer Straße 6, 88480 Achstetten",,,node/1417086029,Rathaus,6.5
DE-G-08426028,Burgrieden,gemeinde,Baden-Württemberg,"Rathausplatz 2, 88483 Burgrieden",+49739297190,,way/289048408,Rathaus Burgrieden,9.0
DE-G-08426070,Laupheim,gemeinde,Baden-Württemberg,"Marktplatz 1, 88471 Laupheim",,,way/108435427,Rathaus,6.5
DE-G-08426073,Mietingen,gemeinde,Baden-Württemberg,"Kirchstraße 4, 88487 Mietingen",+49 7392 9720-0,,relation/19400751,Rathaus Mietingen,9.0
DE-G-08426043,Erlenmoos,gemeinde,Baden-Württemberg,,,,,,
DE-G-08426087,Ochsenhausen,gemeinde,Baden-Württemberg,"Marktplatz 1, 88416 Ochsenhausen",,,way/216001802,Rathaus,6.5
DE-G-08426113,Steinhausen an der Rottum,gemeinde,Baden-Württemberg,,,,,,
DE-G-08426135,Gutenzell-Hürbel,gemeinde,Baden-Württemberg,"Kirchberger Straße 8, Gutenzell-Hürbel",,,way/338183535,Bürgermeisteramt Gutenzell-Hürbel,5.5
DE-G-08426008,Altheim,gemeinde,Baden-Württemberg,"Donaustraße 1, Altheim",,,way/271073127,Rathaus,3.5
DE-G-08426035,Dürmentingen,gemeinde,Baden-Württemberg,"Hauptstraße 20, Dürmentingen",,,way/240819966,Rathaus,3.5
DE-G-08426045,Ertingen,gemeinde,Baden-Württemberg,"Dürmentinger Straße 14, Ertingen",,,way/259042695,Rathaus,3.5
DE-G-08426067,Langenenslingen,gemeinde,Baden-Württemberg,"Hauptstraße 71, Langenenslingen",+49 7376 969-0,,way/255775196,Gemeindeverwaltung Langenenslingen,6.0
DE-G-08426097,Riedlingen,gemeinde,Baden-Württemberg,"Marktplatz 1, 88499 Riedlingen",,,way/215425218,,6.5
DE-G-08426121,Unlingen,gemeinde,Baden-Württemberg,,,,,,
DE-G-08426124,Uttenweiler,gemeinde,Baden-Württemberg,,,,,,
DE-G-08426100,Rot an der Rot,gemeinde,Baden-Württemberg,,,,,,
DE-G-08426117,Tannheim,gemeinde,Baden-Württemberg,"Rathausplatz 1, 88459 Tannheim",,,way/291593160,Rathaus,6.5
DE-G-08426108,Schwendi,gemeinde,Baden-Württemberg,"Biberacher Straße 1, Schwendi",,,node/3967822098,Rathaus,3.5
DE-G-08426125,Wain,gemeinde,Baden-Württemberg,"Kirchstraße 17, 88489 Wain",,,way/397276486,Rathaus Wain,8.5
DE-G-08435035,Meckenbeuren,gemeinde,Baden-Württemberg,,,,,,
DE-G-08435013,Eriskirch,gemeinde,Baden-Württemberg,"Schussenstraße 18, 88097 Eriskirch",+49 7541 97080,info@eriskirch.de,way/245977622,Rathaus,7.0
DE-G-08435029,Kressbronn am Bodensee,gemeinde,Baden-Württemberg,"Hauptstraße 19, 88079 Kressbronn am Bodensee",,,way/41360913,Rathaus,6.5
DE-G-08435030,Langenargen,gemeinde,Baden-Württemberg,"Obere Seestraße 1, 88085 Langenargen",,,way/172379590,Rathaus,6.5
DE-G-08435016,Friedrichshafen,gemeinde,Baden-Württemberg,"Karlstraße 17, 88045 Friedrichshafen",,info@stadtmarketing-fn.de,node/2428005353,Stadtmarketing Friedrichshafen,8.5
DE-G-08435024,Immenstaad am Bodensee,gemeinde,Baden-Württemberg,"Dr.-Zimmermann-Straße 1, 88090 Immenstaad am Bodensee",+49 7545 2010,,way/125691250,Rathaus,7.0
DE-G-08435005,Bermatingen,gemeinde,Baden-Württemberg,"Salemer Straße 1, 88697 Bermatingen",+49754495020,poststelle@bermatingen.de,way/318929869,Rathaus Bermatingen,9.0
DE-G-08435034,Markdorf,gemeinde,Baden-Württemberg,"Rathausplatz 1, 88677 Markdorf",,,way/121267213,Rathaus,6.5
DE-G-08435045,Oberteuringen,gemeinde,Baden-Württemberg,"St.-Martin-Platz 9, 88094 Oberteuringen",,,way/97377887,Rathaus,6.5
DE-G-08435067,Deggenhausertal,gemeinde,Baden-Württemberg,"Rathausplatz 1, 88693 Deggenhausertal",,,way/425758287,Gemeindeverwaltung Deggenhausertal,8.5
DE-G-08435010,Daisendorf,gemeinde,Baden-Württemberg,"Ortsstraße 22, 88718 Daisendorf",,,way/134414919,Gemeindeverwaltung Daisendorf,8.5
DE-G-08435018,Hagnau am Bodensee,gemeinde,Baden-Württemberg,"Im Hof 3-5, 88709 Hagnau am Bodensee",,,way/121258481,Rathaus,6.5
DE-G-08435036,Meersburg,gemeinde,Baden-Württemberg,"Marktplatz 1, 88709 Meersburg",,,way/36328629,Stadtverwaltung Meersburg,8.5
DE-G-08435054,Stetten,gemeinde,Baden-Württemberg,,,,,,
DE-G-08435066,Uhldingen-Mühlhofen,gemeinde,Baden-Württemberg,"Aachstraße 4, 88690 Uhldingen-Mühlhofen",,,way/159373444,Rathaus Uhldingen-Mühlhofen,8.5
DE-G-08435015,Frickingen,gemeinde,Baden-Württemberg,"Kirchstraße 7, 88699 Frickingen",,,way/131888423,Rathaus,6.5
DE-G-08435020,Heiligenberg,gemeinde,Baden-Württemberg,"Schulstraße 5, 88633 Heiligenberg",+49 7554 9983-0,,way/230765838,Rathaus Heiligenberg,9.0
DE-G-08435052,Salem,gemeinde,Baden-Württemberg,"Am Schlosssee 1, 88682 Salem",+49 7553 823-0,,way/769261433,Rathaus Salem,8.8
DE-G-08435042,Neukirch,gemeinde,Baden-Württemberg,"Schulstraße 3, 88099 Neukirch",,,way/230372415,Rathaus Neukirch,8.5
DE-G-08435057,Tettnang,gemeinde,Baden-Württemberg,"Montfortplatz 7, 88069 Tettnang",+497542 5100,rathaus@tettnang.de,way/79620363,Rathaus Tettnang,9.0
DE-G-08435047,Owingen,gemeinde,Baden-Württemberg,"Hauptstraße 35, 88696 Owingen",,,way/160465397,Rathaus Owingen,8.5
DE-G-08435053,Sipplingen,gemeinde,Baden-Württemberg,"Rathausstraße 10, 78354 Sipplingen",,,way/291600739,Rathaus Sipplingen,8.5
DE-G-08435059,Überlingen,gemeinde,Baden-Württemberg,"Münsterstraße 15, 88662 Überlingen",,,way/135410019,Rathaus Überlingen,8.5
DE-G-08436008,Aulendorf,gemeinde,Baden-Württemberg,,,,,,
DE-G-08436010,Bad Wurzach,gemeinde,Baden-Württemberg,"Marktstraße 16, 88410 Bad Wurzach",,,way/89477315,Rathaus Bad Wurzach,8.5
DE-G-08436049,Isny im Allgäu,gemeinde,Baden-Württemberg,,,,,,
DE-G-08436052,Kißlegg,gemeinde,Baden-Württemberg,"Schloßstraße 5, 88353 Kißlegg",,,way/200969345,Rathaus,6.5
DE-G-08436094,Argenbühl,gemeinde,Baden-Württemberg,"Kirchstraße 9, 88260 Argenbühl",+49 7566 9402-0,,way/116338718,Rathaus Argenbühl,9.0
DE-G-08436005,Altshausen,gemeinde,Baden-Württemberg,"Ebersbacher Straße 4, 88361 Altshausen",,,way/224898579,Gemeindeverwaltungsverband Altshausen,8.5
DE-G-08436019,Boms,gemeinde,Baden-Württemberg,"Kirchstraße 1, 88361 Boms",,,way/536398827,Gemeindeverwaltung Boms,8.5
DE-G-08436024,Ebenweiler,gemeinde,Baden-Württemberg,"Unterwaldhauser Straße 2, 88370 Ebenweiler",,,way/464969690,Rathaus Ebenweiler,8.5
DE-G-08436027,Eichstegen,gemeinde,Baden-Württemberg,"Hauptstraße 11, 88361 Eichstegen",,,way/537167898,Gemeindeverwaltung Eichstegen,8.5
DE-G-08436032,Fleischwangen,gemeinde,Baden-Württemberg,"Rathausstraße 19, 88373",,,node/776139986,Rathaus Fleischwangen,5.5
DE-G-08436040,Guggenhausen,gemeinde,Baden-Württemberg,"Hauptstraße 5, 88379 Guggenhausen",,,way/302906769,Gemeindeverwaltung Guggenhausen,8.5
DE-G-08436047,Hoßkirch,gemeinde,Baden-Württemberg,"Kirchstraße 2, 88374 Hoßkirch",,,way/559175094,Gemeindeverwaltung Hoßkirch,8.5
DE-G-08436053,Königseggwald,gemeinde,Baden-Württemberg,,,,,,
DE-G-08436067,Riedhausen,gemeinde,Baden-Württemberg,"Kirchstraße 1, 88377 Riedhausen",,,way/268669721,,6.5
DE-G-08436077,Unterwaldhausen,gemeinde,Baden-Württemberg,"Hauptstraße 5, 88379 Unterwaldhausen",,,way/245502356,Gemeindeverwaltung Unterwaldhausen,8.5
DE-G-08436093,Ebersbach-Musbach,gemeinde,Baden-Württemberg,"Kirchplatz 4, Ebersbach-Musbach",,,way/88816252,Gemeindeverwaltung Ebersbach-Musbach,5.5
DE-G-08436009,Bad Waldsee,gemeinde,Baden-Württemberg,"Hauptstraße 29, 88339 Bad Waldsee",,,way/131237531,Rathaus Bad Waldsee,8.5
DE-G-08436014,Bergatreute,gemeinde,Baden-Württemberg,"Ravensburger Straße 20, 88368 Bergatreute",+49 7527 9216-0,info@bergatreute.de,way/549204074,Rathaus,7.0
DE-G-08436018,Bodnegg,gemeinde,Baden-Württemberg,,,,,,
DE-G-08436039,Grünkraut,gemeinde,Baden-Württemberg,"Scherzachstraße 2, 88287 Grünkraut",+49 751 7602-0,info@gruenkraut.de,way/277855821,Rathaus Grünkraut,9.0
DE-G-08436069,Schlier,gemeinde,Baden-Württemberg,"Rathausstraße 10, 88281 Schlier",,,way/291827432,Rathaus,6.5
DE-G-08436079,Waldburg,gemeinde,Baden-Württemberg,"Hauptstraße 20, 88289 Waldburg",+49 7529 9717-0,poststelle@gemeinde-waldburg.de,node/1845394369,Rathaus,7.0
DE-G-08436003,Aichstetten,gemeinde,Baden-Württemberg,"Bachstraße 2, 88317 Aichstetten",+49 7565 94180,rathaus@aichstetten.de,way/308629274,Rathaus,7.0
DE-G-08436004,Aitrach,gemeinde,Baden-Württemberg,"Schwalweg 10, 88319 Aitrach",,,way/25629956,Bürgermeisteramt Aitrach,8.5
DE-G-08436055,Leutkirch im Allgäu,gemeinde,Baden-Württemberg,"Marktstraße 26, 88299 Leutkirch im Allgäu",+49 7561 87-0,,way/37848067,Rathaus,7.0
DE-G-08436011,Baienfurt,gemeinde,Baden-Württemberg,"Marktplatz 1, 88255 Baienfurt",,,way/132575946,Rathaus,6.5
DE-G-08436012,Baindt,gemeinde,Baden-Württemberg,"Marsweilerstraße 4, 88255 Baindt",,,way/208689715,Rathaus Baindt,8.5
DE-G-08436013,Berg,gemeinde,Baden-Württemberg,"Bergstraße 35, Berg",,,way/207910405,Rathaus Berg,5.5
DE-G-08436064,Ravensburg,gemeinde,Baden-Württemberg,"Marienplatz 26, Ravensburg",,,way/190180752,Rathaus Ravensburg,5.5
DE-G-08436082,Weingarten,gemeinde,Baden-Württemberg,"Kirchstraße 1, 88250 Weingarten",,,way/147379009,Rathaus,6.5
DE-G-08436078,Vogt,gemeinde,Baden-Württemberg,"Kirchstraße 11, 88267 Vogt",,,way/204893061,Rathaus,6.5
DE-G-08436085,Wolfegg,gemeinde,Baden-Württemberg,,,,,,
DE-G-08436001,Achberg,gemeinde,Baden-Württemberg,"Kirchstraße 9, 88147 Achberg",,,way/231306811,Gemeindeverwaltung Achberg,8.5
DE-G-08436006,Amtzell,gemeinde,Baden-Württemberg,"Waldburger Straße 4, 88279 Amtzell",,info@amtzell.de,way/119149291,Gemeindeverwaltung Amtzell,8.5
DE-G-08436081,Wangen im Allgäu,gemeinde,Baden-Württemberg,,,,,,
DE-G-08436083,Wilhelmsdorf,gemeinde,Baden-Württemberg,"Saalplatz 7, 88271 Wilhelmsdorf",,,way/206227648,Rathaus Wilhelmsdorf,8.5
DE-G-08436095,Horgenzell,gemeinde,Baden-Württemberg,"Kornstraße 44, 88263",,,node/2146900602,Rathaus Horgenzell,5.5
DE-G-08436087,Wolpertswende,gemeinde,Baden-Württemberg,"Kirchplatz 4, 88284",,,node/1875025345,Gemeindeverwaltung Wolpertswende,5.5
DE-G-08436096,Fronreute,gemeinde,Baden-Württemberg,"Schwommengasse 2, 88273 Fronreute",,,way/445451885,Gemeindeverwaltung Fronreute,8.5
DE-G-08437086,Ostrach,gemeinde,Baden-Württemberg,,,,,,
DE-G-08437031,Gammertingen,gemeinde,Baden-Württemberg,"Hohenzollernstraße 5, 72501",,,way/127288458,Rathaus (Spethsches Schloss),3.5
DE-G-08437047,Hettingen,gemeinde,Baden-Württemberg,"Schloß 1, 72513 Hettingen",,,node/11216112997,Stadtverwaltung Hettingen,8.5
DE-G-08437082,Neufra,gemeinde,Baden-Württemberg,"Im Oberdorf 41, 72419 Neufra",,,way/38969416,Rathaus Neufra,8.5
DE-G-08437114,Veringenstadt,gemeinde,Baden-Württemberg,,,,,,
DE-G-08437053,Hohentengen,gemeinde,Baden-Württemberg,"Steige 10, 88367 Hohentengen",,,way/116733126,Gemeindeverwaltung Hohentengen,8.5
DE-G-08437076,Mengen,gemeinde,Baden-Württemberg,"Hauptstraße 90, 88512 Mengen",,,way/215116541,Rathaus,6.5
DE-G-08437101,Scheer,gemeinde,Baden-Württemberg,"Hauptstraße 1, 72516 Scheer",,,way/424959752,Stadtverwaltung Scheer,8.5
DE-G-08437072,Leibertingen,gemeinde,Baden-Württemberg,"Rathausstraße 4, 88637 Leibertingen",,,node/3486220263,Rathaus Leibertingen,8.5
DE-G-08437078,Meßkirch,gemeinde,Baden-Württemberg,"Conradin-Kreutzer-Straße 1, 88605",,,way/142826451,Rathaus Meßkirch,5.5
DE-G-08437123,Sauldorf,gemeinde,Baden-Württemberg,"Hauptstraße 32, 88605 Sauldorf",,,way/291585718,Gemeindeverwaltung Sauldorf,8.5
DE-G-08437056,Illmensee,gemeinde,Baden-Württemberg,"Kirchplatz 5, 88636 Illmensee",,,node/766422850,Gemeinde Illmensee,8.5
DE-G-08437088,Pfullendorf,gemeinde,Baden-Württemberg,"Kirchplatz 1, 88630 Pfullendorf",,,way/171410405,Rathaus,6.5
DE-G-08437118,Wald,gemeinde,Baden-Württemberg,"Von-Weckenstein-Straße 19, 88639 Wald",,,way/208541096,Gemeindeverwaltung Wald,8.5
DE-G-08437124,Herdwangen-Schönach,gemeinde,Baden-Württemberg,"Dorfstraße 49, 88634 Herdwangen-Schönach",+49 7557 9200 0,info@herdwangen-schoenach.de,way/151162532,,6.9
DE-G-08437044,Herbertingen,gemeinde,Baden-Württemberg,"Holzgasse 6, 88518 Herbertingen",,,way/444660757,Rathaus Herbertingen,8.5
DE-G-08437100,Bad Saulgau,gemeinde,Baden-Württemberg,"Steigstraße 12, 88348 Bad Saulgau",,,way/194185016,,5.9
DE-G-08437005,Beuron,gemeinde,Baden-Württemberg,"Kirchstraße 18, 88631 Beuron",+49 7579 92100,,way/231027971,Bürgermeisteramt Beuron,8.4
DE-G-08437008,Bingen,gemeinde,Baden-Württemberg,"Hauptstraße 19, 72511 Bingen",+49 7571 74 07 0,gemeinde@bingen-hohenzollern.de,way/1189300880,,7.0
DE-G-08437059,Inzigkofen,gemeinde,Baden-Württemberg,"Ziegelweg 2, 72514 Inzigkofen",+49 7571 7307-0,post@inzigkofen.de,way/329466030,Gemeindeverwaltung Inzigkofen,9.0
DE-G-08437065,Krauchenwies,gemeinde,Baden-Württemberg,"Hausener Straße 1, 72505 Krauchenwies",,,way/119463575,Rathaus,6.5
DE-G-08437104,Sigmaringen,gemeinde,Baden-Württemberg,"Fürst-Wilhelm-Straße 15, 72488 Sigmaringen",,,way/124706386,Rathaus,6.5
DE-G-08437105,Sigmaringendorf,gemeinde,Baden-Württemberg,"Hauptstraße 9, 72517 Sigmaringendorf",,,node/2140518773,Rathaus Sigmaringendorf,8.5
DE-G-08437102,Schwenningen,gemeinde,Baden-Württemberg,"Alte Pfarrstraße 9, 72477 Schwenningen",+49 7579 92120,,node/4152658435,,7.0
DE-G-08437107,Stetten am kalten Markt,gemeinde,Baden-Württemberg,"Schlosshof 1, 72510 Stetten am kalten Markt",,,way/201015588,Rathaus,6.5
DE-G-09161000,Ingolstadt,gemeinde,Bayern,"Rathausplatz 4, 85049 Ingolstadt",+49 841 3051 600,dialog@ingolstadt.de,way/52512206,Stadt Ingolstadt,9.0
DE-G-09162000,München,gemeinde,Bayern,"Marienplatz 8, 80331 München",+49 89 233-26458,rathaus@muenchen.de,relation/147095,Neues Rathaus,7.0
DE-G-09163000,Rosenheim,gemeinde,Bayern,"Königstraße 24, 83022 Rosenheim",+49 8031 365-01,poststelle@rosenheim.de,way/83747835,Rathaus Rosenheim,9.0
DE-G-09171111,Altötting,gemeinde,Bayern,"Kapellplatz 2a, 84503 Altötting",+49 8671 5062-0,info@altoetting.de,node/875819609,Rathaus Altötting,9.0
DE-G-09171112,Burghausen,gemeinde,Bayern,"Stadtplatz 112, 84489 Burghausen",,,way/121376280,Rathaus,6.4
DE-G-09171113,Burgkirchen a.d.Alz,gemeinde,Bayern,,,,,,
DE-G-09171117,Garching a.d.Alz,gemeinde,Bayern,,,,,,
DE-G-09171118,Haiming,gemeinde,Bayern,,,,,,
DE-G-09171125,Neuötting,gemeinde,Bayern,"Ludwigstraße 62, 84524 Neuötting",,,node/2267926592,Rathaus Neuötting,8.5
DE-G-09171127,Pleiskirchen,gemeinde,Bayern,,,,,,
DE-G-09171131,Teising,gemeinde,Bayern,"Hauptstraße 5, 84576 Teising",,,node/5018088279,,6.5
DE-G-09171132,Töging a.Inn,gemeinde,Bayern,,,,,,
DE-G-09171133,Tüßling,gemeinde,Bayern,,,,,,
DE-G-09171137,Winhöring,gemeinde,Bayern,"Obere Hofmark 7, 84543 Winhöring",,,way/25692058,Rathaus,6.5
DE-G-09172111,Ainring,gemeinde,Bayern,"Salzburger Straße 48, 83404",,,way/65864853,Rathaus Ainring,5.4
DE-G-09172112,Anger,gemeinde,Bayern,"Dorfplatz 4, 83454 Anger",,,way/178218593,Rathaus,6.5
DE-G-09172114,Bad Reichenhall,gemeinde,Bayern,"Rathausplatz 8, 83435 Bad Reichenhall",,,way/169971094,Neues Rathaus,6.5
DE-G-09172115,Bayerisch Gmain,gemeinde,Bayern,,,,,,
DE-G-09172116,Berchtesgaden,gemeinde,Bayern,,,,,,
DE-G-09172117,Bischofswiesen,gemeinde,Bayern,"Rathausplatz 2, 83483 Bischofswiesen",,,way/279674655,Rathaus Bischofswiesen,8.4
DE-G-09172118,Freilassing,gemeinde,Bayern,"Münchener Straße 15, 83395 Freilassing",,,way/24423600,Rathaus Freilassing,8.5
DE-G-09172122,Laufen,gemeinde,Bayern,"Rathausplatz 1, 83410 Laufen",+49 8682 8987-0,info@stadtlaufen.de,way/132043267,Rathaus Laufen (Salzach),9.0
DE-G-09172124,Marktschellenberg,gemeinde,Bayern,"Salzburger Straße 2, 83487 Marktschellenberg",+49 8650 98 88-0,markt@marktschellenberg.de,node/12821388131,Rathaus,7.0
DE-G-09172128,Piding,gemeinde,Bayern,"Thomastraße 2, 83451 Piding",,,way/219659793,Rathaus Gemeinde Piding,8.5
DE-G-09172129,Ramsau b.Berchtesgaden,gemeinde,Bayern,,,,,,
DE-G-09172130,Saaldorf-Surheim,gemeinde,Bayern,"Moosweg 2, 83416 Saaldorf-Surheim",,,way/250693271,,6.5
DE-G-09172131,Schneizlreuth,gemeinde,Bayern,"Berchtesgadener Straße 12, 83458 Schneizlreuth",,,way/228591500,Rathaus Schneizlreuth,8.1
DE-G-09172132,Schönau a.Königssee,gemeinde,Bayern,,,,,,
DE-G-09172134,Teisendorf,gemeinde,Bayern,"Poststraße 14, 83317 Teisendorf",,,way/243601433,Rathaus,6.5
DE-G-09173111,Bad Heilbrunn,gemeinde,Bayern,"Badstraße 3, 83670 Bad Heilbrunn",,,node/1294122467,Rathaus Bad Heilbrunn,8.4
DE-G-09173112,Bad Tölz,gemeinde,Bayern,"Am Schloßplatz 1, 83646 Bad Tölz",,,way/92241623,Rathaus Bad Tölz,8.5
DE-G-09173118,Dietramszell,gemeinde,Bayern,"Klosterplatz 10, 83623 Dietramszell",+49 8027 9058-0,gemeinde@dietramszell.de,node/12824944796,Rathaus Dietramszell,8.9
DE-G-09173120,Egling,gemeinde,Bayern,,,,,,
DE-G-09173123,Eurasburg,gemeinde,Bayern,,,,,,
DE-G-09173124,Gaißach,gemeinde,Bayern,"Bahnhofstraße 8, 83674 Gaißach",,,way/98013351,Rathaus Gaißach,8.4
DE-G-09173126,Geretsried,gemeinde,Bayern,"Karl-Lederer-Platz 1, 82538 Geretsried",+49 8171 62980,stadtverwaltung@geretsried.de,way/92735882,Rathaus Geretsried,8.8
DE-G-09173130,Icking,gemeinde,Bayern,"Mittenwalder Straße 6, 82057 Icking",,,way/181103873,Rathaus Icking,8.5
DE-G-09173131,Jachenau,gemeinde,Bayern,,,,,,
DE-G-09173134,Königsdorf,gemeinde,Bayern,,,,,,
DE-G-09173135,Lenggries,gemeinde,Bayern,"Rathausplatz 1, 83661 Lenggries",,,way/100688443,Rathaus,6.5
DE-G-09173137,Münsing,gemeinde,Bayern,"Weipertshausener Straße 5, 82541",,,node/2279397837,Gemeinde Münsing,5.5
DE-G-09173145,Wackersberg,gemeinde,Bayern,"Bachstraße 8, 83646",+49 8041 79928-0,,way/122109281,Rathaus Wackersberg,5.7
DE-G-09173147,Wolfratshausen,gemeinde,Bayern,"Marienplatz 1, 82515 Wolfratshausen",,,way/93904378,Rathaus Wolfratshausen,8.5
DE-G-09174111,Altomünster,gemeinde,Bayern,"Sankt-Altohof 1, 85250 Altomünster",+49 8254 99970,info@altomuenster.de,way/158600631,Rathaus,7.0
DE-G-09174113,Bergkirchen,gemeinde,Bayern,,,,,,
DE-G-09174115,Dachau,gemeinde,Bayern,"Konrad-Adenauer-Straße 2-6, 85221 Dachau",,,way/250619212,Rathaus,6.5
DE-G-09174118,Erdweg,gemeinde,Bayern,,,,,,
DE-G-09174121,Haimhausen,gemeinde,Bayern,"Hauptstraße 15, 85778 Haimhausen",,,way/284479367,Rathaus Haimhausen,8.5
DE-G-09174122,Hebertshausen,gemeinde,Bayern,"Am Weinberg 1, 85241 Hebertshausen",,poststelle@hebertshausen.de,way/421055351,Rathaus Hebertshausen,8.4
DE-G-09174126,Karlsfeld,gemeinde,Bayern,"Gartenstraße 7, 85757 Karlsfeld",,,way/28847915,Rathaus,6.4
DE-G-09174131,Markt Indersdorf,gemeinde,Bayern,"Marktplatz 1, 85229 Markt Indersdorf",,,way/244949966,Rathaus,6.5
DE-G-09174135,Odelzhausen,gemeinde,Bayern,,,,,,
DE-G-09174136,Petershausen,gemeinde,Bayern,,,,,,
DE-G-09174137,Pfaffenhofen a.d.Glonn,gemeinde,Bayern,,,,,,
DE-G-09174141,Röhrmoos,gemeinde,Bayern,,,,,,
DE-G-09174143,Schwabhausen,gemeinde,Bayern,"Münchener Straße 12, 85247 Schwabhausen",,,way/143872936,Rathaus Schwabhausen,8.5
DE-G-09174146,Sulzemoos,gemeinde,Bayern,,,,,,
DE-G-09174147,Hilgertshausen-Tandern,gemeinde,Bayern,"Schrobenhausener Straße 9, 86567 Hilgertshausen-Tandern",+49 8250 998 80,gemeinde@hi-ta.bayern.de,way/129650706,Rathaus,7.0
DE-G-09174150,Vierkirchen,gemeinde,Bayern,"Schulweg 1, 85256 Vierkirchen",+49 8139 93140,info@vierkirchen.de,node/1786746048,Rathaus,7.0
DE-G-09174151,Weichs,gemeinde,Bayern,"Frühlingstraße 11a, 85258 Weichs",,,way/96680562,Gemeinde Weichs,8.5
DE-G-09175111,Anzing,gemeinde,Bayern,,,,,,
DE-G-09175115,Ebersberg,gemeinde,Bayern,"Marienplatz 1, 85560 Ebersberg",,,way/48490660,Rathaus,6.5
DE-G-09175118,Forstinning,gemeinde,Bayern,"Mühldorfer Straße, 85661 Forstinning",,,way/194525161,Rathaus Forstinning,8.5
DE-G-09175122,Grafing b.München,gemeinde,Bayern,"Marktplatz 28, 85567 Grafing b. München",+49 8092 7030,,way/38226722,Rathaus,7.0
DE-G-09175123,Hohenlinden,gemeinde,Bayern,,,,,,
DE-G-09175124,Kirchseeon,gemeinde,Bayern,"Rathausstraße 1, 85614 Kirchseeon",,,node/276177193,"Rathaus, Gemeindeamt",6.5
DE-G-09175127,Markt Schwaben,gemeinde,Bayern,"Schloßplatz 1, 85570 Markt Schwaben",,,node/3837636462,Rathaus,6.5
DE-G-09175132,Vaterstetten,gemeinde,Bayern,"Wendelsteinstraße 7, 85591 Vaterstetten",,,way/157296425,Rathaus Vaterstetten,8.4
DE-G-09175133,Pliening,gemeinde,Bayern,"Geltinger Straße 18, 85652",,,way/35804564,Rathaus,3.5
DE-G-09175135,Poing,gemeinde,Bayern,"Rathausstraße 4, 85586 Poing",,,way/224278444,,6.5
DE-G-09175137,Steinhöring,gemeinde,Bayern,"Berger Straße 3, 85643 Steinhöring",+49 8094 9092 0,,way/256769173,Rathaus Steinhöring,9.0
DE-G-09175139,Zorneding,gemeinde,Bayern,"Schulstraße 13, 85604 Zorneding",+49 8106 38426,,way/138305361,Rathaus Zorneding,9.0
DE-G-09176112,Altmannstein,gemeinde,Bayern,,,,,,
DE-G-09176114,Beilngries,gemeinde,Bayern,,,,,,
DE-G-09176118,Buxheim,gemeinde,Bayern,,,,,,
DE-G-09176120,Denkendorf,gemeinde,Bayern,"Wassertal 2, 85095 Denkendorf",,,way/29213002,Rathaus,6.5
DE-G-09176121,Dollnstein,gemeinde,Bayern,,,,,,
DE-G-09176123,Eichstätt,gemeinde,Bayern,"Marktplatz 11, 85072 Eichstätt",+49 8421 60010,,way/293795445,Rathaus,7.0
DE-G-09176126,Gaimersheim,gemeinde,Bayern,"Marktplatz 3, 85080 Gaimersheim",+49 8458 3244-0,info@gaimersheim.de,node/296263862,Markt Gaimersheim,9.0
DE-G-09176129,Großmehring,gemeinde,Bayern,"Marienplatz 10, 85098 Großmehring",,,way/42982373,Rathaus Großmehring,8.5
DE-G-09176131,Hepberg,gemeinde,Bayern,"Schulstraße 5, 85120 Hepberg",+49 8456 91680,poststelle@hepberg.de,way/1558479434,Rathaus Hepberg,9.0
DE-G-09176132,Hitzhofen,gemeinde,Bayern,,,,,,
DE-G-09176137,Kinding,gemeinde,Bayern,,,,,,
DE-G-09176138,Kipfenberg,gemeinde,Bayern,"Marktplatz 2, 85110 Kipfenberg",+49 8465 94100,poststelle@markt-kipfenberg.de,way/141661096,,7.0
DE-G-09176139,Kösching,gemeinde,Bayern,"Marktplatz 1, 85092 Kösching",,,way/48823420,Rathaus,6.5
DE-G-09176143,Lenting,gemeinde,Bayern,"Rathausplatz 1, 85101 Lenting",+49 8456 9295-0,poststelle@lenting.de,way/28407797,Rathaus,6.9
DE-G-09176148,Mörnsheim,gemeinde,Bayern,"Kastnerplatz 1, 91804 Mörnsheim",,,node/4424114113,,6.5
DE-G-09176161,Stammham,gemeinde,Bayern,,,,,,
DE-G-09176164,Titting,gemeinde,Bayern,,,,,,
DE-G-09176166,Wellheim,gemeinde,Bayern,,,,,,
DE-G-09176167,Wettstetten,gemeinde,Bayern,,,,,,
DE-G-09177113,Bockhorn,gemeinde,Bayern,"Rathausplatz 1, 85461 Bockhorn",+49 8122 99530,gemeinde@bockhorn-obb.de,way/1374644625,Rathaus Bockhorn,9.0
DE-G-09177115,Dorfen,gemeinde,Bayern,"Rathausplatz 2, 84405 Dorfen",,,node/96540514,Rathaus Dorfen,8.5
DE-G-09177117,Erding,gemeinde,Bayern,,,,,,
DE-G-09177118,Finsing,gemeinde,Bayern,,,,,,
DE-G-09177119,Forstern,gemeinde,Bayern,,,,,,
DE-G-09177120,Fraunberg,gemeinde,Bayern,"Rathausplatz 1, 85447 Fraunberg",+49 8762 7320 0,info@fraunberg.de,way/222400409,Rathaus Fraunberg,9.0
DE-G-09177123,Isen,gemeinde,Bayern,"Münchner Straße 12, 84424",+49 8083 5301-0,poststelle@isen.de,way/108000369,Rathaus Isen,6.0
DE-G-09177127,Lengdorf,gemeinde,Bayern,"Bischof-Arn-Platz 1, 84435 Lengdorf",,,way/180099600,,6.5
DE-G-09177130,Moosinning,gemeinde,Bayern,"Erdinger Straße 30 a, 85452 Moosinning",+49 8123 93 02 0,poststelle@moosinning.de,node/2148860557,Rathaus Moosinning,9.0
DE-G-09177137,Sankt Wolfgang,gemeinde,Bayern,"Hauptstraße 9, 84427 Sankt Wolfgang",+49 8085 188 0,info@st-wolfgang-ob.de,way/224279534,Rathaus Sankt Wolfgang,9.0
DE-G-09177139,Taufkirchen (Vils),gemeinde,Bayern,"Rathausplatz 1, 84416 Taufkirchen (Vils)",,,way/179961410,,6.5
DE-G-09178116,Au i.d.Hallertau,gemeinde,Bayern,,,,,,
DE-G-09178120,Eching,gemeinde,Bayern,,,,,,
DE-G-09178122,Rudelzhausen,gemeinde,Bayern,"Kirchplatz 10, 84104 Rudelzhausen",+49 8752 8687 0,info@gemeinde-rudelzhausen.de,way/275178105,,7.0
DE-G-09178123,Fahrenzhausen,gemeinde,Bayern,,,,,,
DE-G-09178124,Freising,gemeinde,Bayern,"Obere Hauptstraße 2, 85354 Freising",,,way/201146854,Rathaus,6.5
DE-G-09178130,Hallbergmoos,gemeinde,Bayern,"Rathausplatz 1, 85399 Hallbergmoos",+49 811 55220,buergermeister@hallbergmoos.de,way/241097493,Gemeinde Hallbergmoos,8.9
DE-G-09178133,Hohenkammer,gemeinde,Bayern,"Petershauser Straße 1, 85411 Hohenkammer",,,way/48634873,Gemeindeverwaltung Hohenkammer,8.5
DE-G-09178136,Kirchdorf a.d.Amper,gemeinde,Bayern,,,,,,
DE-G-09178137,Kranzberg,gemeinde,Bayern,"Untere Dorfstraße 3, 85402 Kranzberg",,,node/260593334,Rathaus,6.5
DE-G-09178138,Langenbach,gemeinde,Bayern,"Bahnhofstraße 6, 85416 Langenbach",,,way/94839856,Rathaus,6.5
DE-G-09178140,Marzling,gemeinde,Bayern,"Freisinger Straße 11, 85417 Marzling",,,way/39038488,Rathaus Marzling,8.5
DE-G-09178143,Moosburg a.d.Isar,gemeinde,Bayern,"Stadtplatz 13, 85368 Moosburg a.d. Isar",,,node/359853236,Rathaus,6.5
DE-G-09178144,Nandlstadt,gemeinde,Bayern,,,,,,
DE-G-09178145,Neufahrn b.Freising,gemeinde,Bayern,"Bahnhofstraße 32, 85375 Neufahrn bei Freising",,,way/117879424,Gemeinde Neufahrn b. Freising,8.5
DE-G-09179113,Alling,gemeinde,Bayern,"Am Kirchberg 6, 82239 Alling",,,way/539712248,,6.5
DE-G-09179117,Egenhofen,gemeinde,Bayern,"Hauptstraße 37, 82281 Egenhofen",,,node/671687359,Gemeinde Egenhofen,8.1
DE-G-09179118,Eichenau,gemeinde,Bayern,"Hauptplatz 2, 82223 Eichenau",+49 8141 730-0,,node/349266581,Gemeinde Eichenau,9.0
DE-G-09179119,Emmering,gemeinde,Bayern,"Amperstraße 11a, 82275 Emmering",,,node/319778562,Rathaus Emmering,8.5
DE-G-09179121,Fürstenfeldbruck,gemeinde,Bayern,"Hauptstraße 31, 82256 Fürstenfeldbruck",+49 8141 28 0,info@fuerstenfeldbruck.de,node/310819865,Rathaus Fürstenfeldbruck,9.0
DE-G-09179123,Germering,gemeinde,Bayern,"Rathausplatz 1, 82110 Germering",,,way/37524402,Rathaus Germering,8.5
DE-G-09179126,Gröbenzell,gemeinde,Bayern,"Rathausstraße 4, 82194 Gröbenzell",+49 8142 505 0,,node/287609210,Rathaus Gröbenzell,9.0
DE-G-09179134,Maisach,gemeinde,Bayern,"Schulstraße 1, 82216 Maisach",,,node/339339768,Rathaus Maisach,8.5
DE-G-09179138,Moorenweis,gemeinde,Bayern,,,,,,
DE-G-09179142,Olching,gemeinde,Bayern,"Rebhuhnstraße 18, 82140 Olching",,,way/60333962,Rathaus Olching,8.4
DE-G-09179145,Puchheim,gemeinde,Bayern,"Poststraße 2, 82178 Puchheim",,,way/30321777,Rathaus Puchheim,8.2
DE-G-09179149,Türkenfeld,gemeinde,Bayern,"Schloßweg 2, 82299 Türkenfeld",,,node/12014849513,Gemeinde Türkenfeld,8.5
DE-G-09180112,Bad Kohlgrub,gemeinde,Bayern,,,,,,
DE-G-09180116,Farchant,gemeinde,Bayern,,,,,,
DE-G-09180117,Garmisch-Partenkirchen,gemeinde,Bayern,"Rathausplatz 1, 82467 Garmisch-Partenkirchen",,,way/59000479,Markt Garmisch-Partenkirchen,8.4
DE-G-09180118,Grainau,gemeinde,Bayern,"Am Kurpark 1, 82491 Grainau",,,way/135249289,Rathaus und Gemeindeverwaltung,6.5
DE-G-09180122,Krün,gemeinde,Bayern,"Rathausplatz 1, 82494 Krün",,,way/252034626,Gemeindeverwaltung Krün,8.5
DE-G-09180123,Mittenwald,gemeinde,Bayern,,,,,,
DE-G-09180124,Murnau a.Staffelsee,gemeinde,Bayern,,,,,,
DE-G-09180125,Oberammergau,gemeinde,Bayern,"Ludwig-Thoma-Straße 10, 82487 Oberammergau",,,node/1651727554,Rathaus Oberammergau,8.5
DE-G-09180126,Oberau,gemeinde,Bayern,"Schmiedeweg 10, 82496 Oberau",,,way/159147158,Gemeinde Oberau,8.5
DE-G-09180134,Uffing a.Staffelsee,gemeinde,Bayern,,,,,,
DE-G-09180136,Wallgau,gemeinde,Bayern,"Mittenwalder Straße 8, 82499 Wallgau",,,node/270749425,Rathaus,6.5
DE-G-09181113,Denklingen,gemeinde,Bayern,"Buchweg 1, 86920 Denklingen",,,way/139055364,Rathaus,6.5
DE-G-09181114,Dießen am Ammersee,gemeinde,Bayern,,,,,,
DE-G-09181116,Egling a.d.Paar,gemeinde,Bayern,"Hauptstraße 31, 86492",,,node/3124502399,Rathaus Egling a.d.Paar,5.5
DE-G-09181122,Geltendorf,gemeinde,Bayern,,,,,,
DE-G-09181128,Kaufering,gemeinde,Bayern,"Pfälzer Straße 1, 86916 Kaufering",,,way/106277158,Rathaus Kaufering,8.4
DE-G-09181130,Landsberg am Lech,gemeinde,Bayern,"Katharinenstraße 1, 86899 Landsberg am Lech",,,way/109277829,Stadtverwaltung Landsberg am Lech,8.5
DE-G-09181132,Penzing,gemeinde,Bayern,"Fritz-Börner-Straße 11, 86929 Penzing",,,way/97774322,Gemeindeverwaltung,6.5
DE-G-09181144,Utting am Ammersee,gemeinde,Bayern,,,,,,
DE-G-09181145,Weil,gemeinde,Bayern,"Landsberger Straße 15, 86947 Weil",,,way/504432630,Gemeinde Weil,8.4
DE-G-09182111,Bad Wiessee,gemeinde,Bayern,,,,,,
DE-G-09182112,Bayrischzell,gemeinde,Bayern,"Kirchplatz 2, 83735 Bayrischzell",,,way/137865321,Rathaus,6.5
DE-G-09182114,Fischbachau,gemeinde,Bayern,,,,,,
DE-G-09182116,Gmund a.Tegernsee,gemeinde,Bayern,,,,,,
DE-G-09182119,Hausham,gemeinde,Bayern,"Schlierseer Straße 18, 83734 Hausham",,,way/198136725,Hausham Rathaus,8.4
DE-G-09182120,Holzkirchen,gemeinde,Bayern,"Marktplatz 2, 83607 Holzkirchen",+4980246420,,relation/14765712,Rathaus Holzkirchen,8.9
DE-G-09182123,Irschenberg,gemeinde,Bayern,"Kirchplatz 2, 83737 Irschenberg",,,way/295274491,,6.5
DE-G-09182124,Kreuth,gemeinde,Bayern,"Nördliche Hauptstraße 14, 83708 Kreuth",+498029 180,,way/256771863,Rathaus Kreuth,8.9
DE-G-09182125,Miesbach,gemeinde,Bayern,"Rathausplatz 1, 83714 Miesbach",,,way/43899622,Rathaus Miesbach,8.5
DE-G-09182127,Otterfing,gemeinde,Bayern,,,,,,
DE-G-09182129,Rottach-Egern,gemeinde,Bayern,,,,,,
DE-G-09182131,Schliersee,gemeinde,Bayern,"Rathausstraße 1, 83727 Schliersee",,,node/797936943,,6.4
DE-G-09182132,Tegernsee,gemeinde,Bayern,"Rathausplatz 1, 83684 Tegernsee",,,way/105534524,Rathaus Tegernsee,8.5
DE-G-09182133,Valley,gemeinde,Bayern,"Pfarrweg 1, 83626 Valley",,,way/471445463,Rathaus Valley,8.5
DE-G-09182134,Waakirchen,gemeinde,Bayern,"Tegernseer Straße 7, 83666 Waakirchen",,,node/272119378,Rathaus,6.5
DE-G-09182136,Warngau,gemeinde,Bayern,"Taubenbergstraße 33, 83627 Warngau",+49 8021 90150,,way/153848797,Rathaus Warngau,9.0
DE-G-09182137,Weyarn,gemeinde,Bayern,"Ignaz-Günther-Straße 5, 83629 Weyarn",,,node/616770470,Gemeindeverwaltung Weyarn,8.5
DE-G-09183112,Ampfing,gemeinde,Bayern,"Schweppermannstraße, 84539 Ampfing",,,node/421814534,Rathaus Ampfing,8.5
DE-G-09183113,Aschau a.Inn,gemeinde,Bayern,,,,,,
DE-G-09183114,Buchbach,gemeinde,Bayern,"Marktplatz 1, 84428 Buchbach",,,way/471149883,,6.5
DE-G-09183119,Haag i.OB,gemeinde,Bayern,,,,,,
DE-G-09183127,Mettenheim,gemeinde,Bayern,"Klosterstraße 22, 84562 Mettenheim",+49 8631 16770,info@gemeinde-mettenheim.de,way/231782701,Rathaus,7.0
DE-G-09183128,Mühldorf a.Inn,gemeinde,Bayern,"Stadtplatz 21, 84453 Mühldorf a. Inn",,,way/225125999,Rathaus,6.5
DE-G-09183135,Obertaufkirchen,gemeinde,Bayern,"Am Sportplatz 5, 84419 Obertaufkirchen",,,node/5113682335,Gemeinde Obertaufkirchen,8.5
DE-G-09183144,Schwindegg,gemeinde,Bayern,"Mühldorfer Straße 54, 84419 Schwindegg",+49 808293040,poststelle@gemeinde-schwindegg.de,way/331264008,Rathaus Schwindegg,9.0
DE-G-09183148,Waldkraiburg,gemeinde,Bayern,"Stadtplatz 26, 84478",,,way/88733240,Rathaus,3.5
DE-G-09184112,Aschheim,gemeinde,Bayern,"Saturnstraße 48, 85609 Aschheim",,,way/29133928,Rathaus Aschheim,8.5
DE-G-09184113,Baierbrunn,gemeinde,Bayern,,,,,,
DE-G-09184114,Brunnthal,gemeinde,Bayern,"Münchner Straße 5, 85649 Brunnthal",,,way/34244536,Rathaus Brunnthal,8.5
DE-G-09184118,Feldkirchen,gemeinde,Bayern,"Rathausplatz 1, 85622 Feldkirchen",,,way/11981379,Rathaus,6.5
DE-G-09184119,Garching b.München,gemeinde,Bayern,,,,,,
DE-G-09184120,Gräfelfing,gemeinde,Bayern,"Ruffiniallee 2, 82166 Gräfelfing",+49 89 8582-0,,way/149672472,Rathaus Gräfelfing,8.9
DE-G-09184121,Grasbrunn,gemeinde,Bayern,"Lerchenstraße 1, 85630 Grasbrunn",,,way/43969514,Gemeinde Grasbrunn,8.3
DE-G-09184122,Grünwald,gemeinde,Bayern,"Rathausstraße 3, 82031 Grünwald",+49 89 64162-0,,way/71157920,Gemeinde Grünwald,9.0
DE-G-09184123,Haar,gemeinde,Bayern,"Bahnhofstraße 7, 85540 Haar",+49 89 460 02 100,,way/69417169,Rathaus,7.0
DE-G-09184127,Höhenkirchen-Siegertsbrunn,gemeinde,Bayern,"Rosenheimer Straße 26, 85635 Höhenkirchen-Siegertsbrunn",+49 8102 88-0,,node/271414101,Rathaus Höhenkirchen-Siegertsbrunn,9.0
DE-G-09184129,Hohenbrunn,gemeinde,Bayern,"Pfarrer-Wenk-Platz 1, 85662 Hohenbrunn",,,way/36375731,Rathaus,6.5
DE-G-09184130,Ismaning,gemeinde,Bayern,"Schloßstraße 2, 85737 Ismaning",,,way/10046598,Schloss Ismaning,8.5
DE-G-09184131,Kirchheim b.München,gemeinde,Bayern,"Münchner Straße 6, 85551 Kirchheim bei München",,,way/19190255,Rathaus,6.5
DE-G-09184132,Neuried,gemeinde,Bayern,,,,,,
DE-G-09184134,Oberhaching,gemeinde,Bayern,"Alpenstraße 11, 82041 Oberhaching",,,way/26814172,Rathaus Oberhaching,8.5
DE-G-09184135,Oberschleißheim,gemeinde,Bayern,"Freisinger Straße 15, 85764 Oberschleißheim",,,way/167397403,Rathaus Oberschleißheim,8.4
DE-G-09184136,Ottobrunn,gemeinde,Bayern,"Rathausplatz 1, 85521 Ottobrunn",+49 89 608080,poststelle@ottobrunn.de,way/13506613,Rathaus Ottobrunn,9.0
DE-G-09184137,Aying,gemeinde,Bayern,"Kirchgasse 4, 85653 Aying",,,node/503957643,Rathaus der Gemeinde Aying,8.5
DE-G-09184138,Planegg,gemeinde,Bayern,"Pasinger Straße 8, 82152 Planegg",+49 89 899 260,,way/108669629,Rathaus Planegg,9.0
DE-G-09184139,Pullach i.Isartal,gemeinde,Bayern,"Johann-Bader-Straße 21, 82049 Pullach i. Isartal",+49 89 744744-0,info@pullach.de,node/4817583030,Rathaus der Gemeinde Pullach i. Isartal,9.0
DE-G-09184140,Putzbrunn,gemeinde,Bayern,"Rathausstraße 1, 85640 Putzbrunn",,,node/268257435,Rathaus Putzbrunn,8.5
DE-G-09184141,Sauerlach,gemeinde,Bayern,"Bahnhofstraße 1, 82054 Sauerlach",+49 8104 6646-0,gemeinde.sauerlach@sauerlach.bayern.de,way/246641416,Rathaus,7.0
DE-G-09184142,Schäftlarn,gemeinde,Bayern,,,,,,
DE-G-09184144,Straßlach-Dingharting,gemeinde,Bayern,,,,,,
DE-G-09184145,Taufkirchen,gemeinde,Bayern,"Köglweg 3, 82024 Taufkirchen",,,way/23815958,Rathaus Taufkirchen,8.4
DE-G-09184146,Neubiberg,gemeinde,Bayern,"Rathausplatz 12, 85579 Neubiberg",+49 89 600120,,way/1488861235,Rathaus Neubiberg,8.9
DE-G-09184147,Unterföhring,gemeinde,Bayern,"Münchner Straße 70, 85774 Unterföhring",,,way/107985971,Rathaus Unterföhring,8.5
DE-G-09184148,Unterhaching,gemeinde,Bayern,,,,,,
DE-G-09184149,Unterschleißheim,gemeinde,Bayern,"Rathausplatz 1, 85716 Unterschleißheim",+49 89 310090,stadt@ush.bayern.de,node/4418168575,Rathaus Unterschleißheim,8.9
DE-G-09185113,Aresing,gemeinde,Bayern,"Sankt-Martin-Straße 16, 86561 Aresing",,,way/279437646,Rathaus,6.5
DE-G-09185125,Burgheim,gemeinde,Bayern,"Marktplatz 13, 86666 Burgheim",+49 8432 9412100,,way/269137156,Rathaus,7.0
DE-G-09185127,Ehekirchen,gemeinde,Bayern,"Bräugarten 1, 86676 Ehekirchen",,,way/261957461,Neues Rathaus,6.5
DE-G-09185139,Karlshuld,gemeinde,Bayern,"Hauptstraße 68, 86668 Karlshuld",,,way/441120905,Rathaus Karlshuld,8.4
DE-G-09185140,Karlskron,gemeinde,Bayern,,,,,,
DE-G-09185149,Neuburg a.d.Donau,gemeinde,Bayern,,,,,,
DE-G-09185150,Oberhausen,gemeinde,Bayern,,,,,,
DE-G-09185153,Rennertshofen,gemeinde,Bayern,,,,,,
DE-G-09185158,Schrobenhausen,gemeinde,Bayern,"Herzoganger 1, 86529 Schrobenhausen",+49 8252 8951 0,,way/255719092,VG Schrobenhausen,9.0
DE-G-09185163,Königsmoos,gemeinde,Bayern,"Neuburger Straße 10, 86669 Königsmoos",,,way/371662700,Rathaus Königsmoos,8.3
DE-G-09185168,Weichering,gemeinde,Bayern,,,,,,
DE-G-09186113,Baar-Ebenhausen,gemeinde,Bayern,,,,,,
DE-G-09186125,Gerolsbach,gemeinde,Bayern,,,,,,
DE-G-09186128,Hohenwart,gemeinde,Bayern,"Marktplatz 1, 86558 Hohenwart",,,node/1469393624,Rathaus Hohenwart,8.5
DE-G-09186132,Jetzendorf,gemeinde,Bayern,"Poststraße 1, 85305 Jetzendorf",+49 8137 9301-0,poststelle@jetzendorf.de,way/205961348,Gemeinde Jetzendorf,9.0
DE-G-09186137,Manching,gemeinde,Bayern,"Ingolstädter Straße 2, 85077 Manching",+498459850,,way/52099839,Rathaus Manching,9.0
DE-G-09186139,Münchsmünster,gemeinde,Bayern,"Tassilostraße 20, 85126 Münchsmünster",,,way/66861269,Neues Rathaus,6.5
DE-G-09186143,Pfaffenhofen a.d.Ilm,gemeinde,Bayern,"Hauptplatz 1, 85276 Pfaffenhofen a.d. Ilm",,,way/28135018,Rathaus,6.5
DE-G-09186146,Reichertshausen,gemeinde,Bayern,"Pfaffenhofener Straße 2, 85293 Reichertshausen",+49 8441 8580,rathaus@reichertshausen.de,node/272388172,Rathaus Reichertshausen,9.0
DE-G-09186149,Rohrbach,gemeinde,Bayern,"Hofmarkstraße 2, 85296 Rohrbach an der Ilm",,,way/147710049,Rathaus,6.5
DE-G-09186151,Scheyern,gemeinde,Bayern,,,,,,
DE-G-09186152,Schweitenkirchen,gemeinde,Bayern,,,,,,
DE-G-09186158,Vohburg a.d.Donau,gemeinde,Bayern,,,,,,
DE-G-09186162,Wolnzach,gemeinde,Bayern,,,,,,
DE-G-09187113,Amerang,gemeinde,Bayern,"Wasserburger Straße 11, 83123 Amerang",,,way/423460586,Gemeindeverwaltung Amerang,8.5
DE-G-09187114,Aschau i.Chiemgau,gemeinde,Bayern,,,,,,
DE-G-09187116,Babensham,gemeinde,Bayern,"Raiffeisenstraße 3, 83547 Babensham",+49 8071 9220-0,info@babensham.de,way/407176260,Rathaus Babensham,9.0
DE-G-09187117,Bad Aibling,gemeinde,Bayern,"Marienplatz 1, 83043 Bad Aibling",+49 8061 4901 0,rathaus@bad-aibling.de,way/244200741,Rathaus Bad Aibling,9.0
DE-G-09187118,Bernau a.Chiemsee,gemeinde,Bayern,,,,,,
DE-G-09187120,Brannenburg,gemeinde,Bayern,,,,,,
DE-G-09187122,Bruckmühl,gemeinde,Bayern,"Gewerbepark BWB 13, 83052 Bruckmühl",,,node/8465391784,Rathaus Bruckmühl - Bürgerbüro,4.3
DE-G-09187124,Edling,gemeinde,Bayern,"Rathausplatz 2, 83533 Edling",+49 8071 91880,,way/205145182,Rathaus Edling,9.0
DE-G-09187125,Eggstätt,gemeinde,Bayern,"Obinger Straße 7, 83125 Eggstätt",+49 8056 9046-0,gemeinde@eggstaett.de,way/118422675,Rathaus Eggstätt,9.0
DE-G-09187126,Eiselfing,gemeinde,Bayern,"Am Pfarrstadl 1, 83549 Eiselfing",,,way/225816787,,6.5
DE-G-09187128,Bad Endorf,gemeinde,Bayern,"Bahnhofstraße 6, 83093 Bad Endorf",+49 8053 3008 0,,way/163348516,Rathaus,7.0
DE-G-09187129,Bad Feilnbach,gemeinde,Bayern,"Rathausplatz 1, 83075 Bad Feilnbach",,,way/288357007,Rathaus Bad Feilnbach,8.5
DE-G-09187130,Feldkirchen-Westerham,gemeinde,Bayern,"Ollinger Straße 10, 83620 Feldkirchen-Westerham",+49 8063 97030,,way/90188288,Rathaus Feldkirchen-Westerham,9.0
DE-G-09187131,Flintsbach a.Inn,gemeinde,Bayern,,,,,,
DE-G-09187132,Frasdorf,gemeinde,Bayern,"Hauptstraße 32, 83112 Frasdorf",+49 8052 17960,rathaus@frasdorf.de,way/166506529,Rathaus Frasdorf,9.0
DE-G-09187134,Griesstätt,gemeinde,Bayern,,,,,,
DE-G-09187137,Großkarolinenfeld,gemeinde,Bayern,"Karolinenplatz 12, 83109 Großkarolinenfeld",+49 8031 59080,,node/8691095430,Rathaus Großkarolinenfeld,9.0
DE-G-09187142,Schechen,gemeinde,Bayern,"Rosenheimer Straße 13, 83135 Schechen",+49 8039 90670,,node/3050115161,Gemeindeverwaltung und Touristinformation Schechen,9.0
DE-G-09187148,Kiefersfelden,gemeinde,Bayern,"Rathausplatz 1, 83088 Kiefersfelden",+49 8033 9765 0,,way/83737496,Rathaus Kiefersfelden,9.0
DE-G-09187150,Kolbermoor,gemeinde,Bayern,"Rathausplatz 1, 83059 Kolbermoor",,,way/128330371,Rathaus Kolbermoor,8.4
DE-G-09187154,Neubeuern,gemeinde,Bayern,"Zur Schanz 5, 83115 Neubeuern",,,way/497867603,Rathaus Neubeuern,8.4
DE-G-09187156,Nußdorf a.Inn,gemeinde,Bayern,,,,,,
DE-G-09187157,Oberaudorf,gemeinde,Bayern,,,,,,
DE-G-09187162,Prien a.Chiemsee,gemeinde,Bayern,,,,,,
DE-G-09187163,Prutting,gemeinde,Bayern,"Kirchstraße 5, 83134 Prutting",+49 8036 30730,,way/221397276,Gemeindeverwaltung Prutting,9.0
DE-G-09187165,Raubling,gemeinde,Bayern,"Bahnhofstraße 31, 83064 Raubling",+49 8035 87050,,way/251520703,Gemeindeverwaltung Raubling,9.0
DE-G-09187167,Riedering,gemeinde,Bayern,"Söllhubener Straße 6, 83083 Riedering",+49 8036 90640,,way/245494166,Gemeindeverwaltung Riedering,9.0
DE-G-09187168,Rimsting,gemeinde,Bayern,"Schulstraße 4, 83253 Rimsting",+49 8051 68760,,way/126754259,Rathaus Rimsting,9.0
DE-G-09187169,Rohrdorf,gemeinde,Bayern,"St.-Jakobus-Platz 2, 83101 Rohrdorf",+49 8032 95640,,way/101257186,Gemeindeverwaltung Rohrdorf,9.0
DE-G-09187172,Samerberg,gemeinde,Bayern,"Dorfplatz 3, 83122 Samerberg",,,way/186807127,Rathaus Samerberg,8.5
DE-G-09187174,Söchtenau,gemeinde,Bayern,"Dorfplatz 3, 83139 Söchtenau",,,node/5370961361,Gemeinde Söchtenau,8.5
DE-G-09187176,Soyen,gemeinde,Bayern,,,,,,
DE-G-09187177,Stephanskirchen,gemeinde,Bayern,"Rathausplatz 1, 83071 Stephanskirchen",,,way/247798003,Rathaus Stephanskirchen,8.2
DE-G-09187179,Tuntenhausen,gemeinde,Bayern,"Graf-Arco-Straße 18, 83104 Tuntenhausen",+49 8067 9070 0,info@tuntenhausen.de,way/286589536,Rathaus Tuntenhausen,9.0
DE-G-09187181,Vogtareuth,gemeinde,Bayern,"Rosenheimer Straße 5, 83569 Vogtareuth",+49 8038 90630,,way/415360693,Rathaus,7.0
DE-G-09187182,Wasserburg a.Inn,gemeinde,Bayern,,,,,,
DE-G-09188113,Berg,gemeinde,Bayern,"Huberfeld 10, 82335 Berg",,,node/13620658766,Rathaus Gemeinde Berg,8.5
DE-G-09188117,Andechs,gemeinde,Bayern,"Andechser Straße 16, 82346 Andechs",,,way/97267774,,6.5
DE-G-09188118,Feldafing,gemeinde,Bayern,,,,,,
DE-G-09188120,Gauting,gemeinde,Bayern,"Bahnhofstraße 7, 82131 Gauting",,,way/16354765,Gemeinde Gauting,8.5
DE-G-09188121,Gilching,gemeinde,Bayern,,,,,,
DE-G-09188124,Herrsching a.Ammersee,gemeinde,Bayern,,,,,,
DE-G-09188126,Inning a.Ammersee,gemeinde,Bayern,,,,,,
DE-G-09188127,Krailling,gemeinde,Bayern,"Rudolf-von-Hirsch-Straße 1, 82152 Krailling",+49 89 85706-0,,way/88141439,Rathaus Krailling,9.0
DE-G-09188132,Seefeld,gemeinde,Bayern,,,,,,
DE-G-09188137,Pöcking,gemeinde,Bayern,,,,,,
DE-G-09188139,Starnberg,gemeinde,Bayern,"Vogelanger 2, 82319 Starnberg",+49 8151 772-0,,way/87306725,Rathaus Starnberg,9.0
DE-G-09188141,Tutzing,gemeinde,Bayern,"Kirchenstraße 9, 82327 Tutzing",+49 8158 2502-0,,way/215107585,Rathaus Tutzing,9.0
DE-G-09188144,Weßling,gemeinde,Bayern,"Gautinger Straße 17, 82234 Weßling",+49 8153 4040,geschaeftsleitung@gemeinde-wessling.de,way/80779337,Gemeinde Weßling,8.9
DE-G-09188145,Wörthsee,gemeinde,Bayern,"Seestraße 20, 82237 Wörthsee",,,node/7447441494,Gemeinde Wörthsee,8.4
DE-G-09189111,Altenmarkt a.d.Alz,gemeinde,Bayern,,,,,,
DE-G-09189114,Chieming,gemeinde,Bayern,"Hauptstraße 20, 83339 Chieming",,,way/253278041,,6.5
DE-G-09189115,Engelsberg,gemeinde,Bayern,"Rathausplatz 1, 84549 Engelsberg",,,node/1256352724,Rathaus,6.0
DE-G-09189118,Fridolfing,gemeinde,Bayern,"Hadrianstraße 28, 83413 Fridolfing",+49 8684 9889-0,,way/358522013,,7.0
DE-G-09189119,Grabenstätt,gemeinde,Bayern,"Schloßstraße 15, 83355 Grabenstätt",,,way/101823626,Rathaus Grabenstätt,8.5
DE-G-09189120,Grassau,gemeinde,Bayern,"Marktstraße 1, 83224 Grassau",,,way/100429063,Rathaus Grassau,8.5
DE-G-09189124,Inzell,gemeinde,Bayern,"Rathausplatz 5, 83334 Inzell",,,way/243322750,Rathaus Inzell,8.5
DE-G-09189127,Kirchanschöring,gemeinde,Bayern,,,,,,
DE-G-09189130,Nußdorf,gemeinde,Bayern,,,,,,
DE-G-09189134,Palling,gemeinde,Bayern,"Bräuanger 1, 83349 Palling",,,way/120915423,Rathaus Palling,8.5
DE-G-09189135,Petting,gemeinde,Bayern,"Hauptstraße 34, 83367 Petting",+49 8686 8099,,node/4133174789,Rathaus Petting,9.0
DE-G-09189139,Reit im Winkl,gemeinde,Bayern,"Rathausplatz 1, 83242 Reit im Winkl",+49 8640 8000,gemeinde@reitimwinkl.de,way/112693435,Rathaus,7.0
DE-G-09189140,Ruhpolding,gemeinde,Bayern,"Rathausplatz 1, 83324 Ruhpolding",,,way/161216640,Rathaus Ruhpolding,8.5
DE-G-09189141,Schleching,gemeinde,Bayern,"Kirchplatz 1, 83259 Schleching",,,way/264030142,Rathaus,6.5
DE-G-09189142,Schnaitsee,gemeinde,Bayern,"Marktplatz 4, 83530 Schnaitsee",,,way/377869875,Rathaus,6.5
DE-G-09189143,Seeon-Seebruck,gemeinde,Bayern,,,,,,
DE-G-09189145,Siegsdorf,gemeinde,Bayern,"Rathausplatz 1, 83313 Siegsdorf",,,node/3800677697,Gemeindeverwaltung Siegsdorf,8.5
DE-G-09189148,Surberg,gemeinde,Bayern,"Burgstraße 2, 83362 Surberg",,,way/264656341,Gemeinde Surberg,8.5
DE-G-09189149,Tacherting,gemeinde,Bayern,"Trostberger Straße 9, 83342",,,way/236615638,Rathaus Tacherting,5.5
DE-G-09189152,Tittmoning,gemeinde,Bayern,"Stadtplatz 1, 84529 Tittmoning",,,way/183132092,Rathaus Tittmoning,8.5
DE-G-09189154,Traunreut,gemeinde,Bayern,"Rathausplatz 3, 83301 Traunreut",,,way/389083592,Rathaus Traunreut,8.5
DE-G-09189155,Traunstein,gemeinde,Bayern,,,,,,
DE-G-09189157,Trostberg,gemeinde,Bayern,"Hauptstraße 24, 83308 Trostberg",,,way/233658351,Rathaus Trostberg,8.5
DE-G-09189159,Übersee,gemeinde,Bayern,"Kirchweg 1, 83236 Übersee",,,way/264008370,Rathaus Übersee,8.5
DE-G-09189160,Unterwössen,gemeinde,Bayern,"Rathausplatz 1, 83246 Unterwössen",,,way/256683864,Rathaus,6.5
DE-G-09190115,Bernried am Starnberger See,gemeinde,Bayern,"Dorfstraße 26, 82347 Bernried am Starnberger See",,,way/131620105,Rathaus,6.5
DE-G-09190130,Hohenpeißenberg,gemeinde,Bayern,"Blumenstraße 2, 82383 Hohenpeißenberg",,,way/330850809,Rathaus Hohenpeißenberg,8.5
DE-G-09190138,Pähl,gemeinde,Bayern,,,,,,
DE-G-09190139,Peißenberg,gemeinde,Bayern,,,,,,
DE-G-09190140,Peiting,gemeinde,Bayern,"Hauptplatz 2, 86971 Peiting",,,way/199762046,Rathaus Peiting,8.5
DE-G-09190141,Penzberg,gemeinde,Bayern,,,,,,
DE-G-09190142,Polling,gemeinde,Bayern,"Kirchplatz 11, 82398 Polling",,,node/12446146076,Rathaus,6.5
DE-G-09190144,Raisting,gemeinde,Bayern,"Kirchenweg 12, 82399 Raisting",,,way/140130554,,6.5
DE-G-09190148,Schongau,gemeinde,Bayern,"Münzstraße 1, 86956 Schongau",,,way/35578615,Rathaus Schongau,8.5
DE-G-09190157,Weilheim i.OB,gemeinde,Bayern,,,,,,
DE-G-09190158,Wessobrunn,gemeinde,Bayern,"Zöpfstraße 1, 82405 Wessobrunn",,,way/165325809,Rathaus Wessobrunn,8.5
DE-G-09190159,Wielenbach,gemeinde,Bayern,,,,,,
DE-G-09261000,Landshut,gemeinde,Bayern,"Altstadt 315, 84028 Landshut",+49871880,hauptamt@landshut.de,node/4301300114,Rathaus Landshut,9.0
DE-G-09262000,Passau,gemeinde,Bayern,"Rathausplatz 3, 94032 Passau",,,way/38325155,Neues Rathaus,6.4
DE-G-09263000,Straubing,gemeinde,Bayern,,,,,,
DE-G-09271111,Aholming,gemeinde,Bayern,,,,,,
DE-G-09271113,Auerbach,gemeinde,Bayern,,,,,,
DE-G-09271116,Bernried,gemeinde,Bayern,"Birket 34, 94505 Bernried",+49990574000,poststelle@bernried-niederbayern.de,way/334304409,,6.6
DE-G-09271119,Deggendorf,gemeinde,Bayern,"Franz-Josef-Strauß-Straße 3, 94469 Deggendorf",+49 991 2960 0,poststelle@deggendorf.de,way/95413507,Stadtverwaltung Deggendorf,8.9
DE-G-09271122,Grafling,gemeinde,Bayern,"Hauptstraße 2, 94539 Grafling",+49 991 29036 0,poststelle@grafling.bayern.de,way/233319492,Rathaus,7.0
DE-G-09271125,Hengersberg,gemeinde,Bayern,"Mimminger Straße 2, 94491 Hengersberg",,,way/227397848,Rathaus Hengersberg,8.5
DE-G-09271127,Iggensbach,gemeinde,Bayern,"Hauptstraße 39, 94547 Iggensbach",+499903 93200,poststelle@iggensbach.bayern.de,way/371979803,Gemeinde Iggensbach,9.0
DE-G-09271128,Künzing,gemeinde,Bayern,"Osterhofener Straße 2, 94550 Künzing",,,node/2386276872,Rathaus Künzing,8.5
DE-G-09271132,Metten,gemeinde,Bayern,"Krankenhausstraße 22, 94526 Metten",,,node/11359189865,Rathaus Metten,8.5
DE-G-09271138,Niederalteich,gemeinde,Bayern,"Guntherweg 3, 94557 Niederalteich",,,node/7691853289,Rathaus Niederalteich,8.5
DE-G-09271140,Offenberg,gemeinde,Bayern,"Rathausplatz 1, 94560 Offenberg",,,way/141354175,Rathaus Offenberg-Nauhausen,8.3
DE-G-09271141,Osterhofen,gemeinde,Bayern,"Stadtplatz 13, 94486 Osterhofen",,,way/179576773,Rathaus - Stadtverwaltung Osterhofen,8.5
DE-G-09271146,Plattling,gemeinde,Bayern,"Preysingplatz 1, 94447 Plattling",,,way/227381733,Rathaus Plattling,8.5
DE-G-09271151,Stephansposching,gemeinde,Bayern,"Deggendorfer Straße 6, 94569 Stephansposching",+49 9935 9500 0,,way/140227032,Gemeinde Stephansposching,9.0
DE-G-09271153,Winzer,gemeinde,Bayern,,,,,,
DE-G-09272118,Freyung,gemeinde,Bayern,"Rathausplatz 1, 94078 Freyung",,,way/230675567,Rathaus,6.5
DE-G-09272120,Grafenau,gemeinde,Bayern,"Rathausgasse 1, 94481 Grafenau",+49 8552 96230,,way/487178915,Rathaus Stadt Grafenau,9.0
DE-G-09272121,Grainet,gemeinde,Bayern,,,,,,
DE-G-09272122,Haidmühle,gemeinde,Bayern,"Dreisesselstraße 12, 94145 Haidmühle",+49 8556 375,,way/261508783,Rathaus Haidmühle,9.0
DE-G-09272127,Hohenau,gemeinde,Bayern,,,,,,
DE-G-09272129,Jandelsbrunn,gemeinde,Bayern,,,,,,
DE-G-09272134,Mauth,gemeinde,Bayern,"Giesekestraße 2, 94151 Mauth",,,way/207782886,Rathaus Mauth,8.5
DE-G-09272136,Neureichenau,gemeinde,Bayern,"Dreisesselstraße 8, 94089 Neureichenau",,,way/308213837,,6.5
DE-G-09272140,Ringelai,gemeinde,Bayern,"Pfarrer-Kainz-Straße 6, 94160 Ringelai",,,way/1007176752,,6.5
DE-G-09272141,Röhrnbach,gemeinde,Bayern,,,,,,
DE-G-09272142,Saldenburg,gemeinde,Bayern,"Seldenstraße 30, 94163 Saldenburg",,,node/3637274893,Gemeinde Saldenburg,8.5
DE-G-09272143,Sankt Oswald-Riedlhütte,gemeinde,Bayern,,,,,,
DE-G-09272146,Neuschönau,gemeinde,Bayern,"Kaiserstraße 13, 94556 Neuschönau",,,node/939450908,,6.5
DE-G-09272149,Spiegelau,gemeinde,Bayern,,,,,,
DE-G-09272151,Waldkirchen,gemeinde,Bayern,"Hauzenberger Straße 1, 94065 Waldkirchen",,,way/33041095,Rathaus Stadt Waldkirchen,8.5
DE-G-09273111,Abensberg,gemeinde,Bayern,"Stadtplatz 1, 93326 Abensberg",+49944391030,stadt@abensberg.de,node/2296790471,Rathaus,7.0
DE-G-09273116,Bad Abbach,gemeinde,Bayern,,,,,,
DE-G-09273137,Kelheim,gemeinde,Bayern,"Ludwigsplatz 16, 93309 Kelheim",+49 9441 7010,,way/142538545,Rathaus Kelheim,9.0
DE-G-09273147,Mainburg,gemeinde,Bayern,,,,,,
DE-G-09273152,Neustadt a.d.Donau,gemeinde,Bayern,"Stadtplatz 1, 93333 Neustadt a.d.Donau",,,way/282453318,Rathaus,6.5
DE-G-09273159,Painten,gemeinde,Bayern,"Marktplatz 24, 93351 Painten",,,way/328376024,,6.5
DE-G-09273164,Riedenburg,gemeinde,Bayern,,,,,,
DE-G-09273165,Rohr i.NB,gemeinde,Bayern,"Marienplatz 1, 93352 Rohr i.NB",+49 8783 9608-0,info@markt-rohr.de,way/363343490,Rathaus,7.0
DE-G-09274111,Adlkofen,gemeinde,Bayern,"Hauptstraße 16, 84166 Adlkofen",+49 8707 929-0,poststelle@adlkofen.de,way/297425876,Rathaus Adlkofen,9.0
DE-G-09274113,Altdorf,gemeinde,Bayern,"Dekan-Wagner-Straße 13, 84032 Altdorf",+49 871 303-0,,node/280554131,Rathaus Altdorf,9.0
DE-G-09274120,Bodenkirchen,gemeinde,Bayern,"Ebenhausenerstraße 1, 84155 Bodenkirchen",,,way/581661657,,6.3
DE-G-09274121,Buch a.Erlbach,gemeinde,Bayern,,,,,,
DE-G-09274124,Eching,gemeinde,Bayern,"Hauptstraße 12, 84174 Eching",+49 8709 9247-0,gemeinde@eching-ndb.de,way/47519796,Rathaus,6.9
DE-G-09274126,Ergolding,gemeinde,Bayern,"Lindenstraße 25, 84030 Ergolding",+49 871 7603 0,,way/179162777,Rathaus Ergolding,9.0
DE-G-09274128,Essenbach,gemeinde,Bayern,"Rathausplatz 3, 84051 Essenbach",,,way/106779580,Rathaus Essenbach,8.5
DE-G-09274134,Geisenhausen,gemeinde,Bayern,"Hauptstraße 6, 84144 Geisenhausen",,,way/367295794,,6.5
DE-G-09274141,Hohenthann,gemeinde,Bayern,,,,,,
DE-G-09274146,Kumhausen,gemeinde,Bayern,"Rathausplatz 1, 84036 Kumhausen",,,way/329545092,Rathaus Kumhausen,8.5
DE-G-09274153,Neufahrn i.NB,gemeinde,Bayern,,,,,,
DE-G-09274156,Niederaichbach,gemeinde,Bayern,"Rathausstraße 2, 84100 Niederaichbach",,,way/51971058,Niederaichbach,8.5
DE-G-09274172,Pfeffenhausen,gemeinde,Bayern,,,,,,
DE-G-09274176,Rottenburg a.d.Laaber,gemeinde,Bayern,"Neufahrner Straße 1, 84056 Rottenburg a.d. Laaber",,,node/393456202,Rathaus,6.5
DE-G-09274182,Tiefenbach,gemeinde,Bayern,"Hauptstraße 42, 84184 Tiefenbach",,,way/180798820,Rathaus Tiefenbach,8.5
DE-G-09274184,Vilsbiburg,gemeinde,Bayern,"Stadtplatz 26, 84137 Vilsbiburg",+49 8741 3050,stadt@vilsbiburg.de,node/3712321362,Rathaus Vilsbiburg,9.0
DE-G-09274185,Vilsheim,gemeinde,Bayern,"Schulstraße 5, 84186 Vilsheim",,,way/182945907,Gemeinde Vilsheim,8.5
DE-G-09274194,Bruckberg,gemeinde,Bayern,"Rathausplatz 1, 84079 Bruckberg",+49 8765 93010,,way/229777804,Rathaus Bruckberg,9.0
DE-G-09275111,Aicha vorm Wald,gemeinde,Bayern,"Hofmarkstraße 2, 94529 Aicha vorm Wald",+49 8544 9630 0,info@aichavormwald.de,relation/9730835,,7.0
DE-G-09275114,Aldersbach,gemeinde,Bayern,,,,,,
DE-G-09275116,Bad Füssing,gemeinde,Bayern,,,,,,
DE-G-09275118,Breitenberg,gemeinde,Bayern,,,,,,
DE-G-09275119,Büchlberg,gemeinde,Bayern,,,,,,
DE-G-09275120,Eging a.See,gemeinde,Bayern,,,,,,
DE-G-09275121,Fürstenstein,gemeinde,Bayern,"Vilshofener Straße 9, 94538 Fürstenstein",,,way/604347228,Rathaus Fürstenstein,8.5
DE-G-09275122,Fürstenzell,gemeinde,Bayern,"Marienplatz 7, 94081 Fürstenzell",,,way/229441815,,6.5
DE-G-09275124,Bad Griesbach i.Rottal,gemeinde,Bayern,"Schloßberg 18, 94086 Bad Griesbach i.Rottal",,,way/239634574,Rathaus,6.5
DE-G-09275125,Haarbach,gemeinde,Bayern,,,,,,
DE-G-09275126,Hauzenberg,gemeinde,Bayern,,,,,,
DE-G-09275127,Hofkirchen,gemeinde,Bayern,"Rathausstraße 1, 94544 Hofkirchen",+4985 4597 180,info@hofkirchen.de,way/620865331,Markt Hofkirchen,9.0
DE-G-09275128,Hutthurm,gemeinde,Bayern,"Rathausplatz 1, 94116 Hutthurm",,,way/307805140,,6.5
DE-G-09275130,Kirchham,gemeinde,Bayern,,,,,,
DE-G-09275131,Kößlarn,gemeinde,Bayern,"Marktplatz 25, 94149 Kößlarn",,,way/360400240,Rathaus,6.5
DE-G-09275133,Neuburg a.Inn,gemeinde,Bayern,,,,,,
DE-G-09275134,Neuhaus a.Inn,gemeinde,Bayern,,,,,,
DE-G-09275135,Neukirchen vorm Wald,gemeinde,Bayern,,,,,,
DE-G-09275137,Obernzell,gemeinde,Bayern,,,,,,
DE-G-09275138,Ortenburg,gemeinde,Bayern,"Marktplatz, 94496 Ortenburg",,,node/3418585398,Rathaus Ortenburg,8.5
DE-G-09275141,Pocking,gemeinde,Bayern,,,,,,
DE-G-09275144,Ruderting,gemeinde,Bayern,,,,,,
DE-G-09275145,Ruhstorf a.d.Rott,gemeinde,Bayern,,,,,,
DE-G-09275146,Salzweg,gemeinde,Bayern,"Passauer Straße 42, 94121 Salzweg",,,way/38446079,Rathaus Salzweg,8.5
DE-G-09275148,Sonnen,gemeinde,Bayern,"Schulstraße 2, 94164 Sonnen",,,way/258642212,Rathaus Sonnen,8.5
DE-G-09275149,Tettenweis,gemeinde,Bayern,,,,,,
DE-G-09275150,Thyrnau,gemeinde,Bayern,,,,,,
DE-G-09275151,Tiefenbach,gemeinde,Bayern,,,,,,
DE-G-09275153,Untergriesbach,gemeinde,Bayern,,,,,,
DE-G-09275154,Vilshofen an der Donau,gemeinde,Bayern,,,,,,
DE-G-09275156,Wegscheid,gemeinde,Bayern,"Marktstraße 1, 94110 Wegscheid",,,way/320372850,Rathaus,6.5
DE-G-09275159,Windorf,gemeinde,Bayern,,,,,,
DE-G-09276113,Arnbruck,gemeinde,Bayern,,,,,,
DE-G-09276115,Bayerisch Eisenstein,gemeinde,Bayern,"Anton-Pech-Weg 2, 94252 Bayerisch Eisenstein",,,node/1636913141,Bayerisch Eisenstein,8.5
DE-G-09276116,Bischofsmais,gemeinde,Bayern,"Hauptstraße 34, 94253 Bischofsmais",,,node/1839017614,Rathaus Bischofsmais,8.5
DE-G-09276117,Bodenmais,gemeinde,Bayern,"Bahnhofstraße 56, 94249 Bodenmais",,,way/88524309,Rathaus,6.5
DE-G-09276118,Böbrach,gemeinde,Bayern,"Rathausplatz 1, 94255 Böbrach",+49 9923 801000,,node/1839451831,Rathaus Böbrach,9.0
DE-G-09276120,Drachselsried,gemeinde,Bayern,"Zellertalstraße 12, 94256 Drachselsried",+499945 94160,poststelle@drachselsried.landkreis-regen.de,way/91762661,Gemeinde Drachselsried,9.0
DE-G-09276121,Frauenau,gemeinde,Bayern,,,,,,
DE-G-09276122,Geiersthal,gemeinde,Bayern,"Rathausstraße 5, 94244 Geiersthal",,,way/211150360,Rathaus Geiersthal,8.5
DE-G-09276126,Kirchberg i.Wald,gemeinde,Bayern,,,,,,
DE-G-09276127,Kirchdorf i.Wald,gemeinde,Bayern,,,,,,
DE-G-09276128,Kollnburg,gemeinde,Bayern,,,,,,
DE-G-09276129,Langdorf,gemeinde,Bayern,,,,,,
DE-G-09276130,Lindberg,gemeinde,Bayern,"Zwieselauer Straße 1, 94227 Lindberg",,,way/362391389,,6.5
DE-G-09276134,Patersdorf,gemeinde,Bayern,,,,,,
DE-G-09276135,Prackenbach,gemeinde,Bayern,,,,,,
DE-G-09276138,Regen,gemeinde,Bayern,"Stadtplatz 2, 94209 Regen",,,way/372618221,Rathaus Regen,8.5
DE-G-09276139,Rinchnach,gemeinde,Bayern,,,,,,
DE-G-09276143,Teisnach,gemeinde,Bayern,"Prälat-Mayer-Platz 5, 94244 Teisnach",,,way/430496209,Rathaus,6.5
DE-G-09276144,Viechtach,gemeinde,Bayern,,,,,,
DE-G-09276148,Zwiesel,gemeinde,Bayern,"Stadtplatz 27, 94227 Zwiesel",,,way/290180613,Rathaus Zwiesel,8.5
DE-G-09277111,Arnstorf,gemeinde,Bayern,"Marktplatz 8, 94424 Arnstorf",+49 8723 96100,info@arnstorf.de,node/3034410048,Rathaus Arnstorf,9.0
DE-G-09277114,Dietersburg,gemeinde,Bayern,"Burgstraße 12, 84378 Dietersburg",,,way/374032528,Rathaus,6.5
DE-G-09277116,Eggenfelden,gemeinde,Bayern,"Rathausplatz 1, 84307 Eggenfelden",,,node/6775041252,Rathaus Eggenfelden,8.5
DE-G-09277117,Egglham,gemeinde,Bayern,"Hauptstraße 33, 84385 Egglham",+49 8543 601480,,node/3614793469,Gemeinde Egglham,9.0
DE-G-09277121,Gangkofen,gemeinde,Bayern,,,,,,
DE-G-09277124,Hebertsfelden,gemeinde,Bayern,"Bahnhofstraße 1, 84332 Hebertsfelden",,,way/380678394,Rathaus - Gemeinde Hebertsfelden,8.4
DE-G-09277126,Johanniskirchen,gemeinde,Bayern,,,,,,
DE-G-09277127,Julbach,gemeinde,Bayern,"Rathausplatz 1, 84387 Julbach",,,way/135568158,,6.5
DE-G-09277128,Kirchdorf a.Inn,gemeinde,Bayern,,,,,,
DE-G-09277134,Mitterskirchen,gemeinde,Bayern,,,,,,
DE-G-09277138,Pfarrkirchen,gemeinde,Bayern,,,,,,
DE-G-09277139,Postmünster,gemeinde,Bayern,"Hauptstraße 27, 84389 Postmünster",+49 8561 8224,,node/1277076204,Rathaus Postmünster,9.0
DE-G-09277142,Roßbach,gemeinde,Bayern,,,,,,
DE-G-09277144,Schönau,gemeinde,Bayern,,,,,,
DE-G-09277145,Simbach a.Inn,gemeinde,Bayern,,,,,,
DE-G-09277149,Triftern,gemeinde,Bayern,"Magistratsstraße 1, 84371 Triftern",+49 8562 9610-0,,way/197343514,Gemeinde Triftern,8.9
DE-G-09277151,Unterdietfurt,gemeinde,Bayern,,,,,,
DE-G-09277152,Wittibreut,gemeinde,Bayern,"Hauptstraße 2, 84384 Wittibreut",+49 8574 96010,,way/307214947,Gemeinde Wittibreut,9.0
DE-G-09277153,Wurmannsquick,gemeinde,Bayern,,,,,,
DE-G-09277154,Zeilarn,gemeinde,Bayern,,,,,,
DE-G-09278118,Bogen,gemeinde,Bayern,"Stadtplatz 56, 94327 Bogen",+49 9422 505 0,info@bogen.de,way/295293285,Rathaus Bogen,8.9
DE-G-09278121,Feldkirchen,gemeinde,Bayern,,,,,,
DE-G-09278123,Geiselhöring,gemeinde,Bayern,"Stadtplatz 4, 94333 Geiselhöring",+49 9423 9400-0,,node/2361327960,Rathaus Geiselhöring,9.0
DE-G-09278129,Haibach,gemeinde,Bayern,,,,,,
DE-G-09278141,Kirchroth,gemeinde,Bayern,"Regensburger Straße 22, 94356 Kirchroth",,,way/1001377336,Rathaus Kirchroth,8.5
DE-G-09278143,Konzell,gemeinde,Bayern,,,,,,
DE-G-09278144,Laberweinting,gemeinde,Bayern,,,,,,
DE-G-09278146,Leiblfing,gemeinde,Bayern,"Schulstraße 6, 94339",,,way/122149973,Rathaus,3.5
DE-G-09278148,Mallersdorf-Pfaffenberg,gemeinde,Bayern,"Rathausplatz 1, 84066 Mallersdorf-Pfaffenberg",+49 8772 807 0,markt-mallersdorf-pfaffenberg@mal-pfa.de,way/967550792,,6.9
DE-G-09278167,Oberschneiding,gemeinde,Bayern,"Pfarrer-Handwercher-Platz 4, 94363",,,way/129168630,Rathaus Oberschneiding,5.5
DE-G-09278170,Parkstetten,gemeinde,Bayern,,,,,,
DE-G-09278178,Rattenberg,gemeinde,Bayern,"Dorfplatz 15, 94371 Rattenberg",,,node/418820897,Rathaus Rattenberg,8.5
DE-G-09278184,Sankt Englmar,gemeinde,Bayern,,,,,,
DE-G-09278190,Steinach,gemeinde,Bayern,,,,,,
DE-G-09278197,Wiesenfelden,gemeinde,Bayern,"Georgsplatz 1, 94344 Wiesenfelden",,,node/1826516178,,6.5
DE-G-09279112,Dingolfing,gemeinde,Bayern,"Dr.-Josef-Hastreiter-Straße 2, 84130 Dingolfing",+49 8731 5010,,node/3903299757,Rathaus,7.0
DE-G-09279113,Eichendorf,gemeinde,Bayern,,,,,,
DE-G-09279115,Frontenhausen,gemeinde,Bayern,"Marienplatz 3, 84160 Frontenhausen",+49 8732 9201-0,info@markt-frontenhausen.de,node/3884785390,Markt Frontenhausen,9.0
DE-G-09279122,Landau a.d.Isar,gemeinde,Bayern,,,,,,
DE-G-09279124,Loiching,gemeinde,Bayern,,,,,,
DE-G-09279126,Marklkofen,gemeinde,Bayern,,,,,,
DE-G-09279127,Mengkofen,gemeinde,Bayern,"Von-Haniel-Allee 12, 84152 Mengkofen",,,node/478668914,,6.5
DE-G-09279128,Moosthenning,gemeinde,Bayern,,,,,,
DE-G-09279130,Niederviehbach,gemeinde,Bayern,,,,,,
DE-G-09279132,Pilsting,gemeinde,Bayern,"Marktplatz 23, 94431 Pilsting",,,way/86022289,Rathaus Pilsting,8.5
DE-G-09279134,Reisbach,gemeinde,Bayern,,,,,,
DE-G-09279135,Simbach,gemeinde,Bayern,,,,,,
DE-G-09279137,Wallersdorf,gemeinde,Bayern,"Marktplatz 19, 94522 Wallersdorf",+49 9933 95100,info@markt-wallersdorf.de,node/2145263280,,7.0
DE-G-09361000,Amberg,gemeinde,Bayern,"Marktplatz 11, 92224 Amberg",,,way/112219582,Rathaus Amberg,8.5
DE-G-09362000,Regensburg,gemeinde,Bayern,"D.-Martin-Luther-Straße 3, 93047 Regensburg",+49 941 507 0,stadt_regensburg@regensburg.de,relation/19062475,Neues Rathaus,7.0
DE-G-09363000,Weiden i.d.OPf.,gemeinde,Bayern,,,,,,
DE-G-09371111,Ammerthal,gemeinde,Bayern,,,,,,
DE-G-09371113,Auerbach i.d.OPf.,gemeinde,Bayern,,,,,,
DE-G-09371118,Ebermannsdorf,gemeinde,Bayern,,,,,,
DE-G-09371119,Edelsfeld,gemeinde,Bayern,"Hirschbachstraße 8, 92265 Edelsfeld",,,way/714887463,Rathaus Edelsfeld,8.5
DE-G-09371120,Ensdorf,gemeinde,Bayern,"Hauptstraße 4, 92266 Ensdorf",+4996242820,,way/151546213,Rathaus Ensdorf,9.0
DE-G-09371121,Freihung,gemeinde,Bayern,"Flurstraße 4, 92271 Freihung",,,way/124529252,Rathaus Freihung,8.5
DE-G-09371122,Freudenberg,gemeinde,Bayern,,,,,,
DE-G-09371127,Hirschau,gemeinde,Bayern,"Rathausplatz 1, 92242 Hirschau",+49 9622 810,stadt@hirschau.de,way/130889928,Rathaus,7.0
DE-G-09371129,Hohenburg,gemeinde,Bayern,"Marktplatz 19, 92277 Hohenburg",,,way/380457206,Rathaus Hohenburg,8.5
DE-G-09371132,Kastl,gemeinde,Bayern,"Marktplatz 1, 92280 Kastl",,,way/481391720,Rathaus Kastl,8.5
DE-G-09371136,Kümmersbruck,gemeinde,Bayern,"Schulstraße 37, 92245 Kümmersbruck",+49 9621 708-0,,way/59555015,,6.9
DE-G-09371144,Poppenricht,gemeinde,Bayern,"Rathausplatz 1, 92284 Poppenricht",,,way/349384047,Gemeinde Poppenricht,8.5
DE-G-09371146,Rieden,gemeinde,Bayern,"Hirschwalder Straße 27, 92286 Rieden",+49962492020,,way/379889676,Rathaus Rieden,9.0
DE-G-09371148,Schmidmühlen,gemeinde,Bayern,,,,,,
DE-G-09371150,Schnaittenbach,gemeinde,Bayern,"Rosenbühlstraße 1, 92253 Schnaittenbach",+49 9622 70250,,way/50539898,Rathaus,7.0
DE-G-09371151,Sulzbach-Rosenberg,gemeinde,Bayern,,,,,,
DE-G-09371154,Ursensollen,gemeinde,Bayern,,,,,,
DE-G-09371156,Vilseck,gemeinde,Bayern,"Marktplatz 13, 92249 Vilseck",,,way/965386752,Stadt Vilseck,8.5
DE-G-09372112,Arnschwang,gemeinde,Bayern,,,,,,
DE-G-09372113,Arrach,gemeinde,Bayern,,,,,,
DE-G-09372115,Blaibach,gemeinde,Bayern,"Kirchplatz 6, 93476 Blaibach",+49 9941 94500,,node/5567184808,Gemeinde Blaibach,9.0
DE-G-09372116,Cham,gemeinde,Bayern,,,,,,
DE-G-09372117,Chamerau,gemeinde,Bayern,,,,,,
DE-G-09372124,Eschlkam,gemeinde,Bayern,,,,,,
DE-G-09372126,Furth im Wald,gemeinde,Bayern,,,,,,
DE-G-09372130,Grafenwiesen,gemeinde,Bayern,,,,,,
DE-G-09372135,Hohenwarth,gemeinde,Bayern,,,,,,
DE-G-09372137,Bad Kötzting,gemeinde,Bayern,,,,,,
DE-G-09372138,Lam,gemeinde,Bayern,"Schulweg 4, 93462 Lam",,,way/32660556,Rathaus,6.5
DE-G-09372143,Miltach,gemeinde,Bayern,,,,,,
DE-G-09372144,Neukirchen b.Hl.Blut,gemeinde,Bayern,"Marktplatz 2, 93453 Neukirchen b. Hl. Blut",,,way/256412926,,6.5
DE-G-09372146,Pemfling,gemeinde,Bayern,,,,,,
DE-G-09372151,Rimbach,gemeinde,Bayern,,,,,,
DE-G-09372153,Roding,gemeinde,Bayern,,,,,,
DE-G-09372154,Rötz,gemeinde,Bayern,,,,,,
DE-G-09372155,Runding,gemeinde,Bayern,,,,,,
DE-G-09372157,Schönthal,gemeinde,Bayern,,,,,,
DE-G-09372158,Schorndorf,gemeinde,Bayern,,,,,,
DE-G-09372164,Traitsching,gemeinde,Bayern,"Rathausstraße 1, 93455 Traitsching",+49 9974 9404-0,,way/569403013,,7.0
DE-G-09372168,Waffenbrunn,gemeinde,Bayern,,,,,,
DE-G-09372171,Waldmünchen,gemeinde,Bayern,"Marktplatz 14, 93449 Waldmünchen",,,way/260828928,Rathaus Waldmünchen,8.5
DE-G-09372175,Willmering,gemeinde,Bayern,,,,,,
DE-G-09372177,Zandt,gemeinde,Bayern,,,,,,
DE-G-09372178,Lohberg,gemeinde,Bayern,,,,,,
DE-G-09373112,Berching,gemeinde,Bayern,"Pettenkoferplatz 12, 92334 Berching",,,way/211924283,Rathaus Berching,8.5
DE-G-09373113,Berg b.Neumarkt i.d.OPf.,gemeinde,Bayern,,,,,,
DE-G-09373115,Breitenbrunn,gemeinde,Bayern,,,,,,
DE-G-09373119,Deining,gemeinde,Bayern,"Schloßstraße 6, 92364 Deining",,,way/31287473,Rathaus,6.5
DE-G-09373121,Dietfurt a.d.Altmühl,gemeinde,Bayern,,,,,,
DE-G-09373126,Freystadt,gemeinde,Bayern,"Marktplatz 1, 92342 Freystadt",+49 9179 94900,,way/138374204,Rathaus,7.0
DE-G-09373134,Hohenfels,gemeinde,Bayern,,,,,,
DE-G-09373140,Lauterhofen,gemeinde,Bayern,,,,,,
DE-G-09373143,Lupburg,gemeinde,Bayern,,,,,,
DE-G-09373146,Mühlhausen,gemeinde,Bayern,"Bahnhofstraße 7, 92360 Mühlhausen",,,way/211197311,Rathaus Gemeinde Mühlhausen,8.5
DE-G-09373147,Neumarkt i.d.OPf.,gemeinde,Bayern,,,,,,
DE-G-09373151,Parsberg,gemeinde,Bayern,"Alte Seer Straße 2, 92331 Parsberg",,,way/315503507,,6.5
DE-G-09373155,Postbauer-Heng,gemeinde,Bayern,"Centrum 3, 92353",,,way/62440937,Rathaus Postbauer-Heng,5.5
DE-G-09373156,Pyrbaum,gemeinde,Bayern,"Marktplatz 1, 90602 Pyrbaum",+49 9180 94050,info@pyrbaum.de,node/444583440,Rathaus,7.0
DE-G-09373160,Seubersdorf i.d.OPf.,gemeinde,Bayern,,,,,,
DE-G-09373167,Velburg,gemeinde,Bayern,"Hinterer Markt 1, 92355 Velburg",,,way/28957319,,6.5
DE-G-09374111,Altenstadt a.d.Waldnaab,gemeinde,Bayern,"Hauptstraße 6, 92665 Altenstadt a.d.Waldnaab",,,way/281994921,Rathaus Altenstadt a.d.Waldnaab,8.5
DE-G-09374118,Eslarn,gemeinde,Bayern,"Marktplatz 1, 92693 Eslarn",,,way/548863415,,6.5
DE-G-09374121,Floß,gemeinde,Bayern,,,,,,
DE-G-09374122,Flossenbürg,gemeinde,Bayern,"Hohenstaufenstraße 24, 92696 Flossenbürg",,,way/150147702,Rathaus Gemeinde Flossenbürg,8.5
DE-G-09374124,Grafenwöhr,gemeinde,Bayern,,,,,,
DE-G-09374133,Luhe-Wildenau,gemeinde,Bayern,,,,,,
DE-G-09374134,Mantel,gemeinde,Bayern,"Etzenrichter Straße 11, 92708",,,node/1856862726,Gemeindeverwaltung,3.5
DE-G-09374137,Moosbach,gemeinde,Bayern,,,,,,
DE-G-09374139,Neustadt a.d.Waldnaab,gemeinde,Bayern,,,,,,
DE-G-09374162,Vohenstrauß,gemeinde,Bayern,"Marktplatz 9, 92648 Vohenstrauß",,,way/282285533,Rathaus Stadt Vohenstrauß,8.5
DE-G-09374164,Waidhaus,gemeinde,Bayern,"Schulstraße 4, 92726 Waidhaus",,,way/948841222,,6.5
DE-G-09374165,Waldthurn,gemeinde,Bayern,,,,,,
DE-G-09374168,Windischeschenbach,gemeinde,Bayern,"Hauptstraße 34, 92670 Windischeschenbach",,,way/442467044,Rathaus,6.5
DE-G-09375117,Barbing,gemeinde,Bayern,"Kirchstraße 1, 93092 Barbing",,,way/125420527,Rathaus,6.5
DE-G-09375118,Beratzhausen,gemeinde,Bayern,,,,,,
DE-G-09375119,Bernhardswald,gemeinde,Bayern,,,,,,
DE-G-09375143,Hagelstadt,gemeinde,Bayern,,,,,,
DE-G-09375148,Hemau,gemeinde,Bayern,"Propsteigaßl 2, 93155 Hemau",+49 9491 94000,,way/29183853,Rathaus der Stadt Hemau,9.0
DE-G-09375161,Köfering,gemeinde,Bayern,,,,,,
DE-G-09375165,Lappersdorf,gemeinde,Bayern,"Rathausstraße 3, 93138 Lappersdorf",,,way/115022850,Rathaus Lappersdorf,8.5
DE-G-09375170,Mintraching,gemeinde,Bayern,"Friedenstraße 2, 93098 Mintraching",,,way/132693465,Rathaus Mintraching,8.5
DE-G-09375174,Neutraubling,gemeinde,Bayern,"Regensburger Straße 9, 93073 Neutraubling",,,way/96131787,Rathaus,6.4
DE-G-09375175,Nittendorf,gemeinde,Bayern,,,,,,
DE-G-09375179,Obertraubling,gemeinde,Bayern,"Josef-Bäumel-Platz 1, 93083 Obertraubling",,,way/118133302,Rathaus Obertraubling,8.5
DE-G-09375180,Pentling,gemeinde,Bayern,"Am Rathaus 5, 93080 Pentling",+49 941 92082 0,,way/217444819,Rathaus Pentling,9.0
DE-G-09375181,Pettendorf,gemeinde,Bayern,"Margarethenstraße 4, 93186 Pettendorf",,,way/116067494,Rathaus,6.5
DE-G-09375183,Pfatter,gemeinde,Bayern,"Haidauer Straße 40, 93102 Pfatter",+49 9481 9404 0,,way/366576272,Rathaus Gemeinde Pfatter,9.0
DE-G-09375190,Regenstauf,gemeinde,Bayern,,,,,,
DE-G-09375196,Schierling,gemeinde,Bayern,,,,,,
DE-G-09375199,Sinzing,gemeinde,Bayern,"Fährenweg 4, 93161 Sinzing",+49 941 396020,,way/28023558,Rathaus Sinzing,9.0
DE-G-09375204,Tegernheim,gemeinde,Bayern,"Ringstraße 46, 93105 Tegernheim",,,way/1488812571,Rathaus,6.5
DE-G-09375205,Thalmassing,gemeinde,Bayern,"Kirchweg 1, 93107 Thalmassing",+49 9453 9934 0,gemeinde.thalmassing@realrgb.de,way/134068655,Rathaus Gemeinde Thalmassing,9.0
DE-G-09375208,Wenzenbach,gemeinde,Bayern,"Hauptstraße 40, 93173 Wenzenbach",,,way/129543021,Rathaus,6.5
DE-G-09375209,Wiesent,gemeinde,Bayern,"Bahnhofstraße 1, 93109 Wiesent",+49 9482 90958 0,gemeinde@wiesent.de,way/142229715,Gemeinde Wiesent,9.0
DE-G-09375213,Zeitlarn,gemeinde,Bayern,,,,,,
DE-G-09376116,Bodenwöhr,gemeinde,Bayern,"Schwandorfer Straße 20, 92439 Bodenwöhr",,,way/29181542,Gemeinde Bodenwöhr,8.5
DE-G-09376117,Bruck i.d.OPf.,gemeinde,Bayern,,,,,,
DE-G-09376119,Burglengenfeld,gemeinde,Bayern,"Marktplatz 2, 93133 Burglengenfeld",,,way/276696765,Rathaus Burglengenfeld,8.5
DE-G-09376125,Fensterbach,gemeinde,Bayern,"Knöllinger Straße 5, 92269 Fensterbach",,,way/202118111,Rathaus,6.5
DE-G-09376141,Maxhütte-Haidhof,gemeinde,Bayern,,,,,,
DE-G-09376147,Neunburg vorm Wald,gemeinde,Bayern,"Kolpingstraße 3, 92431 Neunburg vorm Wald",,,way/29498982,VGem. Neunburg vorm Wald,8.5
DE-G-09376149,Nittenau,gemeinde,Bayern,"Gerichtsstraße 13, 93149 Nittenau",,,way/505152625,Rathaus,6.5
DE-G-09376150,Wernberg-Köblitz,gemeinde,Bayern,,,,,,
DE-G-09376151,Oberviechtach,gemeinde,Bayern,"Nabburger Straße 2, 92526 Oberviechtach",+49 9671 307-0,rathaus@oberviechtach.de,node/245569563,Rathaus,7.0
DE-G-09376159,Schmidgaden,gemeinde,Bayern,"Schwarzenfelder Weg 9, 92546 Schmidgaden",,,way/1001377822,Rathaus,6.5
DE-G-09376161,Schwandorf,gemeinde,Bayern,,,,,,
DE-G-09376170,Teublitz,gemeinde,Bayern,"Platz der Freiheit 7, 93158 Teublitz",,,way/53740672,Rathaus,6.5
DE-G-09377112,Bärnau,gemeinde,Bayern,"Marktplatz 1, 95671 Bärnau",,,way/827879842,Rathaus Bärnau,8.5
DE-G-09377116,Erbendorf,gemeinde,Bayern,"Bräugasse 4, 92681 Erbendorf",+49 9682 9210-0,,node/4207051148,Rathaus Stadt Erbendorf,9.0
DE-G-09377118,Friedenfels,gemeinde,Bayern,"Kolpingplatz 4, 95688 Friedenfels",,,way/809405138,Rathaus,6.5
DE-G-09377119,Fuchsmühl,gemeinde,Bayern,,,,,,
DE-G-09377127,Immenreuth,gemeinde,Bayern,"Kemnather Straße 42, 95505 Immenreuth",,,node/10091773160,Gemeinde Immenreuth,8.5
DE-G-09377131,Konnersreuth,gemeinde,Bayern,,,,,,
DE-G-09377133,Kulmain,gemeinde,Bayern,,,,,,
DE-G-09377139,Mähring,gemeinde,Bayern,,,,,,
DE-G-09377142,Bad Neualbenreuth,gemeinde,Bayern,"Marktplatz 5, 95698 Bad Neualbenreuth",,,way/500135629,Rathaus,6.5
DE-G-09377146,Plößberg,gemeinde,Bayern,"Jahnstraße 1, 95703 Plößberg",,,way/24607251,,6.5
DE-G-09377154,Tirschenreuth,gemeinde,Bayern,"Maximilianplatz 35, 95643 Tirschenreuth",+49 9631 609 0,,way/224006666,Stadtverwaltung Tirschenreuth,9.0
DE-G-09377157,Waldershof,gemeinde,Bayern,"Markt 1, 95679 Waldershof",,,way/329899108,,6.5
DE-G-09377158,Waldsassen,gemeinde,Bayern,"Basilikaplatz 3, 95652 Waldsassen",,,way/182521790,Rathaus Waldsassen,8.5
DE-G-09461000,Bamberg,gemeinde,Bayern,,,,,,
DE-G-09462000,Bayreuth,gemeinde,Bayern,"Luitpoldplatz 13, 95444 Bayreuth",+49 921 250,poststelle@stadt.bayreuth.de,way/24620432,Neues Rathaus,7.0
DE-G-09463000,Coburg,gemeinde,Bayern,"Markt 1, 96450 Coburg",+49 9561 89-0,,way/359569707,Rathaus,7.0
DE-G-09464000,Hof,gemeinde,Bayern,"Klosterstraße 3, 95028 Hof",,,way/179465182,Rathaus,6.4
DE-G-09471111,Altendorf,gemeinde,Bayern,"Jurastraße 1, 96146 Altendorf",,,way/115792650,Rathaus,6.5
DE-G-09471117,Bischberg,gemeinde,Bayern,"Schulstraße 16, 96120 Bischberg",,,way/44598057,Rathaus Bischberg,8.5
DE-G-09471119,Breitengüßbach,gemeinde,Bayern,"Kirchplatz 4, 96149 Breitengüßbach",,,way/118782647,Rathaus Breitengüssbach,8.5
DE-G-09471123,Buttenheim,gemeinde,Bayern,"Hauptstraße 15, 96155 Buttenheim",,,way/505466271,Rathaus Buttenheim,8.5
DE-G-09471131,Frensdorf,gemeinde,Bayern,"Kaulberg 1, 96158 Frensdorf",,,way/75615008,Rathaus,6.5
DE-G-09471137,Gundelsheim,gemeinde,Bayern,"Karmelitenstraße 11, 96163 Gundelsheim",,,way/35939282,Rathaus,6.5
DE-G-09471140,Hallstadt,gemeinde,Bayern,"Marktplatz 2, 96103 Hallstadt",,,way/35064021,Stadt Hallstadt,8.5
DE-G-09471142,Heiligenstadt i.OFr.,gemeinde,Bayern,,,,,,
DE-G-09471145,Hirschaid,gemeinde,Bayern,"Kirchplatz 6, 96114 Hirschaid",,,way/65417656,Rathaus Hirschaid,8.5
DE-G-09471150,Kemmern,gemeinde,Bayern,"Hauptstraße 2, 96164 Kemmern",,,way/27777298,,6.5
DE-G-09471155,Litzendorf,gemeinde,Bayern,"Am Knock 6, 96123 Litzendorf",,,way/30890794,Rathaus Litzendorf,8.5
DE-G-09471159,Memmelsdorf,gemeinde,Bayern,"Rathausplatz 1, 96117 Memmelsdorf",,,way/41744915,Rathaus,6.5
DE-G-09471165,Oberhaid,gemeinde,Bayern,"Rathausplatz 1, 96173 Oberhaid",,,way/48351123,,6.5
DE-G-09471169,Pettstadt,gemeinde,Bayern,"Kirchplatz 10, 96175 Pettstadt",,,way/107075928,Rathaus Pettstadt,8.4
DE-G-09471172,Pommersfelden,gemeinde,Bayern,,,,,,
DE-G-09471174,Rattelsdorf,gemeinde,Bayern,"Grabenstraße 26, 96179 Rattelsdorf",,,way/28068307,Rathaus Markt Rattelsdorf,8.5
DE-G-09471185,Scheßlitz,gemeinde,Bayern,"Hauptstraße 34, 96110 Scheßlitz",,,way/43854678,Rathaus,6.5
DE-G-09471191,Stegaurach,gemeinde,Bayern,"Schloßplatz 1, 96135 Stegaurach",,,way/76390694,Rathaus,6.5
DE-G-09471195,Strullendorf,gemeinde,Bayern,"Forchheimer Straße 32, 96129 Strullendorf",,,way/53638467,Rathaus Strullendorf,8.5
DE-G-09471207,Viereth-Trunstadt,gemeinde,Bayern,"Weiherer Straße 6, 96191 Viereth-Trunstadt",,,way/27486089,Gemeinde Viereth-Trunstadt,8.5
DE-G-09471208,Walsdorf,gemeinde,Bayern,,,,,,
DE-G-09471214,Zapfendorf,gemeinde,Bayern,,,,,,
DE-G-09471220,Schlüsselfeld,gemeinde,Bayern,"Marktplatz 5, 96132 Schlüsselfeld",,,way/104835803,Rathaus Schlüsselfeld,8.5
DE-G-09472111,Ahorntal,gemeinde,Bayern,"Sophienweg 2, 95491 Ahorntal-Kirchahorn",,,way/1387347017,Rathaus Ahorntal,8.5
DE-G-09472116,Bad Berneck i.Fichtelgebirge,gemeinde,Bayern,,,,,,
DE-G-09472119,Bindlach,gemeinde,Bayern,"Rathausplatz 1, 95463 Bindlach",+49 9208 664 0,gemeinde@bindlach.bayern.de,way/246486802,Rathaus Bindlach,9.0
DE-G-09472121,Bischofsgrün,gemeinde,Bayern,,,,,,
DE-G-09472131,Eckersdorf,gemeinde,Bayern,"Bamberger Straße 30, 95488 Eckersdorf",,,way/140560758,Rathaus,6.5
DE-G-09472138,Fichtelberg,gemeinde,Bayern,,,,,,
DE-G-09472139,Gefrees,gemeinde,Bayern,"Hauptstraße 22, 95482 Gefrees",,,way/877499146,,6.5
DE-G-09472143,Goldkronach,gemeinde,Bayern,,,,,,
DE-G-09472150,Heinersreuth,gemeinde,Bayern,"Kulmbacher Straße 14, 95500 Heinersreuth",,,way/197945337,Rathaus,6.5
DE-G-09472164,Mehlmeisel,gemeinde,Bayern,"Rathausplatz 1, 95694 Mehlmeisel",,,way/204777905,,6.5
DE-G-09472175,Pegnitz,gemeinde,Bayern,"Hauptstraße 37, 91257 Pegnitz",,,way/35938430,Neues Rathaus,6.5
DE-G-09472179,Pottenstein,gemeinde,Bayern,"Forchheimer Straße 1, 91278 Pottenstein",+49 9243 708-0,,node/5873567743,Rathaus,7.0
DE-G-09472190,Speichersdorf,gemeinde,Bayern,"Rathausplatz 1, 95469 Speichersdorf",,,way/136441568,,6.4
DE-G-09472197,Waischenfeld,gemeinde,Bayern,"Marktplatz 1, 91344 Waischenfeld",,,way/31507741,Rathaus,6.5
DE-G-09472198,Warmensteinach,gemeinde,Bayern,"Bahnhofstraße 100, 95485 Warmensteinach",,,way/323467949,Rathaus,6.5
DE-G-09473112,Ahorn,gemeinde,Bayern,"Hauptstraße 40, 96482 Ahorn",,,way/120032620,,6.5
DE-G-09473120,Dörfles-Esbach,gemeinde,Bayern,"Rosenauer Straße 12, 96487 Dörfles-Esbach",,,way/87311632,Rathaus Gemeinde Dörfles-Esbach,8.5
DE-G-09473121,Ebersdorf b.Coburg,gemeinde,Bayern,,,,,,
DE-G-09473132,Großheirath,gemeinde,Bayern,"Schulstraße 34, 96269 Großheirath",,,way/1137846230,Gemeinde Großheirath,8.4
DE-G-09473138,Itzgrund,gemeinde,Bayern,,,,,,
DE-G-09473141,Lautertal,gemeinde,Bayern,"Frankenstraße 3, 96486 Lautertal",+49 9561 8620-0,,way/397703546,Rathaus Lautertal,8.9
DE-G-09473144,Meeder,gemeinde,Bayern,"Bahnhofstraße 1, 96484 Meeder",,,way/265868142,Rathaus,6.5
DE-G-09473151,Neustadt b.Coburg,gemeinde,Bayern,"Georg-Langbein-Straße 1, 96465 Neustadt bei Coburg",,,relation/5621455,,6.5
DE-G-09473158,Bad Rodach,gemeinde,Bayern,"Markt 1, 96476 Bad Rodach",,,way/1188641649,Rathaus Bad Rodach,8.5
DE-G-09473159,Rödental,gemeinde,Bayern,"Bürgerplatz 1, 96472 Rödental",+49 9563 960,,node/5610123622,Stadtverwaltung Rödental,8.9
DE-G-09473165,Seßlach,gemeinde,Bayern,"Marktplatz 98, 96145 Seßlach",,,way/180860152,,6.5
DE-G-09473166,Sonnefeld,gemeinde,Bayern,"Schafberg 2, 96242 Sonnefeld",,,way/280794769,,6.5
DE-G-09473170,Untersiemau,gemeinde,Bayern,,,,,,
DE-G-09473174,Weidhausen b.Coburg,gemeinde,Bayern,,,,,,
DE-G-09473175,Weitramsdorf,gemeinde,Bayern,"Ummerstadter Straße 11, 96479 Weitramsdorf",,,way/90700437,,6.5
DE-G-09474123,Eggolsheim,gemeinde,Bayern,"Hauptstraße 27, 91330 Eggolsheim",+49 9545 444-100,,way/300806244,Rathaus Eggolsheim,9.0
DE-G-09474124,Egloffstein,gemeinde,Bayern,"Badstraße 166, 91349 Egloffstein",+49 9197 6292 0,,node/1232800916,Markt Egloffstein,9.0
DE-G-09474126,Forchheim,gemeinde,Bayern,"Hauptstraße 24, 91301 Forchheim",,,node/254489554,Rathaus Forchheim,8.5
DE-G-09474129,Gößweinstein,gemeinde,Bayern,"Burgstraße 8, 91327 Gößweinstein",+49 9242 980 0,,node/919407925,Gößweinstein,9.0
DE-G-09474133,Hallerndorf,gemeinde,Bayern,"Von-Seckendorf-Straße 10, 91352 Hallerndorf",+49954544390,,node/4412769092,Gemeindeverwaltung,7.0
DE-G-09474134,Hausen,gemeinde,Bayern,"Heroldsbacher Straße 51, 91353 Hausen",,,node/699051018,Rathaus,6.4
DE-G-09474135,Heroldsbach,gemeinde,Bayern,"Hauptstraße 9, 91336 Heroldsbach",,,way/408299426,,6.5
DE-G-09474140,Igensdorf,gemeinde,Bayern,"Bürgermeister-Zeiß-Platz 1, 91338 Igensdorf",+49 9192 92525,rathaus@igensdorf.de,way/173798348,Rathaus Igensdorf,9.0
DE-G-09474146,Langensendelbach,gemeinde,Bayern,"Poxdorfer Straße 4, 91094 Langensendelbach",,,node/6874281186,Rathaus Gemeindeverwaltung,6.5
DE-G-09474154,Neunkirchen a.Brand,gemeinde,Bayern,,,,,,
DE-G-09474156,Obertrubach,gemeinde,Bayern,"Teichstraße 5, 91286 Obertrubach",,,way/199908304,Rathaus Obertrubach,8.5
DE-G-09474161,Pretzfeld,gemeinde,Bayern,"Hauptstraße 3, 91362 Pretzfeld",,,way/164009191,Rathaus Pretzfeld,8.5
DE-G-09474176,Wiesenttal,gemeinde,Bayern,,,,,,
DE-G-09475112,Bad Steben,gemeinde,Bayern,,,,,,
DE-G-09475113,Berg,gemeinde,Bayern,,,,,,
DE-G-09475120,Döhlau,gemeinde,Bayern,"Am Rathaus 2, 95182 Döhlau",,,way/132557006,Rathaus Döhlau,8.5
DE-G-09475128,Geroldsgrün,gemeinde,Bayern,"Keyßerstraße 25, 95179 Geroldsgrün",,,node/2780855293,Rathaus Geroldsgrün,8.5
DE-G-09475136,Helmbrechts,gemeinde,Bayern,"Luitpoldstraße 21, 95233 Helmbrechts",,,way/169569004,,6.5
DE-G-09475141,Köditz,gemeinde,Bayern,"Talstraße 2, 95189 Köditz",,,way/734714510,Rathaus,6.5
DE-G-09475142,Konradsreuth,gemeinde,Bayern,"Hofer Straße 8, 95176 Konradsreuth",,,node/633546209,Gemeindeverwaltung Konradsreuth,8.5
DE-G-09475154,Münchberg,gemeinde,Bayern,"Ludwigstraße 15, 95213 Münchberg",,,way/846289195,Rathaus Münchberg,8.5
DE-G-09475156,Naila,gemeinde,Bayern,"Marktplatz 12, 95119 Naila",,,way/65082077,Rathaus Stadt Naila,8.5
DE-G-09475158,Oberkotzau,gemeinde,Bayern,"Am Rathaus 2, 95145 Oberkotzau",+49 9286 9410,,node/1943167693,Rathaus,7.0
DE-G-09475161,Regnitzlosau,gemeinde,Bayern,"Hauptstraße 24, 95194 Regnitzlosau",+49 9294 94333 0,gemeinde@regnitzlosau.de,node/12156389205,Rathaus,7.0
DE-G-09475162,Rehau,gemeinde,Bayern,,,,,,
DE-G-09475168,Schwarzenbach a.d.Saale,gemeinde,Bayern,"Ludwigstraße 4, 95126 Schwarzenbach a.d.Saale",,,way/22949880,Rathaus,6.5
DE-G-09475169,Schwarzenbach a.Wald,gemeinde,Bayern,,,,,,
DE-G-09475171,Selbitz,gemeinde,Bayern,"Bahnhofstraße 2, 95152 Selbitz",+49 9280 60 0,buergermeister@selbitz.de,node/266222126,Rathaus Selbitz,9.0
DE-G-09475175,Stammbach,gemeinde,Bayern,"Rathausstraße 7, 95236 Stammbach",,,node/4183881862,Markt Stammbach,8.5
DE-G-09475189,Zell im Fichtelgebirge,gemeinde,Bayern,,,,,,
DE-G-09476145,Kronach,gemeinde,Bayern,"Marktplatz 5, 96317 Kronach",,,way/97221668,Rathaus Stadt Kronach,8.5
DE-G-09476146,Küps,gemeinde,Bayern,"Am Rathaus 1, 96328 Küps",,,way/621912647,Rathaus Küps,8.5
DE-G-09476152,Ludwigsstadt,gemeinde,Bayern,"Lauensteiner Straße 1, 96337 Ludwigsstadt",,,way/265313779,Stadtverwaltung Ludwigsstadt,8.5
DE-G-09476159,Nordhalben,gemeinde,Bayern,,,,,,
DE-G-09476164,Pressig,gemeinde,Bayern,"Hauptstraße 16, 96332 Pressig",,,way/291508118,Gemeindeverwaltung,6.5
DE-G-09476175,Steinbach a.Wald,gemeinde,Bayern,,,,,,
DE-G-09476177,Steinwiesen,gemeinde,Bayern,"Kirchstraße 4, 96349 Steinwiesen",,,way/673730968,,6.5
DE-G-09476178,Stockheim,gemeinde,Bayern,"Rathausstraße 1, 96342 Stockheim",,,way/374867601,Rathaus Gemeinde Stockheim,8.5
DE-G-09476179,Tettau,gemeinde,Bayern,,,,,,
DE-G-09476183,Marktrodach,gemeinde,Bayern,"Kirchplatz 3, 96364 Marktrodach",,,way/71393356,,6.5
DE-G-09476184,Wallenfels,gemeinde,Bayern,"Rathausgasse 1, 96346 Wallenfels",,,way/203537004,,6.5
DE-G-09476185,Weißenbrunn,gemeinde,Bayern,"Bergstraße 21, 96369 Weißenbrunn",,,way/846886090,Rathaus Weißenbrunn,8.5
DE-G-09476189,Wilhelmsthal,gemeinde,Bayern,"Wöhrleite 1, 96352 Wilhelmsthal",,,way/209435001,,6.2
DE-G-09477121,Himmelkron,gemeinde,Bayern,"Klosterberg 9, 95502 Himmelkron",,,way/417888758,,6.5
DE-G-09477128,Kulmbach,gemeinde,Bayern,"Marktplatz 1, 95326 Kulmbach",,,way/425969402,Rathaus,6.5
DE-G-09477136,Mainleus,gemeinde,Bayern,"Fritz-Hornschuch-Platz 4, 95336 Mainleus",,,way/587301405,Rathaus,6.5
DE-G-09477139,Marktschorgast,gemeinde,Bayern,,,,,,
DE-G-09477142,Neudrossenfeld,gemeinde,Bayern,"Adam-Seiler-Straße 1, 95512 Neudrossenfeld",+49 9203 9930,,way/32004204,Rathaus,7.0
DE-G-09477143,Neuenmarkt,gemeinde,Bayern,,,,,,
DE-G-09477148,Presseck,gemeinde,Bayern,"Marktplatz 8, 95355 Presseck",,,way/1009962477,,6.5
DE-G-09477157,Thurnau,gemeinde,Bayern,"Oberer Markt 28, 95349 Thurnau",,,way/545482493,Rathaus Markt Thurnau,8.4
DE-G-09477163,Wirsberg,gemeinde,Bayern,"Sessenreuther Straße 2, 95339 Wirsberg",+49 9227 9320,poststelle@markt-wirsberg.de,way/41901220,Rathaus,7.0
DE-G-09478111,Altenkunstadt,gemeinde,Bayern,"Marktplatz 2, 96264 Altenkunstadt",,,way/43293795,Rathaus Altenkunstadt,8.5
DE-G-09478116,Burgkunstadt,gemeinde,Bayern,"Vogtei 5, 96224 Burgkunstadt",+49 9572 388-0,,way/52331382,Rathaus Burgkunstadt,9.0
DE-G-09478120,Ebensfeld,gemeinde,Bayern,"Rinnigstraße 6, 96250 Ebensfeld",,,way/38254527,Rathaus Ebensfeld,8.4
DE-G-09478139,Lichtenfels,gemeinde,Bayern,"Marktplatz 1, 96215 Lichtenfels",,,way/50717921,Rathaus,6.5
DE-G-09478145,Michelau i.OFr.,gemeinde,Bayern,,,,,,
DE-G-09478165,Bad Staffelstein,gemeinde,Bayern,"Marktplatz 1, 96231 Bad Staffelstein",,,way/180206681,Rathaus,6.5
DE-G-09478176,Weismain,gemeinde,Bayern,"Am Markt 19, 96260 Weismain",,,way/135951988,Rathaus,6.5
DE-G-09479112,Arzberg,gemeinde,Bayern,"Friedrich-Ebert-Straße 6, 95659 Arzberg",,,way/117516145,Rathaus,6.5
DE-G-09479129,Kirchenlamitz,gemeinde,Bayern,"Marktplatz 3, 95158 Kirchenlamitz",,,way/662861804,Rathaus Kirchenlamitz,8.5
DE-G-09479135,Marktleuthen,gemeinde,Bayern,"Marktplatz 3, 95168 Marktleuthen",,,way/95139757,Rathaus Marktleuthen,8.5
DE-G-09479136,Marktredwitz,gemeinde,Bayern,"Egerstraße 2, 95615 Marktredwitz",,,way/224142482,Neues Rathaus,6.5
DE-G-09479145,Röslau,gemeinde,Bayern,"Marktplatz 1, 95195 Röslau",,,way/256582145,,6.5
DE-G-09479150,Schönwald,gemeinde,Bayern,"Schulstraße 6, 95173 Schönwald",+49 9287 95940,,node/2477654978,Rathaus,7.0
DE-G-09479152,Selb,gemeinde,Bayern,,,,,,
DE-G-09479166,Weißenstadt,gemeinde,Bayern,"Kirchplatz 1, 95163 Bad Weißenstadt",+49 9253 950-0,st.weissenstadt@weissenstadt.de,node/311878650,Rathaus Bad Weißenstadt,9.0
DE-G-09479169,Wunsiedel,gemeinde,Bayern,"Marktplatz 6, 95632 Wunsiedel",,,way/108834431,Rathaus Wunsiedel,8.5
DE-G-09561000,Ansbach,gemeinde,Bayern,,,,,,
DE-G-09562000,Erlangen,gemeinde,Bayern,"Schuhstraße 40, 91052 Erlangen",+49 9131 860,,relation/18183546,Stadt Erlangen - Kleines Rathaus,9.0
DE-G-09563000,Fürth,gemeinde,Bayern,"Königstraße 88, 90762 Fürth",+49 911 9740,,way/23218971,Rathaus,7.0
DE-G-09564000,Nürnberg,gemeinde,Bayern,"Hauptmarkt 18, 90403 Nürnberg",,,way/136660398,Neues Rathaus,6.5
DE-G-09565000,Schwabach,gemeinde,Bayern,"Königsplatz 1, 91126 Schwabach",,,way/28673517,Rathaus,6.5
DE-G-09571113,Arberg,gemeinde,Bayern,,,,,,
DE-G-09571114,Aurach,gemeinde,Bayern,"Im Mooshof 4, 91589 Aurach",,,way/101145557,,6.5
DE-G-09571115,Bechhofen,gemeinde,Bayern,"Martin-Luther-Platz 1, 91572 Bechhofen an der Heide",+499822 6060,,way/175834401,Gemeindeverwaltung Markt Bechhofen,9.0
DE-G-09571127,Burgoberbach,gemeinde,Bayern,,,,,,
DE-G-09571130,Colmberg,gemeinde,Bayern,"Am Markt 1, 91598 Colmberg",,,way/280034228,,6.5
DE-G-09571135,Dietenhofen,gemeinde,Bayern,"Rathausplatz 1, 90599 Dietenhofen",,,way/549421423,Rathaus,6.5
DE-G-09571136,Dinkelsbühl,gemeinde,Bayern,"Segringer Straße 30, 91550 Dinkelsbühl",,,way/142062160,Rathaus Dinkelsbühl,8.5
DE-G-09571139,Dürrwangen,gemeinde,Bayern,"Sulzacher Straße 14, 91602 Dürrwangen",,,way/387034067,,6.5
DE-G-09571145,Feuchtwangen,gemeinde,Bayern,"Kirchplatz 2, 91555 Feuchtwangen",,,way/377478783,,6.5
DE-G-09571146,Flachslanden,gemeinde,Bayern,,,,,,
DE-G-09571165,Heilsbronn,gemeinde,Bayern,"Kammereckerplatz 1, 91560 Heilsbronn",,,way/42028853,Rathaus,6.5
DE-G-09571166,Herrieden,gemeinde,Bayern,"Herrnhof 10, 91567 Herrieden",,,way/233965195,Rathaus,6.5
DE-G-09571170,Langfurth,gemeinde,Bayern,"Hauptstraße 38, 91731 Langfurth",+49 9856 9770-0,poststelle@langfurth.de,node/6639973755,,7.0
DE-G-09571171,Lehrberg,gemeinde,Bayern,,,,,,
DE-G-09571174,Leutershausen,gemeinde,Bayern,"Am Markt 1-3, 91578 Leutershausen",+49 9823 95114,,node/1402323207,Rathaus Leutershausen,9.0
DE-G-09571175,Lichtenau,gemeinde,Bayern,"Ansbacher Straße 11, 91586 Lichtenau",,,way/200250779,Rathaus,6.5
DE-G-09571177,Merkendorf,gemeinde,Bayern,,,,,,
DE-G-09571180,Neuendettelsau,gemeinde,Bayern,"Johann-Flierl-Straße 19, 91564 Neuendettelsau",,,way/150177745,Rathaus,6.5
DE-G-09571183,Oberdachstetten,gemeinde,Bayern,,,,,,
DE-G-09571190,Petersaurach,gemeinde,Bayern,"Rathausstraße 29, 91580 Petersaurach",,,way/102590895,Rathaus,6.5
DE-G-09571193,Rothenburg ob der Tauber,gemeinde,Bayern,"Marktplatz 1, 91541 Rothenburg ob der Tauber",+49 9861 404 0,stadt@rothenburg.de,relation/17973558,Rathaus,7.0
DE-G-09571196,Sachsen b.Ansbach,gemeinde,Bayern,"Hauptstraße 22, 91623 Sachsen bei Ansbach",,,way/375038737,Gemeindeverwaltung,6.5
DE-G-09571199,Schnelldorf,gemeinde,Bayern,,,,,,
DE-G-09571200,Schopfloch,gemeinde,Bayern,"Friedrich-Ebert-Straße 15, 91626 Schopfloch",,,way/470982508,,6.5
DE-G-09571214,Wassertrüdingen,gemeinde,Bayern,"Marktstraße 9, 91717 Wassertrüdingen",+49 9832 68220,,way/94224037,Rathaus,7.0
DE-G-09571226,Windsbach,gemeinde,Bayern,"Hauptstraße 15, 91575 Windsbach",+49 9871 6701-0,,way/156339165,Stadtverwaltung Windsbach,9.0
DE-G-09572111,Adelsdorf,gemeinde,Bayern,"Rathausplatz 1, 91325 Adelsdorf",,,way/260947166,Rathaus Adelsdorf,8.5
DE-G-09572115,Baiersdorf,gemeinde,Bayern,"Waaggasse 2, 91083 Baiersdorf",,,way/75889898,Rathaus Baiersdorf,8.5
DE-G-09572119,Bubenreuth,gemeinde,Bayern,,,,,,
DE-G-09572121,Eckental,gemeinde,Bayern,,,,,,
DE-G-09572130,Hemhofen,gemeinde,Bayern,"Blumenstraße 25, 91334 Hemhofen",+49 9195 9484-0,gemeinde@hemhofen.de,way/429380249,Rathaus,7.0
DE-G-09572131,Heroldsberg,gemeinde,Bayern,"Hauptstraße 104, 90562 Heroldsberg",,,way/56397191,Rathaus Heroldsberg,8.4
DE-G-09572132,Herzogenaurach,gemeinde,Bayern,"Marktplatz 11, 91074 Herzogenaurach",,,way/1055083655,Rathaus Herzogenaurach,8.5
DE-G-09572135,Höchstadt a.d.Aisch,gemeinde,Bayern,,,,,,
DE-G-09572137,Kalchreuth,gemeinde,Bayern,,,,,,
DE-G-09572142,Möhrendorf,gemeinde,Bayern,"Hauptstraße 16, 91096 Möhrendorf",+49 9131 7551 0,internet1@moehrendorf.de,way/212379321,Rathaus Möhrendorf,9.0
DE-G-09572149,Röttenbach,gemeinde,Bayern,"Ringstraße 46, 91341 Röttenbach",+49 9195 94900,gemeinde@roettenbach-erh.de,way/53513389,Gemeindeverwaltung,7.0
DE-G-09572160,Wachenroth,gemeinde,Bayern,"Hauptstraße 23, 96193 Wachenroth",,,way/240547412,Rathaus Wachenroth,8.5
DE-G-09572164,Weisendorf,gemeinde,Bayern,"Gerbersleite 2, 91085 Weisendorf",,,way/24269969,Gemeindeverwaltung,6.4
DE-G-09573111,Ammerndorf,gemeinde,Bayern,"Cadolzburger Straße 3, 90614 Ammerndorf",,,way/83113716,Rathaus Ammerndorf,8.5
DE-G-09573114,Cadolzburg,gemeinde,Bayern,"Rathausplatz 1, 90556 Cadolzburg",+49 9103 5090,,way/251657002,Rathaus Cadolzburg,9.0
DE-G-09573115,Großhabersdorf,gemeinde,Bayern,"Nürnberger Straße 12, 90613 Großhabersdorf",+49 9105 99839 27,,node/1948855081,Rathaus,7.0
DE-G-09573120,Langenzenn,gemeinde,Bayern,,,,,,
DE-G-09573122,Oberasbach,gemeinde,Bayern,"Rathausplatz 1, 90522 Oberasbach",+49 911 9691 0,,way/235204062,Rathaus Oberasbach,8.9
DE-G-09573124,Puschendorf,gemeinde,Bayern,,,,,,
DE-G-09573125,Roßtal,gemeinde,Bayern,"Marktplatz 1, 90574 Roßtal",+49 9127 9010-0,markt@rathaus.rosstal.de,way/39498102,Rathaus,7.0
DE-G-09573127,Stein,gemeinde,Bayern,"Hauptstraße 56, 90547 Stein",,,way/340655647,,6.5
DE-G-09573133,Wilhermsdorf,gemeinde,Bayern,,,,,,
DE-G-09573134,Zirndorf,gemeinde,Bayern,"Fürther Straße 8, 90513 Zirndorf",+49 911 9600,,way/37827166,Rathaus,7.0
DE-G-09574112,Altdorf b.Nürnberg,gemeinde,Bayern,"Röderstraße 10, 90518 Altdorf b.Nürnberg",,,way/31900887,,6.5
DE-G-09574117,Burgthann,gemeinde,Bayern,"Rathausplatz 1, 90559 Burgthann",,,way/34928838,Rathaus,6.5
DE-G-09574123,Feucht,gemeinde,Bayern,"Hauptstraße 33, 90537 Feucht",+49 9128 9167-0,,node/1580622749,Rathaus Markt Feucht,9.0
DE-G-09574132,Hersbruck,gemeinde,Bayern,"Unterer Markt 1, 91217 Hersbruck",+49 9151 735-0,stadt@hersbruck.de,way/38454126,Rathaus Hersbruck,9.0
DE-G-09574135,Kirchensittenbach,gemeinde,Bayern,"Rathausgasse 1, 91241 Kirchensittenbach",,,way/142344356,Rathaus,6.5
DE-G-09574138,Lauf a.d.Pegnitz,gemeinde,Bayern,,,,,,
DE-G-09574139,Leinburg,gemeinde,Bayern,"Haidelbacher Straße 3, 91227 Leinburg",+49 9120 1877-0,,way/202662007,Rathaus,7.0
DE-G-09574140,Neuhaus a.d.Pegnitz,gemeinde,Bayern,,,,,,
DE-G-09574141,Neunkirchen a.Sand,gemeinde,Bayern,,,,,,
DE-G-09574146,Ottensoos,gemeinde,Bayern,,,,,,
DE-G-09574147,Pommelsbrunn,gemeinde,Bayern,"Rathausplatz 1, 91224 Pommelsbrunn",,,way/48143036,Rathaus Pommelsbrunn,8.5
DE-G-09574150,Reichenschwand,gemeinde,Bayern,"Nürnberger Straße 20, 91244 Reichenschwand",,,node/472384835,Rathaus,6.5
DE-G-09574152,Röthenbach a.d.Pegnitz,gemeinde,Bayern,"Friedrichsplatz 21, 90552 Röthenbach a.d.Pegnitz",,,way/208907802,Rathaus,6.5
DE-G-09574154,Rückersdorf,gemeinde,Bayern,,,,,,
DE-G-09574155,Schnaittach,gemeinde,Bayern,"Marktplatz 1, 91220 Schnaittach",,,way/27386886,Rathaus Markt Schnaittach,8.5
DE-G-09574156,Schwaig b.Nürnberg,gemeinde,Bayern,,,,,,
DE-G-09574157,Schwarzenbruck,gemeinde,Bayern,"Regensburger Straße 16, 90592 Schwarzenbruck",,,way/30841462,Rathaus,6.4
DE-G-09574158,Simmelsdorf,gemeinde,Bayern,"Nürnberger Straße 16, 91245 Simmelsdorf",,,way/25385153,Rathaus Simmelsdorf,8.5
DE-G-09574164,Winkelhaid,gemeinde,Bayern,"Penzenhofener Straße 1, 90610 Winkelhaid",,,relation/169964,Rathaus,6.5
DE-G-09575112,Bad Windsheim,gemeinde,Bayern,"Marktplatz 1, 91438 Bad Windsheim",,,way/52026192,Rathaus,6.5
DE-G-09575116,Burghaslach,gemeinde,Bayern,,,,,,
DE-G-09575119,Dietersheim,gemeinde,Bayern,"Hauptstraße 7, 91463 Dietersheim",,,way/573290119,Rathaus,6.5
DE-G-09575121,Emskirchen,gemeinde,Bayern,"Erlanger Straße 2, 91448 Emskirchen",+49 9104 82920,info@emskirchen.de,way/1457157562,Rathaus Emskirchen,9.0
DE-G-09575135,Ipsheim,gemeinde,Bayern,"Marktplatz 2, 91472 Ipsheim",+49 9846 97970,,way/106297960,Rathaus,7.0
DE-G-09575145,Markt Erlbach,gemeinde,Bayern,"Neue Straße 16, 91459 Markt Erlbach",,,way/107577599,Rathaus,6.5
DE-G-09575153,Neustadt a.d.Aisch,gemeinde,Bayern,,,,,,
DE-G-09575156,Obernzenn,gemeinde,Bayern,,,,,,
DE-G-09576111,Abenberg,gemeinde,Bayern,"Stillaplatz 3, Abenberg",,,way/229371881,,3.5
DE-G-09576113,Allersberg,gemeinde,Bayern,"Marktplatz 1, 90584 Allersberg",+49 9176 5090,,way/42270061,Rathaus,7.0
DE-G-09576117,Büchenbach,gemeinde,Bayern,"Industriestraße 20, 91186 Büchenbach",+49 9171 851412,,node/5799663032,Gemeindeverwaltung Büchenbach,8.9
DE-G-09576121,Georgensgmünd,gemeinde,Bayern,"Bahnhofstraße 6, 91166 Georgensgmünd",,,way/337486671,Rathaus,6.5
DE-G-09576122,Greding,gemeinde,Bayern,,,,,,
DE-G-09576126,Heideck,gemeinde,Bayern,,,,,,
DE-G-09576127,Hilpoltstein,gemeinde,Bayern,,,,,,
DE-G-09576128,Kammerstein,gemeinde,Bayern,"Dorfstraße 10, 91126 Kammerstein",,,node/3410544400,Rathaus Kammerstein,8.5
DE-G-09576132,Schwanstetten,gemeinde,Bayern,"Rathausplatz 1, 90596 Schwanstetten",+49 9170 289-0,markt@schwanstetten.de,node/276907783,Rathaus Schwanstetten,8.9
DE-G-09576137,Rednitzhembach,gemeinde,Bayern,"Rathausplatz 1, 91126 Rednitzhembach",,,way/33063933,Rathaus Rednitzhembach,8.4
DE-G-09576141,Röttenbach,gemeinde,Bayern,"Rathausplatz 1, 91187 Röttenbach",+49 9172 69100,info@roettenbach.de,way/42068862,Rathaus,6.9
DE-G-09576142,Rohr,gemeinde,Bayern,"Alte Gasse 1, 91189 Rohr",+49 9876 97750,info@rohr-mfr.de,node/759536265,Gemeindeverwaltung Rohr,9.0
DE-G-09576143,Roth,gemeinde,Bayern,"Kirchplatz 2, 91154 Roth",,,way/32728270,Rathaus Roth,8.5
DE-G-09576147,Spalt,gemeinde,Bayern,"Herrengasse 10, 91174 Spalt",,,way/188884744,Rathaus,6.5
DE-G-09576148,Thalmässing,gemeinde,Bayern,"Stettener Straße 26, 91177 Thalmässing",,,node/1826026023,,6.4
DE-G-09576151,Wendelstein,gemeinde,Bayern,"Schwabacher Straße 8, 90530 Wendelstein",,,node/6019220764,Neues Rathaus,6.5
DE-G-09577114,Muhr a.See,gemeinde,Bayern,,,,,,
DE-G-09577136,Gunzenhausen,gemeinde,Bayern,"Marktplatz 23, 91710 Gunzenhausen",,,way/140755100,Rathaus Gunzenhausen,8.5
DE-G-09577148,Langenaltheim,gemeinde,Bayern,"Untere Hauptstraße 15, 91799 Langenaltheim",,,way/700861444,Gemeindeverwaltung Langenaltheim,8.5
DE-G-09577158,Pappenheim,gemeinde,Bayern,"Marktplatz 1, 91788 Pappenheim",,,way/174741261,Rathaus,6.5
DE-G-09577161,Pleinfeld,gemeinde,Bayern,"Marktplatz 11, 91785 Pleinfeld",+499144 92000,,way/179712087,Rathaus,7.0
DE-G-09577162,Polsingen,gemeinde,Bayern,,,,,,
DE-G-09577168,Solnhofen,gemeinde,Bayern,"Bahnhofstraße 8, 91807 Solnhofen",+49 9145 8320 20,info@solnhofen.de,way/127717853,Gemeinde Solnhofen,9.0
DE-G-09577173,Treuchtlingen,gemeinde,Bayern,"Hauptstraße 31, 91757 Treuchtlingen",+49 9142 960 00,,way/49405096,Rathaus,7.0
DE-G-09577177,Weißenburg i.Bay.,gemeinde,Bayern,,,,,,
DE-G-09661000,Aschaffenburg,gemeinde,Bayern,"Dalbergstraße 15, 63739 Aschaffenburg",,,relation/16295,Rathaus,6.5
DE-G-09662000,Schweinfurt,gemeinde,Bayern,,,,,,
DE-G-09663000,Würzburg,gemeinde,Bayern,"Karmelitenstraße 43, 97070 Würzburg",,,node/4401056091,Sozialreferat der Stadt Würzburg,8.4
DE-G-09671111,Alzenau,gemeinde,Bayern,"Hanauer Straße 1, 63755 Alzenau",+49 6023 502-0,,way/186382711,Rathaus Alzenau,9.0
DE-G-09671112,Bessenbach,gemeinde,Bayern,"Ludwig-Straub-Straße 2, 63856 Bessenbach",,,way/25212569,Gemeinde Bessenbach,8.4
DE-G-09671114,Karlstein a.Main,gemeinde,Bayern,,,,,,
DE-G-09671119,Geiselbach,gemeinde,Bayern,,,,,,
DE-G-09671120,Glattbach,gemeinde,Bayern,,,,,,
DE-G-09671121,Goldbach,gemeinde,Bayern,"Sachsenhausen 19, 63773 Goldbach",,,way/388104974,Rathaus Goldbach,8.5
DE-G-09671122,Großostheim,gemeinde,Bayern,"Schaafheimer Straße 33, 63762 Großostheim",+49 6026 5004 0,poststelle@grossostheim.de,way/125827471,Marktgemeinde Großostheim,9.0
DE-G-09671124,Haibach,gemeinde,Bayern,"Hauptstraße 6, 63808 Haibach",+49 6021 648 0,,way/147727185,Rathaus Haibach,9.0
DE-G-09671130,Hösbach,gemeinde,Bayern,"Rathausstraße 3, 63768 Hösbach",+49 6021 50030,,way/29177049,Rathaus Hösbach,9.0
DE-G-09671133,Johannesberg,gemeinde,Bayern,"Oberafferbacher Straße 12, 63867 Johannesberg",+49 6021 34850,,way/114472098,Gemeindeverwaltung Johannesberg,8.9
DE-G-09671134,Kahl a.Main,gemeinde,Bayern,,,,,,
DE-G-09671136,Kleinostheim,gemeinde,Bayern,"Kardinal-Faulhaber-Straße 2, 63801 Kleinostheim",,,way/93988650,Rathaus Kleinostheim,8.4
DE-G-09671139,Laufach,gemeinde,Bayern,"Raiffeisengasse 4, 63846 Laufach",+49 6093 9410,info@laufach.de,way/136814722,Rathaus Laufach,9.0
DE-G-09671140,Mainaschaff,gemeinde,Bayern,,,,,,
DE-G-09671143,Mömbris,gemeinde,Bayern,"Schimborner Straße 6, 63776 Mömbris",+49 6029 7050,,way/108512341,Rathaus Markt Mömbris,9.0
DE-G-09671148,Rothenbuch,gemeinde,Bayern,"Schloßplatz 1, 63860 Rothenbuch",,,way/161130202,Rathaus,6.5
DE-G-09671150,Sailauf,gemeinde,Bayern,,,,,,
DE-G-09671155,Stockstadt a.Main,gemeinde,Bayern,,,,,,
DE-G-09671156,Waldaschaff,gemeinde,Bayern,"Am Mühlbach 5, 63857",,,node/348110101,Rathaus Waldaschaff,5.5
DE-G-09671157,Weibersbrunn,gemeinde,Bayern,"Jakob-Groß-Straße 20, 63879 Weibersbrunn",,,way/1018334056,Rathaus Weibersbrunn,8.5
DE-G-09672112,Bad Bocklet,gemeinde,Bayern,,,,,,
DE-G-09672113,Bad Brückenau,gemeinde,Bayern,"Marktplatz 2, 97769 Bad Brückenau",,,way/185544029,Rathaus Bad Brückenau,8.5
DE-G-09672114,Bad Kissingen,gemeinde,Bayern,"Rathausplatz 1, 97688 Bad Kissingen",+49 971 8070,info@badkissingen.de,way/302275971,Rathaus Bad Kissingen,9.0
DE-G-09672117,Burkardroth,gemeinde,Bayern,"Am Marktplatz 10, 97705 Burkardroth",,,way/84403937,,6.5
DE-G-09672127,Hammelburg,gemeinde,Bayern,,,,,,
DE-G-09672134,Motten,gemeinde,Bayern,"Fuldaer Straße 11, 97786 Motten",+49 9748 91910,info@motten.de,node/3633521404,Gemeindeverwaltung Motten,9.0
DE-G-09672135,Münnerstadt,gemeinde,Bayern,,,,,,
DE-G-09672136,Nüdlingen,gemeinde,Bayern,,,,,,
DE-G-09672139,Oberthulba,gemeinde,Bayern,"Kirchgasse 16, 97723 Oberthulba",,,way/201298590,Rathaus,6.5
DE-G-09672140,Oerlenbach,gemeinde,Bayern,"Schulstraße 8, 97714 Oerlenbach",,,way/301262138,Rathaus Oerlenbach,8.5
DE-G-09672161,Wartmannsroth,gemeinde,Bayern,,,,,,
DE-G-09672163,Wildflecken,gemeinde,Bayern,,,,,,
DE-G-09672166,Zeitlofs,gemeinde,Bayern,"Baumallee 12, 97799 Zeitlofs",,,way/561855502,Rathaus,6.5
DE-G-09673114,Bad Neustadt a.d.Saale,gemeinde,Bayern,,,,,,
DE-G-09673117,Bischofsheim i.d.Rhön,gemeinde,Bayern,"Kirchplatz 4, 97653 Bischofsheim i.d.Rhön",,,way/229591519,Rathaus,6.5
DE-G-09673141,Bad Königshofen i.Grabfeld,gemeinde,Bayern,,,,,,
DE-G-09673149,Oberelsbach,gemeinde,Bayern,"Marktplatz 3, 97656 Oberelsbach",+49 9774 9191 0,rathaus@oberelsbach.de,way/81188024,Rathaus Oberelsbach,9.0
DE-G-09673162,Sandberg,gemeinde,Bayern,"Schulstraße 6, 97657 Sandberg",,,way/289538950,Rathaus der Gemeinde Sandberg,8.5
DE-G-09674133,Eltmann,gemeinde,Bayern,"Marktplatz 1, 97483 Eltmann",,,way/160315043,Rathaus Eltmann,8.5
DE-G-09674147,Haßfurt,gemeinde,Bayern,"Hauptstraße 5, 97437 Haßfurt",,,way/375763952,Rathaus,6.5
DE-G-09674159,Oberaurach,gemeinde,Bayern,"Rathausstraße 25, 97514 Oberaurach",,,way/202954232,,6.4
DE-G-09674163,Knetzgau,gemeinde,Bayern,"Am Rathaus 2, 97478 Knetzgau",+499527790,,way/231391936,Knetzgau Rathaus,9.0
DE-G-09674164,Königsberg i.Bay.,gemeinde,Bayern,,,,,,
DE-G-09674171,Maroldsweisach,gemeinde,Bayern,"Hauptstraße 24, 96126 Maroldsweisach",,,way/260828499,Rathaus Markt Maroldsweisach,8.5
DE-G-09674187,Rauhenebrach,gemeinde,Bayern,"Hauptstraße 1, 96181 Rauhenebrach",,,way/289915377,,6.5
DE-G-09674195,Sand a.Main,gemeinde,Bayern,"Kirchplatz 2, 97522 Sand a. Main",,,node/2326272264,Rathaus,6.5
DE-G-09674210,Untermerzbach,gemeinde,Bayern,,,,,,
DE-G-09674221,Zeil a.Main,gemeinde,Bayern,"Bamberger Straße 20, 97475",,,way/355447558,,3.5
DE-G-09675117,Dettelbach,gemeinde,Bayern,"Luitpold-Baumann-Straße 1, 97337 Dettelbach",,,way/256830272,Rathaus,6.5
DE-G-09675127,Geiselwind,gemeinde,Bayern,,,,,,
DE-G-09675141,Kitzingen,gemeinde,Bayern,,,,,,
DE-G-09675144,Mainbernheim,gemeinde,Bayern,"Rathausplatz 1, 97350 Mainbernheim",,,way/121656906,Rathaus Stadt Mainbernheim,8.5
DE-G-09675158,Prichsenstadt,gemeinde,Bayern,,,,,,
DE-G-09675165,Schwarzach a.Main,gemeinde,Bayern,,,,,,
DE-G-09676112,Amorbach,gemeinde,Bayern,,,,,,
DE-G-09676117,Collenberg,gemeinde,Bayern,,,,,,
DE-G-09676118,Dorfprozelten,gemeinde,Bayern,,,,,,
DE-G-09676119,Eichenbühl,gemeinde,Bayern,"Hauptstraße 97, 63928 Eichenbühl",,,way/803402002,Rathaus,6.5
DE-G-09676121,Elsenfeld,gemeinde,Bayern,"Marienstraße 29, 63820 Elsenfeld",+49 6022 5007-0,rathaus@elsenfeld.de,relation/4712968,Rathaus,7.0
DE-G-09676122,Erlenbach a.Main,gemeinde,Bayern,"Bahnstraße 26, 63906 Erlenbach a.Main",+49 93 727040,,way/306535693,Rathaus Erlenbach a. Main,9.0
DE-G-09676123,Eschau,gemeinde,Bayern,"Rathausstraße 13, 63863 Eschau",,rathaus@eschau.de,way/131744708,Rathaus,6.5
DE-G-09676124,Faulbach,gemeinde,Bayern,,,,,,
DE-G-09676125,Großheubach,gemeinde,Bayern,"Rathausstraße 9, 63920 Großheubach",,,way/89210404,Markt Großheubach Gebäude B,8.5
DE-G-09676126,Großwallstadt,gemeinde,Bayern,,,,,,
DE-G-09676131,Kirchzell,gemeinde,Bayern,"Hauptstraße 19, 63931 Kirchzell",,,way/43103836,Rathaus Kirchzell,8.5
DE-G-09676134,Klingenberg a.Main,gemeinde,Bayern,,,,,,
DE-G-09676136,Leidersbach,gemeinde,Bayern,,,,,,
DE-G-09676139,Miltenberg,gemeinde,Bayern,"Hauptstraße 69, Miltenberg",,,way/92112766,Rathaus Stadt Miltenberg,5.5
DE-G-09676140,Mömlingen,gemeinde,Bayern,"Hauptstraße 70, 63853 Mömlingen",,,way/128493751,,6.5
DE-G-09676144,Niedernberg,gemeinde,Bayern,"Hauptstraße 54, 63843 Niedernberg",+49 6028 97440,,node/276911863,Rathaus,7.0
DE-G-09676145,Obernburg a.Main,gemeinde,Bayern,,,,,,
DE-G-09676156,Schneeberg,gemeinde,Bayern,,,,,,
DE-G-09676160,Sulzbach a.Main,gemeinde,Bayern,,,,,,
DE-G-09676165,Weilbach,gemeinde,Bayern,"Hauptstraße 59, 63937",,,way/115911743,Rathaus Weilbach,5.5
DE-G-09676169,Wörth a.Main,gemeinde,Bayern,,,,,,
DE-G-09677114,Arnstein,gemeinde,Bayern,,,,,,
DE-G-09677127,Eußenheim,gemeinde,Bayern,"Am Kirchberg 16, 97776 Eußenheim",+49 9353 97470,gemeinde@eussenheim.de,node/6578135585,Gemeinde Eußenheim,9.0
DE-G-09677129,Frammersbach,gemeinde,Bayern,"Marktplatz 4, 97833 Frammersbach",+49 9355 97120,,way/177896601,Rathaus Markt Frammersbach,9.0
DE-G-09677131,Gemünden a.Main,gemeinde,Bayern,,,,,,
DE-G-09677148,Karlstadt,gemeinde,Bayern,"Zum Helfenstein 2, 97753 Karlstadt",,,way/203809847,Stadtverwaltung Karlstadt,8.5
DE-G-09677154,Triefenstein,gemeinde,Bayern,,,,,,
DE-G-09677155,Lohr a.Main,gemeinde,Bayern,,,,,,
DE-G-09677157,Marktheidenfeld,gemeinde,Bayern,,,,,,
DE-G-09677177,Rieneck,gemeinde,Bayern,"Schulgasse 4, 97794 Rieneck",+49 9354 97330,,way/44734108,Bürgerzentrum Rieneck,9.0
DE-G-09678115,Bergrheinfeld,gemeinde,Bayern,"Hauptstraße 38, 97493 Bergrheinfeld",,,way/824375938,Rathaus,6.5
DE-G-09678123,Dittelbrunn,gemeinde,Bayern,"Rathausplatz 1, 97456 Dittelbrunn",,,way/126153192,Rathaus der Gemeinde Dittelbrunn,8.3
DE-G-09678128,Euerbach,gemeinde,Bayern,"Rathausplatz 1, 97502 Euerbach",,,node/2211617285,Rathaus Euerbach,8.5
DE-G-09678132,Geldersheim,gemeinde,Bayern,"Würzburger Straße 18, 97505 Geldersheim",,,way/93304634,Rathaus,6.5
DE-G-09678135,Gochsheim,gemeinde,Bayern,"Am Plan 4-6, 97469 Gochsheim",,,way/211990117,Rathaus Gemeinde Gochsheim,8.5
DE-G-09678136,Grafenrheinfeld,gemeinde,Bayern,"Marktplatz 1, 97506 Grafenrheinfeld",+49 9723 91330,,way/373802654,Gemeindeverwaltung Grafenrheinfeld,9.0
DE-G-09678138,Grettstadt,gemeinde,Bayern,"Hauptstraße 1, 97508 Grettstadt",,,way/308128589,Rathaus Gemeinde Grettstadt,8.5
DE-G-09678150,Kolitzheim,gemeinde,Bayern,"Rathausstraße 1, 97509 Kolitzheim",+49 9385 97100,info@kolitzheim.de,node/427773532,Rathaus Gemeinde Kolitzheim,9.0
DE-G-09678160,Niederwerrn,gemeinde,Bayern,"Schweinfurter Straße 54, 97464 Niederwerrn",,,way/119911037,Rathaus,6.5
DE-G-09678168,Poppenhausen,gemeinde,Bayern,"Martin-Werner-Platz 1, 97490 Poppenhausen",,,way/296658742,,6.5
DE-G-09678170,Röthlein,gemeinde,Bayern,"Elmußweg 1, 97520 Röthlein",,,way/664517153,Rathaus,6.4
DE-G-09678174,Schonungen,gemeinde,Bayern,"Marktplatz 1, 97453 Schonungen",,,way/255959547,Rathaus Schonungen,8.5
DE-G-09678176,Schwebheim,gemeinde,Bayern,"Kirchplatz 2, 97525 Schwebheim",+49 9723 91010,,way/53550676,Rathaus Gemeinde Schwebheim,9.0
DE-G-09678178,Sennfeld,gemeinde,Bayern,"Hauptstraße 11, 97526 Sennfeld",,,way/54151818,Gemeinde Sennfeld,8.5
DE-G-09678181,Stadtlauringen,gemeinde,Bayern,"Marktplatz 1, 97488 Stadtlauringen",,,way/302412003,Rathaus,6.5
DE-G-09678186,Üchtelhausen,gemeinde,Bayern,,,,,,
DE-G-09678190,Waigolshausen,gemeinde,Bayern,"Kirchstraße 8, 97534 Waigolshausen",,,way/854530707,,6.5
DE-G-09678192,Wasserlosen,gemeinde,Bayern,,,,,,
DE-G-09678193,Werneck,gemeinde,Bayern,"Balthasar-Neumann-Platz 8, 97440 Werneck",,,node/524577081,Rathaus Gemeinde Werneck,8.5
DE-G-09679126,Eisingen,gemeinde,Bayern,"Pfarrer-Henninger-Weg 10, 97249 Eisingen",,,way/762925619,Rathaus Eisingen,8.5
DE-G-09679134,Gaukönigshofen,gemeinde,Bayern,,,,,,
DE-G-09679136,Gerbrunn,gemeinde,Bayern,"Rathausplatz 3, 97218 Gerbrunn",,,way/849725590,Rathaus,6.5
DE-G-09679142,Güntersleben,gemeinde,Bayern,"Würzburger Straße 17, 97261 Güntersleben",,,way/712675807,Rathaus Güntersleben,8.5
DE-G-09679143,Hausen b.Würzburg,gemeinde,Bayern,"Fährbrücker Straße 5, 97262 Hausen bei Würzburg",,,way/815047842,,6.5
DE-G-09679147,Höchberg,gemeinde,Bayern,"Hauptstraße 58, 97204 Höchberg",+49 931 497070,,way/297779561,Rathaus 1 Höchberg,9.0
DE-G-09679155,Kleinrinderfeld,gemeinde,Bayern,"Pfarrer-Walter-Straße 4, 97271 Kleinrinderfeld",,,way/315980299,Rathaus Kleinrinderfeld,8.5
DE-G-09679156,Kürnach,gemeinde,Bayern,,,,,,
DE-G-09679164,Neubrunn,gemeinde,Bayern,"Hauptstraße 27, 97277 Neubrunn",,,way/694484296,Rathaus Neubrunn,8.5
DE-G-09679170,Ochsenfurt,gemeinde,Bayern,"Hauptstraße 42, 97199 Ochsenfurt",,,node/6256781071,Rathaus Ochsenfurt,8.5
DE-G-09679175,Randersacker,gemeinde,Bayern,"Maingasse 9, 97236 Randersacker",+49 931 7053 0,gemeinde@randersacker.de,node/346269330,Rathaus,7.0
DE-G-09679176,Reichenberg,gemeinde,Bayern,,,,,,
DE-G-09679180,Rimpar,gemeinde,Bayern,"Schloßberg 1, 97222 Rimpar",+49 9365 8067 0,,node/10948647064,Rathaus,7.0
DE-G-09679185,Rottendorf,gemeinde,Bayern,"Am Rathaus 4, 97228 Rottendorf",+49 9302 9090 0,,way/152639506,Gemeinde Rottendorf,9.0
DE-G-09679193,Theilheim,gemeinde,Bayern,,,,,,
DE-G-09679194,Thüngersheim,gemeinde,Bayern,"Untere Hauptstraße 14, 97291 Thüngersheim",,,way/28809244,Rathaus,6.5
DE-G-09679200,Leinach,gemeinde,Bayern,"Rathausstraße 23, 97274 Leinach",,,way/578629568,,6.5
DE-G-09679201,Unterpleichfeld,gemeinde,Bayern,,,,,,
DE-G-09679202,Veitshöchheim,gemeinde,Bayern,,,,,,
DE-G-09679204,Waldbrunn,gemeinde,Bayern,"Hauptstraße 2, 97295 Waldbrunn",,,way/89752753,Rathaus Waldbrunn,8.5
DE-G-09679205,Waldbüttelbrunn,gemeinde,Bayern,,,,,,
DE-G-09679209,Zell a.Main,gemeinde,Bayern,"Rathausplatz 8, 97299 Zell a. Main",,,way/1077040555,Rathaus,6.5
DE-G-09761000,Augsburg,gemeinde,Bayern,"Rathausplatz 2, 86150 Augsburg",,,way/23576086,Rathaus,6.5
DE-G-09762000,Kaufbeuren,gemeinde,Bayern,,,,,,
DE-G-09763000,Kempten (Allgäu),gemeinde,Bayern,"Rathausplatz 29, 87435 Kempten (Allgäu)",+4983125250,,way/141669986,Rathaus Kempten,9.0
DE-G-09764000,Memmingen,gemeinde,Bayern,"Marktplatz 1, 87700 Memmingen",,,node/2296663174,,6.5
DE-G-09771112,Affing,gemeinde,Bayern,"Mühlweg 2, 86444 Affing",,,way/24763101,Rathaus,6.5
DE-G-09771113,Aichach,gemeinde,Bayern,"Stadtplatz 48, 86551 Aichach",,,way/23256766,Rathaus,6.5
DE-G-09771130,Friedberg,gemeinde,Bayern,"Marienplatz 1, 86316 Friedberg",,,way/100201630,Rathaus,6.5
DE-G-09771140,Hollenbach,gemeinde,Bayern,"Hauptstraße 93, 86568 Hollenbach",+49 8257 9996 0,info@gemeinde-hollenbach.de,way/122451898,Gemeinde Hollenbach,8.9
DE-G-09771141,Inchenhofen,gemeinde,Bayern,"Zisterzienserplatz 2, 86570 Inchenhofen",+49 8257 99970,info@inchenhofen.de,way/98528704,Rathaus Inchenhofen,9.0
DE-G-09771142,Kissing,gemeinde,Bayern,"Pestalozzistraße 5, 86438 Kissing",,,way/256164857,Rathaus Kissing,8.4
DE-G-09771145,Merching,gemeinde,Bayern,"Hauptstraße 26, 86504 Merching",,,way/138707545,Gemeinde Merching,8.5
DE-G-09771158,Rehling,gemeinde,Bayern,"Hauptstraße 1, 86508 Rehling",+49 8237 96050,,way/134582756,Rathaus Rehling,8.9
DE-G-09771160,Ried,gemeinde,Bayern,,,,,,
DE-G-09772111,Adelsried,gemeinde,Bayern,"Dillinger Straße 2, 86477 Adelsried",+49 8294 8692 0,,way/239579774,Rathaus Adelsried,9.0
DE-G-09772115,Altenmünster,gemeinde,Bayern,,,,,,
DE-G-09772117,Aystetten,gemeinde,Bayern,"Bäckergasse 2, 86482 Aystetten",+49 821 48018-0,rathaus@aystetten.de,node/911187741,Gemeindeverwaltung,7.0
DE-G-09772121,Biberbach,gemeinde,Bayern,"Rathausplatz 1, 86485 Biberbach",+49 8271 8018-0,,way/222989047,Rathaus Biberbach,9.0
DE-G-09772125,Bobingen,gemeinde,Bayern,"Rathausplatz 1, 86399 Bobingen",,,way/31508292,Rathaus,6.0
DE-G-09772130,Diedorf,gemeinde,Bayern,"Lindenstraße 5, 86420 Diedorf",+49 8238 30040,rathaus@markt-diedorf.de,way/138817611,Rathaus Diedorf,9.0
DE-G-09772131,Dinkelscherben,gemeinde,Bayern,,,,,,
DE-G-09772141,Fischach,gemeinde,Bayern,"Hauptstraße 16, 86850 Fischach",,,way/92003635,Rathaus,6.5
DE-G-09772145,Gablingen,gemeinde,Bayern,"Rathausplatz 1, 86456 Gablingen",,,way/28015411,Rathaus,6.5
DE-G-09772147,Gersthofen,gemeinde,Bayern,"Rathausplatz 1, 86368 Gersthofen",,,way/300600508,Rathaus,6.5
DE-G-09772149,Graben,gemeinde,Bayern,"Rathausplatz 1, 86836 Graben",+49 8232 9621 0,poststelle@graben.de,way/123753192,Rathaus Gemeinde Graben,9.0
DE-G-09772159,Horgau,gemeinde,Bayern,"Schwedenweg 11, 86497 Horgau",,,way/1485619753,Rathaus Horgau (im Bau) u. Saalanbau,8.5
DE-G-09772163,Königsbrunn,gemeinde,Bayern,"Marktplatz 7, 86343 Königsbrunn",+49 8231 606-0,,way/93220625,Rathaus,7.0
DE-G-09772167,Kutzenhausen,gemeinde,Bayern,"Schulstraße 10, 86500 Kutzenhausen",,,way/112565648,Rathaus Kutzenhausen,8.5
DE-G-09772171,Langweid a.Lech,gemeinde,Bayern,,,,,,
DE-G-09772177,Meitingen,gemeinde,Bayern,"Schloßstraße 2, 86405 Meitingen",,,way/91084096,Rathaus,6.4
DE-G-09772184,Neusäß,gemeinde,Bayern,"Hauptstraße 28, 86356 Neusäß",+49 821 46060,,way/38934093,Rathaus Neusäß,9.0
DE-G-09772200,Schwabmünchen,gemeinde,Bayern,"Fuggerstraße 50, 86830 Schwabmünchen",+49 8232 9633-0,rathaus@schwabmuenchen.de,way/33529454,Rathaus,6.9
DE-G-09772202,Stadtbergen,gemeinde,Bayern,"Oberer Stadtweg 2, 86391 Stadtbergen",+49 821 24380,,way/118212796,Rathaus Stadtbergen,9.0
DE-G-09772207,Thierhaupten,gemeinde,Bayern,"Marktplatz 1, 86672 Thierhaupten",,,way/40860632,Rathaus Thierhaupten,8.5
DE-G-09772215,Wehringen,gemeinde,Bayern,"Nördliche Hauptstraße 18, 86517 Wehringen",,,way/254219330,,6.5
DE-G-09772223,Zusmarshausen,gemeinde,Bayern,"Schulstraße 2, 86441 Zusmarshausen",+49 8291 870,,way/351927021,Rathaus Zusmarshausen,9.0
DE-G-09773117,Bissingen,gemeinde,Bayern,"Am Hofgarten 1, 86657 Bissingen",,,way/435206968,Rathaus - Markt Bissingen,8.5
DE-G-09773122,Buttenwiesen,gemeinde,Bayern,,,,,,
DE-G-09773125,Dillingen a.d.Donau,gemeinde,Bayern,,,,,,
DE-G-09773144,Lauingen (Donau),gemeinde,Bayern,"Herzog-Georg-Straße 17, 89415 Lauingen (Donau)",+49 9072 998-0,,relation/6253485,Rathaus Lauingen,9.0
DE-G-09774116,Ursberg,gemeinde,Bayern,"Prämonstratenserstraße 20, 86513",,,way/208869098,Rathaus Ursberg,5.5
DE-G-09774119,Bibertal,gemeinde,Bayern,,,,,,
DE-G-09774121,Burgau,gemeinde,Bayern,"Gerichtsweg 8, 89331 Burgau",,,way/254063314,Rathaus Burgau,8.5
DE-G-09774122,Burtenbach,gemeinde,Bayern,,,,,,
DE-G-09774135,Günzburg,gemeinde,Bayern,,,,,,
DE-G-09774144,Jettingen-Scheppach,gemeinde,Bayern,"Hauptstraße 55, 89343 Jettingen-Scheppach",+49 8225 3060,,node/264053335,Markt Jettingen-Scheppach,9.0
DE-G-09774145,Kammeltal,gemeinde,Bayern,,,,,,
DE-G-09774150,Krumbach (Schwaben),gemeinde,Bayern,"Rittlen 6, 86381 Krumbach (Schwaben)",+49 8282 889960,info@vg-krumbach.de,node/10793006943,Verwaltungsgemeinschaft Krumbach,9.0
DE-G-09774155,Leipheim,gemeinde,Bayern,"Marktstraße 5, 89340 Leipheim",,,way/310440749,Rathaus,6.5
DE-G-09774162,Neuburg a.d.Kammel,gemeinde,Bayern,,,,,,
DE-G-09775115,Bellenberg,gemeinde,Bayern,,,,,,
DE-G-09775129,Illertissen,gemeinde,Bayern,"Hauptstraße 4, 89257 Illertissen",+49 7303 172-0,,way/130573724,Rathaus,7.0
DE-G-09775134,Nersingen,gemeinde,Bayern,,,,,,
DE-G-09775135,Neu-Ulm,gemeinde,Bayern,"Augsburger Straße 15, 89231 Neu-Ulm",+49 731 7050-0,info@neu-ulm.de,way/97166536,Rathaus Neu-Ulm,9.0
DE-G-09775139,Elchingen,gemeinde,Bayern,,,,,,
DE-G-09775149,Roggenburg,gemeinde,Bayern,,,,,,
DE-G-09775152,Senden,gemeinde,Bayern,,,,,,
DE-G-09775162,Vöhringen,gemeinde,Bayern,"Hettstedter Platz 1, 89269 Vöhringen",,,way/80651583,Rathaus Vöhringen,8.5
DE-G-09775164,Weißenhorn,gemeinde,Bayern,,,,,,
DE-G-09776111,Bodolz,gemeinde,Bayern,"Rathausstraße 20, 88131 Bodolz",,,node/8169998820,Rathaus Bodolz,8.5
DE-G-09776114,Heimenkirch,gemeinde,Bayern,,,,,,
DE-G-09776116,Lindau (Bodensee),gemeinde,Bayern,"Bregenzer Straße 6, 88131 Lindau (Bodensee)",,,way/115818090,Stadtverwaltung Lindau,8.4
DE-G-09776117,Lindenberg i.Allgäu,gemeinde,Bayern,,,,,,
DE-G-09776120,Nonnenhorn,gemeinde,Bayern,,,,,,
DE-G-09776122,Opfenbach,gemeinde,Bayern,,,,,,
DE-G-09776125,Scheidegg,gemeinde,Bayern,,,,,,
DE-G-09776128,Wasserburg (Bodensee),gemeinde,Bayern,,,,,,
DE-G-09776129,Weiler-Simmerberg,gemeinde,Bayern,"Kirchplatz 1, 88171 Weiler-Simmerberg",,,way/90456479,Rathaus Markt Weiler-Simmerberg,8.5
DE-G-09776131,Hergatz,gemeinde,Bayern,,,,,,
DE-G-09777129,Füssen,gemeinde,Bayern,"Lechhalde 3, 87629 Füssen",,,node/523126188,Rathaus,6.5
DE-G-09777130,Germaringen,gemeinde,Bayern,"Westendorfer Straße 4a, 87656 Germaringen",,,node/7852311211,Gemeinde Germaringen,8.5
DE-G-09777147,Lechbruck am See,gemeinde,Bayern,,,,,,
DE-G-09777151,Marktoberdorf,gemeinde,Bayern,"Richard-Wengenmeier-Platz 1, 87616 Marktoberdorf",+4983424008-0,,way/87667963,Rathaus,7.0
DE-G-09777152,Mauerstetten,gemeinde,Bayern,,,,,,
DE-G-09777153,Nesselwang,gemeinde,Bayern,,,,,,
DE-G-09777159,Pfronten,gemeinde,Bayern,"Allgäuer Straße 6, 87459 Pfronten",,,way/83187484,Rathaus der Gemeinde Pfronten,8.5
DE-G-09777165,Ronsberg,gemeinde,Bayern,,,,,,
DE-G-09777169,Schwangau,gemeinde,Bayern,"Münchener Straße 2, 87645 Schwangau",,buergerbuero@schwangau.bayern.de,way/270449284,Rathaus Schwangau,8.5
DE-G-09777173,Halblech,gemeinde,Bayern,,,,,,
DE-G-09778116,Bad Wörishofen,gemeinde,Bayern,"Bürgermeister-Ledermann-Straße 1, 86825 Bad Wörishofen",,,way/1225715028,Rathaus Bad Wörishofen,8.4
DE-G-09778123,Buxheim,gemeinde,Bayern,"Kirchplatz 2, 87740 Buxheim",+49833197700,,node/2135821361,,7.0
DE-G-09778137,Ettringen,gemeinde,Bayern,,,,,,
DE-G-09778168,Markt Rettenbach,gemeinde,Bayern,"Ottobeurer Straße 2, 87733 Markt Rettenbach",,,node/506486456,Rathaus,6.5
DE-G-09778169,Markt Wald,gemeinde,Bayern,"Hauptstraße 61, 86865 Markt Wald",+49 8262 969250,,way/106416893,Rathaus,7.0
DE-G-09778173,Mindelheim,gemeinde,Bayern,"Maximilianstraße 26, 87719 Mindelheim",,,way/27466014,Rathaus Mindelheim,8.5
DE-G-09778196,Sontheim,gemeinde,Bayern,,,,,,
DE-G-09778204,Tussenhausen,gemeinde,Bayern,"Marktplatz 9, 86874 Tussenhausen",,,way/261805985,Rathaus Tussenhausen,8.5
DE-G-09779115,Asbach-Bäumenheim,gemeinde,Bayern,"Rathausplatz 1, 86663 Asbach-Bäumenheim",+49 906 2969-0,info@asbach-baeumenheim.de,way/92206592,Rathaus Gemeinde Asbach-Bäumenheim,9.0
DE-G-09779131,Donauwörth,gemeinde,Bayern,"Rathausgasse 1, 86609 Donauwörth",,,way/129399474,Rathaus,6.5
DE-G-09779147,Fremdingen,gemeinde,Bayern,"Schopfloher Straße 1, 86742 Fremdingen",,,way/316159113,,6.5
DE-G-09779155,Harburg (Schwaben),gemeinde,Bayern,"Schloßstraße 1, 86655 Harburg (Schwaben)",,,way/106461247,Rathaus,6.5
DE-G-09779169,Kaisheim,gemeinde,Bayern,,,,,,
DE-G-09779178,Marxheim,gemeinde,Bayern,"Pfalzstraße 2, 86688 Marxheim",+49 9097 1001,info@gemeinde-marxheim.de,way/271028292,Rathaus,7.0
DE-G-09779181,Mertingen,gemeinde,Bayern,,,,,,
DE-G-09779185,Möttingen,gemeinde,Bayern,,,,,,
DE-G-09779194,Nördlingen,gemeinde,Bayern,"Marktplatz 1, 86720 Nördlingen",,,way/117918063,Rathaus,6.5
DE-G-09779196,Oberndorf a.Lech,gemeinde,Bayern,"Eggelstetter Straße 3, 86698 Oberndorf a. Lech",+49 9090 96950,,way/229393193,Rathaus,7.0
DE-G-09779201,Rain,gemeinde,Bayern,"Hauptstraße 60, 86641 Rain",,,way/129800665,Rathaus,6.5
DE-G-09779218,Tapfheim,gemeinde,Bayern,"Ulmer Straße 66, 86660 Tapfheim",,,node/277775244,,6.5
DE-G-09780112,Altusried,gemeinde,Bayern,"Rathausplatz 1, 87452 Altusried",,,way/233950417,Rathaus Altusried,8.5
DE-G-09780114,Betzigau,gemeinde,Bayern,,,,,,
DE-G-09780115,Blaichach,gemeinde,Bayern,,,,,,
DE-G-09780117,Buchenberg,gemeinde,Bayern,"Rathaussteige 2, 87474 Buchenberg",,,way/159222310,Rathaus Buchenberg,8.5
DE-G-09780118,Burgberg i.Allgäu,gemeinde,Bayern,"Grüntenstraße 2, 87545 Burgberg i.Allgäu",,,way/250714135,Gemeindeverwaltung,6.5
DE-G-09780119,Dietmannsried,gemeinde,Bayern,,,,,,
DE-G-09780120,Durach,gemeinde,Bayern,"Bahnhofstraße 1, 87471 Durach",,,way/119430557,Rathaus Durach,8.5
DE-G-09780122,Haldenwang,gemeinde,Bayern,"Römerstraße 3, 87490 Haldenwang",,,way/88692192,Rathaus Haldenwang,8.5
DE-G-09780123,Bad Hindelang,gemeinde,Bayern,"Marktstraße 9, 87541 Bad Hindelang",,,way/96905703,Rathaus (ehem. Schloss Hindelang),6.5
DE-G-09780124,Immenstadt i.Allgäu,gemeinde,Bayern,,,,,,
DE-G-09780125,Lauben,gemeinde,Bayern,"Dorfstraße 2, 87493 Lauben",,,way/122779199,Rathaus Lauben,8.3
DE-G-09780128,Oy-Mittelberg,gemeinde,Bayern,,,,,,
DE-G-09780132,Oberstaufen,gemeinde,Bayern,"Schloßstraße 8, 87534 Oberstaufen",,,way/96158048,Rathaus,6.5
DE-G-09780133,Oberstdorf,gemeinde,Bayern,"Marktplatz 2, 87561 Oberstdorf",,,way/188160528,Rathaus,6.5
DE-G-09780137,Rettenberg,gemeinde,Bayern,,,,,,
DE-G-09780139,Sonthofen,gemeinde,Bayern,"Rathausplatz 1, 87527 Sonthofen",,,way/22905457,Rathaus,6.5
DE-G-09780140,Sulzberg,gemeinde,Bayern,"Rathausplatz 3, 87477 Sulzberg",,,way/154167109,Rathaus,6.5
DE-G-09780143,Waltenhofen,gemeinde,Bayern,"Rathausstraße 4, 87448 Waltenhofen",,,way/176845367,Rathaus Waltenhofen,8.5
DE-G-09780145,Wertach,gemeinde,Bayern,,,,,,
DE-G-09780146,Wiggensbach,gemeinde,Bayern,"Marktplatz 3, 87487 Wiggensbach",,,node/334712763,Rathaus,6.5
DE-G-09780147,Wildpoldsried,gemeinde,Bayern,,,,,,
DE-G-10041100,Saarbrücken,gemeinde,Saarland,,,,,,
DE-G-10041511,Friedrichsthal,gemeinde,Saarland,,,,,,
DE-G-10041512,Großrosseln,gemeinde,Saarland,"Klosterplatz 2, 66352 Großrosseln",,,way/220175440,Gemeindeverwaltung Großrosseln,8.5
DE-G-10041513,Heusweiler,gemeinde,Saarland,"Saarbrücker Straße 35-37, 66265 Heusweiler",,,way/336467147,Rathaus Heusweiler,8.5
DE-G-10041514,Kleinblittersdorf,gemeinde,Saarland,"Rathausstraße 16-18, 66271 Kleinblittersdorf",,,way/91605491,Rathaus,6.5
DE-G-10041515,Püttlingen,gemeinde,Saarland,"Rathausplatz 1, 66346 Püttlingen",,,way/119100025,Rathaus Püttlingen,8.5
DE-G-10041516,Quierschied,gemeinde,Saarland,,,,,,
DE-G-10041517,Riegelsberg,gemeinde,Saarland,"Saarbrücker Straße 31, 66292 Riegelsberg",,,way/138036000,Rathaus,6.5
DE-G-10041518,Sulzbach/ Saar,gemeinde,Saarland,,,,,,
DE-G-10041519,Völklingen,gemeinde,Saarland,,,,,,
DE-G-10042111,Beckingen,gemeinde,Saarland,"Bergstraße 48, 66701 Beckingen",,,way/107131337,Gemeindeverwaltung,6.4
DE-G-10042112,Losheim am See,gemeinde,Saarland,"Merziger Straße 3, 66679 Losheim am See",+49 6872 6090,,way/28343662,Rathaus,7.0
DE-G-10042113,Merzig,gemeinde,Saarland,"Brauerstraße 5, 66663 Merzig",,,way/386221589,Neues Rathaus,6.5
DE-G-10042114,Mettlach,gemeinde,Saarland,"Freiherr-vom-Stein-Straße 64, 66693 Mettlach",,,node/11951491271,,6.4
DE-G-10042115,Perl,gemeinde,Saarland,"Trierer Straße 28, 66706 Perl",,,way/211516724,Rathaus Perl,8.5
DE-G-10042116,Wadern,gemeinde,Saarland,"Marktplatz 13, 66687 Wadern",,,way/452720561,Stadt Wadern,8.5
DE-G-10042117,Weiskirchen,gemeinde,Saarland,"Kirchenweg 2, 66709 Weiskirchen",,,way/92447590,Rathaus Weiskirchen,8.5
DE-G-10043111,Eppelborn,gemeinde,Saarland,"Hellbergstraße 27a, 66571 Eppelborn",,,way/473622743,Rathaus Eppelborn,8.5
DE-G-10043112,Illingen,gemeinde,Saarland,"Hauptstraße 86, 66557 Illingen",,,way/355270142,Rathaus Illingen,8.5
DE-G-10043113,Merchweiler,gemeinde,Saarland,"Hauptstraße 82, 66589 Merchweiler",,,way/239444027,Rathaus,6.5
DE-G-10043114,Neunkirchen,gemeinde,Saarland,"Oberer Markt 16, 66538 Neunkirchen",,,way/176222824,Rathaus,6.5
DE-G-10043115,Ottweiler,gemeinde,Saarland,,,,,,
DE-G-10043116,Schiffweiler,gemeinde,Saarland,"Rathausstraße 11, 66578 Schiffweiler",,,way/246495631,Gemeindeverwaltung Schiffweiler,8.5
DE-G-10043117,Spiesen-Elversberg,gemeinde,Saarland,,,,,,
DE-G-10044111,Dillingen/ Saar,gemeinde,Saarland,"Merziger Straße 51, 66763 Dillingen/Saar",+49 6831 7090,,way/90109315,Rathaus Dillingen/Saar,9.0
DE-G-10044112,Lebach,gemeinde,Saarland,"Am Markt 1, 66822 Lebach",,,way/232352238,Rathaus Lebach,8.5
DE-G-10044113,Nalbach,gemeinde,Saarland,"Fußbachstraße 6, 66809 Nalbach",,,way/241081829,Neues Rathaus,6.5
DE-G-10044114,Rehlingen-Siersburg,gemeinde,Saarland,"Bouzonviller Platz 1, 66780 Rehlingen-Siersburg",,,way/222814773,Rathaus,6.3
DE-G-10044115,Saarlouis,gemeinde,Saarland,"Großer Markt 1, 66740 Saarlouis",,,way/185464136,Rathaus Saarlouis,8.5
DE-G-10044116,Saarwellingen,gemeinde,Saarland,"Schloßplatz 1, 66793 Saarwellingen",,,way/29495568,Rathaus Gemeinde Saarwellingen,8.5
DE-G-10044117,Schmelz,gemeinde,Saarland,"Rathausplatz 1, 66839 Schmelz",,,way/75382139,Rathaus Schmelz,8.5
DE-G-10044118,Schwalbach,gemeinde,Saarland,"Hauptstraße 92, 66773 Schwalbach",,,way/183744386,Rathaus,6.4
DE-G-10044119,Überherrn,gemeinde,Saarland,"Rathausstraße 101, 66802 Überherrn",,,way/126063859,Rathaus Überherrn,8.4
DE-G-10044120,Wadgassen,gemeinde,Saarland,"Lindenstraße 114, 66787 Wadgassen",+49 6834 944-0,,way/301337173,Rathaus,6.9
DE-G-10044121,Wallerfangen,gemeinde,Saarland,"Fabrikplatz 1, 66798 Wallerfangen",,,way/161631829,,6.5
DE-G-10044122,Bous,gemeinde,Saarland,"Saarbrücker Straße 120, 66359 Bous",,,way/173432307,Rathaus Bous,8.4
DE-G-10044123,Ensdorf,gemeinde,Saarland,"Provinzialstraße 101a, 66806 Ensdorf/Saar",,,way/98872601,Rathaus,6.5
DE-G-10045111,Bexbach,gemeinde,Saarland,,,,,,
DE-G-10045112,Blieskastel,gemeinde,Saarland,,,,,,
DE-G-10045113,Gersheim,gemeinde,Saarland,"Bliesstraße 19a, 66453 Gersheim",,,way/164062216,Rathaus der Gemeinde Gersheim,8.5
DE-G-10045114,Homburg,gemeinde,Saarland,"Am Forum 5, 66424 Homburg",+49 6841 1010,,way/303739741,Rathaus Kreisstadt Homburg,8.9
DE-G-10045115,Kirkel,gemeinde,Saarland,"Hauptstraße 10, 66459 Kirkel",,,way/265479666,Rathaus,6.0
DE-G-10045116,Mandelbachtal,gemeinde,Saarland,"Theo-Carlen-Platz 2, 66399 Mandelbachtal",,,way/31279291,Rathaus Mandelbachtal,8.5
DE-G-10045117,St. Ingbert,gemeinde,Saarland,"Am Markt 12, 66386 Sankt Ingbert",,,way/109597268,Rathaus,6.5
DE-G-10046111,Freisen,gemeinde,Saarland,"Schulstraße 60, 66629 Freisen",,,way/356808532,Rathaus Gemeinde Freisen,8.4
DE-G-10046112,Marpingen,gemeinde,Saarland,"Urexweilerstraße 11, 66646 Marpingen",,,way/353465119,Rathaus Marpingen,8.5
DE-G-10046113,Namborn,gemeinde,Saarland,"Schloßstraße 13, 66640 Namborn",,,way/330942132,Gemeindeverwaltung Namborn,8.3
DE-G-10046114,Nohfelden,gemeinde,Saarland,"Am Burghof 6, 66625 Nohfelden",,,way/345505762,,6.5
DE-G-10046115,Nonnweiler,gemeinde,Saarland,"Trierer Straße 5, 66620 Nonnweiler",,,way/261432006,,6.5
DE-G-10046116,Oberthal,gemeinde,Saarland,"Poststraße 20, 66649 Oberthal",,,way/97870454,Rathaus Oberthal,8.5
DE-G-10046117,St. Wendel,gemeinde,Saarland,"Rathausplatz 1, 66606 Sankt Wendel",,,way/334111652,Neues Rathaus,6.5
DE-G-10046118,Tholey,gemeinde,Saarland,"Im Kloster 1, 66636 Tholey",,,way/160707968,,6.5
DE-G-11000000,Berlin,gemeinde,Berlin,"Berliner Allee 252-260, 13088 Berlin",,,way/252929824,Bezirksamt Pankow von Berlin,3.9
DE-G-12051000,Brandenburg an der Havel,gemeinde,Brandenburg,,,,,,
DE-G-12052000,Cottbus,gemeinde,Brandenburg,"Neumarkt 5, 03046 Cottbus",+49 355 6122022,,node/2502606419,Behindertenbeirat der Stadt Cottbus,9.0
DE-G-12053000,Frankfurt (Oder),gemeinde,Brandenburg,"Marktplatz 1, 15230 Frankfurt (Oder)",,,relation/1043342,Rathaus,6.5
DE-G-12054000,Potsdam,gemeinde,Brandenburg,"Friedrich-Ebert-Straße 80, Potsdam",+49 331 2890,,relation/59917,Rathaus Landeshauptstadt Potsdam,5.9
DE-G-12060005,Ahrensfelde,gemeinde,Brandenburg,"Lindenberger Straße 1, 16356 Ahrensfelde",,,way/70130266,Rathaus Ahrensfelde,8.5
DE-G-12060020,Bernau bei Berlin,gemeinde,Brandenburg,,,,,,
DE-G-12060052,Eberswalde,gemeinde,Brandenburg,,,,,,
DE-G-12060181,Panketal,gemeinde,Brandenburg,"Schönower Straße 105, 16341 Panketal",+49 30 94511-0,,way/34427324,Rathaus Panketal,8.9
DE-G-12060198,Schorfheide,gemeinde,Brandenburg,"Erzbergerplatz 1, 16244 Schorfheide",,,way/319303095,Gemeindeamt,6.5
DE-G-12060269,Wandlitz,gemeinde,Brandenburg,"Prenzlauer Chaussee 157, 16348 Wandlitz",,,way/28073904,Rathaus Wandlitz,8.3
DE-G-12060280,Werneuchen,gemeinde,Brandenburg,,,,,,
DE-G-12061020,Bestensee,gemeinde,Brandenburg,"Eichhornstraße 4-5, 15741 Bestensee",,,node/1611003010,,6.4
DE-G-12061112,Eichwalde,gemeinde,Brandenburg,"Grünauer Straße 49, 15732 Eichwalde",,,way/24278950,Rathaus Eichwalde,8.5
DE-G-12061217,Heidesee,gemeinde,Brandenburg,"Lindenstraße 14B, 15754 Heidesee",+49 33767 7950,,way/35212331,Gemeinde Heidesee,9.0
DE-G-12061219,Heideblick,gemeinde,Brandenburg,"Langengrassau Luckauer Straße 61, 15926 Heideblick",,,way/123244160,Gemeindeverwaltung Heideblick,8.4
DE-G-12061260,Königs Wusterhausen,gemeinde,Brandenburg,,,,,,
DE-G-12061316,Lübben (Spreewald),gemeinde,Brandenburg,,,,,,
DE-G-12061320,Luckau,gemeinde,Brandenburg,"Am Markt 34, 15926 Luckau",,,way/58896962,Rathaus,6.5
DE-G-12061329,Märkische Heide/Markojska Góla,gemeinde,Brandenburg,,,,,,
DE-G-12061332,Mittenwalde,gemeinde,Brandenburg,"Yorckstraße 17, 15749 Mittenwalde",,,way/27387462,Rathaus,6.5
DE-G-12061433,Schönefeld,gemeinde,Brandenburg,"Hans-Grade-Allee 11, 12529 Schönefeld",+49 30 536720-0,info@gemeinde-schoenefeld.de,way/24235752,Rathaus Schönefeld,8.9
DE-G-12061444,Schulzendorf,gemeinde,Brandenburg,,,,,,
DE-G-12061540,Wildau,gemeinde,Brandenburg,"Karl-Marx-Straße 36, 15745 Wildau",+49 3375 5054 10,,way/26979315,Volkshaus Wildau (Rathaus),9.0
DE-G-12061572,Zeuthen,gemeinde,Brandenburg,"Schillerstraße 1, 15738 Zeuthen",,,way/27024857,Rathaus,6.5
DE-G-12062092,Doberlug-Kirchhain,gemeinde,Brandenburg,"Am Markt 8, 03253 Doberlug-Kirchhain",,,way/35695631,,6.5
DE-G-12062124,Elsterwerda,gemeinde,Brandenburg,,,,,,
DE-G-12062140,Finsterwalde,gemeinde,Brandenburg,"Markt 1, 03238 Finsterwalde",,,way/194816885,Rathaus Finsterwalde,8.5
DE-G-12062224,Herzberg (Elster),gemeinde,Brandenburg,"Markt 1, 04916 Herzberg (Elster)",,,way/227106253,Rathaus,6.5
DE-G-12062410,Röderland,gemeinde,Brandenburg,"Am Markt 1, 04932 Röderland",,,way/31160902,Rathaus,6.5
DE-G-12062461,Schönewalde,gemeinde,Brandenburg,,,,,,
DE-G-12062469,Sonnewalde,gemeinde,Brandenburg,"Schulstraße 3, 03249 Sonnewalde",,,way/1010053762,Amt Sonnewalde,8.5
DE-G-12063036,Brieselang,gemeinde,Brandenburg,"Am Markt 3, 14656 Brieselang",+49 33232 3380,info@gemeindebrieselang.de,node/11849846709,Rathaus Gemeinde Brieselang,9.0
DE-G-12063056,Dallgow-Döberitz,gemeinde,Brandenburg,"Wilmsstraße 41, 14624 Dallgow-Döberitz",,,way/319684049,Rathaus Dallgow-Döberitz,8.4
DE-G-12063080,Falkensee,gemeinde,Brandenburg,"Falkenhagener Straße 45-47, 14612 Falkensee",+49 3322 281 0,,way/44607042,Rathaus,6.9
DE-G-12063148,Ketzin/Havel,gemeinde,Brandenburg,"Rathausstraße 7, 14669 Ketzin/Havel",+49 33233 720112,,node/3126886429,Rathaus Stadt Ketzin/Havel,9.0
DE-G-12063189,Milower Land,gemeinde,Brandenburg,"Friedensstraße 86, 14715 Milower Land",,,node/1128813088,Gemeinde Milower Land,8.5
DE-G-12063208,Nauen,gemeinde,Brandenburg,"Rathausplatz 1, 14641 Nauen",+49 3321 4080,,way/244134955,Rathaus Nauen Behörde,9.0
DE-G-12063244,Premnitz,gemeinde,Brandenburg,"Liebigstraße 42, 14727 Premnitz",,,way/307112200,Stadtverwaltung Premnitz - Haus 2,8.5
DE-G-12063252,Rathenow,gemeinde,Brandenburg,"Berliner Straße 15, 14712 Rathenow",,,way/88774563,Stadtverwaltung Rathenow,8.4
DE-G-12063273,Schönwalde-Glien,gemeinde,Brandenburg,"Berliner Allee 7, 14621 Schönwalde-Glien",,,way/111211779,,6.5
DE-G-12063357,Wustermark,gemeinde,Brandenburg,"Hoppenrader Allee 1, 14641 Wustermark",,,way/97722219,Rathaus,6.5
DE-G-12064029,Altlandsberg,gemeinde,Brandenburg,,,,,,
DE-G-12064044,Bad Freienwalde (Oder),gemeinde,Brandenburg,"Karl-Marx-Straße 1, 16259 Bad Freienwalde (Oder)",+49 3344 4120,stadtverwaltung@bad-freienwalde.de,way/166741730,Rathaus,7.0
DE-G-12064136,Fredersdorf-Vogelsdorf,gemeinde,Brandenburg,"Lindenallee 3, 15370 Fredersdorf-Vogelsdorf",,,way/746256028,Rathaus Fredersdorf-Vogelsdorf,8.5
DE-G-12064227,Hoppegarten,gemeinde,Brandenburg,"Lindenallee 14, 15366 Hoppegarten",,,way/529071172,Rathaus,6.3
DE-G-12064274,Letschin,gemeinde,Brandenburg,,,,,,
DE-G-12064317,Müncheberg,gemeinde,Brandenburg,,,,,,
DE-G-12064336,Neuenhagen bei Berlin,gemeinde,Brandenburg,,,,,,
DE-G-12064380,Petershagen/Eggersdorf,gemeinde,Brandenburg,"Am Markt 8, 15345 Petershagen/Eggersdorf",,,way/24709690,Rathaus Petershagen/Eggersdorf,8.5
DE-G-12064428,Rüdersdorf bei Berlin,gemeinde,Brandenburg,,,,,,
DE-G-12064448,Seelow,gemeinde,Brandenburg,"Küstriner Straße 61, 15306 Seelow",,,way/119560060,Rathaus Seelow,8.5
DE-G-12064472,Strausberg,gemeinde,Brandenburg,"Hegermühlenstraße 58, 15344 Strausberg",,,way/38496524,Stadtverwaltung,6.4
DE-G-12064512,Wriezen,gemeinde,Brandenburg,"Freienwalder Straße 50, 16269 Wriezen",,,way/148215765,Rathaus Wriezen,8.5
DE-G-12065036,Birkenwerder,gemeinde,Brandenburg,"Hauptstraße 34, 16547 Birkenwerder",,,way/1161187336,,6.5
DE-G-12065084,Fürstenberg/Havel,gemeinde,Brandenburg,,,,,,
DE-G-12065096,Glienicke/Nordbahn,gemeinde,Brandenburg,"Hauptstraße 19, 16548 Glienicke/Nordbahn",+49 33056 69 0,info@glienicke.eu,node/4155022025,Gemeindeverwaltung Glienicke/Nordbahn,9.0
DE-G-12065136,Hennigsdorf,gemeinde,Brandenburg,"Rathausplatz 1, 16761 Hennigsdorf",+49 3302 8770,,way/368070980,Stadtverwaltung Hennigsdorf,9.0
DE-G-12065144,Hohen Neuendorf,gemeinde,Brandenburg,,,,,,
DE-G-12065165,Kremmen,gemeinde,Brandenburg,"Am Markt 1, 16766 Kremmen",,,way/298609473,Rathaus Kremmen,8.5
DE-G-12065180,Leegebruch,gemeinde,Brandenburg,"Birkenallee 1, 16767 Leegebruch",,,node/4859421824,Rathaus,6.5
DE-G-12065193,Liebenwalde,gemeinde,Brandenburg,,,,,,
DE-G-12065198,Löwenberger Land,gemeinde,Brandenburg,"Alte Schulstraße 5, 16775 Löwenberger Land",,,way/370465168,Gemeindeverwaltung Löwenberger Land,8.5
DE-G-12065225,Mühlenbecker Land,gemeinde,Brandenburg,"Liebenwalder Straße 1, 16567 Mühlenbecker Land",+49 33056 841 0,gemeinde@muehlenbecker-land.de,way/45064037,Gemeinde Mühlenbecker Land,9.0
DE-G-12065251,Oberkrämer,gemeinde,Brandenburg,"Perwenitzer Weg 2, 16727 Oberkrämer",,,way/26770088,Gemeinde Oberkrämer,8.5
DE-G-12065256,Oranienburg,gemeinde,Brandenburg,"Schloßplatz 1, 16515 Oranienburg",,,way/14757196,Stadtverwaltung,6.5
DE-G-12065332,Velten,gemeinde,Brandenburg,"Rathausstraße 10, 16727 Velten",,,way/141116703,Rathaus Velten,8.5
DE-G-12065356,Zehdenick,gemeinde,Brandenburg,"Am Markt 11, 16792 Zehdenick",,,way/89081074,Rathaus Zehdenick,8.5
DE-G-12066052,Calau/Kalawa,gemeinde,Brandenburg,"Platz des Friedens 10, 03205 Calau",,,node/3506155400,Rathaus,6.5
DE-G-12066112,Großräschen,gemeinde,Brandenburg,"Seestraße 16, 01983 Großräschen",,,way/41381914,Rathaus,6.5
DE-G-12066176,Lauchhammer,gemeinde,Brandenburg,"Liebenwerdaer Straße 69, 01979 Lauchhammer",,,way/429059893,Rathaus Lauchhammer,8.2
DE-G-12066196,Lübbenau/Spreewald,gemeinde,Brandenburg,"Kirchplatz 1, 03222 Lübbenau/Spreewald",+49 3542 850,,node/1347664005,Rathaus,7.0
DE-G-12066285,Schipkau,gemeinde,Brandenburg,,,,,,
DE-G-12066296,Schwarzheide,gemeinde,Brandenburg,,,,,,
DE-G-12066304,Senftenberg,gemeinde,Brandenburg,"Markt 1, 01968 Senftenberg",,,way/49050381,Rathaus,6.5
DE-G-12066320,Vetschau/Spreewald,gemeinde,Brandenburg,,,,,,
DE-G-12067036,Beeskow,gemeinde,Brandenburg,,,,,,
DE-G-12067120,Eisenhüttenstadt,gemeinde,Brandenburg,"Zentraler Platz 1, 15890 Eisenhüttenstadt",+49 3364 5660,info@eisenhuettenstadt.de,way/35548187,Rathaus,7.0
DE-G-12067124,Erkner,gemeinde,Brandenburg,"Friedrichstraße 6-8, 15537 Erkner",,,way/24287453,Rathaus,6.5
DE-G-12067137,Friedland,gemeinde,Brandenburg,"Lindenstraße 13, 15848 Friedland",,,way/195801599,Rathaus,6.5
DE-G-12067144,Fürstenwalde/Spree,gemeinde,Brandenburg,"Am Nordstern 1, 15517 Fürstenwalde/Spree",,,way/179609567,Stadtverwaltung,6.4
DE-G-12067201,Grünheide (Mark),gemeinde,Brandenburg,,,,,,
DE-G-12067426,Rietz-Neuendorf,gemeinde,Brandenburg,,,,,,
DE-G-12067440,Schöneiche bei Berlin,gemeinde,Brandenburg,,,,,,
DE-G-12067481,Storkow (Mark),gemeinde,Brandenburg,"Rudolf-Breitscheid-Straße 74, 15859 Storkow (Mark)",,,way/325063674,Rathaus,6.4
DE-G-12067493,Tauche,gemeinde,Brandenburg,"Beeskower Chaussee 70, 15848 Tauche",+49 33675 6090,info@gemeinde-tauche.de,node/9220980013,Gemeinde Tauche,8.9
DE-G-12067544,Woltersdorf,gemeinde,Brandenburg,,,,,,
DE-G-12068117,Fehrbellin,gemeinde,Brandenburg,"Dorfstraße 16, 16818 Fehrbellin",,,way/289323314,,6.1
DE-G-12068181,Heiligengrabe,gemeinde,Brandenburg,,,,,,
DE-G-12068264,Kyritz,gemeinde,Brandenburg,"Marktplatz 1, 16866 Hansestadt Kyritz",,,way/305729432,Rathaus,6.5
DE-G-12068320,Neuruppin,gemeinde,Brandenburg,"Karl-Liebknecht-Straße 33, 16816 Neuruppin",,,way/147415766,Rathaus,6.4
DE-G-12068353,Rheinsberg,gemeinde,Brandenburg,,,,,,
DE-G-12068468,Wittstock/Dosse,gemeinde,Brandenburg,,,,,,
DE-G-12068477,Wusterhausen/Dosse,gemeinde,Brandenburg,"Am Markt 1, 16868 Wusterhausen/Dosse",,,way/268852900,,6.5
DE-G-12069017,Beelitz,gemeinde,Brandenburg,,,,,,
DE-G-12069020,Bad Belzig,gemeinde,Brandenburg,"Wiesenburger Straße 6, 14806 Bad Belzig",,,way/87369420,Rathaus,6.5
DE-G-12069249,Groß Kreutz (Havel),gemeinde,Brandenburg,,,,,,
DE-G-12069304,Kleinmachnow,gemeinde,Brandenburg,"Adolf-Grimme-Ring 10, 14532 Kleinmachnow",,,node/5433899409,Rathaus Kleinmachnow,8.4
DE-G-12069306,Kloster Lehnin,gemeinde,Brandenburg,"Friedensstraße 3, 14797 Kloster Lehnin",,,way/246418519,Rathaus,6.5
DE-G-12069397,Michendorf,gemeinde,Brandenburg,"Richard-Muth-Platz 1, 14552 Michendorf",,,node/11805195745,Gemeinde Michendorf,8.5
DE-G-12069454,Nuthetal,gemeinde,Brandenburg,"Arthur-Scheunert-Allee 103, 14558 Nuthetal",+49 33200 204-0,,way/394912988,Service-Center der Gemeinde Nuthetal,9.0
DE-G-12069590,Schwielowsee,gemeinde,Brandenburg,"Potsdamer Platz 9, 14548 Schwielowsee",,,way/45065352,Rathaus,6.5
DE-G-12069596,Seddiner See,gemeinde,Brandenburg,"Kiefernweg 5, 14554 Seddiner See",+49 33205 5360,info@seddiner-see.de,way/193395947,Gemeindeverwaltung Seddiner See,8.9
DE-G-12069604,Stahnsdorf,gemeinde,Brandenburg,"Annastraße 3, 14532 Stahnsdorf",,,way/28345863,Gemeindezentrum Stahnsdorf,8.4
DE-G-12069616,Teltow,gemeinde,Brandenburg,"Marktplatz 1, 14513 Teltow",,,way/123325206,Neues Rathaus Teltow,8.5
DE-G-12069632,Treuenbrietzen,gemeinde,Brandenburg,"Großstraße 105, 14929 Treuenbrietzen",,,way/43265913,Rathaus Treuenbrietzen,8.5
DE-G-12069656,Werder (Havel),gemeinde,Brandenburg,,,,,,
DE-G-12069665,Wiesenburg/Mark,gemeinde,Brandenburg,"Schloßstraße 1, 14827 Wiesenburg/Mark",,,way/144449356,Rathaus,6.5
DE-G-12070125,Groß Pankow (Prignitz),gemeinde,Brandenburg,"Steindamm 21, 16928 Groß Pankow (Prignitz)",+49 33983 7890,mail@grosspankow.de,way/498672031,Rathaus Groß Pankow,9.0
DE-G-12070149,Gumtow,gemeinde,Brandenburg,,,,,,
DE-G-12070173,Karstädt,gemeinde,Brandenburg,,,,,,
DE-G-12070296,Perleberg,gemeinde,Brandenburg,"Großer Markt 1a, 19348 Perleberg",,,way/34324029,Rathaus Perleberg,8.5
DE-G-12070302,Plattenburg,gemeinde,Brandenburg,,,,,,
DE-G-12070316,Pritzwalk,gemeinde,Brandenburg,"Marktstraße 39, 16928 Pritzwalk",,,way/96018079,Rathaus Pritzwalk,8.5
DE-G-12070424,Wittenberge,gemeinde,Brandenburg,,,,,,
DE-G-12071057,Drebkau/Drjowk,gemeinde,Brandenburg,"Drebkauer Hauptstraße 29, 03116 Drebkau",+49 35602 562 0,,way/28519718,Rathaus,7.0
DE-G-12071076,Forst (Lausitz),gemeinde,Brandenburg,"Promenade 9, 03149 Forst (Lausitz)",+49 3562 989 0,info@forst-lausitz.de,relation/4079289,Stadtverwaltung Forst,9.0
DE-G-12071160,Guben,gemeinde,Brandenburg,,,,,,
DE-G-12071244,Kolkwitz,gemeinde,Brandenburg,,,,,,
DE-G-12071301,Neuhausen/Spree,gemeinde,Brandenburg,,,,,,
DE-G-12071337,Schenkendöbern/Derbno,gemeinde,Brandenburg,,,,,,
DE-G-12071372,Spremberg,gemeinde,Brandenburg,"Am Markt 1, 03130 Spremberg",,,way/122260560,Rathaus,6.5
DE-G-12071408,Welzow/Wjelcej,gemeinde,Brandenburg,,,,,,
DE-G-12072002,Am Mellensee,gemeinde,Brandenburg,,,,,,
DE-G-12072014,Baruth/Mark,gemeinde,Brandenburg,"Ernst-Thälmann-Platz 4, 15837 Baruth/Mark",,,way/53216948,Rathaus,6.5
DE-G-12072017,Blankenfelde-Mahlow,gemeinde,Brandenburg,"Zülowstraße 12, 15827 Blankenfelde-Mahlow",,,node/13521899952,Gemeindeverwaltung Blankenfelde-Mahlow,8.2
DE-G-12072120,Großbeeren,gemeinde,Brandenburg,"Am Rathaus 1, 14979 Großbeeren",,,way/30475081,Rathaus,6.5
DE-G-12072169,Jüterbog,gemeinde,Brandenburg,"Markt 21, 14913 Jüterbog",,,way/25671632,Rathaus Jüterbog,8.5
DE-G-12072232,Luckenwalde,gemeinde,Brandenburg,"Markt 10, 14943 Luckenwalde",+49 3371 6720,,way/55923846,Stadtverwaltung Luckenwalde,9.0
DE-G-12072240,Ludwigsfelde,gemeinde,Brandenburg,,,,,,
DE-G-12072297,Niedergörsdorf,gemeinde,Brandenburg,"Dorfstraße 14f, 14913 Niedergörsdorf",+49 337416970,hauptamt@niedergoersdorf.de,way/203123194,Gemeindeamt Niedergörsdorf,9.0
DE-G-12072312,Nuthe-Urstromtal,gemeinde,Brandenburg,"Frankenfelder Straße 10, 14947 Nuthe-Urstromtal",+49 3371 6860,gv@nuthe-urstromtal.de,way/702292996,Gemeindeverwaltung Nuthe-Urstromtal,8.9
DE-G-12072340,Rangsdorf,gemeinde,Brandenburg,"Seebadallee 30, 15834 Rangsdorf",,,way/227013049,Rathaus,6.4
DE-G-12072426,Trebbin,gemeinde,Brandenburg,,,,,,
DE-G-12072477,Zossen,gemeinde,Brandenburg,"Marktplatz 20/21, 15806 Zossen",,,way/288293385,Rathaus der Stadt Zossen,8.5
DE-G-12073008,Angermünde,gemeinde,Brandenburg,"Markt, 16278 Angermünde",,,way/296182272,Rathaus Angermünde,8.5
DE-G-12073069,Boitzenburger Land,gemeinde,Brandenburg,,,,,,
DE-G-12073384,Lychen,gemeinde,Brandenburg,"Am Markt 1, 17279 Lychen",,,way/164184017,Rathaus,6.5
DE-G-12073429,Nordwestuckermark,gemeinde,Brandenburg,,,,,,
DE-G-12073452,Prenzlau,gemeinde,Brandenburg,"Am Steintor 4, 17291 Prenzlau",,,way/217377123,Rathaus Prenzlau,8.4
DE-G-12073572,Templin,gemeinde,Brandenburg,"Prenzlauer Allee 7, 17268 Templin",,,way/305722095,Neues Rathaus,6.4
DE-G-12073579,Uckerland,gemeinde,Brandenburg,,,,,,
DE-G-12073440,Pinnow,gemeinde,Brandenburg,,,,,,
DE-G-12073532,Schwedt/Oder,gemeinde,Brandenburg,"Dr.-Theodor-Neubauer-Straße 5, 16303 Schwedt/Oder",,,way/290589571,Rathaus,6.4
DE-G-13003000,Rostock,gemeinde,Mecklenburg-Vorpommern,"Neuer Markt 1, 18055 Rostock",,,way/34479598,Rathaus,6.5
DE-G-13004000,Schwerin,gemeinde,Mecklenburg-Vorpommern,"Am Markt 14, 19055 Schwerin",,,way/97839353,Rathaus Schwerin,8.5
DE-G-13071027,Dargun,gemeinde,Mecklenburg-Vorpommern,"Platz des Friedens 6, 17159 Dargun",,,way/1457178394,Rathaus Dargun,8.5
DE-G-13071029,Demmin,gemeinde,Mecklenburg-Vorpommern,"Markt 1, 17109 Demmin",,,way/95579860,Rathaus Demmin,8.5
DE-G-13071033,Feldberger Seenlandschaft,gemeinde,Mecklenburg-Vorpommern,,,,,,
DE-G-13071107,Neubrandenburg,gemeinde,Mecklenburg-Vorpommern,"Friedrich-Engels-Ring 53, 17033 Neubrandenburg",,,way/30067004,Rathaus Neubrandenburg,8.4
DE-G-13071110,Neustrelitz,gemeinde,Mecklenburg-Vorpommern,"Markt 1, 17235 Neustrelitz",+49 3981 2530,,way/150976624,Rathaus Neustrelitz,9.0
DE-G-13071156,Waren (Müritz),gemeinde,Mecklenburg-Vorpommern,"Zum Amtsbrink 1, 17192 Waren (Müritz)",+49 3991 177-0,,way/104540421,Stadtverwaltung,6.9
DE-G-13072006,Bad Doberan,gemeinde,Mecklenburg-Vorpommern,"Severinstraße 6, 18209 Bad Doberan",,,way/88317703,Rathaus,6.5
DE-G-13072029,Dummerstorf,gemeinde,Mecklenburg-Vorpommern,,,,,,
DE-G-13072036,Graal-Müritz,gemeinde,Mecklenburg-Vorpommern,"Ribnitzer Straße 21, 18181 Graal-Müritz",+49 38206 81171,,way/127611047,Rathaus,6.9
DE-G-13072043,Güstrow,gemeinde,Mecklenburg-Vorpommern,"Markt 1, 18273 Güstrow",,,way/40498720,Rathaus Güstrow,8.5
DE-G-13072058,Kröpelin,gemeinde,Mecklenburg-Vorpommern,"Markt 1, 18236 Kröpelin",,,way/273210144,Rathaus,6.5
DE-G-13072060,Kühlungsborn,gemeinde,Mecklenburg-Vorpommern,"Ostseeallee 20, 18225 Kühlungsborn",,,way/39893942,Rathaus Kühlungsborn,8.4
DE-G-13072074,Neubukow,gemeinde,Mecklenburg-Vorpommern,"Am Markt 1, 18233 Neubukow",,,way/137688542,Rathaus Neubukow,8.5
DE-G-13072091,Sanitz,gemeinde,Mecklenburg-Vorpommern,,,,,,
DE-G-13072093,Satow,gemeinde,Mecklenburg-Vorpommern,"Heller Weg 2a, 18239 Satow",,info@satow.de,way/266793235,Verwaltung der Gemeinde Satow,8.5
DE-G-13072106,Teterow,gemeinde,Mecklenburg-Vorpommern,"Marktplatz 1-3, 17166 Teterow",,,way/93086613,Rathaus Teterow,8.5
DE-G-13073011,Binz,gemeinde,Mecklenburg-Vorpommern,"Jasmunder Straße 11, 18609 Ostseebad Binz",+49 38393 374-0,post@gemeinde-binz.de,node/6376879042,Gemeindeverwaltung Binz,9.0
DE-G-13073035,Grimmen,gemeinde,Mecklenburg-Vorpommern,"Markt 1, 18507 Grimmen",,,way/188069872,Rathaus Grimmen,8.5
DE-G-13073055,Marlow,gemeinde,Mecklenburg-Vorpommern,"Am Markt 1, 18337 Marlow",,,way/113622872,,6.5
DE-G-13073070,Putbus,gemeinde,Mecklenburg-Vorpommern,"Markt 8, 18581 Putbus",,,way/149320486,Rathaus Putbus,8.4
DE-G-13073080,Sassnitz,gemeinde,Mecklenburg-Vorpommern,"Hauptstraße 33, 18546 Sassnitz",+49 38392 680,info@sassnitz.de,way/709278277,Rathaus Sassnitz,8.9
DE-G-13073088,Stralsund,gemeinde,Mecklenburg-Vorpommern,,,,,,
DE-G-13073089,Süderholz,gemeinde,Mecklenburg-Vorpommern,"Rakower Straße 1, 18516 Süderholz",+49 38331 610,gemeinde@suederholz.de,way/145238973,Gemeindeverwaltung Süderholz,9.0
DE-G-13073105,Zingst,gemeinde,Mecklenburg-Vorpommern,,,,,,
DE-G-13074026,Grevesmühlen,gemeinde,Mecklenburg-Vorpommern,"Rathausplatz 1, 23936 Grevesmühlen",,,way/96055139,Rathaus Grevesmühlen,8.5
DE-G-13074035,Insel Poel,gemeinde,Mecklenburg-Vorpommern,"Gemeinde-Zentrum 13, 23999 Insel Poel",,,node/6372051636,Gemeinde Ostseebad Insel Poel,8.5
DE-G-13074087,Wismar,gemeinde,Mecklenburg-Vorpommern,"Am Markt 1, 23966 Wismar",,,way/91890631,Rathaus,6.5
DE-G-13075005,Anklam,gemeinde,Mecklenburg-Vorpommern,"Markt 3, 17389 Anklam",,,way/143255849,Rathaus Anklam,8.5
DE-G-13075039,Greifswald,gemeinde,Mecklenburg-Vorpommern,"Markt 15, 17489 Greifswald",+49 3834 8536 0,stadtverwaltung@greifswald.de,node/7067998422,Stadtverwaltung,7.0
DE-G-13075049,Heringsdorf,gemeinde,Mecklenburg-Vorpommern,"Kurparkstraße 4, 17419 Heringsdorf",,,way/269703715,Rathaus Gemeinde Ostseebad Heringsdorf,8.3
DE-G-13075105,Pasewalk,gemeinde,Mecklenburg-Vorpommern,"Haußmannstraße 85, 17309 Pasewalk",,,way/97425002,Rathaus Pasewalk,8.5
DE-G-13075130,Strasburg (Uckermark),gemeinde,Mecklenburg-Vorpommern,"Schulstraße 1, 17335 Strasburg (Uckermark)",,,way/219970588,,6.5
DE-G-13075136,Ueckermünde,gemeinde,Mecklenburg-Vorpommern,,,,,,
DE-G-13076014,Boizenburg/ Elbe,gemeinde,Mecklenburg-Vorpommern,"Kirchplatz 4, 19258 Boizenburg/Elbe",,,node/14231323016,"Stadtverwaltung Boizenburg/Elbe, Abteilungen - Gebäude- und Liegenschaftsmanagement - Abwasserbeseitigung",8.5
DE-G-13076060,Hagenow,gemeinde,Mecklenburg-Vorpommern,,,,,,
DE-G-13076088,Lübtheen,gemeinde,Mecklenburg-Vorpommern,"Amtsstraße 3, 19249 Lübtheen",,,way/87359711,Stadtverwaltung,6.5
DE-G-13076090,Ludwigslust,gemeinde,Mecklenburg-Vorpommern,"Schloßstraße 38, 19288 Ludwigslust",+49 3874 5260,stadt@stadtludwigslust.de,way/37712217,Rathaus Ludwigslust,9.0
DE-G-13076108,Parchim,gemeinde,Mecklenburg-Vorpommern,"Blutstraße 5, 19370 Parchim",,,way/323143853,Stadtverwaltung Parchim,8.5
DE-G-14511000,Chemnitz,gemeinde,Sachsen,"Markt 1, 09111 Chemnitz",,,way/75778949,Rathaus,6.5
DE-G-14521010,Amtsberg,gemeinde,Sachsen,,,,,,
DE-G-14521020,Annaberg-Buchholz,gemeinde,Sachsen,"Markt 1, 09456 Annaberg-Buchholz",,,way/109081667,Rathaus,6.5
DE-G-14521035,Aue-Bad Schlema,gemeinde,Sachsen,"Joliot-Curie-Straße 13, 08280 Aue-Bad Schlema",,,way/37996758,,6.2
DE-G-14521110,Breitenbrunn/Erzgeb.,gemeinde,Sachsen,,,,,,
DE-G-14521130,Crottendorf,gemeinde,Sachsen,"Annaberger Straße 230 c, 09474 Crottendorf",+49 37344 7650,gemeindeamt@crottendorf.de,way/89796568,Gemeindeverwaltung Crottendorf,9.0
DE-G-14521150,Drebach,gemeinde,Sachsen,"August-Bebel-Straße 25 B, 09430 Drebach",,,way/214841599,Gemeindeverwaltung,6.1
DE-G-14521160,Ehrenfriedersdorf,gemeinde,Sachsen,,,,,,
DE-G-14521170,Eibenstock,gemeinde,Sachsen,"Rathausplatz 1, 08309 Eibenstock",,,way/144824827,Stadt Eibenstock Rathaus,8.5
DE-G-14521200,Gelenau/Erzgeb.,gemeinde,Sachsen,,,,,,
DE-G-14521240,Großolbersdorf,gemeinde,Sachsen,"Am Rathaus 8, 09432 Großolbersdorf",,,way/146850307,,6.5
DE-G-14521250,Großrückerswalde,gemeinde,Sachsen,"Marienberger Straße 108, 09518 Großrückerswalde",,,way/239375700,Gemeindeverwaltung Großrückerswalde,8.5
DE-G-14521260,Grünhain-Beierfeld,gemeinde,Sachsen,"August-Bebel-Straße 79, 08344 Grünhain-Beierfeld",,,way/123249553,Stadtverwaltung Grünhain-Beierfeld,8.5
DE-G-14521290,Hohndorf,gemeinde,Sachsen,,,,,,
DE-G-14521310,Jahnsdorf/Erzgeb.,gemeinde,Sachsen,,,,,,
DE-G-14521320,Johanngeorgenstadt,gemeinde,Sachsen,,,,,,
DE-G-14521330,Jöhstadt,gemeinde,Sachsen,"Markt 185, 09477 Jöhstadt",,,way/224270254,,6.5
DE-G-14521355,Lauter-Bernsbach,gemeinde,Sachsen,,,,,,
DE-G-14521370,Lößnitz,gemeinde,Sachsen,"Marktplatz 1, 08294 Lößnitz",,,way/160980376,Rathaus,6.5
DE-G-14521390,Marienberg,gemeinde,Sachsen,,,,,,
DE-G-14521400,Mildenau,gemeinde,Sachsen,"Dorfstraße 95, 09456 Mildenau",+49 3733 565520,gemeinde@mildenau.de,node/5577217281,Gemeindeverwaltung Mildenau,8.9
DE-G-14521410,Neukirchen/Erzgeb.,gemeinde,Sachsen,,,,,,
DE-G-14521440,Oberwiesenthal,gemeinde,Sachsen,"Markt 8, 09484 Kurort Oberwiesenthal",,,way/307951932,Rathaus,6.5
DE-G-14521450,Oelsnitz/Erzgeb.,gemeinde,Sachsen,,,,,,
DE-G-14521460,Olbernhau,gemeinde,Sachsen,"Grünthaler Straße 28, 09526 Olbernhau",+49 37360 150,hauptamt@stadtverwaltung-olbernhau.de,way/261408440,Rathaus Stadt Olbernhau,9.0
DE-G-14521495,Pockau-Lengefeld,gemeinde,Sachsen,"Markt 1, 09514 Pockau-Lengefeld",,,way/203915716,Rathaus,6.5
DE-G-14521500,Raschau-Markersbach,gemeinde,Sachsen,"Hauptstraße 71, 08352 Raschau-Markersbach",,,way/234437089,Gemeindeverwaltung Raschau-Markersbach,8.5
DE-G-14521530,Schneeberg,gemeinde,Sachsen,"Schulgasse 9, 08289 Schneeberg",,,way/42798988,Stadtverwaltung Schneeberg - Stadtarchiv,8.5
DE-G-14521540,Schönheide,gemeinde,Sachsen,"Hauptstraße 43, 08304 Schönheide",,,node/258060855,Gemeindeverwaltung Schönheide,8.5
DE-G-14521550,Schwarzenberg/Erzgeb.,gemeinde,Sachsen,"Straße der Einheit 20, 08340 Schwarzenberg/Erzgeb.",,,way/40130902,Rathaus Schwarzenberg/Erzgeb.,8.4
DE-G-14521560,Sehmatal,gemeinde,Sachsen,"Dorfstraße 76, 09465 Sehmatal",,,way/206717346,Gemeindeverwaltung Sehmatal,8.4
DE-G-14521600,Stützengrün,gemeinde,Sachsen,,,,,,
DE-G-14521620,Thalheim/Erzgeb.,gemeinde,Sachsen,,,,,,
DE-G-14521630,Thermalbad Wiesenbad,gemeinde,Sachsen,,,,,,
DE-G-14521640,Thum,gemeinde,Sachsen,"Rathausplatz 4, 09419 Thum",+49 37297 3970,info@stadt-thum.de,node/7483395426,Rathaus,7.0
DE-G-14521670,Wolkenstein,gemeinde,Sachsen,,,,,,
DE-G-14521060,Bärenstein,gemeinde,Sachsen,,,,,,
DE-G-14521340,Königswalde,gemeinde,Sachsen,"Jöhstädter Straße 5, 09471 Königswalde",+49 3733 18170,koenigswalde@t-online.de,node/1824126073,Gemeindeverwaltung Königswalde,9.0
DE-G-14521040,Auerbach,gemeinde,Sachsen,"Hauptstraße 83, 09392 Auerbach",+49 3721 2606112,info@auerbach-erzgebirge.de,node/7550186213,Gemeindeverwaltung Auerbach,9.0
DE-G-14521120,Burkhardtsdorf,gemeinde,Sachsen,"Am Markt 8, Burkhardtsdorf",,,way/153416226,Rathaus Burkhardtsdorf,5.4
DE-G-14521230,Gornsdorf,gemeinde,Sachsen,,,,,,
DE-G-14521210,Geyer,gemeinde,Sachsen,,,,,,
DE-G-14521610,Tannenberg,gemeinde,Sachsen,"Rittergut 1, 09468 Tannenberg",+49 3733 52820,info@gemeinde-tannenberg.de,node/4381997237,Gemeindeverwaltung Tannenberg,9.0
DE-G-14521380,Lugau/Erzgeb.,gemeinde,Sachsen,,,,,,
DE-G-14521430,Niederwürschnitz,gemeinde,Sachsen,,,,,,
DE-G-14521510,Scheibenberg,gemeinde,Sachsen,,,,,,
DE-G-14521520,Schlettau,gemeinde,Sachsen,"Markt 1, 09487 Schlettau",+49 3733 68070,stadt@schlettau.de,way/219401398,,7.0
DE-G-14521140,Deutschneudorf,gemeinde,Sachsen,,,,,,
DE-G-14521280,Heidersdorf,gemeinde,Sachsen,"Olbernhauer Straße 3, 09526 Heidersdorf",,,way/47069577,Gemeindeverwaltung Heidersdorf,8.3
DE-G-14521570,Seiffen/Erzgeb.,gemeinde,Sachsen,,,,,,
DE-G-14521420,Niederdorf,gemeinde,Sachsen,,,,,,
DE-G-14521590,Stollberg/Erzgeb.,gemeinde,Sachsen,,,,,,
DE-G-14521220,Gornau/Erzgeb.,gemeinde,Sachsen,,,,,,
DE-G-14521690,Zschopau,gemeinde,Sachsen,"Altmarkt 2, 09405 Zschopau",,,relation/3758415,Neues Rathaus Zschopau,8.5
DE-G-14521080,Bockau,gemeinde,Sachsen,"Schneeberger Straße 49, 08324 Bockau",,,way/239291586,Rathaus Bockau,8.5
DE-G-14521700,Zschorlau,gemeinde,Sachsen,"August-Bebel-Straße 78, 08321 Zschorlau",+49 3771 4104 0,,way/134513741,Gemeindeamt Zschorlau,8.9
DE-G-14521180,Elterlein,gemeinde,Sachsen,,,,,,
DE-G-14521710,Zwönitz,gemeinde,Sachsen,"Markt 6, 08297 Zwönitz",+49 37754 350,verwaltung@zwoenitz.de,way/173599783,Rathaus Zwönitz,9.0
DE-G-14521090,Börnichen/Erzgeb.,gemeinde,Sachsen,,,,,,
DE-G-14521270,Grünhainichen,gemeinde,Sachsen,"Chemnitzer Straße 41-43, 09579 Grünhainichen",,,way/160269957,Gemeindeverwaltung Grünhainichen,8.5
DE-G-14522020,Augustusburg,gemeinde,Sachsen,"Marienberger Straße 24, 09573 Augustusburg",+49 37291 3950,stadt@augustusburg.de,way/656258477,Stadtverwaltung Augustusburg,9.0
DE-G-14522035,Bobritzsch-Hilbersdorf,gemeinde,Sachsen,"Hauptstraße 80, 09627 Bobritzsch-Hilbersdorf",+49 37325 238-0,post@amt-bobritzsch.de,way/47247945,Gemeindeverwaltung Bobritzsch-Hilbersdorf,9.0
DE-G-14522050,Brand-Erbisdorf,gemeinde,Sachsen,"Markt 1, 09618 Brand-Erbisdorf",+4937322320,stadt@brand-erbisdorf.de,way/113736361,Stadtverwaltung Brand-Erbisdorf,9.0
DE-G-14522070,Claußnitz,gemeinde,Sachsen,"Burgstädter Straße 52, 09236 Claußnitz",,gemeindeverwaltung@claussnitz.de,way/211464973,Gemeindeverwaltung Claussnitz,8.4
DE-G-14522080,Döbeln,gemeinde,Sachsen,"Obermarkt 1, 04720 Döbeln",,,relation/16825666,Rathaus Döbeln,8.5
DE-G-14522110,Eppendorf,gemeinde,Sachsen,"Großwaltersdorfer Straße 8, 09575 Eppendorf",+49 37293 78111,info@gemeinde-eppendorf.de,way/109150061,Rathaus,7.0
DE-G-14522120,Erlau,gemeinde,Sachsen,,,,,,
DE-G-14522140,Flöha,gemeinde,Sachsen,,,,,,
DE-G-14522150,Frankenberg/Sa.,gemeinde,Sachsen,"Markt 15, 09669 Frankenberg/Sa.",,,way/163807373,Stadtverwaltung Frankenberg/Sa.,8.5
DE-G-14522170,Frauenstein,gemeinde,Sachsen,"Markt 28, 09623 Frauenstein",+49 7326 8380,stadt@frauenstein.com,node/2955825560,Stadtverwalung Frauenstein,9.0
DE-G-14522180,Freiberg,gemeinde,Sachsen,"Obermarkt 24, 09599 Freiberg",+49 3731 273101,,way/287832707,Rathaus Freiberg,9.0
DE-G-14522190,Geringswalde,gemeinde,Sachsen,"Markt 1, 09326 Geringswalde",,,node/13664090036,,6.5
DE-G-14522200,Großhartmannsdorf,gemeinde,Sachsen,,,,,,
DE-G-14522210,Großschirma,gemeinde,Sachsen,"Hauptstraße 156, 09603 Großschirma",,,way/80574555,Rathaus,6.5
DE-G-14522220,Großweitzschen,gemeinde,Sachsen,,,,,,
DE-G-14522230,Hainichen,gemeinde,Sachsen,"Markt 1, 09661 Hainichen",+49 37207 600,,way/35679107,Rathaus,7.0
DE-G-14522240,Halsbrücke,gemeinde,Sachsen,"Am Ernst-Thälmann-Heim 1, 09633 Halsbrücke",,,way/97582663,Rathaus,6.5
DE-G-14522250,Hartha,gemeinde,Sachsen,,,,,,
DE-G-14522260,Hartmannsdorf,gemeinde,Sachsen,"Untere Hauptstraße 111, 09232 Hartmannsdorf",+49 3722 40230,info@gemeinde-hartmannsdorf.de,way/91892701,Rathaus Hartmannsdorf,9.0
DE-G-14522275,Jahnatal,gemeinde,Sachsen,,,,,,
DE-G-14522290,Königshain-Wiederau,gemeinde,Sachsen,,,,,,
DE-G-14522300,Kriebstein,gemeinde,Sachsen,,,,,,
DE-G-14522310,Leisnig,gemeinde,Sachsen,"Markt 1, 04703 Leisnig",,,way/29879659,Rathaus,6.5
DE-G-14522320,Leubsdorf,gemeinde,Sachsen,,,,,,
DE-G-14522330,Lichtenau,gemeinde,Sachsen,"Auerswalder Hauptstraße 2, 09244 Lichtenau",,,way/109047624,Rathaus Lichtenau,8.3
DE-G-14522350,Lunzenau,gemeinde,Sachsen,"Karl-Marx-Straße 1, Lunzenau",,,way/575372944,Rathaus Lunzenau,5.5
DE-G-14522390,Mulda/Sa.,gemeinde,Sachsen,"Hauptstraße 59, 09619 Mulda/Sa.",+49 37320 8680,,way/262640186,Rathaus,6.9
DE-G-14522400,Neuhausen/Erzgeb.,gemeinde,Sachsen,"Bahnhofstraße 12, 09544 Neuhausen/Erzgeb.",,,way/41270877,,6.5
DE-G-14522420,Niederwiesa,gemeinde,Sachsen,"Dresdner Straße 22, Niederwiesa",,,way/131669725,Rathaus Niederwiesa,5.5
DE-G-14522430,Oberschöna,gemeinde,Sachsen,"An der Hauptstraße 10, 09600 Oberschöna",+49 37321 8870,verwaltung@gemeinde-oberschoena.de,node/6778901724,Gemeinde Oberschöna,9.0
DE-G-14522440,Oederan,gemeinde,Sachsen,"Markt 5-6, 09569 Oederan",+49 37292 27100,stadt@oederan.de,way/26405599,Rathaus Oederan,9.0
DE-G-14522460,Penig,gemeinde,Sachsen,"Markt 6, 09322 Penig",+49 37381 9590,info@penig.de,way/88363397,Rathaus Penig,9.0
DE-G-14522470,Rechenberg-Bienenmühle,gemeinde,Sachsen,"An der Schanze 1, 09623 Rechenberg-Bienenmühle",,,way/32037852,Rathaus,6.5
DE-G-14522480,Reinsberg,gemeinde,Sachsen,"Kirchgasse 2, 09629 Reinsberg",+49 37324 8070,post@gemeinde-reinsberg.de,way/83825619,Rathaus,6.9
DE-G-14522500,Rossau,gemeinde,Sachsen,,,,,,
DE-G-14522510,Roßwein,gemeinde,Sachsen,"Markt 4, 04741 Roßwein",,,way/24931585,Stadtverwaltung Roßwein,8.5
DE-G-14522540,Striegistal,gemeinde,Sachsen,,,,,,
DE-G-14522570,Waldheim,gemeinde,Sachsen,"Niedermarkt 1, 04736 Waldheim",+49 34327 570,,way/201317083,Rathaus Waldheim,9.0
DE-G-14522580,Wechselburg,gemeinde,Sachsen,,,,,,
DE-G-14522060,Burgstädt,gemeinde,Sachsen,"Brühl 1, Burgstädt",,,way/215633565,Rathaus,3.5
DE-G-14522380,Mühlau,gemeinde,Sachsen,,,,,,
DE-G-14522550,Taura,gemeinde,Sachsen,"Köthensdorfer Straße 1, 09249 Taura",+49 3724 13160,sekretariat@gemeinde-taura.de,way/249596580,Rathaus Taura,9.0
DE-G-14522340,Lichtenberg/Erzgeb.,gemeinde,Sachsen,,,,,,
DE-G-14522590,Weißenborn/Erzgeb.,gemeinde,Sachsen,,,,,,
DE-G-14522010,Altmittweida,gemeinde,Sachsen,"Hauptstraße 92, 09648 Altmittweida",,,way/311387841,Gemeindeverwaltung Altmittweida,8.5
DE-G-14522360,Mittweida,gemeinde,Sachsen,"Markt 32, 09648 Mittweida",+49 3727 9670,Stadtverwaltung@mittweida.de,way/281649181,Stadtverwaltung Mittweida,9.0
DE-G-14522280,Königsfeld,gemeinde,Sachsen,"Hauptstraße 13, 09306 Königsfeld",,,way/99784027,,6.5
DE-G-14522490,Rochlitz,gemeinde,Sachsen,"Markt 1, 09306 Rochlitz",+49 3737 783-0,,relation/2515972,Rathaus,7.0
DE-G-14522530,Seelitz,gemeinde,Sachsen,,,,,,
DE-G-14522600,Zettlitz,gemeinde,Sachsen,,,,,,
DE-G-14522090,Dorfchemnitz,gemeinde,Sachsen,"Kammstraße 3, 09619 Dorfchemnitz",,,way/238793690,Gemeindeverwaltung Dorfchemnitz,8.5
DE-G-14522520,Sayda,gemeinde,Sachsen,"Am Markt 1, 09619 Sayda",+49 37365 9720,info@sayda.de,way/269576994,Rathaus Sayda,9.0
DE-G-14523010,Adorf/Vogtl.,gemeinde,Sachsen,,,,,,
DE-G-14523020,Auerbach/Vogtl.,gemeinde,Sachsen,,,,,,
DE-G-14523030,Bad Brambach,gemeinde,Sachsen,"Adorfer Straße 1, 08648 Bad Brambach",,,way/120227705,Rathaus,6.5
DE-G-14523040,Bad Elster,gemeinde,Sachsen,"Kirchplatz 1, 08645 Bad Elster",,,way/50151538,Rathaus,6.5
DE-G-14523090,Ellefeld,gemeinde,Sachsen,"Hauptstraße 21, 08236 Ellefeld",,,way/44176856,Rathaus,6.5
DE-G-14523100,Elsterberg,gemeinde,Sachsen,"Marktplatz 1, 07985",,,way/232960829,Rathaus Elsterberg,5.5
DE-G-14523160,Klingenthal,gemeinde,Sachsen,"Kirchstraße 14, 08248 Klingenthal",,,way/92498668,,6.5
DE-G-14523170,Lengenfeld,gemeinde,Sachsen,"Hauptstraße 1, 08485 Lengenfeld",,,way/686413477,Rathaus Lengenfeld,8.5
DE-G-14523200,Markneukirchen,gemeinde,Sachsen,"Am Rathaus 2, 08258 Markneukirchen",,,way/331221228,Rathaus,6.5
DE-G-14523245,Muldenhammer,gemeinde,Sachsen,,,,,,
DE-G-14523280,Neumark,gemeinde,Sachsen,"Markt 3, 08496 Neumark",,,way/368579277,Gemeindeverwaltung Neumark,8.5
DE-G-14523310,Pausa-Mühltroff,gemeinde,Sachsen,"Markt 16, 07919 Pausa-Mühltroff",,,node/1154268430,,5.8
DE-G-14523320,Plauen,gemeinde,Sachsen,"Unterer Graben 1, 08523 Plauen",,,node/260933273,Rathaus der Stadt Plauen,8.5
DE-G-14523330,Pöhl,gemeinde,Sachsen,,,,,,
DE-G-14523360,Rodewisch,gemeinde,Sachsen,"Wernesgrüner Straße 32, 08228 Rodewisch",,,way/185600522,Rathaus,6.4
DE-G-14523365,Rosenbach/Vogtl.,gemeinde,Sachsen,,,,,,
DE-G-14523380,Steinberg,gemeinde,Sachsen,"Am Bahnhof 3, 08237 Steinberg",,,way/31451458,Rathaus Steinberg,8.5
DE-G-14523450,Weischlitz,gemeinde,Sachsen,"Am Alten Gut 3, 08538 Weischlitz",,,way/323832381,Rathaus,6.5
DE-G-14523120,Falkenstein/Vogtl.,gemeinde,Sachsen,"Willy-Rudert-Platz 1, 08223 Falkenstein/Vogtl.",,,way/44173712,Rathaus,6.5
DE-G-14523130,Grünbach,gemeinde,Sachsen,,,,,,
DE-G-14523290,Neustadt/Vogtl.,gemeinde,Sachsen,,,,,,
DE-G-14523190,Limbach,gemeinde,Sachsen,,,,,,
DE-G-14523260,Netzschkau,gemeinde,Sachsen,"Markt 12, 08491 Netzschkau",+49 3765 392941,,node/2957327706,Stadtverwaltung Netzschkau,9.0
DE-G-14523060,Bösenbrunn,gemeinde,Sachsen,"Alte Schulstraße 2, 08606 Bösenbrunn",,,way/101362068,,6.1
DE-G-14523080,Eichigt,gemeinde,Sachsen,,,,,,
DE-G-14523300,Oelsnitz/Vogtl.,gemeinde,Sachsen,"Markt 1, 08606 Oelsnitz/Vogtl.",,,node/3796177795,Rathaus der Großen Kreisstadt Oelsnitz/Vogtl.,8.5
DE-G-14523440,Triebel/Vogtl.,gemeinde,Sachsen,,,,,,
DE-G-14523150,Heinsdorfergrund,gemeinde,Sachsen,,,,,,
DE-G-14523340,Reichenbach im Vogtland,gemeinde,Sachsen,,,,,,
DE-G-14523230,Mühlental,gemeinde,Sachsen,,,,,,
DE-G-14523370,Schöneck/Vogtl.,gemeinde,Sachsen,,,,,,
DE-G-14523270,Neuensalz,gemeinde,Sachsen,,,,,,
DE-G-14523430,Treuen,gemeinde,Sachsen,"Markt 7, 08233 Treuen",+49 37468 6380,stadtverwaltung@treuen.de,node/1833898231,Rathaus Treuen,9.0
DE-G-14523050,Bergen,gemeinde,Sachsen,,,,,,
DE-G-14523410,Theuma,gemeinde,Sachsen,"Hauptstraße 29, 08541 Theuma",,,way/58262982,Gemeindeverwaltung,6.5
DE-G-14523420,Tirpersdorf,gemeinde,Sachsen,,,,,,
DE-G-14523460,Werda,gemeinde,Sachsen,,,,,,
DE-G-14524020,Callenberg,gemeinde,Sachsen,"Rathausstraße 40, 09337 Callenberg",+49 3723 699960,gemeindeverwaltung@callenberg.de,way/195014967,Gemeindeverwaltung Callenberg,8.6
DE-G-14524060,Fraureuth,gemeinde,Sachsen,"Hauptstraße 94, 08427 Fraureuth",+49 3761 18160,,way/471112286,Rathaus Gemeindeamt,7.0
DE-G-14524070,Gersdorf,gemeinde,Sachsen,"Hauptstraße 192, 09355 Gersdorf",,,way/198358520,Rathaus Gersdorf,8.5
DE-G-14524080,Glauchau,gemeinde,Sachsen,"Markt 1, 08371 Glauchau",+49 3763 650,stadtverwaltung@glauchau.de,way/265847634,Rathaus der Stadt Glauchau,9.0
DE-G-14524090,Hartenstein,gemeinde,Sachsen,"Marktplatz 9, 08118 Hartenstein",,,way/153309609,Stadtverwaltung Hartenstein,8.5
DE-G-14524120,Hohenstein-Ernstthal,gemeinde,Sachsen,"Altmarkt 41, 09337 Hohenstein-Ernstthal",,,way/194540637,Rathaus Hohenstein-Ernstthal,8.5
DE-G-14524140,Langenbernsdorf,gemeinde,Sachsen,"Bahnhofstraße 1, 08428 Langenbernsdorf",+49 3761 88060,info@langenbernsdorf.de,node/1377913086,Gemeindeamt Langenbernsdorf,8.8
DE-G-14524150,Langenweißbach,gemeinde,Sachsen,,,,,,
DE-G-14524170,Lichtentanne,gemeinde,Sachsen,"Hauptstraße 69, 08115 Lichtentanne",,,way/42362509,Rathaus Lichtentanne,8.5
DE-G-14524200,Mülsen,gemeinde,Sachsen,"St. Jacober Hauptstraße 128, 08132 Mülsen",,,node/3386693313,Gemeindeverwaltung Mülsen,8.5
DE-G-14524210,Neukirchen/Pleiße,gemeinde,Sachsen,,,,,,
DE-G-14524230,Oberlungwitz,gemeinde,Sachsen,,,,,,
DE-G-14524250,Reinsdorf,gemeinde,Sachsen,"Wiesenaue 41, 08141 Reinsdorf",,,way/38319061,Rathaus,6.5
DE-G-14524300,Werdau,gemeinde,Sachsen,"Königswalder Straße 18, 08412 Werdau",,,way/397527750,KFZ-Zulassungsstelle Werdau -Haus B-,4.5
DE-G-14524310,Wildenfels,gemeinde,Sachsen,"Poststraße 26, 08134 Wildenfels",,,way/72677246,Rathaus,6.5
DE-G-14524320,Wilkau-Haßlau,gemeinde,Sachsen,"Poststraße 1, 08112 Wilkau-Haßlau",+49 375 69100,,way/296603977,,7.0
DE-G-14524330,Zwickau,gemeinde,Sachsen,"Hauptmarkt 1, 08056",+49 375 830,,way/258499101,Rathaus Zwickau,6.0
DE-G-14524030,Crimmitschau,gemeinde,Sachsen,"Markt 1, 08451 Crimmitschau",,,way/54209516,Rathaus Crimmitschau,8.5
DE-G-14524050,Dennheritz,gemeinde,Sachsen,,,,,,
DE-G-14524040,Crinitzberg,gemeinde,Sachsen,,,,,,
DE-G-14524100,Hartmannsdorf b. Kirchberg,gemeinde,Sachsen,,,,,,
DE-G-14524110,Hirschfeld,gemeinde,Sachsen,"Hauptstraße 41, 08144 Hirschfeld",,,way/361673348,Gemeindeverwaltung Hirschfeld,8.5
DE-G-14524130,Kirchberg,gemeinde,Sachsen,"Neumarkt 2, 08107 Kirchberg",,,way/372300889,Stadt Kirchberg,8.5
DE-G-14524180,Limbach-Oberfrohna,gemeinde,Sachsen,"Rathausplatz 1, 09212 Limbach-Oberfrohna",,,relation/8201349,Rathaus,6.5
DE-G-14524220,Niederfrohna,gemeinde,Sachsen,"Obere Hauptstraße 20, 09243 Niederfrohna",,,node/309353809,Gemeindeamt,6.2
DE-G-14524190,Meerane,gemeinde,Sachsen,"Lörracher Platz 1, 08393 Meerane",,,way/27038081,Neues Rathaus,6.5
DE-G-14524270,Schönberg,gemeinde,Sachsen,"Hauptstraße 51, 08393 Schönberg",,,way/597307040,Rathaus Gemeinde Schönberg,8.4
DE-G-14524010,Bernsdorf,gemeinde,Sachsen,"Hauptstraße 170, 09337 Bernsdorf",,,way/159952472,Rathaus Bernsdorf,8.4
DE-G-14524160,Lichtenstein/Sa.,gemeinde,Sachsen,,,,,,
DE-G-14524280,St. Egidien,gemeinde,Sachsen,"Glauchauer Straße 35, 09356 St. Egidien",+49 37204 760-0,rathaus@st-egidien.de,way/158249363,Rathaus,6.9
DE-G-14524240,Oberwiera,gemeinde,Sachsen,"Hauptstraße 19, 08396 Oberwiera",+49 37608 22926,info@gemeindeoberwiera.de,node/2919961768,Gemeinde Oberwiera,9.0
DE-G-14524260,Remse,gemeinde,Sachsen,,,,,,
DE-G-14524290,Waldenburg,gemeinde,Sachsen,,,,,,
DE-G-14612000,Dresden,gemeinde,Sachsen,"Rathausplatz 1, 01067 Dresden",,,relation/5789,Neues Rathaus,6.5
DE-G-14625010,Arnsdorf,gemeinde,Sachsen,"Bahnhofstraße 15, 01477 Arnsdorf",,,way/102316664,Gemeindeverwaltung Arnsdorf,8.4
DE-G-14625020,Bautzen,gemeinde,Sachsen,"Fleischmarkt 1, 02625 Bautzen",+49 3591 5430,,way/67567648,Rathaus Bautzen,9.0
DE-G-14625030,Bernsdorf,gemeinde,Sachsen,"Rathausallee 2, 02994 Bernsdorf",+49 35723 2380,info@bernsdorf.de,way/155721442,Rathaus Bernsdorf,8.9
DE-G-14625060,Burkau,gemeinde,Sachsen,,,,,,
DE-G-14625090,Cunewalde,gemeinde,Sachsen,"Hauptstraße 19, 02733 Cunewalde",+49 35877 2300,gemeindeverwaltung@cunewalde.de,node/1343245440,Gemeindeamt Cunewalde,8.9
DE-G-14625100,Demitz-Thumitz,gemeinde,Sachsen,,,,,,
DE-G-14625110,Doberschau-Gaußig,gemeinde,Sachsen,,,,,,
DE-G-14625120,Elsterheide,gemeinde,Sachsen,,,,,,
DE-G-14625130,Elstra,gemeinde,Sachsen,"Am Markt 1, 01920 Elstra",+49 35793 810,,way/544987783,Rathaus Elstra,9.0
DE-G-14625150,Göda,gemeinde,Sachsen,"Schulstraße 14, 02633 Göda",,,way/184996433,Gemeindeamt Göda/Hodźij,8.5
DE-G-14625160,Großdubrau,gemeinde,Sachsen,,,,,,
DE-G-14625200,Großröhrsdorf,gemeinde,Sachsen,"Rathausplatz 1, 01900 Großröhrsdorf",,,way/135712333,Rathaus,6.5
DE-G-14625220,Haselbachtal,gemeinde,Sachsen,,,,,,
DE-G-14625230,Hochkirch,gemeinde,Sachsen,,,,,,
DE-G-14625240,Hoyerswerda,gemeinde,Sachsen,"Salomon-Gottlob-Frentzel-Straße 1, 02977 Hoyerswerda",,,way/158249059,Neues Rathaus,6.5
DE-G-14625250,Kamenz,gemeinde,Sachsen,"Markt 1, 01917 Kamenz",,,way/87603279,Rathaus Kamenz,8.5
DE-G-14625280,Königswartha,gemeinde,Sachsen,"Bahnhofstraße 4, 02699 Königswartha",+49 35931 2390,gemeinde@koenigswartha.de,way/169089043,Rathaus Königswartha/Rakecy,9.0
DE-G-14625290,Kubschütz,gemeinde,Sachsen,"Mittelweg 3, 02627 Kubschütz",,,way/118496134,Gemeindeamt Kubschütz/Kubšicy,8.5
DE-G-14625310,Lauta,gemeinde,Sachsen,"Karl-Liebknecht-Straße 18, 02991 Lauta",,,way/37792274,Rathaus,6.4
DE-G-14625330,Lohsa,gemeinde,Sachsen,"Am Rathaus 1, 02999 Lohsa",,,way/257157719,Gemeindeverwaltung Lohsa/Łaz,8.5
DE-G-14625340,Malschwitz,gemeinde,Sachsen,"Dorfplatz 26, 02694 Malschwitz",+49 35932 3770,info@malschwitz.de,way/131031416,Gemeindeamt Malschwitz/Malešecy,9.0
DE-G-14625380,Neukirch/Lausitz,gemeinde,Sachsen,"Hauptstraße 20, 01904 Neukirch/Lausitz",,,node/2899493194,Gemeindeverwaltung Neukirch/Lausitz,8.4
DE-G-14625420,Oßling,gemeinde,Sachsen,"Schulstraße 10, 01920 Oßling",+49 35792 50200,gemeinde@ossling.net,node/1660603304,Gemeindeverwaltung Oßling/Wóslink,9.0
DE-G-14625430,Ottendorf-Okrilla,gemeinde,Sachsen,"Radeburger Straße 34, 01458 Ottendorf-Okrilla",,,way/37361974,Rathaus,6.4
DE-G-14625480,Radeberg,gemeinde,Sachsen,"Markt 19, 01454 Radeberg",+49 3528 4500,,node/267466518,Stadtverwaltung Radeberg,9.0
DE-G-14625490,Radibor,gemeinde,Sachsen,"Alois-Andritzki-Straße 2, 02627 Radibor",,,way/374542141,Gemeindeverwaltung,6.5
DE-G-14625525,Schirgiswalde-Kirschau,gemeinde,Sachsen,"Rathausstraße 4, 02681 Schirgiswalde-Kirschau",,,way/465918636,Rathaus Schirgiswalde - Kirschau,8.3
DE-G-14625530,Schmölln-Putzkau,gemeinde,Sachsen,"Schulweg 1, 01877 Schmölln-Putzkau",,,way/160053970,Gemeindeamt Schmölln-Putzkau,8.5
DE-G-14625550,Schwepnitz,gemeinde,Sachsen,"Dresdner Straße 4, 01936 Schwepnitz",,,way/53631973,Gemeindeamt,6.5
DE-G-14625560,Sohland a. d. Spree,gemeinde,Sachsen,,,,,,
DE-G-14625570,Spreetal,gemeinde,Sachsen,"Spremberger Straße 25, 02979 Spreetal",,,way/505156141,Gemeinde Spreetal/Sprjewiny Doł,8.4
DE-G-14625590,Steinigtwolmsdorf,gemeinde,Sachsen,"Am Markt 1, 01904 Steinigtwolmsdorf",+49 35951 182880,gemeinde@gemeinde-steinigtwolmsdorf.de,way/93921142,Gemeindeverwaltung,7.0
DE-G-14625600,Wachau,gemeinde,Sachsen,"Teichstraße 2, 01454 Wachau",+49 3528 48080,info@wachau.de,way/32671112,Gemeindeverwaltung,7.0
DE-G-14625610,Weißenberg,gemeinde,Sachsen,"August-Bebel-Platz 1, 02627 Weißenberg",+49 35876 4400,info@stadt-weissenberg.de,way/98668814,Rathaus Weißenberg,9.0
DE-G-14625630,Wilthen,gemeinde,Sachsen,"Bahnhofstraße 5, 02681 Wilthen",+49 3592 38540,briefkasten@wilthen.de,node/4977636533,Stadt Wilthen,8.9
DE-G-14625640,Wittichenau,gemeinde,Sachsen,,,,,,
DE-G-14625040,Bischofswerda,gemeinde,Sachsen,"Altmarkt 1, 01877 Bischofswerda",,,way/46260520,Rathaus,6.5
DE-G-14625510,Rammenau,gemeinde,Sachsen,,,,,,
DE-G-14625140,Frankenthal,gemeinde,Sachsen,"Lindenstraße 4, 01909 Frankenthal",,,node/611016020,Gemeindeamt,6.5
DE-G-14625170,Großharthau,gemeinde,Sachsen,,,,,,
DE-G-14625190,Großpostwitz/O.L.,gemeinde,Sachsen,,,,,,
DE-G-14625390,Obergurig,gemeinde,Sachsen,"Hauptstraße 24, 02692 Obergurig",+49 35938 5860,gemeindeamt@obergurig.de,node/13335633352,,7.0
DE-G-14625270,Königsbrück,gemeinde,Sachsen,"Markt 20, 01936 Königsbrück",,,way/292587903,,6.5
DE-G-14625300,Laußnitz,gemeinde,Sachsen,"Schulstraße 10, 01936 Laußnitz",,,node/1630997942,Gemeindeverwaltung Laußnitz,8.5
DE-G-14625370,Neukirch,gemeinde,Sachsen,,,,,,
DE-G-14625360,Neschwitz,gemeinde,Sachsen,"Bahnhofstraße 1, 02699 Neschwitz",+49 35933 3860,sekretariat@neschwitz.de,way/161812576,Gemeindeverwaltung Neschwitz/Njeswačidło,9.0
DE-G-14625460,Puschwitz,gemeinde,Sachsen,,,,,,
DE-G-14625180,Großnaundorf,gemeinde,Sachsen,"Pulsnitzer Straße 1, 01936 Großnaundorf",,,node/2359322134,Gemeindeverwaltung Großnaundorf,8.5
DE-G-14625320,Lichtenberg,gemeinde,Sachsen,"Hauptstraße 11, 01896 Lichtenberg",,,way/350572730,Gemeindeverwaltung Lichtenberg,8.5
DE-G-14625410,Ohorn,gemeinde,Sachsen,,,,,,
DE-G-14625450,Pulsnitz,gemeinde,Sachsen,"Am Markt 1, 01896 Pulsnitz",,,way/136321715,,6.5
DE-G-14625580,Steina,gemeinde,Sachsen,"Hauptstraße 64, 01920 Steina",+49 35955 43237,gemeinde@steina-sachsen.de,node/2617064402,Gemeindeverwaltung Steina,9.0
DE-G-14625080,Crostwitz,gemeinde,Sachsen,,,,,,
DE-G-14625350,Nebelschütz,gemeinde,Sachsen,,,,,,
DE-G-14625440,Panschwitz-Kuckau,gemeinde,Sachsen,,,,,,
DE-G-14625470,Räckelwitz,gemeinde,Sachsen,,,,,,
DE-G-14625500,Ralbitz-Rosenthal,gemeinde,Sachsen,,,,,,
DE-G-14626060,Boxberg/O.L.,gemeinde,Sachsen,"Südstraße 4, 02943 Boxberg/O.L.",,,way/32141988,,6.4
DE-G-14626085,Ebersbach-Neugersdorf,gemeinde,Sachsen,"Reichsstraße 1, 02730 Ebersbach-Neugersdorf",,,way/37045962,Rathaus Ebersbach-Neugersdorf,8.5
DE-G-14626110,Görlitz,gemeinde,Sachsen,"Untermarkt 8, 02826 Görlitz",,,way/117938204,Rathaus,6.5
DE-G-14626180,Herrnhut,gemeinde,Sachsen,,,,,,
DE-G-14626245,Kottmar,gemeinde,Sachsen,"Hauptstraße 62, 02739 Kottmar",,,way/242245707,Gemeinde Kottmar,8.5
DE-G-14626250,Krauschwitz i.d. O.L.,gemeinde,Sachsen,"Geschwister-Scholl-Straße 100, 02957 Krauschwitz",,,node/231126330,Gemeindeverwaltung,6.4
DE-G-14626280,Leutersdorf,gemeinde,Sachsen,"Zittauer Platz 1, 02794 Leutersdorf",+49 3586 33070,info@gv-leutersdorf.de,way/237071225,Gemeindeamt,6.9
DE-G-14626300,Markersdorf,gemeinde,Sachsen,"Kirchstraße 3, 02829 Markersdorf",,,node/1457896667,Rathaus,6.4
DE-G-14626310,Mittelherwigsdorf,gemeinde,Sachsen,"Am Gemeindeamt 7, 02763 Mittelherwigsdorf",,,way/1305110139,Gemeindeamt Mittelherwigsdorf,8.5
DE-G-14626370,Niesky,gemeinde,Sachsen,"Muskauer Straße 22, 02906 Niesky",,,way/530984799,Rathaus,6.5
DE-G-14626390,Oderwitz,gemeinde,Sachsen,"Straße der Republik 54, 02791 Oderwitz",+49 35842 2230,gemeinde@oderwitz.de,way/342018718,,7.0
DE-G-14626420,Ostritz,gemeinde,Sachsen,"Markt 1, 02899 Ostritz",+49 35823 8840,post@ostritz.de,node/1168420490,Stadtverwaltung Ostritz,9.0
DE-G-14626530,Seifhennersdorf,gemeinde,Sachsen,,,,,,
DE-G-14626610,Zittau,gemeinde,Sachsen,"Markt 1, 02763 Zittau",,,relation/5679522,Rathaus,6.5
DE-G-14626010,Bad Muskau,gemeinde,Sachsen,"Berliner Straße 47, 02953 Bad Muskau",,stadtverwaltung@badmuskau.eu,node/293896571,Stadtverwaltung Bad Muskau,8.4
DE-G-14626100,Gablenz,gemeinde,Sachsen,,,,,,
DE-G-14626030,Bernstadt a. d. Eigen,gemeinde,Sachsen,,,,,,
DE-G-14626500,Schönau-Berzdorf a. d. Eigen,gemeinde,Sachsen,,,,,,
DE-G-14626140,Großschönau,gemeinde,Sachsen,"Hauptstraße 54, 02779 Großschönau",,,relation/1703623,Gemeindeamt,6.5
DE-G-14626170,Hainewalde,gemeinde,Sachsen,"Kleine Seite 4, 02779 Hainewalde",,,node/343531841,Gemeindeamt,6.5
DE-G-14626150,Großschweidnitz,gemeinde,Sachsen,"Ernst-Thälmann-Straße 63, 02708 Großschweidnitz",,,way/31988665,,6.5
DE-G-14626270,Lawalde,gemeinde,Sachsen,"Rudolf-Breitscheid-Siedlung 6, 02708 Lawalde",+49 3585 47450,,way/157116961,,7.0
DE-G-14626290,Löbau,gemeinde,Sachsen,"Altmarkt 1, 02708 Löbau",+49 3585 4500,info@loebau.de,node/13108656878,Stadtverwaltung Löbau,9.0
DE-G-14626470,Rosenbach,gemeinde,Sachsen,"Steinbergstraße 1, 02708 Rosenbach",+49 3585 832703,,way/28670543,Gemeindeamt,7.0
DE-G-14626070,Dürrhennersdorf,gemeinde,Sachsen,,,,,,
DE-G-14626350,Neusalza-Spremberg,gemeinde,Sachsen,,,,,,
DE-G-14626510,Schönbach,gemeinde,Sachsen,"Löbauer Straße 4, 02708 Schönbach",,,node/670273909,Gemeindeamt,6.5
DE-G-14626050,Bertsdorf-Hörnitz,gemeinde,Sachsen,"Olbersdorfer Straße 3, 02763 Bertsdorf-Hörnitz",,,node/301236444,,6.5
DE-G-14626210,Jonsdorf,gemeinde,Sachsen,"Auf der Heide 1, 02796 Jonsdorf",,,way/60388493,Gemeindeamt,6.5
DE-G-14626400,Olbersdorf,gemeinde,Sachsen,,,,,,
DE-G-14626430,Oybin,gemeinde,Sachsen,"Hauptstraße 15, 02797 Oybin",+49 35844 76630,GV-Oybin@olbersdorf.de,node/1401215261,Gemeindeamt Oybin,9.0
DE-G-14626020,Beiersdorf,gemeinde,Sachsen,"Löbauer Straße 69, 02736 Beiersdorf",+49 35872 35832,info@beiersdorf-ol.de,node/7824060200,Gemeinde Beiersdorf,9.0
DE-G-14626410,Oppach,gemeinde,Sachsen,"August-Bebel-Straße 32, 02736 Oppach",+49 35872 3830,rathaus@oppach.de,way/451470149,Gemeindeverwaltung Oppach,9.0
DE-G-14626240,Königshain,gemeinde,Sachsen,"Dorfstraße 82, 02829 Königshain",+49 35826 60289,gemeinde.koenigshain@koenigshain-ol.de,way/297561516,Gemeindeverwaltung Königshain,8.9
DE-G-14626450,Reichenbach/O.L.,gemeinde,Sachsen,"Görlitzer Straße 4, 02894 Reichenbach/O.L.",+49 35828 7430,rathaus@reichenbach-ol.de,way/208141842,Rathaus,7.0
DE-G-14626570,Vierkirchen,gemeinde,Sachsen,"Melaune 54, 02894 Vierkirchen",+49 35827 70269,gemeinde.vierkirchen@t-online.de,way/217800311,Gemeindeverwaltung Vierkirchen,9.0
DE-G-14626260,Kreba-Neudorf,gemeinde,Sachsen,"Am Sportplatz 8, 02906 Kreba-Neudorf",,,way/444175987,Gemeindeverwaltung,6.5
DE-G-14626460,Rietschen,gemeinde,Sachsen,"Forsthausweg 2, 02956 Rietschen",,,way/132713035,Gemeindeverwaltung Rietschen,8.4
DE-G-14626160,Hähnichen,gemeinde,Sachsen,,,,,,
DE-G-14626480,Rothenburg/O.L.,gemeinde,Sachsen,,,,,,
DE-G-14626120,Groß Düben,gemeinde,Sachsen,,,,,,
DE-G-14626490,Schleife,gemeinde,Sachsen,"Friedensstraße 83, 02959 Schleife",+49 35773 7290,post@schleife-slepo.de,way/41699507,Gemeindeamt,7.0
DE-G-14626560,Trebendorf,gemeinde,Sachsen,,,,,,
DE-G-14626590,Weißkeißel,gemeinde,Sachsen,,,,,,
DE-G-14626600,Weißwasser/O.L.,gemeinde,Sachsen,"Marktplatz 1, 02943 Weißwasser/O.L.",,,way/666439672,Stadtverwaltung Weißwasser/O.L.,8.5
DE-G-14626190,Hohendubrau,gemeinde,Sachsen,,,,,,
DE-G-14626320,Mücka,gemeinde,Sachsen,,,,,,
DE-G-14626440,Quitzdorf am See,gemeinde,Sachsen,"Hauptstraße 19, 02906 Quitzdorf am See",,,node/3525903967,Gemeindeverwaltung Quitzdorf am See,8.5
DE-G-14626580,Waldhufen,gemeinde,Sachsen,"Ullersdorfer Straße 1, 02906 Waldhufen",,,node/8313032181,Gemeindeamt Waldhufen,8.5
DE-G-14626200,Horka,gemeinde,Sachsen,,,,,,
DE-G-14626230,Kodersdorf,gemeinde,Sachsen,"Straße der Freundschaft 1, 02923 Kodersdorf",+49 35825 5252,,node/3540035833,Gemeindeverwaltung Kodersdorf,8.8
DE-G-14626330,Neißeaue,gemeinde,Sachsen,"Dorfallee 31, 02829 Neißeaue",+49 35820 60217,info@gemeinde-neisseaue.de,node/11283773364,,7.0
DE-G-14626520,Schöpstal,gemeinde,Sachsen,"Am Schloß 11, 02829 Schöpstal",,,node/360855438,Gemeindeverwaltung Schöpstal,8.5
DE-G-14627010,Coswig,gemeinde,Sachsen,"Karrasstraße 2, 01640 Coswig",,,way/28450495,Stadtverwaltung Coswig,8.5
DE-G-14627020,Diera-Zehren,gemeinde,Sachsen,,,,,,
DE-G-14627030,Ebersbach,gemeinde,Sachsen,,,,,,
DE-G-14627050,Gröditz,gemeinde,Sachsen,"Reppiser Straße 10, 01609 Gröditz",+49 35263 3280,,way/309426279,Stadtverwaltung Gröditz,9.0
DE-G-14627060,Großenhain,gemeinde,Sachsen,"Hauptmarkt 1, 01558 Großenhain",,,node/320171537,Rathaus Großenhain,8.5
DE-G-14627070,Hirschstein,gemeinde,Sachsen,"Hauptstraße 7, 01594",,,node/283658377,Gemeindeverwaltung Hirschstein,5.5
DE-G-14627080,Käbschütztal,gemeinde,Sachsen,,,,,,
DE-G-14627100,Klipphausen,gemeinde,Sachsen,,,,,,
DE-G-14627130,Lommatzsch,gemeinde,Sachsen,"Am Markt 1, 01623 Lommatzsch",+49 35241 54019,info@lommatzsch.de,node/13895583084,Stadtverwaltung Lommatzsch,9.0
DE-G-14627140,Meißen,gemeinde,Sachsen,"Markt 1, 01662 Meißen",+493521 4670,post@stadt-meissen.de,way/76453147,Rathaus Meißen,9.0
DE-G-14627150,Moritzburg,gemeinde,Sachsen,"Schloßallee 22, 01468 Moritzburg",+49 35207 8530,rathaus@moritzburg.de,way/32042527,Gemeindeverwaltung Moritzburg,9.0
DE-G-14627170,Niederau,gemeinde,Sachsen,"Rathenaustraße 4, 01689 Niederau",+49 35243 3360,,way/120344760,Gemeindeverwaltung Niederau,8.9
DE-G-14627180,Nossen,gemeinde,Sachsen,"Markt 31, 01683 Nossen",,,way/207735849,Rathaus,6.5
DE-G-14627200,Priestewitz,gemeinde,Sachsen,,,,,,
DE-G-14627210,Radebeul,gemeinde,Sachsen,"Pestalozzistraße 6, 01445 Radebeul",,,way/29224361,Rathaus Radebeul,8.5
DE-G-14627220,Radeburg,gemeinde,Sachsen,"Heinrich-Zille-Straße 6, 01471 Radeburg",,,way/48229707,Rathaus,6.5
DE-G-14627230,Riesa,gemeinde,Sachsen,"Rathausplatz 1, 01589 Riesa",+49 3525 7000,,way/261689494,Rathaus Riesa/Stadtverwaltung,8.9
DE-G-14627260,Stauchitz,gemeinde,Sachsen,,,,,,
DE-G-14627270,Strehla,gemeinde,Sachsen,"Markt 1, 01616 Strehla",,,way/32508793,Stadtverwaltung Strehla,8.5
DE-G-14627290,Thiendorf,gemeinde,Sachsen,,,,,,
DE-G-14627310,Weinböhla,gemeinde,Sachsen,"Rathausplatz 2, 01689 Weinböhla",+49 35243 3430,gemeinde@weinboehla.de,way/172912584,Gemeindeverwaltung Weinböhla,9.0
DE-G-14627360,Zeithain,gemeinde,Sachsen,"Hauptstraße 36a, 01619 Zeithain",+49 3525 76620,,way/384884596,Gemeindeverwaltung Zeithain,8.9
DE-G-14627040,Glaubitz,gemeinde,Sachsen,"Bahnhofstraße 19, 01612 Glaubitz",+49 35265 61130,post.glaubitz@kin-sachsen.de,way/77559194,Gemeindeverwaltung Glaubitz,9.0
DE-G-14627190,Nünchritz,gemeinde,Sachsen,,,,,,
DE-G-14627240,Röderaue,gemeinde,Sachsen,"Radener Straße 2, 01609 Röderaue",,,way/28926946,Rathaus,6.5
DE-G-14627340,Wülknitz,gemeinde,Sachsen,"Bahnhofstraße 21, 01609 Wülknitz",,,way/314094176,Gemeindeamt,6.5
DE-G-14627110,Lampertswalde,gemeinde,Sachsen,"Ortrander Straße 2, 01561 Lampertswalde",+49 35248 81229,,way/529812092,Gemeindeverwaltung Lampertswalde,9.0
DE-G-14627250,Schönfeld,gemeinde,Sachsen,"Straße der MTS 11, 01561 Schönfeld",,,way/338846020,Gemeindeverwaltung Schönfeld,8.4
DE-G-14628050,Bannewitz,gemeinde,Sachsen,"Schulstraße 6, 01728 Bannewitz",,,way/48441684,Gemeindeverwaltung,6.2
DE-G-14628060,Dippoldiswalde,gemeinde,Sachsen,"Markt 2, 01744 Dippoldiswalde",+49 3504 64990,,node/2414964896,,7.0
DE-G-14628100,Dürrröhrsdorf-Dittersbach,gemeinde,Sachsen,,,,,,
DE-G-14628110,Freital,gemeinde,Sachsen,"Dresdner Straße 56, 01705 Freital",+49 351 6476127,,node/4009661484,Rathaus Freital-Potschappel,8.8
DE-G-14628130,Glashütte,gemeinde,Sachsen,,,,,,
DE-G-14628160,Heidenau,gemeinde,Sachsen,"Dresdner Straße 47, 01809 Heidenau",,,node/206287384,,6.5
DE-G-14628190,Hohnstein,gemeinde,Sachsen,"Rathausstraße 10, 01848 Hohnstein",+49 35975 8680,stadt@hohnstein.de,node/376917044,Rathaus Hohnstein,9.0
DE-G-14628220,Kreischa,gemeinde,Sachsen,"Dresdner Straße 10, 01731 Kreischa",,,node/6086185937,Rathaus Kreischa,8.5
DE-G-14628260,Neustadt in Sachsen,gemeinde,Sachsen,"Markt 1, 01844 Neustadt in Sachsen",,,way/42828031,Rathaus,6.5
DE-G-14628300,Rabenau,gemeinde,Sachsen,"Markt 3, 01734 Rabenau",+49 351 649820,,way/37811380,Rathaus,7.0
DE-G-14628360,Sebnitz,gemeinde,Sachsen,"Kirchstraße 5, 01855 Sebnitz",,,way/32518116,Rathaus,6.5
DE-G-14628380,Stolpen,gemeinde,Sachsen,"Markt 1, 01833 Stolpen",,,node/254170925,Rathaus Stolpen,8.5
DE-G-14628410,Wilsdruff,gemeinde,Sachsen,"Nossener Straße 20, 01723 Wilsdruff",+49 35204 4630,,node/721453839,Stadtverwaltung Wilsdruff,9.0
DE-G-14628010,Altenberg,gemeinde,Sachsen,"Platz des Bergmanns 2, 01773 Altenberg",+49 35056 333 0,post@altenberg.de,node/2574128591,Rathaus,7.0
DE-G-14628170,Hermsdorf/Erzgeb.,gemeinde,Sachsen,,,,,,
DE-G-14628020,Bad Gottleuba-Berggießhübel,gemeinde,Sachsen,"Sebastian-Kneipp-Straße 10, 01816 Bad Gottleuba-Berggießhübel",,,way/172971496,Rathaus Bad Gottleuba- Berggießhübel,8.3
DE-G-14628040,Bahretal,gemeinde,Sachsen,,,,,,
DE-G-14628230,Liebstadt,gemeinde,Sachsen,"Kirchplatz 2, 01825 Liebstadt",,,way/135740702,Rathaus,6.5
DE-G-14628030,Bad Schandau,gemeinde,Sachsen,"Dresdner Straße 3, 01814 Bad Schandau",,,way/61103390,Rathaus,6.5
DE-G-14628320,Rathmannsdorf,gemeinde,Sachsen,,,,,,
DE-G-14628330,Reinhardtsdorf-Schöna,gemeinde,Sachsen,"Waldbadstraße 52 d/e, 01814 Reinhardtsdorf-Schöna",+49 35028 80433,gemeinde@reinhardtsdorf-schoena.de,node/12163637818,Gemeindeverwaltung Reinhardtsdorf-Schöna,8.9
DE-G-14628080,Dohna,gemeinde,Sachsen,"Am Markt 10, 01809 Dohna",,,way/278650534,Rathaus,6.5
DE-G-14628250,Müglitztal,gemeinde,Sachsen,,,,,,
DE-G-14628140,Gohrisch,gemeinde,Sachsen,,,,,,
DE-G-14628210,Königstein/Sächs. Schw.,gemeinde,Sachsen,,,,,,
DE-G-14628310,Rathen,gemeinde,Sachsen,,,,,,
DE-G-14628340,Rosenthal-Bielatal,gemeinde,Sachsen,,,,,,
DE-G-14628390,Struppen,gemeinde,Sachsen,,,,,,
DE-G-14628240,Lohmen,gemeinde,Sachsen,"Schloß Lohmen 1, 01847 Lohmen",+49 3501 58100,,way/127682850,Gemeindeamt Lohmen,9.0
DE-G-14628370,Stadt Wehlen,gemeinde,Sachsen,"Markt 5, 01829 Stadt Wehlen",,,way/372602245,Rathaus,6.5
DE-G-14628070,Dohma,gemeinde,Sachsen,,,,,,
DE-G-14628270,Pirna,gemeinde,Sachsen,,,,,,
DE-G-14628150,Hartmannsdorf-Reichenau,gemeinde,Sachsen,,,,,,
DE-G-14628205,Klingenberg,gemeinde,Sachsen,"Schulweg 1, 01774 Klingenberg",,,way/210057210,Gemeindeverwaltung Klingenberg,8.1
DE-G-14628090,Dorfhain,gemeinde,Sachsen,"Schulstraße 4, 01738 Dorfhain",,,way/340471719,,6.5
DE-G-14628400,Tharandt,gemeinde,Sachsen,,,,,,
DE-G-14713000,Leipzig,gemeinde,Sachsen,"Martin-Luther-Ring 4/6, 04109 Leipzig",,,relation/277361,Neues Rathaus,6.5
DE-G-14729030,Bennewitz,gemeinde,Sachsen,"Bahnhofstraße 24, 04828 Bennewitz",+49 3425 89320,kontakt@gemeinde-bennewitz.de,way/135983803,Rathaus,7.0
DE-G-14729040,Böhlen,gemeinde,Sachsen,"Karl-Marx-Straße 5, 04564 Böhlen",+49 34206 609-0,,node/11045834723,Stadtverwaltung Böhlen,9.0
DE-G-14729050,Borna,gemeinde,Sachsen,"Markt 1, 04552 Borna",,,way/545054564,Rathaus Borna,8.5
DE-G-14729060,Borsdorf,gemeinde,Sachsen,"Rathausstraße 1, 04451 Borsdorf",,,way/256153342,Rathaus Borsdorf,8.5
DE-G-14729070,Brandis,gemeinde,Sachsen,"Markt 1, 04821 Brandis",+49 34292 6550,verwaltung@stadt-brandis.de,way/117699693,Rathaus Brandis,9.0
DE-G-14729080,Colditz,gemeinde,Sachsen,"Markt 1, 04680 Colditz",,,way/51191834,Rathaus,6.5
DE-G-14729140,Frohburg,gemeinde,Sachsen,"Markt 13, 04654 Frohburg",,,way/399588508,Stadtverwaltung Frohburg,8.5
DE-G-14729150,Geithain,gemeinde,Sachsen,"Markt 11, 04643 Geithain",,,way/1444499146,Stadtverwaltung Geithain,8.5
DE-G-14729160,Grimma,gemeinde,Sachsen,"Markt 27, 04668 Grimma",,,way/331190940,Rathaus,6.5
DE-G-14729170,Groitzsch,gemeinde,Sachsen,"Markt 1, 04539 Groitzsch",+49 34296 450,stadtverwaltung@groitzsch.de,way/184016725,Rathaus Groitzsch,9.0
DE-G-14729190,Großpösna,gemeinde,Sachsen,"Im Rittergut, 04463 Großpösna",+49 34297 7180,gemeindeverwaltung@grosspoesna.de,node/409018762,Gemeindeverwaltung Großpösna,9.0
DE-G-14729220,Kitzscher,gemeinde,Sachsen,"Ernst-Schneller-Straße 1, 04567 Kitzscher",+49 3433 79090,stadtverwaltung@kitzscher.de,way/89571549,Rathaus Kitzscher,9.0
DE-G-14729245,Lossatal,gemeinde,Sachsen,"Karl-Marx-Straße 14, 04808 Lossatal",+49 34262 4880,info@lossatal.eu,way/99610502,Gemeindeverwaltung Lossatal,9.0
DE-G-14729250,Machern,gemeinde,Sachsen,"Schloßplatz 9, 04827 Machern",,,way/107161615,Rathaus Machern,8.5
DE-G-14729260,Markkleeberg,gemeinde,Sachsen,"Rathausplatz 1, 04416 Markkleeberg",,,way/107354758,Rathaus,6.5
DE-G-14729270,Markranstädt,gemeinde,Sachsen,"Markt 1, 04420 Markranstädt",+49 34205 610,post@markranstaedt.de,way/85852538,Rathaus Stadt Markranstädt,9.0
DE-G-14729320,Neukieritzsch,gemeinde,Sachsen,,,,,,
DE-G-14729360,Regis-Breitingen,gemeinde,Sachsen,"Rathausstraße 25, 04565 Regis-Breitingen",+49 34343 7180,buergermeister@stadt-regis-breitingen.de,node/1256803418,Rathaus Regis-Breitingen,8.9
DE-G-14729370,Rötha,gemeinde,Sachsen,"Rathausstraße 4, 04571 Rötha",,,way/492392828,Rathaus,6.5
DE-G-14729380,Thallwitz,gemeinde,Sachsen,"Dorfplatz 5, 04808 Thallwitz",+49 3425 927883,,way/49597789,,7.0
DE-G-14729400,Trebsen/Mulde,gemeinde,Sachsen,"Markt 13, 04687 Trebsen/Mulde",,,way/37845867,Rathaus,6.5
DE-G-14729410,Wurzen,gemeinde,Sachsen,"Friedrich-Ebert-Straße 2, 04808 Wurzen",,,way/82607601,Stadtverwaltung,6.4
DE-G-14729430,Zwenkau,gemeinde,Sachsen,,,,,,
DE-G-14729010,Bad Lausick,gemeinde,Sachsen,"Markt 1, 04651 Bad Lausick",,,way/202546422,"Rathaus, Town Hall",6.5
DE-G-14729330,Otterwisch,gemeinde,Sachsen,"Hauptstraße 7, 04668 Otterwisch",+49 34345 92222,gemeinde@otterwisch.de,node/8687461949,Gemeinde Otterwisch,9.0
DE-G-14729020,Belgershain,gemeinde,Sachsen,"Schloßstraße 1, 04683 Belgershain",,rathaus@belgershain.de,way/131844555,Rathaus Belgershain,8.5
DE-G-14729300,Naunhof,gemeinde,Sachsen,"Markt 1, 04683 Naunhof",,,way/209741466,,6.5
DE-G-14729340,Parthenstein,gemeinde,Sachsen,"Große Gasse 1, 04668 Parthenstein",,,way/668739084,,6.5
DE-G-14729100,Elstertrebnitz,gemeinde,Sachsen,"D 64, 04523 Elstertrebnitz",+49 34296 72825,gemeinde-elstertrebnitz@t-online.de,way/725189463,Gemeinde Elstertrebnitz,9.0
DE-G-14729350,Pegau,gemeinde,Sachsen,"Markt 1, 04523 Pegau",+49 34296 9800,info@pegau.de,way/28180112,Rathaus,7.0
DE-G-14730020,Bad Düben,gemeinde,Sachsen,"Markt 11, 04849 Bad Düben",,,way/476666910,Rathaus,6.5
DE-G-14730045,Belgern-Schildau,gemeinde,Sachsen,"Marktstraße 1, 04889 Belgern-Schildau",+49 34224 4400,,way/1392133449,Stadtverwaltung,7.0
DE-G-14730050,Cavertitz,gemeinde,Sachsen,"Friedensstraße 4, 04758 Cavertitz",+49343635040,,node/1706369985,Gemeindeverwaltung Cavertitz,8.7
DE-G-14730060,Dahlen,gemeinde,Sachsen,"Markt 4, 04774 Dahlen",+49 34361 8120,info@rathaus-dahlen.de,way/245370812,Rathaus Dahlen,9.0
DE-G-14730070,Delitzsch,gemeinde,Sachsen,"Markt 3, 04509 Delitzsch",+49 34202 67-0,info@delitzsch.de,way/49715528,Rathaus,7.0
DE-G-14730080,Doberschütz,gemeinde,Sachsen,,,,,,
DE-G-14730110,Eilenburg,gemeinde,Sachsen,"Marktplatz 1, 04838 Eilenburg",+49 3423 6520,stadtverwaltung@eilenburg.de,way/53820246,Rathaus Eilenburg,9.0
DE-G-14730160,Laußig,gemeinde,Sachsen,"Leipziger Straße 23, 04838 Laußig",+49 34243 3390,info@laussig.com,node/13158514005,Gemeinde Laußig,9.0
DE-G-14730170,Liebschützberg,gemeinde,Sachsen,"Straße der Jugend 5, 04758 Liebschützberg",+49 3435 671410,post@gemeinde-liebschuetzberg.de,node/12752758786,Gemeinde Liebschützberg,9.0
DE-G-14730180,Löbnitz,gemeinde,Sachsen,"Parkstraße 15, 04509 Löbnitz",+49 34208 7890,post.loebnitz@kin-sachsen.de,way/291240946,Gemeindeverwaltung Löbnitz,9.0
DE-G-14730190,Mockrehna,gemeinde,Sachsen,,,,,,
DE-G-14730200,Mügeln,gemeinde,Sachsen,"Markt 1, 04769 Mügeln",,,way/32302202,Rathaus Mügeln,8.5
DE-G-14730210,Naundorf,gemeinde,Sachsen,"Am Dorfplatz 3, 04769 Naundorf",+49 35268 8710,,node/11559427461,Gemeindeverwaltung,6.4
DE-G-14730230,Oschatz,gemeinde,Sachsen,"Neumarkt 1, 04758 Oschatz",,,way/255234828,Stadtverwaltung Oschatz,8.5
DE-G-14730250,Rackwitz,gemeinde,Sachsen,"Hauptstraße 11, 04519 Rackwitz",,,way/59833153,Rathaus,6.4
DE-G-14730270,Schkeuditz,gemeinde,Sachsen,"Rathausplatz 3, 04435 Schkeuditz",,,way/148940430,Rathaus Schkeuditz,8.5
DE-G-14730300,Taucha,gemeinde,Sachsen,"Schloßstraße 13, 04425 Taucha",+49 34298 700,,way/803311527,Rathaus Taucha,9.0
DE-G-14730330,Wermsdorf,gemeinde,Sachsen,"Altes Jagdschloß 1, 04779 Wermsdorf",,,node/2986170989,Gemeindeverwaltung Wermsdorf,8.5
DE-G-14730340,Wiedemar,gemeinde,Sachsen,"Baltzerstraße 8, 04509 Wiedemar",,,way/110584982,,6.0
DE-G-14730010,Arzberg,gemeinde,Sachsen,,,,,,
DE-G-14730030,Beilrode,gemeinde,Sachsen,,,,,,
DE-G-14730090,Dommitzsch,gemeinde,Sachsen,"Markt 1, 04880 Dommitzsch",,,way/34333919,Rathaus,6.5
DE-G-14730120,Elsnig,gemeinde,Sachsen,,,,,,
DE-G-14730320,Trossin,gemeinde,Sachsen,,,,,,
DE-G-14730150,Krostitz,gemeinde,Sachsen,"Dübener Straße 1, 04509 Krostitz",,,way/317529370,Rathaus Krostitz,8.4
DE-G-14730280,Schönwölkau,gemeinde,Sachsen,,,,,,
DE-G-14730100,Dreiheide,gemeinde,Sachsen,"Schulstraße 4, 04860 Dreiheide",+49 3421 72170,info@gemeinde-dreiheide.de,node/8436206675,Verwaltungsgemeinschaft Dreiheide,9.0
DE-G-14730310,Torgau,gemeinde,Sachsen,"Markt 1, 04860 Torgau",,,way/130763591,Rathaus,6.5
DE-G-14730140,Jesewitz,gemeinde,Sachsen,,,,,,
DE-G-14730360,Zschepplin,gemeinde,Sachsen,,,,,,
DE-G-15001000,Dessau-Roßlau,gemeinde,Sachsen-Anhalt,"Gustav-Bergt-Straße 3, 06862 Dessau-Roßlau",+49 340 2040,,node/1769355489,Stadtverwaltung Dessau-Roßlau,8.3
DE-G-15002000,Halle (Saale),gemeinde,Sachsen-Anhalt,"Hansering 15, 06108 Halle (Saale)",,,way/28666419,,6.5
DE-G-15003000,Magdeburg,gemeinde,Sachsen-Anhalt,"Bei der Hauptwache 4, 39104 Magdeburg",,,way/31017711,Neues Rathaus,6.4
DE-G-15081030,Arendsee (Altmark),gemeinde,Sachsen-Anhalt,"Am Markt 3, 39619 Arendsee (Altmark)",,,way/328639676,Rathaus,6.5
DE-G-15081135,Gardelegen,gemeinde,Sachsen-Anhalt,,,,,,
DE-G-15081240,Kalbe (Milde),gemeinde,Sachsen-Anhalt,"Schulstraße 11, 39624 Kalbe (Milde)",+49 39080 9710,,way/220390330,Rathaus,7.0
DE-G-15081280,Klötze,gemeinde,Sachsen-Anhalt,,,,,,
DE-G-15081455,Salzwedel,gemeinde,Sachsen-Anhalt,"An der Mönchskirche 5, 29410 Salzwedel",,,way/312604705,Rathaus,6.5
DE-G-15082005,Aken (Elbe),gemeinde,Sachsen-Anhalt,"Markt 11, 06385 Aken (Elbe)",,,way/96001296,Rathaus Aken,8.5
DE-G-15082015,Bitterfeld-Wolfen,gemeinde,Sachsen-Anhalt,"Rathausplatz 1, 06766 Bitterfeld-Wolfen",,,relation/1307858,Rathaus Bitterfeld-Wolfen,8.0
DE-G-15082180,Köthen (Anhalt),gemeinde,Sachsen-Anhalt,"Marktstraße 1;2;3, 06366 Köthen (Anhalt)",,,way/545699837,Rathaus,6.5
DE-G-15082241,Muldestausee,gemeinde,Sachsen-Anhalt,"Neuwerk 3, 06774 Muldestausee",+49 3493 929950,info@gemeinde-muldestausee.de,node/5825477711,Gemeinde Muldestausee,8.9
DE-G-15082256,Osternienburger Land,gemeinde,Sachsen-Anhalt,"Lindenstraße 16, 06386 Osternienburger Land",,,way/369560991,,6.4
DE-G-15082301,Raguhn-Jeßnitz,gemeinde,Sachsen-Anhalt,"Conradiplatz 7, 06800 Raguhn-Jeßnitz",,,way/736793004,,6.1
DE-G-15082340,Sandersdorf-Brehna,gemeinde,Sachsen-Anhalt,,,,,,
DE-G-15082377,Südliches Anhalt,gemeinde,Sachsen-Anhalt,,,,,,
DE-G-15082430,Zerbst/Anhalt,gemeinde,Sachsen-Anhalt,,,,,,
DE-G-15082440,Zörbig,gemeinde,Sachsen-Anhalt,"Markt 12, 06780 Zörbig",,,way/296396570,Stadt Zörbig,8.5
DE-G-15083040,Barleben,gemeinde,Sachsen-Anhalt,"Ernst-Thälmann-Straße 22, 39179 Barleben",+49 39203 5650,office@barleben.de,way/1030722824,Gemeindeverwaltung Barleben,9.0
DE-G-15083270,Haldensleben,gemeinde,Sachsen-Anhalt,"Markt 20-22, 39340 Haldensleben",+49 3904 4792512,buergerbuero@haldensleben.de,relation/13911311,Rathaus Stadt Haldensleben,9.0
DE-G-15083298,Hohe Börde,gemeinde,Sachsen-Anhalt,"Bördestraße 8, 39167 Hohe Börde",+49 39204 7810,,way/174135230,Rathaus Hohe Börde,9.0
DE-G-15083390,Niedere Börde,gemeinde,Sachsen-Anhalt,"Große Straße 9-10, 39326 Niedere Börde",+49 39202 88300,mail@niedere-boerde.de,way/1025704156,Verwaltung der Gemeinde Niedere Börde,9.0
DE-G-15083411,Oebisfelde-Weferlingen,gemeinde,Sachsen-Anhalt,"Lange Straße 12, 39646 Oebisfelde-Weferlingen",+49 39002 4800,info@stadt-oebisfelde-weferlingen.de,way/1005741711,Stadt Oebisfelde Weferlingen,8.9
DE-G-15083415,Oschersleben (Bode),gemeinde,Sachsen-Anhalt,"Markt 1, 39387 Oschersleben",+49 3949 9120,info@oscherslebenbode.de,relation/12941382,Rathaus,7.0
DE-G-15083490,Sülzetal,gemeinde,Sachsen-Anhalt,"Alte Dorfstraße 26, 39171 Sülzetal",+49 39205 6460,,way/457852275,Gemeindeverwaltung Sülzetal,9.0
DE-G-15083531,Wanzleben-Börde,gemeinde,Sachsen-Anhalt,"Markt 1-2, 39164 Wanzleben-Börde",,,way/977942014,Rathaus Wanzleben-Börde,8.5
DE-G-15083565,Wolmirstedt,gemeinde,Sachsen-Anhalt,"August-Bebel-Straße 25, 39326 Wolmirstedt",+49 39201 646,info@stadtwolmirstedt.de,way/299800131,Stadt Wolmirstedt,9.0
DE-G-15084130,Elsteraue,gemeinde,Sachsen-Anhalt,"Hauptstraße 30, 06729 Elsteraue",+49 3441 2260,info@gemeinde-elsteraue.de,node/12254705377,Gemeinde Elsteraue,8.8
DE-G-15084235,Hohenmölsen,gemeinde,Sachsen-Anhalt,"Rathausgasse, 06679 Hohenmölsen",,,way/99315409,Rathaus,6.5
DE-G-15084315,Lützen,gemeinde,Sachsen-Anhalt,"Markt 1, 06686 Lützen",+49 34444 3150,,way/42279634,Rathaus,7.0
DE-G-15084355,Naumburg (Saale),gemeinde,Sachsen-Anhalt,"Markt 1, 06618 Naumburg (Saale)",,,way/221542203,Rathaus,6.5
DE-G-15084490,Teuchern,gemeinde,Sachsen-Anhalt,"Markt 21, 06682 Teuchern",+49 34443 520,,way/424494819,Rathaus,7.0
DE-G-15084550,Weißenfels,gemeinde,Sachsen-Anhalt,"Markt 1, 06667 Weißenfels",,,way/30122159,Rathaus,6.5
DE-G-15084590,Zeitz,gemeinde,Sachsen-Anhalt,"Altmarkt 1, 06712 Zeitz",,,relation/6482993,Rathaus,6.5
DE-G-15085040,Ballenstedt,gemeinde,Sachsen-Anhalt,"Rathausplatz 12, 06493 Ballenstedt",+49 39483 96750,rathaus@ballenstedt.de,way/206717566,Rathaus,7.0
DE-G-15085055,Blankenburg (Harz),gemeinde,Sachsen-Anhalt,"Harzstraße 3, 38889 Blankenburg (Harz)",+49 3944 9430,,way/66057576,Stadtverwaltung,7.0
DE-G-15085110,Falkenstein/Harz,gemeinde,Sachsen-Anhalt,,,,,,
DE-G-15085135,Halberstadt,gemeinde,Sachsen-Anhalt,"Domplatz 49, 38820 Halberstadt",+49 3941 55 0,,node/2364167982,Stadtverwaltung Halberstadt,9.0
DE-G-15085145,Harzgerode,gemeinde,Sachsen-Anhalt,"Marktplatz 1, 06493 Harzgerode",,,way/702379167,Rathaus,6.5
DE-G-15085185,Huy,gemeinde,Sachsen-Anhalt,,,,,,
DE-G-15085190,Ilsenburg (Harz),gemeinde,Sachsen-Anhalt,"Harzburger Straße 24, 38871 Ilsenburg (Harz)",,,way/137262993,Stadtverwaltung,6.4
DE-G-15085227,Nordharz,gemeinde,Sachsen-Anhalt,,,,,,
DE-G-15085228,Oberharz am Brocken,gemeinde,Sachsen-Anhalt,,,,,,
DE-G-15085230,Osterwieck,gemeinde,Sachsen-Anhalt,"Am Markt 11, 38835 Osterwieck",,,node/262694696,Rathaus Osterwieck,8.5
DE-G-15085235,Quedlinburg,gemeinde,Sachsen-Anhalt,"Markt 1, 06484 Quedlinburg",,,way/234008378,Rathaus Quedlinburg,8.5
DE-G-15085330,Thale,gemeinde,Sachsen-Anhalt,"Rathausplatz 1, 06502 Thale",+49 3947 4700,,way/80914597,Rathaus Thale,9.0
DE-G-15085370,Wernigerode,gemeinde,Sachsen-Anhalt,"Marktplatz 1, 38855 Wernigerode",+49 3943 654-0,info@wernigerode.de,relation/550567,Rathaus Wernigerode,9.0
DE-G-15086005,Biederitz,gemeinde,Sachsen-Anhalt,"Magdeburger Straße 38, 39175 Biederitz",+49 39292 60372,info@gemeinde-biederitz.de,way/28075589,Gemeindeverwaltung Biederitz,8.9
DE-G-15086015,Burg,gemeinde,Sachsen-Anhalt,"In der Alten Kaserne 2, 39288 Burg",+49 3921 921-0,Burg@Stadt-Burg.de,way/161404149,Stadtverwaltung Burg,8.9
DE-G-15086035,Elbe-Parey,gemeinde,Sachsen-Anhalt,"Ernst-Thälmann-Straße 15, 39317 Elbe-Parey",+49 39349 933,poststelle@elbe-parey.de,way/199790593,Gemeinde Elbe-Parey,9.0
DE-G-15086040,Genthin,gemeinde,Sachsen-Anhalt,"Marktplatz 3, 39307 Genthin",+49 3933 8760,stadtverwaltung@stadt-genthin.de,way/391674577,Stadtverwaltung Genthin,9.0
DE-G-15086055,Gommern,gemeinde,Sachsen-Anhalt,"Platz des Friedens 10, 39245 Gommern",+49 39200 77890,kontakt@gommern.de,way/544195480,Stadt Gommern,8.9
DE-G-15086080,Jerichow,gemeinde,Sachsen-Anhalt,"Karl-Liebknecht-Straße 10, 39319 Jerichow",+49 39343 9270,post@stadt-jerichow.de,way/1216114906,Rathaus Einheitsgemeinde Stadt Jerichow,9.0
DE-G-15086140,Möckern,gemeinde,Sachsen-Anhalt,"Am Markt 10, 39291 Möckern",+49 39221 950,info@stadt-moeckern.de,way/380428191,Rathaus Möckern,9.0
DE-G-15086145,Möser,gemeinde,Sachsen-Anhalt,"Brunnenbreite 7-8, 39291 Möser",+49 39222 9080,info@gemeinde-moeser.de,way/96623503,Gemeinde Möser,8.9
DE-G-15087015,Allstedt,gemeinde,Sachsen-Anhalt,,,,,,
DE-G-15087031,Arnstein,gemeinde,Sachsen-Anhalt,,,,,,
DE-G-15087130,Eisleben,gemeinde,Sachsen-Anhalt,"Markt 1, 06295 Lutherstadt Eisleben",,,way/36967232,Rathaus Eisleben,8.5
DE-G-15087165,Gerbstedt,gemeinde,Sachsen-Anhalt,,,,,,
DE-G-15087220,Hettstedt,gemeinde,Sachsen-Anhalt,,,,,,
DE-G-15087275,Mansfeld,gemeinde,Sachsen-Anhalt,"Lutherstraße 9, 06343 Mansfeld",,,way/200669356,Stadt Mansfeld,8.5
DE-G-15087370,Sangerhausen,gemeinde,Sachsen-Anhalt,"Markt 1, 06526 Sangerhausen",,,way/172568374,Rathaus,6.5
DE-G-15087386,Seegebiet Mansfelder Land,gemeinde,Sachsen-Anhalt,,,,,,
DE-G-15087412,Südharz,gemeinde,Sachsen-Anhalt,,,,,,
DE-G-15088020,Bad Dürrenberg,gemeinde,Sachsen-Anhalt,"Hauptstraße 27, 06231 Bad Dürrenberg",,,way/667704896,Rathaus Bad Dürrenberg,8.4
DE-G-15088025,Bad Lauchstädt,gemeinde,Sachsen-Anhalt,"Markt 1, 06246 Goethestadt Bad Lauchstädt",,,way/188706285,Rathaus,6.5
DE-G-15088065,Braunsbedra,gemeinde,Sachsen-Anhalt,,,,,,
DE-G-15088150,Kabelsketal,gemeinde,Sachsen-Anhalt,"Lange Straße 18, 06184 Kabelsketal",,,way/301442180,Gemeindeverwaltung Kabelsketal Flachbau,8.5
DE-G-15088195,Landsberg,gemeinde,Sachsen-Anhalt,"Markt 1, 06188 Landsberg",+49 34602 24911,t.halfpap@stadt-landsberg.de,way/199671029,Rathaus,7.0
DE-G-15088205,Leuna,gemeinde,Sachsen-Anhalt,,,,,,
DE-G-15088216,Wettin-Löbejün,gemeinde,Sachsen-Anhalt,"Burgstraße 1, 06193 Wettin-Löbejün",,,node/2399487513,Rathaus,5.6
DE-G-15088220,Merseburg,gemeinde,Sachsen-Anhalt,,,,,,
DE-G-15088235,Mücheln (Geiseltal),gemeinde,Sachsen-Anhalt,"Markt 1, 06249 Mücheln (Geiseltal)",,,node/10245026097,Stadtverwaltung Mücheln (Geiseltal),8.5
DE-G-15088295,Petersberg,gemeinde,Sachsen-Anhalt,,,,,,
DE-G-15088305,Querfurt,gemeinde,Sachsen-Anhalt,,,,,,
DE-G-15088319,Salzatal,gemeinde,Sachsen-Anhalt,,,,,,
DE-G-15088330,Schkopau,gemeinde,Sachsen-Anhalt,,,,,,
DE-G-15088365,Teutschenthal,gemeinde,Sachsen-Anhalt,"Am Busch 19, 06179 Teutschenthal",,,node/9922049384,Gemeindeverwaltung Teutschenthal,8.5
DE-G-15089015,Aschersleben,gemeinde,Sachsen-Anhalt,"Magdeburger Straße 28, 06449 Aschersleben",+49 3473 8767-100,,node/1672129010,Stadtwerke Aschersleben,8.9
DE-G-15089026,Barby,gemeinde,Sachsen-Anhalt,"Nienburger Straße 1, 39240 Barby",,,way/187830946,,5.9
DE-G-15089030,Bernburg (Saale),gemeinde,Sachsen-Anhalt,,,,,,
DE-G-15089042,Bördeland,gemeinde,Sachsen-Anhalt,"Magdeburger Straße 3, 39221 Bördeland",,,way/124551159,,6.2
DE-G-15089055,Calbe (Saale),gemeinde,Sachsen-Anhalt,"Markt 18, 39240 Calbe",,,way/699229915,Stadtverwaltung Calbe,8.5
DE-G-15089175,Hecklingen,gemeinde,Sachsen-Anhalt,,,,,,
DE-G-15089195,Könnern,gemeinde,Sachsen-Anhalt,,,,,,
DE-G-15089235,Nienburg (Saale),gemeinde,Sachsen-Anhalt,"Marktplatz 1, 06429 Nienburg (Saale)",,,way/266594774,Rathaus,6.5
DE-G-15089305,Schönebeck (Elbe),gemeinde,Sachsen-Anhalt,"Breiteweg 11, 39218 Schönebeck (Elbe)",+49 3928 710-514,,node/14122720144,Stadt Schönebeck (Elbe) - Stadthaus I,9.0
DE-G-15089307,Seeland,gemeinde,Sachsen-Anhalt,"Lindenstraße 1, 06469 Seeland",,,way/38073380,,6.5
DE-G-15089310,Staßfurt,gemeinde,Sachsen-Anhalt,,,,,,
DE-G-15090070,Bismark (Altmark),gemeinde,Sachsen-Anhalt,"Breite Straße 11, 39629 Bismark (Altmark)",,,way/1491579726,Stadt Bismark (Altmark),8.5
DE-G-15090225,Havelberg,gemeinde,Sachsen-Anhalt,"Markt 1, 39539 Hansestadt Havelberg",+49 39387 7650,stadt@havelberg.de,way/397511145,Stadtverwaltung Hansestadt Havelberg,9.0
DE-G-15090415,Osterburg (Altmark),gemeinde,Sachsen-Anhalt,"Kleiner Markt 7, 39606 Osterburg (Altmark)",+49 3937 4926,stadt@osterburg.de,way/141179920,Rathaus Osterburg (Altmark),9.0
DE-G-15090535,Stendal,gemeinde,Sachsen-Anhalt,"Markt 1, 39576 Stendal",+49 3931 651119,stadt@stendal.de,relation/1551488,Hansestadt Stendal,8.5
DE-G-15090546,Tangerhütte,gemeinde,Sachsen-Anhalt,"Bismarckstraße 5, 39517 Tangerhütte",+49 3935 93170,info@tangerhuette.de,way/112847782,Rathaus Stadt Tangerhütte,9.0
DE-G-15090550,Tangermünde,gemeinde,Sachsen-Anhalt,"Lange Straße 61, 39590 Tangermünde",+49 39322 930,stadt@tangermuende.de,way/238842749,Rathaus Tangermünde,8.9
DE-G-15091010,Annaburg,gemeinde,Sachsen-Anhalt,"Torgauer Straße 52, 06925 Annaburg",,,way/945556250,Rathaus Stadt Annaburg,8.5
DE-G-15091020,Bad Schmiedeberg,gemeinde,Sachsen-Anhalt,"Am Markt 10, 06905 Bad Schmiedeberg",,,way/99743435,Rathaus Bad Schmiedeberg,8.4
DE-G-15091060,Coswig (Anhalt),gemeinde,Sachsen-Anhalt,"Am Markt 1, 06869",+49 34903 610-0,post@coswig-anhalt.de,relation/1808740,Rathaus Coswig (Anhalt),6.0
DE-G-15091110,Gräfenhainichen,gemeinde,Sachsen-Anhalt,"Markt 1, 06773 Gräfenhainichen",+49 34953 356,,node/1387908411,Stadtverwaltung Gräfenhainichen,9.0
DE-G-15091145,Jessen (Elster),gemeinde,Sachsen-Anhalt,"Markt 23, 06917 Jessen (Elster)",,,way/910434426,Rathaus Jessen,8.4
DE-G-15091160,Kemberg,gemeinde,Sachsen-Anhalt,,,,,,
DE-G-15091241,Oranienbaum-Wörlitz,gemeinde,Sachsen-Anhalt,"Franzstraße 1, 06785 Oranienbaum-Wörlitz",,,way/95117141,,6.5
DE-G-15091375,Wittenberg,gemeinde,Sachsen-Anhalt,"Lutherstraße 56, 06886 Wittenberg",,,way/118113726,Neues Rathaus,6.5
DE-G-15091391,Zahna-Elster,gemeinde,Sachsen-Anhalt,,,,,,
DE-G-16051000,Erfurt,gemeinde,Thüringen,"Fischmarkt, 99084 Erfurt",+49 361 6640120,,way/29083900,Rathaus Erfurt,9.0
DE-G-16052000,Gera,gemeinde,Thüringen,"Kornmarkt 12, 07545 Gera",,,way/100553714,,6.5
DE-G-16053000,Jena,gemeinde,Thüringen,"Markt 1, 07743 Jena",,,way/27532878,Rathaus,6.5
DE-G-16054000,Suhl,gemeinde,Thüringen,"Marktplatz 1, 98527 Suhl",,,way/42484464,Rathaus,6.5
DE-G-16055000,Weimar,gemeinde,Thüringen,"Markt 1, 99423 Weimar",,,way/27244393,Rathaus,6.5
DE-G-16061045,Heilbad Heiligenstadt,gemeinde,Thüringen,,,,,,
DE-G-16061074,Niederorschel,gemeinde,Thüringen,"Marktplatz 2, 37355 Niederorschel",+49 36076 557 52,,way/143948411,Gemeindeverwaltung Niederorschel,9.0
DE-G-16061115,Leinefelde-Worbis,gemeinde,Thüringen,,,,,,
DE-G-16061116,Am Ohmberg,gemeinde,Thüringen,,,,,,
DE-G-16061117,Sonnenstein,gemeinde,Thüringen,,,,,,
DE-G-16061118,Dingelstädt,gemeinde,Thüringen,"Geschwister-Scholl-Straße 26, 37351 Dingelstädt",,,way/317078251,Rathaus,6.5
DE-G-16061002,Asbach-Sickenberg,gemeinde,Thüringen,"Dorfstraße 29, 37318 Asbach-Sickenberg",,,way/291661068,,6.5
DE-G-16061024,Dietzenrode/Vatterode,gemeinde,Thüringen,,,,,,
DE-G-16061119,Uder,gemeinde,Thüringen,"Siedlung 14, 37318 Uder",+49 36083 4800,info@gemeinde-uder.de,node/9233237378,Gemeinde Uder,8.9
DE-G-16062005,Ellrich,gemeinde,Thüringen,"Salzstraße 8, 99755 Ellrich",,,node/1404431701,Rathaus Ellrich,8.5
DE-G-16062041,Nordhausen,gemeinde,Thüringen,"Hardtstraße 7, 99734 Nordhausen",,,way/746899020,Gemeindeverwaltung,6.0
DE-G-16062049,Sollstedt,gemeinde,Thüringen,"Am Markt 2, 99759 Sollstedt",+49 36338 3580,info@sollstedt.de,node/3365853500,Gemeindeverwaltung Sollstedt,9.0
DE-G-16062062,Hohenstein,gemeinde,Thüringen,"Ernst-Thälmann-Straße 62, 99755 Hohenstein",,,node/8198595591,Gemeindeverwaltung Hohenstein,8.5
DE-G-16062063,Werther,gemeinde,Thüringen,"Dorfstraße 18, 99735 Werther",,,way/141215502,Gemeindeverwaltung Werther,8.0
DE-G-16062065,Harztor,gemeinde,Thüringen,"Ilgerstraße 23, 99768 Harztor",,,way/146824367,Gemeindeverwaltung Harztor,8.5
DE-G-16062008,Görsbach,gemeinde,Thüringen,,,,,,
DE-G-16062054,Urbach,gemeinde,Thüringen,"Kreisstraße 42, 99765 Urbach",+49 36333 70803,,node/1373669330,Gemeindeamt,7.0
DE-G-16062064,Heringen/Helme,gemeinde,Thüringen,"Straße der Einheit 100, 99765 Heringen/Helme",,,way/266787321,Rathaus der Stadt Heringen/Helme,8.5
DE-G-16062009,Großlohra,gemeinde,Thüringen,,,,,,
DE-G-16062024,Kehmstedt,gemeinde,Thüringen,"Hauptstraße 12, 99752 Kehmstedt",,buergermeister@gemeinde-kehmstedt.de,node/3583070649,Gemeinde Kehmstedt,8.5
DE-G-16062026,Kleinfurra,gemeinde,Thüringen,,,,,,
DE-G-16062033,Lipprechterode,gemeinde,Thüringen,,,,,,
DE-G-16062037,Niedergebra,gemeinde,Thüringen,,,,,,
DE-G-16062066,Bleicherode,gemeinde,Thüringen,"Hauptstraße 37, 99752 Bleicherode",,,way/114943218,Rathaus,6.5
DE-G-16063004,Barchfeld-Immelborn,gemeinde,Thüringen,,,,,,
DE-G-16063076,Treffurt,gemeinde,Thüringen,,,,,,
DE-G-16063078,Unterbreizbach,gemeinde,Thüringen,"Heinrich-Heine-Straße 3, 36414 Unterbreizbach",+49 36962 5120,info@unterbreizbach.de,way/197064746,Rathaus Unterbreizbach,8.9
DE-G-16063082,Vacha,gemeinde,Thüringen,,,,,,
DE-G-16063092,Wutha-Farnroda,gemeinde,Thüringen,"Eisenacher Straße 49, 99848 Wutha-Farnroda",,,node/14211590128,Gemeindeverwaltung Wutha-Farnroda,8.5
DE-G-16063097,Gerstungen,gemeinde,Thüringen,"Wilhelmstraße 53, 99834 Gerstungen",,,node/7772313897,,6.4
DE-G-16063098,Hörselberg-Hainich,gemeinde,Thüringen,,,,,,
DE-G-16063099,Bad Liebenstein,gemeinde,Thüringen,"Bahnhofstraße 22, 36448 Bad Liebenstein",,,way/124199961,Rathaus,6.5
DE-G-16063101,Krayenberggemeinde,gemeinde,Thüringen,,,,,,
DE-G-16063103,Werra-Suhl-Tal,gemeinde,Thüringen,"Schloßplatz 12, 99837 Werra-Suhl-Tal",,,way/795338870,,6.2
DE-G-16063105,Eisenach,gemeinde,Thüringen,"Markt 1, 99817 Eisenach",,,way/42500541,Rathaus,6.5
DE-G-16063003,Bad Salzungen,gemeinde,Thüringen,"Ratsstraße 2, 36433 Bad Salzungen",,,way/217751986,Rathaus,6.5
DE-G-16063051,Leimbach,gemeinde,Thüringen,"Dorfstraße 28, 36433 Leimbach",,,node/7167421053,Gemeindeamt,6.5
DE-G-16063011,Buttlar,gemeinde,Thüringen,,,,,,
DE-G-16063032,Geisa,gemeinde,Thüringen,"Marktplatz 27, 36419 Geisa",,,way/92116348,,6.5
DE-G-16063033,Gerstengrund,gemeinde,Thüringen,,,,,,
DE-G-16063068,Schleid,gemeinde,Thüringen,,,,,,
DE-G-16063066,Ruhla,gemeinde,Thüringen,"Carl-Gareis-Straße 16, 99842 Ruhla",,,way/477335917,Rathaus,6.5
DE-G-16063071,Seebach,gemeinde,Thüringen,"Am Stein 10, 99846 Seebach",,,way/766727596,Klubhaus Seebach,8.5
DE-G-16063015,Dermbach,gemeinde,Thüringen,"Geisaer Straße 16, 36466 Dermbach",,,node/2429428487,Gemeinde Dermbach,8.5
DE-G-16063023,Empfertshausen,gemeinde,Thüringen,,,,,,
DE-G-16063062,Oechsen,gemeinde,Thüringen,"Stadtlengsfelder Straße 94a, 36404 Oechsen",,,way/1047233371,Gemeindeverwaltung Oechsen,8.5
DE-G-16063084,Weilar,gemeinde,Thüringen,"Schulstraße 13, 36457 Weilar",,,way/23901485,,6.5
DE-G-16063086,Wiesenthal,gemeinde,Thüringen,,,,,,
DE-G-16064003,Bad Langensalza,gemeinde,Thüringen,"Marktstraße 1, 99947 Bad Langensalza",,,node/12250299175,Rathaus Bad Langensalza,8.5
DE-G-16064046,Mühlhausen/Thüringen,gemeinde,Thüringen,,,,,,
DE-G-16064071,Unstruttal,gemeinde,Thüringen,"Herrenstraße 43, 99996 Unstruttal",,,way/853377413,Gemeinde Unstruttal,8.4
DE-G-16064074,Südeichsfeld,gemeinde,Thüringen,,,,,,
DE-G-16064076,Unstrut-Hainich,gemeinde,Thüringen,"Marktstraße 48, 99991 Unstrut-Hainich",+49 36022 942 0,info@lg-unstrut-hainich.de,way/751064267,Gemeindeverwaltung Unstrut-Hainich,9.0
DE-G-16064019,Großvargula,gemeinde,Thüringen,,,,,,
DE-G-16064022,Herbsleben,gemeinde,Thüringen,,,,,,
DE-G-16064032,Kammerforst,gemeinde,Thüringen,"Straße der Einheit 29, 99986 Kammerforst",+49 36026 36997,kontakt@kammerforst.de,node/11734712192,Gemeinde Kammerforst,8.9
DE-G-16064053,Oppershausen,gemeinde,Thüringen,,,,,,
DE-G-16064075,Vogtei,gemeinde,Thüringen,"Hanfsack 3, 99986 Vogtei",+49 3601 75100,info@gemeinde-vogtei.de,way/284416577,Gemeinde Vogtei,9.0
DE-G-16064037,Körner,gemeinde,Thüringen,,,,,,
DE-G-16064043,Marolterode,gemeinde,Thüringen,,,,,,
DE-G-16064077,Nottertal-Heilinger Höhen,gemeinde,Thüringen,,,,,,
DE-G-16065003,Bad Frankenhausen/Kyffhäuser,gemeinde,Thüringen,,,,,,
DE-G-16065032,Helbedündorf,gemeinde,Thüringen,,,,,,
DE-G-16065067,Sondershausen,gemeinde,Thüringen,"Markt 1, 99706 Sondershausen",,,way/71184899,Rathaus Sondershausen,8.5
DE-G-16065085,Kyffhäuserland,gemeinde,Thüringen,"Neuendorfstraße 3, 99707 Kyffhäuserland",+49 34671 6600,info@kyffhaeuserland.de,node/8660364373,Gemeinde Kyffhäuserland,9.0
DE-G-16065087,Roßleben-Wiehe,gemeinde,Thüringen,,,,,,
DE-G-16065089,Greußen,gemeinde,Thüringen,"Markt 1, 99718 Greußen",,,way/226370452,Rathaus,6.5
DE-G-16065001,Abtsbessingen,gemeinde,Thüringen,,,,,,
DE-G-16065005,Bellstedt,gemeinde,Thüringen,,,,,,
DE-G-16065014,Ebeleben,gemeinde,Thüringen,,,,,,
DE-G-16065018,Freienbessingen,gemeinde,Thüringen,,,,,,
DE-G-16065038,Holzsußra,gemeinde,Thüringen,,,,,,
DE-G-16065058,Rockstedt,gemeinde,Thüringen,,,,,,
DE-G-16065008,Borxleben,gemeinde,Thüringen,,,,,,
DE-G-16065019,Gehofen,gemeinde,Thüringen,,,,,,
DE-G-16065042,Kalbsrieth,gemeinde,Thüringen,"Schulwiese 145, 06556 Kalbsrieth",+49 3466 302222,,way/177179755,Gemeindeverwaltung Kalbsrieth,9.0
DE-G-16065046,Mönchpfiffel-Nikolausrieth,gemeinde,Thüringen,,,,,,
DE-G-16065056,Reinsdorf,gemeinde,Thüringen,,,,,,
DE-G-16065086,Artern,gemeinde,Thüringen,"Markt 14, 06556 Artern",+49 3466 32550,info@artern.de,way/178085323,Stadtverwaltung Artern,9.0
DE-G-16065016,Etzleben,gemeinde,Thüringen,,,,,,
DE-G-16065052,Oberheldrungen,gemeinde,Thüringen,,,,,,
DE-G-16065088,An der Schmücke,gemeinde,Thüringen,"Gorslebener Hauptstraße, 06577 An der Schmücke",,,way/837348661,,6.2
DE-G-16066023,Floh-Seligenthal,gemeinde,Thüringen,"Bahnhofstraße 4, 98593 Floh-Seligenthal",+49 3683 40883,info@floh-seligenthal.de,way/236844313,Gemeinde Floh-Seligenthal,9.0
DE-G-16066047,Oberhof,gemeinde,Thüringen,"Zellaer Straße 10, 98559 Oberhof",,,way/268583621,Rathaus,6.5
DE-G-16066063,Schmalkalden,gemeinde,Thüringen,"Altmarkt 1, 98574 Schmalkalden",+49 3683 6670,,way/483404411,Rathaus,7.0
DE-G-16066069,Steinbach-Hallenberg,gemeinde,Thüringen,,,,,,
DE-G-16066074,Brotterode-Trusetal,gemeinde,Thüringen,"Rathausstraße 7, 98596 Brotterode-Trusetal",,,node/1923570026,Stadtverwaltung Brotterode-Trusetal,8.5
DE-G-16066092,Zella-Mehlis,gemeinde,Thüringen,"Rathausstraße 4, 98544 Zella-Mehlis",,,way/303995277,Rathaus,6.4
DE-G-16066093,Rhönblick,gemeinde,Thüringen,,,,,,
DE-G-16066094,Grabfeld,gemeinde,Thüringen,"Hauptstraße, 98631 Grabfeld",,,node/10080083355,Gemeindeverwaltung Grabfeld,8.5
DE-G-16066042,Meiningen,gemeinde,Thüringen,,,,,,
DE-G-16066056,Rippershausen,gemeinde,Thüringen,,,,,,
DE-G-16066076,Untermaßfeld,gemeinde,Thüringen,,,,,,
DE-G-16066013,Breitungen/Werra,gemeinde,Thüringen,,,,,,
DE-G-16066022,Fambach,gemeinde,Thüringen,"Platz der Republik 6, 98597 Fambach",+49 36848 21763,info@gemeinde-fambach.de,way/239011733,Gemeindeamt Fambach,8.9
DE-G-16066059,Rosa,gemeinde,Thüringen,,,,,,
DE-G-16066061,Roßdorf,gemeinde,Thüringen,"Salzunger Straße 3, 98590 Roßdorf",,,node/945736235,Gemeindeverwaltung,6.5
DE-G-16067019,Friedrichroda,gemeinde,Thüringen,"Gartenstraße 9, 99894 Friedrichroda",,,way/155671329,Rathaus,6.4
DE-G-16067029,Gotha,gemeinde,Thüringen,"Schützenplatz 1, 99867 Gotha",+49 3621 743730,,way/25745698,Stadthalle Gotha,8.9
DE-G-16067064,Bad Tabarz,gemeinde,Thüringen,"Theodor-Neubauer-Park 1, 99891 Bad Tabarz",,,node/13820321409,Gemeinde Bad Tabarz,8.5
DE-G-16067065,Tambach-Dietharz/Thür. Wald,gemeinde,Thüringen,"Burgstallstraße 31a, 99897 Tambach-Dietharz",,,node/11627183945,Rathaus,6.5
DE-G-16067072,Waltershausen,gemeinde,Thüringen,"Markt 1, 99880 Waltershausen",,,way/187395860,Rathaus,6.5
DE-G-16067087,Nesse-Apfelstädt,gemeinde,Thüringen,,,,,,
DE-G-16067088,Hörsel,gemeinde,Thüringen,"Lindenplatz 1, 99880 Hörsel",,,node/4331164463,,6.0
DE-G-16067044,Luisenthal,gemeinde,Thüringen,,,,,,
DE-G-16067053,Ohrdruf,gemeinde,Thüringen,"Marktplatz 1, 99885 Ohrdruf",,,way/547828433,Rathaus,6.5
DE-G-16067059,Schwabhausen,gemeinde,Thüringen,,,,,,
DE-G-16067089,Drei Gleichen,gemeinde,Thüringen,"Friedrich-Seitz-Weg 1, 99869 Drei Gleichen",,,way/35322474,,5.9
DE-G-16067063,Sonneborn,gemeinde,Thüringen,,,,,,
DE-G-16067091,Nessetal,gemeinde,Thüringen,,,,,,
DE-G-16067013,Emleben,gemeinde,Thüringen,,,,,,
DE-G-16067092,Georgenthal,gemeinde,Thüringen,"Tambacher Straße 2, 99887 Georgenthal",,,way/210614677,,6.5
DE-G-16068034,Kölleda,gemeinde,Thüringen,"Markt 1, 99625 Kölleda",,,node/14206316451,Stadt Kölleda,8.5
DE-G-16068051,Sömmerda,gemeinde,Thüringen,"Marktplatz 3-4, 99610 Sömmerda",,,relation/2829772,Rathaus,6.5
DE-G-16068058,Weißensee,gemeinde,Thüringen,"Marktplatz 26, 99631 Weißensee",,,way/279812152,Rathaus,6.4
DE-G-16068063,Buttstädt,gemeinde,Thüringen,"Großemsener Weg 5, 99628 Buttstädt",,,way/936231669,Gemeinde Buttstädt,8.5
DE-G-16068009,Elxleben,gemeinde,Thüringen,"Gerhart-Hauptmann-Straße 1, 99189 Elxleben",,,node/10111144238,Gemeindeverwaltung Elxleben,8.5
DE-G-16068061,Witterda,gemeinde,Thüringen,,,,,,
DE-G-16069012,Eisfeld,gemeinde,Thüringen,,,,,,
DE-G-16069024,Hildburghausen,gemeinde,Thüringen,"Markt 25, 98646 Hildburghausen",,,way/238706378,Rathaus,6.5
DE-G-16069042,Schleusegrund,gemeinde,Thüringen,,,,,,
DE-G-16069043,Schleusingen,gemeinde,Thüringen,"Markt 9, 98553 Schleusingen",,,way/34216657,Rathaus,6.5
DE-G-16069053,Veilsdorf,gemeinde,Thüringen,,,,,,
DE-G-16069061,Masserberg,gemeinde,Thüringen,"Hauptstraße 37, 98666 Masserberg",,,node/5747871271,Rathaus Masserberg,8.5
DE-G-16069062,Römhild,gemeinde,Thüringen,,,,,,
DE-G-16069006,Brünn/Thür.,gemeinde,Thüringen,,,,,,
DE-G-16069058,Auengrund,gemeinde,Thüringen,"Zur Schleuse 7, 98673 Auengrund",,,node/1701660817,Gemeindehaus,6.0
DE-G-16070004,Arnstadt,gemeinde,Thüringen,"Markt 1, 99310 Arnstadt",,,way/204214561,Rathaus,6.5
DE-G-16070028,Amt Wachsenburg,gemeinde,Thüringen,,,,,,
DE-G-16070029,Ilmenau,gemeinde,Thüringen,"Am Markt 7, 98693 Ilmenau",+49 3677 600 343,,relation/165401,Rathaus,7.0
DE-G-16070048,Stadtilm,gemeinde,Thüringen,"Straße der Einheit 1, 99326 Stadtilm",,,node/3227729994,Stadtverwaltung,6.4
DE-G-16070057,Geratal,gemeinde,Thüringen,"An der Glashütte 3, 99330 Geratal",,,node/12186120614,Gemeindeverwaltung Geratal,8.4
DE-G-16070058,Großbreitenbach,gemeinde,Thüringen,"Markt 11, 98701 Großbreitenbach",,,way/281224897,Rathaus Großbreitenbach,8.5
DE-G-16071001,Apolda,gemeinde,Thüringen,"Markt 1, 99510 Apolda",,,node/1550007870,Rathaus,6.5
DE-G-16071003,Bad Berka,gemeinde,Thüringen,"Am Markt 10, 99438 Bad Berka",,,node/1232408846,Rathaus Bad Berka,8.5
DE-G-16071008,Blankenhain,gemeinde,Thüringen,,,,,,
DE-G-16071101,Ilmtal-Weinstraße,gemeinde,Thüringen,"Willerstedter Straße 1, 99510 Ilmtal-Weinstraße",,,node/13698719060,Gemeinde Ilmtal-Weinstraße,8.5
DE-G-16071103,Grammetal,gemeinde,Thüringen,"Schloßgasse 19, 99428 Grammetal",+49 3643 83110,post@grammetal.de,node/7205649896,Verwaltungsgemeinschaft Grammetal,9.0
DE-G-16071004,Bad Sulza,gemeinde,Thüringen,"Markt 1, 99518 Bad Sulza",,,way/57888973,Rathaus Bad Sulza,8.5
DE-G-16071015,Eberstedt,gemeinde,Thüringen,,,,,,
DE-G-16071022,Großheringen,gemeinde,Thüringen,,,,,,
DE-G-16071064,Niedertrebra,gemeinde,Thüringen,,,,,,
DE-G-16071069,Obertrebra,gemeinde,Thüringen,,,,,,
DE-G-16071083,Schmiedehausen,gemeinde,Thüringen,,,,,,
DE-G-16071005,Ballstedt,gemeinde,Thüringen,,,,,,
DE-G-16071017,Ettersburg,gemeinde,Thüringen,,,,,,
DE-G-16071061,Neumark,gemeinde,Thüringen,,,,,,
DE-G-16071102,Am Ettersberg,gemeinde,Thüringen,,,,,,
DE-G-16072011,Lauscha,gemeinde,Thüringen,,,,,,
DE-G-16072015,Schalkau,gemeinde,Thüringen,"Markt 1, 96528 Schalkau",,,node/1440443912,,6.5
DE-G-16072018,Sonneberg,gemeinde,Thüringen,"Bahnhofsplatz 1, 96515 Sonneberg",,,way/54327552,Rathaus Sonneberg,8.5
DE-G-16072019,Steinach,gemeinde,Thüringen,,,,,,
DE-G-16072023,Frankenblick,gemeinde,Thüringen,"Straße am Mühlberg 16, 96528 Frankenblick",,,node/2262942099,Bauhof Frankenblick,4.1
DE-G-16072024,Föritztal,gemeinde,Thüringen,"Schierschnitzer Straße 9, 96524 Föritztal",,,node/815502782,Gemeindeverwaltung Föritztal,8.5
DE-G-16072006,Goldisthal,gemeinde,Thüringen,,,,,,
DE-G-16072013,Neuhaus am Rennweg,gemeinde,Thüringen,,,,,,
DE-G-16073005,Bad Blankenburg,gemeinde,Thüringen,"Markt 1,2, 07422 Bad Blankenburg",+49 36741 370,,way/90853005,Rathaus,7.0
DE-G-16073076,Rudolstadt,gemeinde,Thüringen,"Am Markt 1, 07407 Rudolstadt",,,way/35063566,Rathaus,5.7
DE-G-16073077,Saalfeld/Saale,gemeinde,Thüringen,,,,,,
DE-G-16073106,Leutenberg,gemeinde,Thüringen,"Hauptstraße, 07338 Leutenberg",,,node/1427267545,Rathaus,6.5
DE-G-16073109,Uhlstädt-Kirchhasel,gemeinde,Thüringen,"Jenaische Straße 90, 07407 Uhlstädt-Kirchhasel",,,way/327626449,Gemeindeverwaltung Uhlstädt-Kirchhasel,8.5
DE-G-16073111,Unterwellenborn,gemeinde,Thüringen,"Ernst-Thälmann-Straße 19, 07333 Unterwellenborn",,,way/210712588,Gemeindeverwaltung Unterwellenborn,8.4
DE-G-16073002,Altenbeuthen,gemeinde,Thüringen,,,,,,
DE-G-16073035,Hohenwarte,gemeinde,Thüringen,,,,,,
DE-G-16073038,Kaulsdorf,gemeinde,Thüringen,"Straße des Friedens 27, 07338 Kaulsdorf",,,way/199448739,,6.5
DE-G-16073107,Drognitz,gemeinde,Thüringen,,,,,,
DE-G-16073001,Allendorf,gemeinde,Thüringen,,,,,,
DE-G-16073006,Bechstedt,gemeinde,Thüringen,,,,,,
DE-G-16073112,Königsee,gemeinde,Thüringen,"Markt 1, 07426 Königsee",,,way/115470323,Rathaus Königsee,8.5
DE-G-16074044,Kahla,gemeinde,Thüringen,"Markt 10, 07768 Kahla",,,way/87497606,,6.5
DE-G-16074058,Möckern,gemeinde,Thüringen,,,,,,
DE-G-16074081,Ruttersdorf-Lotschen,gemeinde,Thüringen,,,,,,
DE-G-16074094,Stadtroda,gemeinde,Thüringen,"Straße des Friedens 17, 07646 Stadtroda",,,way/456752297,Stadtverwaltung Stadtroda,8.5
DE-G-16074009,Bürgel,gemeinde,Thüringen,"Am Markt 1, 07616 Bürgel",,,way/380641899,Rathaus,6.5
DE-G-16074028,Graitschen b. Bürgel,gemeinde,Thüringen,,,,,,
DE-G-16074061,Nausnitz,gemeinde,Thüringen,,,,,,
DE-G-16074068,Poxdorf,gemeinde,Thüringen,,,,,,
DE-G-16074018,Eisenberg,gemeinde,Thüringen,"Markt 27, 07607 Eisenberg",,,way/118062392,Rathaus Eisenberg,8.5
DE-G-16074025,Gösen,gemeinde,Thüringen,,,,,,
DE-G-16074037,Hainspitz,gemeinde,Thüringen,,,,,,
DE-G-16074055,Mertendorf,gemeinde,Thüringen,,,,,,
DE-G-16074067,Petersberg,gemeinde,Thüringen,,,,,,
DE-G-16074073,Rauschwitz,gemeinde,Thüringen,,,,,,
DE-G-16074001,Albersdorf,gemeinde,Thüringen,,,,,,
DE-G-16074003,Bad Klosterlausnitz,gemeinde,Thüringen,"Markt 3, 07639 Bad Klosterlausnitz",,,way/252764513,Gemeindeverwaltung Bad Klosterlausnitz,8.5
DE-G-16074005,Bobeck,gemeinde,Thüringen,,,,,,
DE-G-16074082,Scheiditz,gemeinde,Thüringen,"Dorfstraße 14a, 07646 Scheiditz",,,way/405798861,Gemeindebüro Scheiditz,8.5
DE-G-16074085,Schlöben,gemeinde,Thüringen,,,,,,
DE-G-16074086,Schöngleina,gemeinde,Thüringen,,,,,,
DE-G-16074091,Serba,gemeinde,Thüringen,,,,,,
DE-G-16074098,Tautenhain,gemeinde,Thüringen,,,,,,
DE-G-16074105,Waldeck,gemeinde,Thüringen,,,,,,
DE-G-16074109,Weißenborn,gemeinde,Thüringen,,,,,,
DE-G-16075046,Hirschberg,gemeinde,Thüringen,,,,,,
DE-G-16075062,Bad Lobenstein,gemeinde,Thüringen,"Markt 1, 07356 Bad Lobenstein",,,node/1777343914,Rathaus Bad Lobenstein,8.5
DE-G-16075085,Pößneck,gemeinde,Thüringen,"Markt 1, 07381 Pößneck",+49 3647 500 0,,way/102165393,,7.0
DE-G-16075098,Schleiz,gemeinde,Thüringen,,,,,,
DE-G-16075131,Gefell,gemeinde,Thüringen,"Markt 11, 07926 Gefell",+49 36649 8800,info@stadt-gefell.de,way/844342413,Rathaus,7.0
DE-G-16075132,Tanna,gemeinde,Thüringen,"Markt 1, 07922 Tanna",,,way/169451806,Rathaus,6.5
DE-G-16075133,Wurzbach,gemeinde,Thüringen,"Leutenberger Straße 10, 07343 Wurzbach",,,node/12412758228,Stadt Wurzbach,8.5
DE-G-16075134,Remptendorf,gemeinde,Thüringen,,,,,,
DE-G-16075135,Saalburg-Ebersdorf,gemeinde,Thüringen,"Markt 1, 07929 Saalburg-Ebersdorf",,tourismus@saalburg-ebersdorf.de,node/303623339,Touristinformation Saalburg-Ebersdorf | Thüringer Meer,8.0
DE-G-16075136,Rosenthal am Rennsteig,gemeinde,Thüringen,,,,,,
DE-G-16075051,Kospoda,gemeinde,Thüringen,,,,,,
DE-G-16075073,Neustadt an der Orla,gemeinde,Thüringen,,,,,,
DE-G-16076022,Greiz,gemeinde,Thüringen,"Markt 12, 07973 Greiz",+49 3661 7030,sv@greiz.de,way/25317294,Stadtverwaltung Greiz - Rathaus,9.0
DE-G-16076061,Ronneburg,gemeinde,Thüringen,"Markt 1, 07580 Ronneburg",+49 36602 53613,stadt@ronneburg.de,way/248905139,Rathaus,7.0
DE-G-16076088,Harth-Pöllnitz,gemeinde,Thüringen,,,,,,
DE-G-16076089,Kraftsdorf,gemeinde,Thüringen,"Straße der Einheit 63, 07586 Kraftsdorf",+49 36606 835 00,,way/325861566,Gemeindeverwaltung Kraftsdorf,9.0
DE-G-16076092,Auma-Weidatal,gemeinde,Thüringen,,,,,,
DE-G-16076093,Mohlsdorf-Teichwolframsdorf,gemeinde,Thüringen,,,,,,
DE-G-16076094,Berga-Wünschendorf,gemeinde,Thüringen,"Am Markt 2, 07980 Berga-Wünschendorf",+49 36623 6070,info@stadtbw.de,node/311143134,Stadt Berga-Wünschendorf,9.0
DE-G-16076003,Bad Köstritz,gemeinde,Thüringen,"Heinrich-Schütz-Straße 4, 07586 Bad Köstritz",+49 36605 88145,info@stadt-bad-koestritz.de,node/282760442,Rathaus,7.0
DE-G-16076012,Caaschwitz,gemeinde,Thüringen,,,,,,
DE-G-16076014,Crimla,gemeinde,Thüringen,,,,,,
DE-G-16076079,Weida,gemeinde,Thüringen,"Markt 1, 07570 Weida",,,way/212252754,Rathaus,6.5
DE-G-16076041,Langenwolschendorf,gemeinde,Thüringen,,,,,,
DE-G-16076081,Weißendorf,gemeinde,Thüringen,,,,,,
DE-G-16076087,Zeulenroda-Triebes,gemeinde,Thüringen,"Markt 1, 07937 Zeulenroda-Triebes",,,way/585786657,Rathaus Zeulenroda-Triebes,8.5
DE-G-16076029,Hohenleuben,gemeinde,Thüringen,,,,,,
DE-G-16076039,Langenwetzendorf,gemeinde,Thüringen,,,,,,
DE-G-16077001,Altenburg,gemeinde,Thüringen,"Markt 1, 04600 Altenburg",,,way/197531417,Rathaus Altenburg,8.5
DE-G-16077028,Lucka,gemeinde,Thüringen,"Pegauer Straße 17, 04613 Lucka",+49 34492 310,post@lucka.de,node/4198739992,Stadtverwaltung Lucka,9.0
DE-G-16077032,Meuselwitz,gemeinde,Thüringen,"Rathausstraße 1, 04610 Meuselwitz",+49 3448 4430,info@meuselwitz.de,way/205680595,Rathaus Meuselwitz,9.0
DE-G-16077012,Gößnitz,gemeinde,Thüringen,"Freiheitsplatz 1, 04639 Gößnitz",+49 34493 700,,way/177039757,Stadtverwaltung Gößnitz,9.0
DE-G-16077017,Heyersdorf,gemeinde,Thüringen,,,,,,
DE-G-16077039,Ponitz,gemeinde,Thüringen,"Gößnitzer Straße 1, 04639 Ponitz",+49 3764 2084,info@gemeinde-ponitz.de,node/7633611379,Gemeindeverwaltung,7.0
DE-G-16077011,Göpfersdorf,gemeinde,Thüringen,,,,,,
DE-G-16077023,Langenleuba-Niederhain,gemeinde,Thüringen,,,,,,
DE-G-16077036,Nobitz,gemeinde,Thüringen,"Bachstraße 1, 04603 Nobitz",+49 3447 3108-0,,way/734714032,,7.0
DE-G-16077003,Dobitschen,gemeinde,Thüringen,,,,,,
DE-G-16077043,Schmölln,gemeinde,Thüringen,"Markt 1, 04626 Schmölln",+49 34491 760,stadtverwaltung@schmoelln.de,node/2002463041,Stadtverwaltung Schmölln,9.0
DE-V-010515163,Amt Burg-St. Michaelisdonn,verband,Schleswig-Holstein,,,,,,
DE-V-010515166,Amt Marne-Nordsee,verband,Schleswig-Holstein,"Alter Kirchhof 4-5, 25709 Marne",,,way/156319748,,6.5
DE-V-010515169,Kirchspielslandgemeinde Eider,verband,Schleswig-Holstein,,,,,,
DE-V-010515172,Kirchspielslandgemeinde Heider Umland,verband,Schleswig-Holstein,,,,,,
DE-V-010515175,Amt Mitteldithmarschen,verband,Schleswig-Holstein,,,,,,
DE-V-010515178,Amt Büsum-Wesselburen,verband,Schleswig-Holstein,"Schmiedestraße 2, 25761 Büsum",,,way/30403734,Rathaus,6.5
DE-V-010535308,Amt Berkenthin,verband,Schleswig-Holstein,,,,,,
DE-V-010535313,Amt Breitenfelde,verband,Schleswig-Holstein,,,,,,
DE-V-010535318,Amt Büchen,verband,Schleswig-Holstein,"Amtsplatz 1, 21514 Büchen",+49 4155 8009 0,,node/369333318,Amt Büchen,11.0
DE-V-010535323,Amt Hohe Elbgeest,verband,Schleswig-Holstein,,,,,,
DE-V-010535343,Amt Lütau,verband,Schleswig-Holstein,,,,,,
DE-V-010535358,Amt Lauenburgische Seen,verband,Schleswig-Holstein,,,,,,
DE-V-010535373,Amt Schwarzenbek-Land,verband,Schleswig-Holstein,,,,,,
DE-V-010535391,Amt Sandesneben-Nusse,verband,Schleswig-Holstein,,,,,,
DE-V-010545417,Amt Eiderstedt,verband,Schleswig-Holstein,"Welter Straße 1, 25836 Garding",,,way/181049531,Amt Eiderstedt,7.0
DE-V-010545439,Amt Landschaft Sylt,verband,Schleswig-Holstein,,,,,,
DE-V-010545453,Amt Viöl,verband,Schleswig-Holstein,"Westerende 41, 25884 Viöl",,,way/198141463,Amt Viöl,10.5
DE-V-010545459,Amt Pellworm,verband,Schleswig-Holstein,,,,,,
DE-V-010545488,Amt Föhr-Amrum,verband,Schleswig-Holstein,"Hafenstraße 23, 25938 Wyk auf Föhr",,,way/88540027,Amt Föhr-Amrum,7.5
DE-V-010545489,Amt Südtondern,verband,Schleswig-Holstein,,,,,,
DE-V-010545492,Amt Nordsee-Treene,verband,Schleswig-Holstein,"Schulweg 19, 25866 Mildstedt",+49 4841 992-0,info@amt-nordsee-treene.de,node/1440730585,Amt Nordsee-Treene,8.0
DE-V-010545494,Amt Mittleres Nordfriesland,verband,Schleswig-Holstein,"Theodor-Storm-Straße 2, 25821 Bredstedt",,,way/39035022,Amt Mittleres Nordfriesland,7.5
DE-V-010555543,Amt Oldenburg-Land,verband,Schleswig-Holstein,,,,,,
DE-V-010555546,Amt Lensahn,verband,Schleswig-Holstein,"Eutiner Straße 2, 23738 Lensahn",+49 4363 5080,amt-lensahn@amt-lensahn.de,way/332448433,Rathaus,7.0
DE-V-010555591,Amt Ostholstein-Mitte,verband,Schleswig-Holstein,,,,,,
DE-V-010565616,Amt Elmshorn-Land,verband,Schleswig-Holstein,"Schulstraße 15-17, 25335 Elmshorn",,,way/35630829,Rathaus,6.3
DE-V-010565636,Amt Hörnerkirchen,verband,Schleswig-Holstein,,,,,,
DE-V-010565660,Amt Rantzau,verband,Schleswig-Holstein,,,,,,
DE-V-010565687,Amt Pinnau,verband,Schleswig-Holstein,,,,,,
DE-V-010565690,Amt Geest und Marsch Südholstein,verband,Schleswig-Holstein,"Wedeler Chaussee 21, 25492 Heist",,,node/9692220777,Amt Geest und Marsch Südholstein,7.3
DE-V-010575727,Amt Amt Lütjenburg,verband,Schleswig-Holstein,"Oberstraße 7, 24321 Lütjenburg",,,node/371261397,Rathaus Lütjenburg,8.5
DE-V-010575739,Amt Großer Plöner See,verband,Schleswig-Holstein,,,,,,
DE-V-010575747,Amt Preetz-Land,verband,Schleswig-Holstein,,,,,,
DE-V-010575755,Amt Probstei,verband,Schleswig-Holstein,,,,,,
DE-V-010575775,Amt Selent/ Schlesen,verband,Schleswig-Holstein,"Kieler Straße 18, 24238 Selent",,,way/219753325,Amt Selent-Schlesen,10.1
DE-V-010575782,Amt Schrevenborn,verband,Schleswig-Holstein,,,,,,
DE-V-010575785,Amt Bokhorst-Wankendorf,verband,Schleswig-Holstein,,,,,,
DE-V-010585803,Amt Achterwehr,verband,Schleswig-Holstein,,,,,,
DE-V-010585822,Amt Dänischenhagen,verband,Schleswig-Holstein,"Sturenhagener Weg 14, 24229 Dänischenhagen",,,way/82165424,Amt Dänischenhagen,10.5
DE-V-010585824,Amt Dänischer Wohld,verband,Schleswig-Holstein,"Karl-Kolbe-Platz 1, 24214 Gettorf",,,way/176830016,Amtsverwaltung Dänischer Wohld,7.5
DE-V-010585833,Amt Fockbek,verband,Schleswig-Holstein,"Rendsburger Straße 42, 24787 Fockbek",+49 4331 66770,info@fockbek.de,way/233894631,Gemeinde Fockbek,9.0
DE-V-010585847,Amt Hohner Harde,verband,Schleswig-Holstein,,,,,,
DE-V-010585853,Amt Jevenstedt,verband,Schleswig-Holstein,"Meiereistraße 5, 24808 Jevenstedt",+49 4331 84780,info@amt-jevenstedt.de,way/239159353,Verwaltungsstelle Jevenstedt,5.0
DE-V-010585864,Amt Nortorfer  Land,verband,Schleswig-Holstein,"Niedernstraße 6, 24589 Nortorf",+494392 40 10 1,,node/2222824317,Amtsverwaltung Nortorfer Land,8.0
DE-V-010585888,Amt Eiderkanal,verband,Schleswig-Holstein,"Schulstraße 36, 24783 Osterrönfeld",+49 4331 84710,,way/270055944,Amt Eiderkanal - Verwaltungsstelle Osterrönfeld,4.0
DE-V-010585889,Amt Bordesholm,verband,Schleswig-Holstein,"Mühlenstraße 7, 24582 Bordesholm",+49 4322 695 0,amt@bordesholm.de,node/1252311826,Rathaus,6.9
DE-V-010585890,Amt Hüttener Berge,verband,Schleswig-Holstein,,,,,,
DE-V-010585893,Amt Schlei-Ostsee,verband,Schleswig-Holstein,,,,,,
DE-V-010585895,Amt Mittelholstein,verband,Schleswig-Holstein,,,,,,
DE-V-010585896,Amt Eidertal,verband,Schleswig-Holstein,"Mielkendorfer Weg 2, 24113 Molfsee",,,node/368010744,Amt Eidertal - Standort Molfsee,7.3
DE-V-010595912,Amt Eggebek,verband,Schleswig-Holstein,,,,,,
DE-V-010595915,Amt Haddeby,verband,Schleswig-Holstein,"Panellenweg 5, 24866 Busdorf",,,way/1274500628,Amt Haddeby,7.3
DE-V-010595919,Amt Hürup,verband,Schleswig-Holstein,"Schulstraße 1, 24975 Hürup",,,way/406765543,Amt Hürup,10.5
DE-V-010595920,Amt Kappeln-Land,verband,Schleswig-Holstein,,,,,,
DE-V-010595937,Amt Langballig,verband,Schleswig-Holstein,"Süderende 1, 24977 Langballig",+49 4636 8880,,way/240626435,Amt Langballig,11.0
DE-V-010595940,Amt Oeversee,verband,Schleswig-Holstein,"Tornschauer Straße 3-5, 24963 Tarp",,,way/320000082,Amt Oeversee,7.3
DE-V-010595949,Amt Amt Mittelangeln,verband,Schleswig-Holstein,"Bahnhofstraße 1, 24986 Mittelangeln",,,way/240319713,Bürgerbüro Mittelangeln,4.5
DE-V-010595952,Amt Schafflund,verband,Schleswig-Holstein,,,,,,
DE-V-010595974,Amt Süderbrarup,verband,Schleswig-Holstein,"team Allee 22, 24392 Süderbrarup",+49 4641 78-0,verwaltung@amt-suederbrarup.de,node/10027840211,Amtshaus Süderbrarup,8.9
DE-V-010595987,Amt Südangeln,verband,Schleswig-Holstein,,,,,,
DE-V-010595990,Amt Geltinger Bucht,verband,Schleswig-Holstein,"Holmlück 2, 24972 Steinbergkirche",,,way/114804975,Amt Geltinger Bucht,7.0
DE-V-010595993,Amt Arensharde,verband,Schleswig-Holstein,,,,,,
DE-V-010595996,Amt Kropp-Stapelholm,verband,Schleswig-Holstein,,,,,,
DE-V-010605005,Amt Bad Bramstedt-Land,verband,Schleswig-Holstein,,,,,,
DE-V-010605024,Amt Bornhöved,verband,Schleswig-Holstein,,,,,,
DE-V-010605034,Amt Itzstedt,verband,Schleswig-Holstein,,,,,,
DE-V-010605043,Amt Auenland Südholstein,verband,Schleswig-Holstein,,,,,,
DE-V-010605048,Amt Kisdorf,verband,Schleswig-Holstein,,,,,,
DE-V-010605053,Amt Leezen,verband,Schleswig-Holstein,,,,,,
DE-V-010605063,Amt Boostedt-Rickling,verband,Schleswig-Holstein,,,,,,
DE-V-010605086,Amt Trave-Land,verband,Schleswig-Holstein,,,,,,
DE-V-010615104,Amt Breitenburg,verband,Schleswig-Holstein,"Osterholz 5, 25524 Breitenburg",,,way/44802848,Amtsverwaltung Breitenburg,10.5
DE-V-010615134,Amt Horst-Herzhorn,verband,Schleswig-Holstein,,,,,,
DE-V-010615138,Amt Itzehoe-Land,verband,Schleswig-Holstein,,,,,,
DE-V-010615153,Amt Krempermarsch,verband,Schleswig-Holstein,,,,,,
DE-V-010615168,Amt Schenefeld,verband,Schleswig-Holstein,"Holstenstraße 42-48, 25560 Schenefeld",+49 4892 8089-0,info@amt-schenefeld.de,way/278520576,Amt Schenefeld,11.0
DE-V-010615179,Amt Wilstermarsch,verband,Schleswig-Holstein,"Kohlmarkt 25, 25554 Wilster",,,way/184280397,Amt Wilstermarsch,7.0
DE-V-010615189,Amt Kellinghusen,verband,Schleswig-Holstein,,,,,,
DE-V-010625207,Amt Bad Oldesloe-Land,verband,Schleswig-Holstein,"Markt 5, 23843 Bad Oldesloe",,,way/95533451,Rathaus,5.9
DE-V-010625218,Amt Bargteheide-Land,verband,Schleswig-Holstein,,,,,,
DE-V-010625244,Amt Nordstormarn,verband,Schleswig-Holstein,"Am Schiefen Kamp 10, 23858 Reinfeld",,,node/259162939,Amtsverwaltung Nordstormarn,7.2
DE-V-010625262,Amt Siek,verband,Schleswig-Holstein,,,,,,
DE-V-010625270,Amt Trittau,verband,Schleswig-Holstein,"Europaplatz 5, 22946 Trittau",,,node/104152197,Gemeinde Trittau,8.5
DE-V-031515401,Samtgemeinde Boldecker Land,verband,Niedersachsen,,,,,,
DE-V-031515402,Samtgemeinde Brome,verband,Niedersachsen,"Bahnhofstraße 36, 38465 Brome",,,way/169615260,Verwaltung der Samtgemeinde Brome,10.5
DE-V-031515403,Samtgemeinde Hankensbüttel,verband,Niedersachsen,"Goethestraße 2, 29386 Hankensbüttel",,,way/102583332,Rathaus Hankensbüttel,8.5
DE-V-031515404,Samtgemeinde Isenbüttel,verband,Niedersachsen,"Gutsstraße 11, 38550 Isenbüttel",,,node/5921435501,Samtgemeinde Isenbüttel,10.5
DE-V-031515405,Samtgemeinde Meinersen,verband,Niedersachsen,"Schulstraße 8, 38536 Meinersen",,,node/11195937057,Samtgemeinde Meinersen - Außenstelle Schulstraße,6.5
DE-V-031515406,Samtgemeinde Papenteich,verband,Niedersachsen,"Hauptstraße 15, 38527 Meine",,,way/42371749,Samtgemeinde Papenteich,7.5
DE-V-031515407,Samtgemeinde Wesendorf,verband,Niedersachsen,"Alte Heerstraße 20, 29392 Wesendorf",,,way/223288701,Rathaus Wesendorf,8.5
DE-V-031545401,Samtgemeinde Grasleben,verband,Niedersachsen,,,,,,
DE-V-031545402,Samtgemeinde Heeseberg,verband,Niedersachsen,,,,,,
DE-V-031545403,Samtgemeinde Nord-Elm,verband,Niedersachsen,"Steinweg 15, 38373 Süpplingen",,,way/146963186,Samtgemeindeverwaltung Nord/Elm,7.5
DE-V-031545404,Samtgemeinde Velpke,verband,Niedersachsen,"Grafhorster Straße 6, 38458 Velpke",,,way/37370018,Gemeindeverwaltung Velpke,8.5
DE-V-031585402,Samtgemeinde Baddeckenstedt,verband,Niedersachsen,,,,,,
DE-V-031585403,Samtgemeinde Oderwald,verband,Niedersachsen,"Bahnhofstraße 6, 38312 Börßum",,,way/263095248,Samtgemeinde Oderwald,7.4
DE-V-031585406,Samtgemeinde Sickte,verband,Niedersachsen,,,,,,
DE-V-031585407,Samtgemeinde Elm-Asse,verband,Niedersachsen,"Im Kirchwinkel 4, 38319 Remlingen-Semmenstedt",,,node/392898987,Samtgemeinde Elm-Asse Bürgerbüro,3.1
DE-V-031595401,Samtgemeinde Dransfeld,verband,Niedersachsen,,,,,,
DE-V-031595402,Samtgemeinde Gieboldehausen,verband,Niedersachsen,"Hahlestraße 1, 37434 Gieboldehausen",,,node/1450031233,Samtgemeinde Gieboldehausen,10.5
DE-V-031595403,Samtgemeinde Hattorf am Harz,verband,Niedersachsen,"Otto-Escher-Straße 12, 37197 Hattorf am Harz",,,way/1209968982,Samtgemeinde Hattorf am Harz,10.5
DE-V-031595404,Samtgemeinde Radolfshausen,verband,Niedersachsen,"Vöhreweg 10, 37136 Ebergötzen",,,way/972797864,Rathaus Samtgemeinde Radolfshausen,7.5
DE-V-032515401,Samtgemeinde Altes Amt Lemförde,verband,Niedersachsen,"Hauptstraße 80, 49448 Lemförde",+49 5443 209-997,rathaus@lemfoerde.de,way/358243158,Rathaus Samtgemeinde Altes Amt Lemförde,8.0
DE-V-032515402,Samtgemeinde Barnstorf,verband,Niedersachsen,"Am Markt 4, 49406 Barnstorf",+49 5442 809-0,rathaus@barnstorf.de,way/129242763,Rathaus Samtgemeinde Barnstorf,11.0
DE-V-032515403,Samtgemeinde Bruchhausen-Vilsen,verband,Niedersachsen,"Lange Straße 11, 27305 Bruchhausen-Vilsen",,,way/231362435,,6.5
DE-V-032515404,Samtgemeinde Kirchdorf,verband,Niedersachsen,"Rathausstraße 12, 27245 Kirchdorf",+49 4273 88-0,,way/772916644,Rathaus Samtgemeinde Kirchdorf,11.0
DE-V-032515405,Samtgemeinde Rehden,verband,Niedersachsen,"Schulstraße 20, 49453 Rehden",+49 5446 209-0,info@rehden.de,way/615538286,Rathaus Rehden,9.0
DE-V-032515406,Samtgemeinde Schwaförden,verband,Niedersachsen,,,,,,
DE-V-032515407,Samtgemeinde Siedenburg,verband,Niedersachsen,"Allee 4, 27254 Siedenburg",,,way/199108892,Rathaus,6.5
DE-V-032545406,Samtgemeinde Leinebergland,verband,Niedersachsen,"Töpferstraße 9, 31089 Duingen",,,node/8880041701,Samtgemeinde Leinebergland,7.0
DE-V-032555401,Samtgemeinde Bevern,verband,Niedersachsen,"Angerstraße 13a, 37639 Bevern",,,way/242680634,Rathaus Samtgemeinde Bevern,10.5
DE-V-032555403,Samtgemeinde Boffzen,verband,Niedersachsen,"Heinrich-Ohm-Straße 21, 37691 Boffzen",+49 5273 89607,,node/838400409,Samtgemeinde Boffzen,11.0
DE-V-032555408,Samtgemeinde Bodenwerder-Polle,verband,Niedersachsen,"Münchhausenplatz 1, 37619 Bodenwerder",+49 5533 405 0,,way/43109111,Rathaus,7.0
DE-V-032555409,Samtgemeinde Eschershausen-Stadtoldendorf,verband,Niedersachsen,,,,,,
DE-V-032565402,Samtgemeinde Heemsen,verband,Niedersachsen,,,,,,
DE-V-032565407,Samtgemeinde Steimbke,verband,Niedersachsen,"Kirchstraße 4, 31634",,,way/199987434,Rathaus Steimbke,5.5
DE-V-032565408,Samtgemeinde Uchte,verband,Niedersachsen,"Balkenkamp 1, 31600 Uchte",+49 5763 1830,rathaus@sg-uchte.de,way/35894623,Rathaus Uchte,9.0
DE-V-032565409,Samtgemeinde Grafschaft Hoya,verband,Niedersachsen,,,,,,
DE-V-032565410,Samtgemeinde Mittelweser,verband,Niedersachsen,"Am Markt, 31592 Stolzenau",+49 5761 7050,info@sg-mittelweser.de,node/2308189793,Rathaus Stolzenau Samtgemeinde Mittelweser,8.0
DE-V-032565411,Samtgemeinde Weser-Aue,verband,Niedersachsen,"Rathausstraße 14, 31608 Marklohe",,,way/194065473,Rathaus Samtgemeinde Weser-Aue,7.5
DE-V-032575401,Samtgemeinde Eilsen,verband,Niedersachsen,"Bückeburger Straße 4, 31707 Bad Eilsen",,,way/132188468,Samtgemeinde Eilsen,10.5
DE-V-032575402,Samtgemeinde Lindhorst,verband,Niedersachsen,"Bahnhofstraße 55a, 31698 Lindhorst",,,way/233426597,Samtgemeinde Lindhorst,10.5
DE-V-032575403,Samtgemeinde Nenndorf,verband,Niedersachsen,"Rodenberger Allee 13, 31542 Bad Nenndorf",+49 5723 7040,,way/5210401,Rathaus Bad Nenndorf,9.0
DE-V-032575404,Samtgemeinde Niedernwöhren,verband,Niedersachsen,"Hauptstraße 46, 31712 Niedernwöhren",+49 5721 9706 0,,way/629976632,Samtgemeinde Niedernwöhren,11.0
DE-V-032575405,Samtgemeinde Nienstädt,verband,Niedersachsen,,,,,,
DE-V-032575406,Samtgemeinde Rodenberg,verband,Niedersachsen,"Amtsstraße 5, 31552 Rodenberg",+49 5723 705-0,info@rodenberg.de,way/150399769,Rathaus Rodenberg,9.0
DE-V-032575407,Samtgemeinde Sachsenhagen,verband,Niedersachsen,"Markt 1, 31553 Sachsenhagen",,,way/428261865,Samtgemeinde Sachsenhagen,10.5
DE-V-033515402,Samtgemeinde Flotwedel,verband,Niedersachsen,,,,,,
DE-V-033515403,Samtgemeinde Lachendorf,verband,Niedersachsen,"Rehrkamp 2, 29331 Lachendorf",+4951459707800,poststelle@lachendorf.de,node/7146358301,Familienzentrum der Samtgemeinde Lachendorf,11.0
DE-V-033515404,Samtgemeinde Wathlingen,verband,Niedersachsen,"Am Schmiedeberg 1, 29339 Wathlingen",,,way/356889285,Rathaus,6.5
DE-V-033525404,Samtgemeinde Börde Lamstedt,verband,Niedersachsen,"Schützenstraße 20, 21769 Lamstedt",,,node/703663720,Rathaus Samtgemeinde Börde-Lamstedt,7.5
DE-V-033525407,Samtgemeinde Hemmoor,verband,Niedersachsen,"Rathausplatz 5, 21745",,,node/548683327,Rathaus Hemmoor,5.5
DE-V-033525411,Samtgemeinde Land Hadeln,verband,Niedersachsen,,,,,,
DE-V-033535401,Samtgemeinde Elbmarsch,verband,Niedersachsen,"Elbuferstraße 98, 21436 Marschacht",,,way/163556296,Samtgemeinde Elbmarsch,7.3
DE-V-033535402,Samtgemeinde Hanstedt,verband,Niedersachsen,"Rathausstraße 1, 21271",,,way/108304161,Rathaus Hanstedt,5.5
DE-V-033535403,Samtgemeinde Hollenstedt,verband,Niedersachsen,"Hauptstraße 15, 21279 Hollenstedt",+49 4165 950,,node/340314287,Rathaus Samtgemeinde Hollenstedt,11.0
DE-V-033535404,Samtgemeinde Jesteburg,verband,Niedersachsen,"Niedersachsenplatz 5, 21266 Jesteburg",,,node/963957539,,6.5
DE-V-033535405,Samtgemeinde Salzhausen,verband,Niedersachsen,"Rathausplatz 1, 21376 Salzhausen",+49 4172 9099-0,,way/60985185,Rathaus,7.0
DE-V-033535406,Samtgemeinde Tostedt,verband,Niedersachsen,"Schützenstraße 24, 21255 Tostedt",+49 4182 2980,,node/649143351,Rathaus Tostedt,9.0
DE-V-033545403,Samtgemeinde Gartow,verband,Niedersachsen,"Springstraße 14, 29471 Gartow",,,way/164049703,Samtgemeindeverwaltung,4.5
DE-V-033545406,Samtgemeinde Elbtalaue,verband,Niedersachsen,"Rosmarienstraße 3, 29451 Dannenberg (Elbe)",+49 5861 8080,,way/237143517,Samtgemeinde Elbtalaue,8.0
DE-V-033545407,Samtgemeinde Lüchow (Wendland),verband,Niedersachsen,"Amtsweg 4, 29439 Lüchow",+49 5841 1260,samtgemeinde@luechow-wendland.de,way/201141833,Rathaus,7.0
DE-V-033555401,Samtgemeinde Amelinghausen,verband,Niedersachsen,"Lüneburger Straße 50, 21385 Amelinghausen",,,way/209370209,Rathaus Amelinghausen,8.5
DE-V-033555402,Samtgemeinde Bardowick,verband,Niedersachsen,"Schulstraße 8, 21357 Bardowick",,,node/10166424062,Samtgemeinde Bardowick,10.5
DE-V-033555403,Samtgemeinde Dahlenburg,verband,Niedersachsen,"Am Markt 17, 21368 Dahlenburg",+49 5851 86-0,,node/516297985,Rathaus Samtgemeinde Dahlenburg,11.0
DE-V-033555404,Samtgemeinde Gellersen,verband,Niedersachsen,,,,,,
DE-V-033555405,Samtgemeinde Ilmenau,verband,Niedersachsen,"Am Diemel 2, 21406 Melbeck",,,node/592801791,Samtgemeinde Ilmenau,7.3
DE-V-033555406,Samtgemeinde Ostheide,verband,Niedersachsen,"Schulstraße 2, 21397",,,node/1547408839,Samtgemeinde Ostheide,7.1
DE-V-033555407,Samtgemeinde Scharnebeck,verband,Niedersachsen,"Marktplatz 1, 21379 Scharnebeck",,,way/93104583,Rathaus Samtgemeinde Scharnebeck,10.5
DE-V-033565401,Samtgemeinde Hambergen,verband,Niedersachsen,"Bremer Straße 2, 27729 Hambergen",,,way/60843523,Rathaus,6.4
DE-V-033575401,Samtgemeinde Bothel,verband,Niedersachsen,"Horstweg 17, 27386 Bothel",,,way/693487375,Rathaus der Samtgemeinde Bothel,10.5
DE-V-033575402,Samtgemeinde Fintel,verband,Niedersachsen,"Rotenburger Straße 10, 27389 Fintel",+49 4265 1329,gemeinde.fintel@fintel.de,way/42345277,Gemeindeverwaltung Fintel,9.0
DE-V-033575403,Samtgemeinde Geestequelle,verband,Niedersachsen,,,,,,
DE-V-033575404,Samtgemeinde Selsingen,verband,Niedersachsen,"Hauptstraße 30, 27446 Selsingen",+49 4284 9307-111,,way/723265335,Rathaus Selsingen,9.0
DE-V-033575405,Samtgemeinde Sittensen,verband,Niedersachsen,"Am Markt 11, 27419 Sittensen",,,node/5645802745,Rathaus,6.5
DE-V-033575406,Samtgemeinde Sottrum,verband,Niedersachsen,,,,,,
DE-V-033575407,Samtgemeinde Tarmstedt,verband,Niedersachsen,,,,,,
DE-V-033575408,Samtgemeinde Zeven,verband,Niedersachsen,"Am Markt 4, 27404 Zeven",+49 4281 716 0,samtgemeinde@zeven.de,node/55214619,,7.0
DE-V-033585401,Samtgemeinde Ahlden,verband,Niedersachsen,"Bahnhofstraße 30, 29693 Hodenhagen",,,node/472680582,Rathaus Samtgemeinde Ahlden,7.5
DE-V-033585402,"Samtgemeinde Rethem (Aller), Stadt",verband,Niedersachsen,"Lange Straße 4, 27336 Rethem (Aller)",,,way/233951245,Rathaus Rethem,8.5
DE-V-033585403,Samtgemeinde Schwarmstedt,verband,Niedersachsen,"Am Markt 1, 29690 Schwarmstedt",,,way/250448665,Rathaus Schwarmstedt,8.5
DE-V-033595401,Samtgemeinde Apensen,verband,Niedersachsen,,,,,,
DE-V-033595402,Samtgemeinde Fredenbeck,verband,Niedersachsen,"Schwingestraße 1, 21717 Fredenbeck",+494149910,,way/156047805,Rathaus Samtgemeinde Fredenbeck,11.0
DE-V-033595403,Samtgemeinde Harsefeld,verband,Niedersachsen,"Herrenstraße 25, 21698 Harsefeld",,,way/121485713,Rathaus Samtgemeinde Harsefeld,10.5
DE-V-033595405,Samtgemeinde Horneburg,verband,Niedersachsen,"Lange Straße 49, 21640 Horneburg",+49 4163 8079 0,info@horneburg.de,way/183054743,Rathaus,7.0
DE-V-033595406,Samtgemeinde Lühe,verband,Niedersachsen,,,,,,
DE-V-033595407,Samtgemeinde Nordkehdingen,verband,Niedersachsen,"Hauptstraße 31, 21729 Freiburg (Elbe)",,,node/556405566,Rathaus Samtgemeinde Nordkehdingen,7.2
DE-V-033595409,Samtgemeinde Oldendorf-Himmelpforten,verband,Niedersachsen,"Mittelweg 2, 21709 Himmelpforten",,,way/125137323,Rathaus der Samtgemeinde Oldendorf-Himmelpforten,7.5
DE-V-033605404,Samtgemeinde Rosche,verband,Niedersachsen,"Lüchower Straße 15, 29571 Rosche",,,way/444260231,Samtgemeinde Rosche,10.5
DE-V-033605405,Samtgemeinde Suderburg,verband,Niedersachsen,"Bahnhofstraße 54, 29556 Suderburg",+49 5826 9800,,node/2947938130,Rathaus,6.9
DE-V-033605407,Samtgemeinde Bevensen-Ebstorf,verband,Niedersachsen,"Lindenstraße 12, 29549 Bad Bevensen",,,way/406469841,Samtgemeinde Bevensen-Ebstorf,6.9
DE-V-033605408,Samtgemeinde Aue,verband,Niedersachsen,,,,,,
DE-V-033615401,Samtgemeinde Thedinghausen,verband,Niedersachsen,"Braunschweiger Straße 10, 27321 Thedinghausen",,,way/89023152,Rathaus,6.5
DE-V-034525401,Samtgemeinde Brookmerland,verband,Niedersachsen,"Am Markt 11, 26529 Marienhafe",,,way/82967395,Rathaus Samtgemeinde Brookmerland,7.4
DE-V-034525403,Samtgemeinde Hage,verband,Niedersachsen,"Hauptstraße 81, 26524 Hage",+49 4931 1899-0,rathaus@sg-hage.de,way/53681120,Samtgemeinde Hage,11.0
DE-V-034545401,Samtgemeinde Dörpen,verband,Niedersachsen,"Hauptstraße 25, 26892 Dörpen",,,way/128551472,Rathaus Dörpen,8.5
DE-V-034545402,Samtgemeinde Freren,verband,Niedersachsen,,,,,,
DE-V-034545403,Samtgemeinde Herzlake,verband,Niedersachsen,,,,,,
DE-V-034545404,Samtgemeinde Lathen,verband,Niedersachsen,,,,,,
DE-V-034545405,Samtgemeinde Lengerich,verband,Niedersachsen,"Mittelstraße 15, 49838 Lengerich (Emsland)",,,way/834652965,Samtgemeinde Lengerich,10.5
DE-V-034545406,Samtgemeinde Nordhümmling,verband,Niedersachsen,"Poststraße 13, 26897 Esterwegen",,,way/33119957,Rathaus Samtgemeinde Nordhümmling,7.5
DE-V-034545407,Samtgemeinde Sögel,verband,Niedersachsen,"Bahnhofstraße 2, 49751 Sögel",,,way/66825752,Samtgemeinde Sögel,10.5
DE-V-034545408,Samtgemeinde Spelle,verband,Niedersachsen,"Hauptstraße 43, 48480 Spelle",,,way/48977771,Rathaus,6.5
DE-V-034545409,Samtgemeinde Werlte,verband,Niedersachsen,,,,,,
DE-V-034565401,Samtgemeinde Emlichheim,verband,Niedersachsen,"Hauptstraße 24, 49824 Emlichheim",,,way/449486707,Rathaus Emlichheim,8.5
DE-V-034565402,Samtgemeinde Neuenhaus,verband,Niedersachsen,"Veldhausener Straße 26, 49828 Neuenhaus",,,node/269399656,Neues Rathaus und Samtgemeindeverwaltung Neuenhaus,10.5
DE-V-034565403,Samtgemeinde Schüttorf,verband,Niedersachsen,"Markt 2, 48465 Schüttorf",+49 5923 96590,,way/55068838,Rathaus der Samtgemeinde und Stadt Schüttorf,11.0
DE-V-034565404,Samtgemeinde Uelsen,verband,Niedersachsen,,,,,,
DE-V-034575402,Samtgemeinde Hesel,verband,Niedersachsen,"Rathausstraße 14, 26835 Hesel",,,node/471224597,Samtgemeinde Hesel,10.5
DE-V-034575403,Samtgemeinde Jümme,verband,Niedersachsen,"Rathausring 8, 26849 Filsum",,,way/1010979385,Samtgemeinde Jümme,7.3
DE-V-034585401,Samtgemeinde Harpstedt,verband,Niedersachsen,"Amtsfreiheit 1, 27243 Harpstedt",+49 4244 820,gemeinde@harpstedt.de,way/45401909,Amtshof Harpstedt,9.0
DE-V-034595401,Samtgemeinde Artland,verband,Niedersachsen,"Markt 1, 49610 Quakenbrück",,,way/195863092,Rathaus Samtgemeinde Artland,7.5
DE-V-034595402,Samtgemeinde Bersenbrück,verband,Niedersachsen,"Lindenstraße 2, 49593",,,way/262528833,Rathaus Bersenbrück,5.5
DE-V-034595403,Samtgemeinde Fürstenau,verband,Niedersachsen,,,,,,
DE-V-034595404,Samtgemeinde Neuenkirchen,verband,Niedersachsen,"Küsterstraße 4, 49434 Neuenkirchen-Vörden",+49 5493 9871 0,info@neuenkirchen-voerden.de,node/392121944,Rathaus Neuenkirchen,5.1
DE-V-034625401,Samtgemeinde Esens,verband,Niedersachsen,"Am Markt 2, 26427 Esens",,,way/138739620,Rathaus Esens,8.5
DE-V-034625402,Samtgemeinde Holtriem,verband,Niedersachsen,"Auricher Straße 9, 26556 Westerholt",+49 4975 91930,,way/236365868,Rathaus Samtgemeinde Holtriem,8.0
DE-V-071315001,Verbandsgemeinde Adenau,verband,Rheinland-Pfalz,,,,,,
DE-V-071315002,Verbandsgemeinde Altenahr,verband,Rheinland-Pfalz,,+49 2643 8090,info@altenahr.de,relation/17783539,Verbandsgemeindeverwaltung Altenahr,4.4
DE-V-071315003,Verbandsgemeinde Bad Breisig,verband,Rheinland-Pfalz,"Bachstraße 11, 53498 Bad Breisig",+49 2633 45680,info@bad-breisig.de,way/298800416,Rathaus,7.0
DE-V-071315004,Verbandsgemeinde Brohltal,verband,Rheinland-Pfalz,"Kapellenstraße 12, 56651 Niederzissen",,,way/166273507,Rathaus Verbandsgemeinde Brohltal,7.3
DE-V-071325003,Verbandsgemeinde Daaden-Herdorf,verband,Rheinland-Pfalz,,,,,,
DE-V-071325006,Verbandsgemeinde Hamm (Sieg),verband,Rheinland-Pfalz,"Lindenallee 2, 57577 Hamm (Sieg)",,,node/296337062,Rathaus Verbandsgemeinde Hamm (Sieg),10.5
DE-V-071325007,Verbandsgemeinde Kirchen (Sieg),verband,Rheinland-Pfalz,"Lindenstraße 1, 57548 Kirchen (Sieg)",,,way/110977568,Rathaus - Verbandsgemeindeverwaltung,4.5
DE-V-071325008,Verbandsgemeinde Wissen,verband,Rheinland-Pfalz,"Rathausstraße 75, 57537 Wissen",,,way/484171080,Rathaus Wissen,8.5
DE-V-071325009,Verbandsgemeinde Betzdorf-Gebhardshain,verband,Rheinland-Pfalz,,,,,,
DE-V-071325010,Verbandsgemeinde Altenkirchen-Flammersfeld,verband,Rheinland-Pfalz,,,,,,
DE-V-071335001,Verbandsgemeinde Bad Kreuznach,verband,Rheinland-Pfalz,"Kornmarkt 5, 55543 Bad Kreuznach",+49 671 800-0,stadtverwaltung@bad-kreuznach.de,relation/19694222,Stadtverwaltung,3.8
DE-V-071335006,Verbandsgemeinde Rüdesheim,verband,Rheinland-Pfalz,"Markt 16, 65385 Rüdesheim am Rhein",,,way/236568858,Rathaus Rüdesheim am Rhein,4.7
DE-V-071335009,Verbandsgemeinde Kirner Land,verband,Rheinland-Pfalz,,,,,,
DE-V-071335010,Verbandsgemeinde Nahe-Glan,verband,Rheinland-Pfalz,,,,,,
DE-V-071335011,Verbandsgemeinde Langenlonsheim-Stromberg,verband,Rheinland-Pfalz,"Naheweinstraße 80, 55450 Langenlonsheim",+49 6704 9290,rathaus@vg-ls.de,way/187236746,Verbandsgemeindeverwaltung Langenlonsheim-Stromberg,11.0
DE-V-071345001,Verbandsgemeinde Baumholder,verband,Rheinland-Pfalz,"Am Weiherdamm 1, 55774 Baumholder",+49 6783 81-0,verwaltung@vgv-baumholder.de,way/122318621,Verbandsgemeindeverwaltung Baumholder,11.0
DE-V-071345002,Verbandsgemeinde Birkenfeld,verband,Rheinland-Pfalz,"Schneewiesenstraße 21, 55765 Birkenfeld",,,way/244469067,Rathaus Birkenfeld,8.5
DE-V-071345005,Verbandsgemeinde Herrstein-Rhaunen,verband,Rheinland-Pfalz,,,,,,
DE-V-071355001,Verbandsgemeinde Cochem,verband,Rheinland-Pfalz,,,,,,
DE-V-071355002,Verbandsgemeinde Kaisersesch,verband,Rheinland-Pfalz,,,,,,
DE-V-071355003,Verbandsgemeinde Ulmen,verband,Rheinland-Pfalz,"Weidenstraße 1, 56766 Ulmen",+49 2676 409 0,info@ulmen.de,way/92511200,Verbandsgemeindeverwaltung Ulmen,11.0
DE-V-071355005,Verbandsgemeinde Zell (Mosel),verband,Rheinland-Pfalz,"Balduinstraße 44, 56856 Zell (Mosel)",,,way/340701213,Rathaus,6.5
DE-V-071375001,Verbandsgemeinde Pellenz,verband,Rheinland-Pfalz,"Rathausstraße 2-4, 56637 Plaidt",,,relation/21455303,Rathaus der Verbandsgemeinde Pellenz,7.5
DE-V-071375002,Verbandsgemeinde Maifeld,verband,Rheinland-Pfalz,,,,,,
DE-V-071375003,Verbandsgemeinde Vordereifel,verband,Rheinland-Pfalz,,,,,,
DE-V-071375004,Verbandsgemeinde Mendig,verband,Rheinland-Pfalz,"Marktplatz 3, 56743 Mendig",,,way/82330315,Rathaus Mendig,8.5
DE-V-071375007,Verbandsgemeinde Vallendar,verband,Rheinland-Pfalz,"Rathausplatz 13, 56179 Vallendar",,,node/1270241922,Verbandsgemeindeverwaltung Vallendar,10.5
DE-V-071375008,Verbandsgemeinde Weißenthurm,verband,Rheinland-Pfalz,"Hauptstraße 185, 56575 Weißenthurm",,,node/311308945,Stadtverwaltung,6.5
DE-V-071375009,Verbandsgemeinde Rhein-Mosel,verband,Rheinland-Pfalz,,,,,,
DE-V-071385001,Verbandsgemeinde Asbach,verband,Rheinland-Pfalz,"Flammersfelder Straße 1, 53567 Asbach",,,way/129272281,Rathaus Asbach,8.5
DE-V-071385002,Verbandsgemeinde Bad Hönningen,verband,Rheinland-Pfalz,"Marktstraße 1, 53557 Bad Hönningen",,,way/277570507,Verbandsgemeindeverwaltung Bad Hönningen,10.5
DE-V-071385003,Verbandsgemeinde Dierdorf,verband,Rheinland-Pfalz,,,,,,
DE-V-071385004,Verbandsgemeinde Linz am Rhein,verband,Rheinland-Pfalz,,,,,,
DE-V-071385005,Verbandsgemeinde Puderbach,verband,Rheinland-Pfalz,"Hauptstraße 17, 56305 Puderbach",,,way/226221667,Verbandsgemeindeverwaltung,4.5
DE-V-071385007,Verbandsgemeinde Unkel,verband,Rheinland-Pfalz,"Linzer Straße 4, 53572 Unkel",,,way/223808728,Verbandsgemeindeverwaltung Unkel,10.5
DE-V-071385009,Verbandsgemeinde Rengsdorf-Waldbreitbach,verband,Rheinland-Pfalz,"Westerwaldstraße 32-34, 56579 Rengsdorf",+49 2634 61-111,info@vg-rw.de,way/581564093,Verbandsgemeindeverwaltung Rengsdorf-Waldbreitbach,11.0
DE-V-071405003,Verbandsgemeinde Kastellaun,verband,Rheinland-Pfalz,"Kirchstraße 1, 56288 Kastellaun",,,way/52329462,Rathaus,6.5
DE-V-071405004,Verbandsgemeinde Kirchberg (Hunsrück),verband,Rheinland-Pfalz,,,,,,
DE-V-071405008,Verbandsgemeinde Simmern-Rheinböllen,verband,Rheinland-Pfalz,"Am Markt 1, 55494 Rheinböllen",+49 6764 39-0,info@sim-rhb.de,way/590055098,Verbandsgemeindeveraltung Simmern-Rheinböllen,8.0
DE-V-071405009,Verbandsgemeinde Hunsrück-Mittelrhein,verband,Rheinland-Pfalz,"Rathausstraße 6, 55430 Oberwesel",+49 6744 911-0,,node/2640968513,"Verbandsgemeindeverwaltung Hunsrück-Mittelrhein, Verwaltungsstelle Oberwesel und Standesamt",3.3
DE-V-071415003,Verbandsgemeinde Diez,verband,Rheinland-Pfalz,"Holzappeler Straße 1, 65624 Diez",,,way/1020417528,,6.4
DE-V-071415007,Verbandsgemeinde Nastätten,verband,Rheinland-Pfalz,,,,,,
DE-V-071415009,Verbandsgemeinde Loreley,verband,Rheinland-Pfalz,"Dolkstraße 3, 56346 Sankt Goarshausen",+49 6771 9190,rathaus@vg-loreley.de,way/323089001,Verbandsgemeindeverwaltung Loreley,7.3
DE-V-071415010,Verbandsgemeinde Bad Ems-Nassau,verband,Rheinland-Pfalz,"Bleichstraße 1, 56130 Bad Ems",+49 2603 793 0,poststelle@vgben.de,way/722952491,Verbandsgemeinde Bad Ems-Nassau,11.0
DE-V-071415011,Verbandsgemeinde Aar-Einrich,verband,Rheinland-Pfalz,"Austraße 4, 65623 Hahnstätten",,,way/759052781,Verbandsgemeindeverwaltung Aar-Einrich Standort Hahnstätten,7.5
DE-V-071435001,Verbandsgemeinde Bad Marienberg (Westerwald),verband,Rheinland-Pfalz,,,,,,
DE-V-071435002,Verbandsgemeinde Hachenburg,verband,Rheinland-Pfalz,"Gartenstraße 11, 57627 Hachenburg",,,way/79804003,Verbandsgemeinde Verwaltung,8.5
DE-V-071435003,Verbandsgemeinde Höhr-Grenzhausen,verband,Rheinland-Pfalz,"Rathausstraße 48, Höhr-Grenzhausen",+49 2624 1040,poststelle@hoehr-grenzhausen.de,way/455728437,Verbandsgemeindeverwaltung Höhr-Grenzhausen,8.0
DE-V-071435004,Verbandsgemeinde Montabaur,verband,Rheinland-Pfalz,"Konrad-Adenauer-Platz 8, 56410 Montabaur",,,way/62385358,Rathaus Montabaur (Neubau),8.5
DE-V-071435005,Verbandsgemeinde Ransbach-Baumbach,verband,Rheinland-Pfalz,"Rheinstraße 50, 56235",,,node/1002387097,Verbandsgemeindeverwaltung Ransbach-Baumbach,7.5
DE-V-071435006,Verbandsgemeinde Rennerod,verband,Rheinland-Pfalz,"Hauptstraße 55, 56477 Rennerod",+49 2664 5067-0,info@rennerod.rlp.de,way/316087765,Verbandsgemeindeverwaltung Rennerod,11.0
DE-V-071435007,Verbandsgemeinde Selters (Westerwald),verband,Rheinland-Pfalz,,,,,,
DE-V-071435008,Verbandsgemeinde Wallmerod,verband,Rheinland-Pfalz,,,,,,
DE-V-071435009,Verbandsgemeinde Westerburg,verband,Rheinland-Pfalz,,,,,,
DE-V-071435010,Verbandsgemeinde Wirges,verband,Rheinland-Pfalz,"Bahnhofstraße 10, 56422 Wirges",,,node/289543419,Verbandsgemeindeverwaltung Wirges,10.5
DE-V-072315001,Verbandsgemeinde Bernkastel-Kues,verband,Rheinland-Pfalz,,,,,,
DE-V-072315006,Verbandsgemeinde Thalfang am Erbeskopf,verband,Rheinland-Pfalz,,,,,,
DE-V-072315008,Verbandsgemeinde Wittlich-Land,verband,Rheinland-Pfalz,,,,,,
DE-V-072315009,Verbandsgemeinde Traben-Trarbach,verband,Rheinland-Pfalz,,,,,,
DE-V-072325001,Verbandsgemeinde Arzfeld,verband,Rheinland-Pfalz,,,,,,
DE-V-072325005,Verbandsgemeinde Südeifel,verband,Rheinland-Pfalz,,,,,,
DE-V-072325006,Verbandsgemeinde Prüm,verband,Rheinland-Pfalz,,,,,,
DE-V-072325007,Verbandsgemeinde Speicher,verband,Rheinland-Pfalz,,,,,,
DE-V-072325008,Verbandsgemeinde Bitburger Land,verband,Rheinland-Pfalz,"Marktplatz 8, 54655 Kyllburg",+49 6561 66-0,info@bitburgerland.de,way/376285004,Verbandsgemeindeverwaltung Bitburger Land Außenstelle Kyllburg,3.6
DE-V-072335001,Verbandsgemeinde Daun,verband,Rheinland-Pfalz,,,,,,
DE-V-072335004,Verbandsgemeinde Kelberg,verband,Rheinland-Pfalz,"Dauner Straße 22, 53539 Kelberg",+49 2692 930 710,ortsgemeinde@kelberg.de,node/6475057256,Rathaus der Ortsgemeinde Kelberg,9.0
DE-V-072335006,Verbandsgemeinde Gerolstein,verband,Rheinland-Pfalz,,,,,,
DE-V-072355001,Verbandsgemeinde Hermeskeil,verband,Rheinland-Pfalz,"Langer Markt 17, 54411 Hermeskeil",,,way/241500560,Rathaus Hermeskeil,8.5
DE-V-072355003,Verbandsgemeinde Konz,verband,Rheinland-Pfalz,"Am Markt 11, 54329 Konz",,,way/41875284,Rathaus Konz,8.5
DE-V-072355004,Verbandsgemeinde Ruwer,verband,Rheinland-Pfalz,,,,,,
DE-V-072355006,Verbandsgemeinde Schweich an der Römischen Weinstraße,verband,Rheinland-Pfalz,"Brückenstraße 26, 54338 Schweich",+49 6502 4070,,way/24734986,Verbandsgemeindeverwaltung Schweich,5.0
DE-V-072355007,Verbandsgemeinde Trier-Land,verband,Rheinland-Pfalz,"Karl-Marx-Straße 19, 54290 Trier",,,way/125300887,,3.2
DE-V-072355008,Verbandsgemeinde Saarburg-Kell,verband,Rheinland-Pfalz,,,,,,
DE-V-073315001,Verbandsgemeinde Alzey-Land,verband,Rheinland-Pfalz,"Fischmarkt 3, 55232 Alzey",,,way/229541869,Rathaus,3.1
DE-V-073315002,Verbandsgemeinde Eich,verband,Rheinland-Pfalz,,,,,,
DE-V-073315003,Verbandsgemeinde Monsheim,verband,Rheinland-Pfalz,"Hauptstraße 47, 67590 Monsheim",,,way/264281506,,6.5
DE-V-073315005,Verbandsgemeinde Wöllstein,verband,Rheinland-Pfalz,"Ernst-Ludwig-Straße 22, 55597 Wöllstein",+49 6703 960090,gemeinde@woellstein.de,way/316486262,Rathaus Wöllstein,9.0
DE-V-073315006,Verbandsgemeinde Wörrstadt,verband,Rheinland-Pfalz,"Zum Römergrund 5, 55286 Wörrstadt",,,way/610198527,Technisches Rathaus VG Wörrstadt,10.5
DE-V-073315007,Verbandsgemeinde Wonnegau,verband,Rheinland-Pfalz,,,,,,
DE-V-073325001,Verbandsgemeinde Deidesheim,verband,Rheinland-Pfalz,"Hauptstraße 23, 67150 Niederkirchen bei Deidesheim",,,way/282667282,Rathaus,6.4
DE-V-073325002,Verbandsgemeinde Freinsheim,verband,Rheinland-Pfalz,"Bahnhofstraße 12, 67251 Freinsheim",+49 6353 93570,verwaltung@vg-freinsheim.de,way/360830369,Verbandsgemeindeverwaltung Freinsheim,11.0
DE-V-073325005,Verbandsgemeinde Lambrecht (Pfalz),verband,Rheinland-Pfalz,"Wallonenstraße 11, 67466 Lambrecht",,,way/220222024,Rathaus,6.5
DE-V-073325006,Verbandsgemeinde Wachenheim an der Weinstraße,verband,Rheinland-Pfalz,,,,,,
DE-V-073325007,Verbandsgemeinde Leiningerland,verband,Rheinland-Pfalz,,,,,,
DE-V-073335002,Verbandsgemeinde Eisenberg (Pfalz),verband,Rheinland-Pfalz,"Hauptstraße 86, 67304 Eisenberg (Pfalz)",,,way/111016550,Verbandsgemeindeverwaltung Eisenberg,10.5
DE-V-073335003,Verbandsgemeinde Göllheim,verband,Rheinland-Pfalz,"Freiherr-vom-Stein-Straße 3, 67307 Göllheim",,,way/300260427,Verbandsgemeindeverwaltung,4.5
DE-V-073335004,Verbandsgemeinde Kirchheimbolanden,verband,Rheinland-Pfalz,"Neue Allee 2, 67292 Kirchheimbolanden",,,way/252819004,Rathaus Verbandsgemeinde Kirchheimbolanden,10.5
DE-V-073335006,Verbandsgemeinde Winnweiler,verband,Rheinland-Pfalz,"Jakobstraße 29, 67722 Winnweiler",+49 6302 602-0,info@winnweiler-vg.de,way/225503029,Verbandsgemeindeverwaltung Winnweiler,11.0
DE-V-073335007,Verbandsgemeinde Nordpfälzer Land,verband,Rheinland-Pfalz,,,,,,
DE-V-073345001,Verbandsgemeinde Bellheim,verband,Rheinland-Pfalz,"Schubertstraße 18, 76756 Bellheim",+49 7272 70080,verbandsgemeinde@vg-bellheim.de,node/4244095125,Verbandsgemeindeverwaltung Bellheim,11.0
DE-V-073345002,Verbandsgemeinde Hagenbach,verband,Rheinland-Pfalz,"Ludwigstraße 20, 76767 Hagenbach",,,node/664045832,Verbandsgemeindeverwaltung,4.5
DE-V-073345003,Verbandsgemeinde Jockgrim,verband,Rheinland-Pfalz,"Maximilianstraße 36, 76751 Jockgrim",,,way/31056990,Gemeinde Jockgrim,8.5
DE-V-073345004,Verbandsgemeinde Kandel,verband,Rheinland-Pfalz,,,,,,
DE-V-073345005,Verbandsgemeinde Lingenfeld,verband,Rheinland-Pfalz,"Hauptstraße 60, 67360 Lingenfeld",,,node/3995419619,Verbandsgemeinde Lingenfeld,10.5
DE-V-073345006,Verbandsgemeinde Rülzheim,verband,Rheinland-Pfalz,"Am Deutschordensplatz 1, 76761 Rülzheim",,,way/91686467,Verbandsgemeindeverwaltung Rülzheim,10.5
DE-V-073355001,Verbandsgemeinde Bruchmühlbach-Miesau,verband,Rheinland-Pfalz,,,,,,
DE-V-073355002,Verbandsgemeinde Enkenbach-Alsenborn,verband,Rheinland-Pfalz,,,,,,
DE-V-073355008,Verbandsgemeinde Ramstein-Miesenbach,verband,Rheinland-Pfalz,,,,,,
DE-V-073355009,Verbandsgemeinde Weilerbach,verband,Rheinland-Pfalz,,,,,,
DE-V-073355010,Verbandsgemeinde Otterbach-Otterberg,verband,Rheinland-Pfalz,"Konrad-Adenauer-Straße 19, 67731 Otterbach",,,way/69719680,Verbandsgemeindeverwaltung Otterbach-Otterberg,10.5
DE-V-073355011,Verbandsgemeinde Landstuhl,verband,Rheinland-Pfalz,"Kaiserstraße 49, 66849 Landstuhl",+49 6371 83 0,,way/118073741,Verbandsgemeindeverwaltung Landstuhl,11.0
DE-V-073365008,Verbandsgemeinde Lauterecken-Wolfstein,verband,Rheinland-Pfalz,"Schulstraße 6a, 67742 Lauterecken",,,way/231323290,Verbandsgemeindeverwaltung Lauterecken-Wolfstein,10.5
DE-V-073365009,Verbandsgemeinde Oberes Glantal,verband,Rheinland-Pfalz,"Rathausstraße 8, 66901 Schönenberg-Kübelberg",+4963735040,poststelle@vgog.de,way/422405409,Rathaus der Verbandsgemeinde Oberes Glantal Schönenberg-Kübelberg,8.0
DE-V-073365010,Verbandsgemeinde Kusel-Altenglan,verband,Rheinland-Pfalz,"Marktplatz 1, 66869 Kusel",,,way/186604652,Stadt-und Verbandsgemeindeverwaltung Kusel,4.3
DE-V-073375001,Verbandsgemeinde Annweiler am Trifels,verband,Rheinland-Pfalz,"Saarlandstraße 18, 76855 Annweiler am Trifels",,,way/97108983,Verbandsgemeindeverwaltung Annweiler am Trifels,10.5
DE-V-073375002,Verbandsgemeinde Bad Bergzabern,verband,Rheinland-Pfalz,,,,,,
DE-V-073375003,Verbandsgemeinde Edenkoben,verband,Rheinland-Pfalz,"Weinstraße 86, 67480 Edenkoben",+49 6323 3811,rathaus@edenkoben.de,node/7142796614,Rathaus Stadt Edenkoben,9.0
DE-V-073375004,Verbandsgemeinde Herxheim,verband,Rheinland-Pfalz,"Obere Hauptstraße 2, 76863",,,way/148759554,Rathaus Herxheim,5.5
DE-V-073375005,Verbandsgemeinde Landau-Land,verband,Rheinland-Pfalz,,,,,,
DE-V-073375006,Verbandsgemeinde Maikammer,verband,Rheinland-Pfalz,"Immengartenstraße 24, 67487 Maikammer",,,way/398992947,,6.5
DE-V-073375007,Verbandsgemeinde Offenbach an der Queich,verband,Rheinland-Pfalz,,+49 6348 986-0,rathaus@offenbach-queich.de,node/10086499570,Verbandsgemeindeverwaltung Offenbach an der Queich,4.5
DE-V-073385001,Verbandsgemeinde Dannstadt-Schauernheim,verband,Rheinland-Pfalz,"Am Rathausplatz 1, 67125 Dannstadt-Schauernheim",,,way/115011377,Rathaus,6.5
DE-V-073385004,Verbandsgemeinde Maxdorf,verband,Rheinland-Pfalz,"Hauptstraße 79, 67133 Maxdorf",,,way/209174507,Rathaus Maxdorf,8.5
DE-V-073385006,Verbandsgemeinde Lambsheim-Heßheim,verband,Rheinland-Pfalz,"Mühltorstraße 25, 67245 Lambsheim",+49 6233 37910,info@lambsheim-hessheim.de,way/752923939,Verbandsgemeindeverwaltung Lambsheim-Heßheim,10.8
DE-V-073385007,Verbandsgemeinde Römerberg-Dudenhofen,verband,Rheinland-Pfalz,"Konrad-Adenauer-Platz 6, 67373 Dudenhofen",+49 6232 6560,,way/103540070,Verbandsgemeindeverwaltung Römerberg-Dudenhofen,8.0
DE-V-073385008,Verbandsgemeinde Rheinauen,verband,Rheinland-Pfalz,,,,,,
DE-V-073395001,Verbandsgemeinde Rhein-Nahe,verband,Rheinland-Pfalz,,,,,,
DE-V-073395002,Verbandsgemeinde Bodenheim,verband,Rheinland-Pfalz,"Am Dollesplatz 1, 55294 Bodenheim",,,way/26711440,Rathaus der VG Bodenheim,10.5
DE-V-073395003,Verbandsgemeinde Gau-Algesheim,verband,Rheinland-Pfalz,"Hospitalstraße 22, 55435 Gau-Algesheim",+49 6725 9100,,way/122239734,Verbandsgemeinde Gau-Algesheim,11.0
DE-V-073395006,Verbandsgemeinde Nieder-Olm,verband,Rheinland-Pfalz,"Pariser Straße 110, 55268 Nieder-Olm",+49 6136 690,,node/1486352558,Rathaus Nieder-Olm,9.0
DE-V-073395007,Verbandsgemeinde Rhein-Selz,verband,Rheinland-Pfalz,,,,,,
DE-V-073395008,Verbandsgemeinde Sprendlingen-Gensingen,verband,Rheinland-Pfalz,,,,,,
DE-V-073405001,Verbandsgemeinde Dahner Felsenland,verband,Rheinland-Pfalz,"Schulstraße 29, 66994 Dahn",+496391 919600,info@dahner-felsenland.de,way/223617687,Verbandsgemeindeverwaltung Dahner Felsenland,8.0
DE-V-073405002,Verbandsgemeinde Hauenstein,verband,Rheinland-Pfalz,"Schulstraße 4, 76846 Hauenstein",,,way/350661372,Verbandsgemeindeverwaltung Hauenstein,10.5
DE-V-073405003,Verbandsgemeinde Pirmasens-Land,verband,Rheinland-Pfalz,"Erlenstraße 7, 66955 Pirmasens",,,way/410258171,Rathaus,3.3
DE-V-073405004,Verbandsgemeinde Rodalben,verband,Rheinland-Pfalz,,,,,,
DE-V-073405006,Verbandsgemeinde Waldfischbach-Burgalben,verband,Rheinland-Pfalz,"Hauptstraße 52, 67714 Waldfischbach-Burgalben",,,way/315754782,Rathaus,6.5
DE-V-073405008,Verbandsgemeinde Zweibrücken-Land,verband,Rheinland-Pfalz,,,,,,
DE-V-073405009,Verbandsgemeinde Thaleischweiler-Wallhalben,verband,Rheinland-Pfalz,,,,,,
DE-V-082265009,GVV Waibstadt,verband,Baden-Württemberg,,,,,,
DE-V-083165001,GVV Denzlingen-Vörstetten-Reute,verband,Baden-Württemberg,,,,,,
DE-V-091715101,Verwaltungsgemeinschaft Emmerting,verband,Bayern,,,,,,
DE-V-091715102,Verwaltungsgemeinschaft Kirchweidach,verband,Bayern,"Hauptstraße 21, 84558 Kirchweidach",+49 8623 9886-0,info@vg-kirchweidach.de,way/208947416,Rathaus Kirchweidach,9.0
DE-V-091715103,Verwaltungsgemeinschaft Marktl,verband,Bayern,"Marktplatz 1, 84533 Marktl",,,way/198085497,Rathaus Marktl,8.5
DE-V-091715104,Verwaltungsgemeinschaft Reischach,verband,Bayern,"Eggenfeldener Straße 9, 84571 Reischach",,,way/105647169,Verwaltungsgemeinschaft Reischach,10.5
DE-V-091715106,Verwaltungsgemeinschaft Unterneukirchen,verband,Bayern,"Rathausplatz 1, 84579 Unterneukirchen",+49 8634 98820,,node/1251710859,Rathaus Unterneukirchen,9.0
DE-V-091735107,Verwaltungsgemeinschaft Benediktbeuern,verband,Bayern,"Prälatenstraße 7, 83671 Benediktbeuern",,,way/129695510,Rathaus Benediktbeuern,8.5
DE-V-091735108,Verwaltungsgemeinschaft Kochel a.See,verband,Bayern,,,,,,
DE-V-091735109,Verwaltungsgemeinschaft Reichersbeuern,verband,Bayern,,,,,,
DE-V-091755112,Verwaltungsgemeinschaft Aßling,verband,Bayern,"Bahnhofstraße 1, 85617 Aßling",,,way/229829873,Rathaus VG Aßling,10.5
DE-V-091755114,Verwaltungsgemeinschaft Glonn,verband,Bayern,"Marktplatz 1, 85625 Glonn",,,way/25858031,,6.5
DE-V-091765115,Verwaltungsgemeinschaft Eichstätt,verband,Bayern,"Marktplatz 11, 85072 Eichstätt",+49 8421 60010,,way/293795445,Rathaus,3.7
DE-V-091765116,Verwaltungsgemeinschaft Eitensheim,verband,Bayern,,,,,,
DE-V-091765118,Verwaltungsgemeinschaft Nassenfels,verband,Bayern,Schulstraße 9,,,node/5339731125,Verwaltungsgemeinschaft Nassenfels,4.5
DE-V-091765119,Verwaltungsgemeinschaft Pförring,verband,Bayern,"Marktplatz 1, 85104 Pförring",,,way/203184028,Rathaus Pförring,8.5
DE-V-091775120,Verwaltungsgemeinschaft Pastetten,verband,Bayern,"Fröbelweg 1, 85669",,,node/603656970,Rathaus VG Pastetten,7.5
DE-V-091775121,Verwaltungsgemeinschaft Hörlkofen,verband,Bayern,"Erdinger Straße 8a, 85457 Wörth",+498122 97590,rathaus@vg-hoerlkofen.de,node/287665101,Rathaus VG Hörlkofen,7.9
DE-V-091775123,Verwaltungsgemeinschaft Oberding,verband,Bayern,"Tassilostraße 17, 85445 Oberding",,,way/368636989,Rathaus Oberding,8.5
DE-V-091775124,Verwaltungsgemeinschaft Oberneuching,verband,Bayern,,,,,,
DE-V-091775125,Verwaltungsgemeinschaft Steinkirchen,verband,Bayern,,,,,,
DE-V-091775126,Verwaltungsgemeinschaft Wartenberg,verband,Bayern,,,,,,
DE-V-091785127,Verwaltungsgemeinschaft Allershausen,verband,Bayern,"Johannes-Boos-Platz 6, 85391 Allershausen",,,node/2091629827,Rathaus,6.5
DE-V-091785129,Verwaltungsgemeinschaft Mauern,verband,Bayern,"Schloßplatz 2, 85419 Mauern",,,way/61324526,Hofmarkschloß Mauern,8.5
DE-V-091785130,Verwaltungsgemeinschaft Zolling,verband,Bayern,"Rathausplatz 1, 85406 Zolling",+49 8167 6943-0,,way/4344798,Rathaus Zolling,9.0
DE-V-091795131,Verwaltungsgemeinschaft Mammendorf,verband,Bayern,"Augsburger Straße 12, 82291 Mammendorf",,,node/1492292446,Verwaltungsgemeinschaft Mammendorf,10.5
DE-V-091795132,Verwaltungsgemeinschaft Grafrath,verband,Bayern,"Hauptstraße 64, 82284 Grafrath",,,way/257921731,Verwaltungsgemeinschaft Grafrath,10.5
DE-V-091805133,Verwaltungsgemeinschaft Saulgrub,verband,Bayern,"Kohlgruber Straße 2, 82442 Saulgrub",,,way/504626526,,6.5
DE-V-091805135,Verwaltungsgemeinschaft Unterammergau,verband,Bayern,,,,,,
DE-V-091805136,Verwaltungsgemeinschaft Ohlstadt,verband,Bayern,"Rathausplatz 1, 82441 Ohlstadt",,,way/184068284,,6.5
DE-V-091805137,Verwaltungsgemeinschaft Seehausen a.Staffelsee,verband,Bayern,,,,,,
DE-V-091815138,Verwaltungsgemeinschaft Fuchstal,verband,Bayern,"Bahnhofstraße 1, 86925 Fuchstal",,,way/321943008,,6.5
DE-V-091815139,Verwaltungsgemeinschaft Igling,verband,Bayern,"Donnersbergstraße 1, 86859 Igling",+49 8248 9697-0,info@vg-igling.de,way/717380759,Verwaltungsgemeinschaft Igling,11.0
DE-V-091815140,Verwaltungsgemeinschaft Prittriching,verband,Bayern,"Bürgermeister-Franz-Ditsch-Straße 7, 86931 Prittriching",,,node/3929698756,Rathaus,6.5
DE-V-091815141,Verwaltungsgemeinschaft Pürgen,verband,Bayern,"Weilheimer Straße 2, 86932 Pürgen",,,way/159235950,Rathaus,6.5
DE-V-091815142,Verwaltungsgemeinschaft Reichling,verband,Bayern,"Untergasse 3, 86934 Reichling",,,way/124209004,Rathaus Reichling,8.5
DE-V-091815143,Verwaltungsgemeinschaft Schondorf a.Ammersee,verband,Bayern,,,,,,
DE-V-091815144,Verwaltungsgemeinschaft Windach,verband,Bayern,,,,,,
DE-V-091835145,Verwaltungsgemeinschaft Heldenstein,verband,Bayern,,,,,,
DE-V-091835146,Verwaltungsgemeinschaft Gars a.Inn,verband,Bayern,,,,,,
DE-V-091835147,Verwaltungsgemeinschaft Reichertsheim,verband,Bayern,,,,,,
DE-V-091835148,Verwaltungsgemeinschaft Kraiburg a.Inn,verband,Bayern,,,,,,
DE-V-091835149,Verwaltungsgemeinschaft Neumarkt-Sankt Veit,verband,Bayern,"Johannesstraße 9, 84494 Neumarkt-Sankt Veit",,,way/321603436,Rathaus,6.5
DE-V-091835150,Verwaltungsgemeinschaft Oberbergkirchen,verband,Bayern,"Hofmark 28, 84564 Oberbergkirchen",,,node/1558993559,Rathaus,6.5
DE-V-091835151,Verwaltungsgemeinschaft Polling,verband,Bayern,"Monhamer Weg 1, 84570 Polling",+49 8633 897 50,,way/109067776,Rathaus Gemeinde Polling,9.0
DE-V-091835152,Verwaltungsgemeinschaft Rohrbach,verband,Bayern,,,,,,
DE-V-091835183,Verwaltungsgemeinschaft Maitenbeth,verband,Bayern,,,,,,
DE-V-091855154,Verwaltungsgemeinschaft Neuburg a.d.Donau,verband,Bayern,,,,,,
DE-V-091855155,Verwaltungsgemeinschaft Schrobenhausen,verband,Bayern,"Herzoganger 1, 86529 Schrobenhausen",+49 8252 8951 0,,way/376151372,VG Schrobenhausen,7.6
DE-V-091865156,Verwaltungsgemeinschaft Geisenfeld,verband,Bayern,"Kirchplatz 4, 85290 Geisenfeld",+49 8452 980,rathaus@geisenfeld.de,node/317180568,Rathaus Geisenfeld,9.0
DE-V-091865157,Verwaltungsgemeinschaft Ilmmünster,verband,Bayern,"Freisinger Straße 3, 85304 Ilmmünster",,,node/920043332,Rathaus,6.5
DE-V-091865158,Verwaltungsgemeinschaft Reichertshofen,verband,Bayern,"Schloßgasse 5, 85084 Reichertshofen",,,way/33341121,Rathaus Reichertshofen,8.5
DE-V-091875160,Verwaltungsgemeinschaft Breitbrunn a.Chiemsee,verband,Bayern,,,,,,
DE-V-091875162,Verwaltungsgemeinschaft Halfing,verband,Bayern,,,,,,
DE-V-091875165,Verwaltungsgemeinschaft Rott a.Inn,verband,Bayern,,,,,,
DE-V-091875184,Verwaltungsgemeinschaft Pfaffing,verband,Bayern,"Schulstraße 3, 83539 Pfaffing",+49 8076 9198-0,poststelle@vgem-pfaffing.de,node/12120985143,Verwaltungsgemeinschaft Pfaffing,11.0
DE-V-091895166,Verwaltungsgemeinschaft Bergen,verband,Bayern,"Hochfellnstraße 14, 83346 Bergen",+49 8662 48850,info@bergen-chiemgau.de,way/230584368,Gemeindehaus Bergen,9.0
DE-V-091895169,Verwaltungsgemeinschaft Marquartstein,verband,Bayern,"Rathausplatz 1, 83250 Marquartstein",+49 8641 6995-0,rathaus@marquartstein.de,node/12770720380,Rathaus Marquartstein,9.0
DE-V-091895170,Verwaltungsgemeinschaft Obing,verband,Bayern,,,,,,
DE-V-091895173,Verwaltungsgemeinschaft Waging a.See,verband,Bayern,,,,,,
DE-V-091905174,Verwaltungsgemeinschaft Altenstadt,verband,Bayern,"Marienplatz 2, 86972 Altenstadt",+49 8861 2300-0,,way/499114907,Verwaltungsgemeinschaft Altenstadt,11.0
DE-V-091905175,Verwaltungsgemeinschaft Bernbeuren,verband,Bayern,,,,,,
DE-V-091905176,Verwaltungsgemeinschaft Habach,verband,Bayern,,,,,,
DE-V-091905177,Verwaltungsgemeinschaft Huglfing,verband,Bayern,,,,,,
DE-V-091905178,Verwaltungsgemeinschaft Rottenbuch,verband,Bayern,"Klosterhof 42, 82401 Rottenbuch",,,way/239980159,Rathaus Rottenbuch,8.5
DE-V-091905179,Verwaltungsgemeinschaft Seeshaupt,verband,Bayern,"Weilheimer Straße 1–3, 82402 Seeshaupt",,,way/332174867,Rathaus Seeshaupt,8.5
DE-V-091905180,Verwaltungsgemeinschaft Steingaden,verband,Bayern,"Krankenhausstraße 1, 86989 Steingaden",+49 8862 9101-0,gemeinde@steingaden.bayern.de,way/24911855,Gemeinde Steingaden,9.0
DE-V-092715202,Verwaltungsgemeinschaft Lalling,verband,Bayern,"Hauptstraße 28, 94551 Lalling",+49 9904 8312-0,poststelle@vgem-lalling.bayern.de,way/225631481,Verwaltungsgemeinschaft Lalling,11.0
DE-V-092715204,Verwaltungsgemeinschaft Oberpöring,verband,Bayern,,,,,,
DE-V-092715205,Verwaltungsgemeinschaft Moos,verband,Bayern,"Graf-Ulrich-Philipp-Platz, 94554 Moos",,,way/220696830,Rathaus Moos,8.5
DE-V-092715206,Verwaltungsgemeinschaft Schöllnach,verband,Bayern,"Marktplatz 12, 94508 Schöllnach",+49990393030,poststelle@schoellnach.de,node/1715951569,Markt Schöllnach,9.0
DE-V-092725211,Verwaltungsgemeinschaft Schönberg,verband,Bayern,"Marktplatz 16, 94513 Schönberg",,,way/551301442,Rathaus Markt Schönberg,8.5
DE-V-092725212,Verwaltungsgemeinschaft Hinterschmiding,verband,Bayern,"Dorfplatz 23, 94146 Hinterschmiding",+49 8551 9624 0,,way/300506835,Rathaus Hinterschmiding,9.0
DE-V-092725213,Verwaltungsgemeinschaft Thurmansbang,verband,Bayern,,,,,,
DE-V-092725214,Verwaltungsgemeinschaft Perlesreut,verband,Bayern,"Unterer Markt 3, 94157 Perlesreut",,,way/143235192,,6.5
DE-V-092735215,Verwaltungsgemeinschaft Ihrlerstein,verband,Bayern,"Hauptstraße 15, 93346 Ihrlerstein",+49 9441 503 40,poststelle@ihrlerstein.de,way/335050079,Rathaus,7.0
DE-V-092735216,Verwaltungsgemeinschaft Saal a.d.Donau,verband,Bayern,,,,,,
DE-V-092735217,Verwaltungsgemeinschaft Langquaid,verband,Bayern,"Marktplatz 24, 84085 Langquaid",,,way/328932774,Rathaus,6.5
DE-V-092735218,Verwaltungsgemeinschaft Siegenburg,verband,Bayern,,,,,,
DE-V-092735219,Verwaltungsgemeinschaft Mainburg,verband,Bayern,,,,,,
DE-V-092745220,Verwaltungsgemeinschaft Ergoldsbach,verband,Bayern,"Hauptstraße 29, 84061 Ergoldsbach",,,way/525596589,Verwaltungsgemeinschaft Ergoldsbach,10.5
DE-V-092745221,Verwaltungsgemeinschaft Furth,verband,Bayern,"Am Rathaus 6, 84095 Furth",,,way/65523703,Rathaus,6.5
DE-V-092745222,Verwaltungsgemeinschaft Wörth a.d.Isar,verband,Bayern,"Am Kellerberg 2a, 84109 Wörth a.d.Isar",,,way/539730535,Rathaus,6.5
DE-V-092745223,Verwaltungsgemeinschaft Gerzen,verband,Bayern,"Rathausplatz 1, Gerzen",,,way/537997007,Rathaus Gerzen,5.5
DE-V-092745226,Verwaltungsgemeinschaft Altfraunhofen,verband,Bayern,,,,,,
DE-V-092745227,Verwaltungsgemeinschaft Velden,verband,Bayern,"Rathausplatz 1, 84149 Velden",,,node/11133390572,Rathaus,6.5
DE-V-092755229,Verwaltungsgemeinschaft Tittling,verband,Bayern,"Marktplatz 10, 94104 Tittling",,,node/3417633474,Markt Tittling,8.5
DE-V-092755232,Verwaltungsgemeinschaft Aidenbach,verband,Bayern,,,,,,
DE-V-092755234,Verwaltungsgemeinschaft Rotthalmünster,verband,Bayern,,,,,,
DE-V-092765238,Verwaltungsgemeinschaft Ruhmannsfelden,verband,Bayern,,,,,,
DE-V-092775239,Verwaltungsgemeinschaft Falkenberg,verband,Bayern,"Sommerstraße 15, 84326 Falkenberg",,,node/4150791792,Verwaltungsgemeinschaft Falkenberg,10.5
DE-V-092775240,Verwaltungsgemeinschaft Massing,verband,Bayern,"Berta-Hummel-Straße 2, 84323 Massing",,,way/313059205,Rathaus Massing,8.5
DE-V-092775241,Verwaltungsgemeinschaft Bad Birnbach,verband,Bayern,,,,,,
DE-V-092775243,Verwaltungsgemeinschaft Tann,verband,Bayern,Marktplatz 6,,,node/5368855746,Verwaltungsgemeinschaft Tann,4.5
DE-V-092775244,Verwaltungsgemeinschaft Ering,verband,Bayern,"Paul-Sporrer-Straße 7, 94140 Ering",+4985739609-0,,node/3749362540,Verwaltungsgemeinschaft Ering am Inn,11.0
DE-V-092785246,Verwaltungsgemeinschaft Stallwang,verband,Bayern,"Straubinger Straße 18, 94375 Stallwang",+49 99 64 64 02 0,info@vg-stallwang.de,node/1488344321,Verwaltungsgemeinschaft Stallwang,11.0
DE-V-092785248,Verwaltungsgemeinschaft Mitterfels,verband,Bayern,"Burgstraße 1, 94360 Mitterfels",,,way/375989942,Verwaltungsgemeinschaft Mitterfels,10.5
DE-V-092785249,Verwaltungsgemeinschaft Hunderdorf,verband,Bayern,,,,,,
DE-V-092785250,Verwaltungsgemeinschaft Rain,verband,Bayern,"Schloßplatz 2, 94369 Rain",+49 9429 9401 0,info@vgem-rain.de,way/432532679,Rathaus Verwaltungsgemeinschaft Rain,11.0
DE-V-092785252,Verwaltungsgemeinschaft Schwarzach,verband,Bayern,,,,,,
DE-V-092785256,Verwaltungsgemeinschaft Aiterhofen,verband,Bayern,,,,,,
DE-V-092785257,Verwaltungsgemeinschaft Straßkirchen,verband,Bayern,,,,,,
DE-V-092795208,Verwaltungsgemeinschaft Mamming,verband,Bayern,,,,,,
DE-V-093715301,Verwaltungsgemeinschaft Hahnbach,verband,Bayern,"Herbert-Falk-Straße 5, 92256 Hahnbach",,,way/28161685,Rathaus,6.5
DE-V-093715302,Verwaltungsgemeinschaft Königstein,verband,Bayern,"Oberer Markt 20, 92281 Königstein",,,way/413733681,Rathaus,6.5
DE-V-093715303,Verwaltungsgemeinschaft Neukirchen b.Sulzbach-R.,verband,Bayern,,,,,,
DE-V-093715304,Verwaltungsgemeinschaft Illschwang,verband,Bayern,,,,,,
DE-V-093725308,Verwaltungsgemeinschaft Tiefenbach,verband,Bayern,,,,,,
DE-V-093725310,Verwaltungsgemeinschaft Stamsried,verband,Bayern,"Schloßstraße 10, 93491 Stamsried",,,way/543200182,,6.5
DE-V-093725312,Verwaltungsgemeinschaft Weiding,verband,Bayern,"Rathausplatz 1, 93495 Weiding",+49 9977 94110,,way/274570672,Rathaus Weiding,9.0
DE-V-093725313,Verwaltungsgemeinschaft Walderbach,verband,Bayern,"Franz-Xaver-Witt-Straße 2, 93194 Walderbach",,,node/6344715187,Gemeindeverwaltung Walderbach,8.5
DE-V-093725317,Verwaltungsgemeinschaft Wald,verband,Bayern,"Hauptstraße 14, 93192 Wald",,,node/6345632337,Gemeindeverwaltung Wald,8.5
DE-V-093725318,Verwaltungsgemeinschaft Falkenstein,verband,Bayern,"Marktplatz 1, 93167 Falkenstein",+49 9462 9422 0,,way/325693693,,7.0
DE-V-093735321,Verwaltungsgemeinschaft Neumarkt i.d.OPf.,verband,Bayern,,,,,,
DE-V-093745323,Verwaltungsgemeinschaft Neustadt a.d.Waldnaab,verband,Bayern,,+49 9602 943 00,,node/5456761175,Verwaltungsgemeinschaft Neustadt a.d.Waldnaab,4.2
DE-V-093745324,Verwaltungsgemeinschaft Pressath,verband,Bayern,"Hauptstraße 14, 92690 Pressath",+49 9644 9209-0,,node/2268235304,Rathaus Pressath,9.0
DE-V-093745325,Verwaltungsgemeinschaft Weiherhammer,verband,Bayern,"Hauptstraße 3, 92729 Weiherhammer",,,way/160795221,Rathaus Weiherhammer,8.5
DE-V-093745326,Verwaltungsgemeinschaft Kirchenthumbach,verband,Bayern,"Bahnhofstraße 18, 91281 Kirchenthumbach",,,node/3148670000,Verwaltungsgemeinschaft Kirchenthumbach,10.5
DE-V-093745327,Verwaltungsgemeinschaft Eschenbach i.d.OPf.,verband,Bayern,"Marienplatz 42, 92676 Eschenbach in der Oberpfalz",+49 9645 9200-0,poststelle@eschenbach-opf.de,way/171531242,Verwaltungsgemeinschaft Eschenbach i. d. OPf.,8.0
DE-V-093745329,Verwaltungsgemeinschaft Schirmitz,verband,Bayern,,,,,,
DE-V-093745330,Verwaltungsgemeinschaft Tännesberg,verband,Bayern,,,,,,
DE-V-093745331,Verwaltungsgemeinschaft Pleystein,verband,Bayern,,,,,,
DE-V-093755332,Verwaltungsgemeinschaft Kallmünz,verband,Bayern,Keltenweg 1,,,way/194519280,Rathaus VG Kallmünz,4.5
DE-V-093755333,Verwaltungsgemeinschaft Laaber,verband,Bayern,"Jakobstraße 9, 93164 Laaber",,,way/164913540,Rathaus VG Laaber,10.5
DE-V-093755334,Verwaltungsgemeinschaft Pielenhofen-Wolfsegg,verband,Bayern,,,,,,
DE-V-093755335,Verwaltungsgemeinschaft Donaustauf,verband,Bayern,"Wörther Straße 5, 93093 Donaustauf",+49 9403 9502 0,poststelle@vg-donaustauf.de,way/125160806,Verwaltungsgemeinschaft Donaustauf,11.0
DE-V-093755336,Verwaltungsgemeinschaft Wörth a.d.Donau,verband,Bayern,,,,,,
DE-V-093755337,Verwaltungsgemeinschaft Alteglofsheim,verband,Bayern,Bahnhofstraße 10,,,way/133206428,Rathaus Verwaltungsgemeinschaft Alteglofsheim,4.5
DE-V-093755338,Verwaltungsgemeinschaft Sünching,verband,Bayern,"Schulstraße 26, 93104 Sünching",+49 9480 9380 0,vg.suenching@realrgb.de,way/136453226,Verwaltungsgemeinschaft Sünching,11.0
DE-V-093765339,Verwaltungsgemeinschaft Oberviechtach,verband,Bayern,"Nabburger Straße 2, 92526 Oberviechtach",+49 9671 307-0,rathaus@oberviechtach.de,node/245569563,Rathaus,3.8
DE-V-093765341,Verwaltungsgemeinschaft Nabburg,verband,Bayern,"Oberer Markt, 92507 Nabburg",,,node/520432410,Rathaus Nabburg,8.5
DE-V-093765342,Verwaltungsgemeinschaft Schwarzenfeld,verband,Bayern,,,,,,
DE-V-093765343,Verwaltungsgemeinschaft Pfreimd,verband,Bayern,"Marienplatz 2, 92536 Pfreimd",,,way/197884880,Stadt Pfreimd,8.5
DE-V-093765344,Verwaltungsgemeinschaft Schönsee,verband,Bayern,"Hauptstraße 25, 92539 Schönsee",,,way/230894254,Rathaus Schönsee,8.5
DE-V-093765345,Verwaltungsgemeinschaft Neunburg vorm Wald,verband,Bayern,"Kolpingstraße 3, 92431 Neunburg vorm Wald",,,way/29498982,VGem. Neunburg vorm Wald,5.3
DE-V-093765346,Verwaltungsgemeinschaft Wackersdorf,verband,Bayern,,,,,,
DE-V-093775347,Verwaltungsgemeinschaft Mitterteich,verband,Bayern,"Kirchplatz 12, 95666 Mitterteich",,,way/289741207,Rathaus,6.5
DE-V-093775348,Verwaltungsgemeinschaft Kemnath,verband,Bayern,"Stadtplatz 38, 95478 Kemnath",,,way/243987296,Stadt Kemnath,8.5
DE-V-093775349,Verwaltungsgemeinschaft Neusorg,verband,Bayern,"Hauptstraße 1, 95700 Neusorg",+49 9234 99130,,way/889527088,Verwaltungsgemeinschaft Neusorg,11.0
DE-V-093775350,Verwaltungsgemeinschaft Krummennaab,verband,Bayern,"Hauptstraße 1, 92703 Krummennaab",,,way/147980025,,6.5
DE-V-093775351,Verwaltungsgemeinschaft Wiesau,verband,Bayern,"Marktplatz 1, 95676 Wiesau",,,way/338365172,,6.5
DE-V-094715401,Verwaltungsgemeinschaft Baunach,verband,Bayern,"Bamberger Straße 1, 96148 Baunach",+49 544 299 0,poststelle@vg-baunach.de,way/48402910,Verwaltungsgemeinschaft Baunach,11.0
DE-V-094715403,Verwaltungsgemeinschaft Steinfeld,verband,Bayern,,,,,,
DE-V-094715407,Verwaltungsgemeinschaft Ebrach,verband,Bayern,"Rathausplatz 2, 96157 Ebrach",,,way/95956213,,6.5
DE-V-094715408,Verwaltungsgemeinschaft Burgebrach,verband,Bayern,"Hauptstraße 3, 96138 Burgebrach",,,way/99458788,Rathaus Burgebrach,8.5
DE-V-094715445,Verwaltungsgemeinschaft Lisberg,verband,Bayern,,,,,,
DE-V-094725412,Verwaltungsgemeinschaft Hollfeld,verband,Bayern,,,,,,
DE-V-094725413,Verwaltungsgemeinschaft Mistelgau,verband,Bayern,,,,,,
DE-V-094725414,Verwaltungsgemeinschaft Mistelbach,verband,Bayern,,,,,,
DE-V-094725415,Verwaltungsgemeinschaft Weidenberg,verband,Bayern,"Gurtstein 5, 95466 Weidenberg",,,way/213078772,Rathaus,6.5
DE-V-094725416,Verwaltungsgemeinschaft Creußen,verband,Bayern,,,,,,
DE-V-094725417,Verwaltungsgemeinschaft Betzenstein,verband,Bayern,"Nürnberger Straße 5, 91282 Betzenstein",,,way/146195386,Rathaus,6.5
DE-V-094735418,Verwaltungsgemeinschaft Grub a.Forst,verband,Bayern,"Coburger Straße 23, 96271 Grub a.Forst",+49 9560 92200,,way/341574975,Verwaltungsgemeinschaft  Grub a.Forst,11.0
DE-V-094745420,Verwaltungsgemeinschaft Ebermannstadt,verband,Bayern,"Franz-Dörrzapf-Straße 10, 91320 Ebermannstadt",+49 9194 5060,,node/5327779093,Stadt Ebermannstadt,9.0
DE-V-094745422,Verwaltungsgemeinschaft Gosberg,verband,Bayern,,,,,,
DE-V-094745423,Verwaltungsgemeinschaft Kirchehrenbach,verband,Bayern,"Hauptstraße 53, 91356 Kirchehrenbach",+49 9191 79890,info@kirchehrenbach.de,way/238128569,Verwaltungsgemeinschaft Kirchehrenbach,11.0
DE-V-094745425,Verwaltungsgemeinschaft Effeltrich,verband,Bayern,,,,,,
DE-V-094745426,Verwaltungsgemeinschaft Dormitz,verband,Bayern,"Sebalder Straße 12, 91077 Dormitz",,,way/129970384,Rathaus Dormitz,8.5
DE-V-094745427,Verwaltungsgemeinschaft Gräfenberg,verband,Bayern,"Kirchplatz 8, 91322 Gräfenberg",+49 9192 7090,,node/1840540825,Verwaltungsgemeinschaft Gräfenberg,11.0
DE-V-094755428,Verwaltungsgemeinschaft Lichtenberg,verband,Bayern,"Marktplatz 16, 95192 Lichtenberg",,,way/571417453,,6.5
DE-V-094755430,Verwaltungsgemeinschaft Feilitzsch,verband,Bayern,"Hauptstraße 28, 95183 Feilitzsch",,,way/41954356,Verwaltungsgemeinschaft Feilitzsch,10.5
DE-V-094755431,Verwaltungsgemeinschaft Schauenstein,verband,Bayern,"Schulstraße 15, 95197 Schauenstein",+49 9252 9960-0,stadt@vg-schauenstein.de,node/12954308518,Rathaus Schauenstein,9.0
DE-V-094755432,Verwaltungsgemeinschaft Sparneck,verband,Bayern,"Marktplatz 4, 95234 Sparneck",,,way/292588929,Rathaus,6.5
DE-V-094765433,Verwaltungsgemeinschaft Teuschnitz,verband,Bayern,"Hauptstraße 38, 96358 Teuschnitz",,,way/210401483,Rathaus,6.5
DE-V-094765434,Verwaltungsgemeinschaft Mitwitz,verband,Bayern,,,,,,
DE-V-094775435,Verwaltungsgemeinschaft Stadtsteinach,verband,Bayern,"Marktplatz 8, 95346 Stadtsteinach",,,way/990849300,Rathaus,6.5
DE-V-094775436,Verwaltungsgemeinschaft Marktleugast,verband,Bayern,,,,,,
DE-V-094775437,Verwaltungsgemeinschaft Untersteinach,verband,Bayern,,,,,,
DE-V-094775438,Verwaltungsgemeinschaft Kasendorf,verband,Bayern,,,,,,
DE-V-094775439,Verwaltungsgemeinschaft Trebgast,verband,Bayern,"Kulmbacher Straße 36, 95367 Trebgast",,,way/389244226,Rathaus,6.5
DE-V-094785441,Verwaltungsgemeinschaft Redwitz a.d.Rodach,verband,Bayern,"Kronacher Straße 41, 96257 Redwitz a.d.Rodach",+49 9574 62240,,node/1903690888,Rathaus-Verwaltungsgemeinschaft,5.0
DE-V-094785446,Verwaltungsgemeinschaft Hochstadt-Marktzeuln,verband,Bayern,,,,,,
DE-V-094795442,Verwaltungsgemeinschaft Thiersheim,verband,Bayern,,,,,,
DE-V-094795443,Verwaltungsgemeinschaft Schirnding,verband,Bayern,,,,,,
DE-V-094795444,Verwaltungsgemeinschaft Tröstau,verband,Bayern,,,,,,
DE-V-095715501,Verwaltungsgemeinschaft Rothenburg ob der Tauber,verband,Bayern,"Marktplatz 1, 91541 Rothenburg ob der Tauber",+49 9861 404 0,stadt@rothenburg.de,relation/17973558,Rathaus,3.8
DE-V-095715502,Verwaltungsgemeinschaft Schillingsfürst,verband,Bayern,,,,,,
DE-V-095715504,Verwaltungsgemeinschaft Weihenzell,verband,Bayern,,,,,,
DE-V-095715506,Verwaltungsgemeinschaft Triesdorf,verband,Bayern,,,,,,
DE-V-095715507,Verwaltungsgemeinschaft Dentlein a.Forst,verband,Bayern,"Rathausplatz 1, 91599 Dentlein a. Forst",,,way/751812548,Rathaus,6.5
DE-V-095715508,Verwaltungsgemeinschaft Wilburgstetten,verband,Bayern,"Alte Schulstraße 8, 91634 Wilburgstetten",,,way/140181786,,6.5
DE-V-095715509,Verwaltungsgemeinschaft Hesselberg,verband,Bayern,"Wittelshofener Straße 30, 91725 Ehingen",+499835 97 910,,way/140424458,Verwaltungsgemeinschaft Hesselberg,8.0
DE-V-095715538,Verwaltungsgemeinschaft Wolframs-Eschenbach,verband,Bayern,,,,,,
DE-V-095725510,Verwaltungsgemeinschaft Höchstadt a.d.Aisch,verband,Bayern,,,,,,
DE-V-095725512,Verwaltungsgemeinschaft Aurachtal,verband,Bayern,"Lange Straße 2, 91086 Aurachtal",,,way/44154357,Verwaltungsgemeinschaft Aurachtal,10.5
DE-V-095725514,Verwaltungsgemeinschaft Uttenreuth,verband,Bayern,,,mail@vg-uttenreuth.de,way/34114446,Verwaltungsgemeinschaft Uttenreuth,4.0
DE-V-095725539,Verwaltungsgemeinschaft Heßdorf,verband,Bayern,"Hannberger Straße 5, 91093 Heßdorf",+49 9135 737390,,node/2134966786,Verwaltungsgemeinschaft Heßdorf,11.0
DE-V-095735517,Verwaltungsgemeinschaft Veitsbronn,verband,Bayern,,,,,,
DE-V-095735540,Verwaltungsgemeinschaft Obermichelbach-Tuchenbach,verband,Bayern,,,,,,
DE-V-095745527,Verwaltungsgemeinschaft Velden,verband,Bayern,,,,,,
DE-V-095745528,Verwaltungsgemeinschaft Happurg,verband,Bayern,"Hersbrucker Straße 6, 91230",,,node/1999094833,,3.5
DE-V-095745529,Verwaltungsgemeinschaft Henfenfeld,verband,Bayern,"Kirchenstraße 10, 91239 Henfenfeld",,,way/410652201,,6.5
DE-V-095755518,Verwaltungsgemeinschaft Scheinfeld,verband,Bayern,"Hauptstraße 3, 91443 Scheinfeld",,,way/796755154,Rathaus Stadt Scheinfeld,8.5
DE-V-095755519,Verwaltungsgemeinschaft Uffenheim,verband,Bayern,"Marktplatz 16, 97215 Uffenheim",,,way/421653783,Rathaus,6.5
DE-V-095755520,Verwaltungsgemeinschaft Hagenbüchach-Wilhelmsdorf,verband,Bayern,"Schulstraße 11, 91469 Hagenbüchach",,,way/103438208,Rathaus,6.5
DE-V-095755521,Verwaltungsgemeinschaft Diespeck,verband,Bayern,"Rathausplatz 1, 91456 Diespeck",,,way/140544973,Rathaus Diespeck,8.5
DE-V-095755522,Verwaltungsgemeinschaft Uehlfeld,verband,Bayern,"Rosenhofstraße 6, 91486 Uehlfeld",,,way/433175720,Verwaltungsgemeinschaft Uehlfeld,10.5
DE-V-095755524,Verwaltungsgemeinschaft Burgbernheim,verband,Bayern,"Rathausplatz 1, 91593 Burgbernheim",,,way/233027094,Rathaus,6.5
DE-V-095755525,Verwaltungsgemeinschaft Neuhof a.d.Zenn,verband,Bayern,"Marktplatz 10, 90616 Neuhof a.d.Zenn",+49 9107 9244290,markt.neuhof@vg-neuhof.de,way/220668786,Rathaus,7.0
DE-V-095775532,Verwaltungsgemeinschaft Gunzenhausen,verband,Bayern,"Marktplatz 23, 91710 Gunzenhausen",,,way/140755100,Rathaus Gunzenhausen,5.1
DE-V-095775533,Verwaltungsgemeinschaft Altmühltal,verband,Bayern,"Hauptstraße 37, 91802 Meinheim",,,way/27891247,Verwaltungsgemeinschaft Altmühltal,7.3
DE-V-095775534,Verwaltungsgemeinschaft Ellingen,verband,Bayern,"Weißenburger Straße 1, 91792 Ellingen",,,node/4884157829,Rathaus Ellingen,8.5
DE-V-095775535,Verwaltungsgemeinschaft Nennslingen,verband,Bayern,,,,,,
DE-V-095775536,Verwaltungsgemeinschaft Hahnenkamm,verband,Bayern,,,,,,
DE-V-096715602,Verwaltungsgemeinschaft Heigenbrücken,verband,Bayern,,,,,,
DE-V-096715603,Verwaltungsgemeinschaft Mespelbrunn,verband,Bayern,,,,,,
DE-V-096715604,Verwaltungsgemeinschaft Schöllkrippen,verband,Bayern,"Marktplatz 1, 63825 Schöllkrippen",,,way/230981453,Rathaus Schöllkrippen,8.5
DE-V-096725606,Verwaltungsgemeinschaft Bad Brückenau,verband,Bayern,"Marktplatz 2, 97769 Bad Brückenau",,,way/185544029,Rathaus Bad Brückenau,5.3
DE-V-096725607,Verwaltungsgemeinschaft Elfershausen,verband,Bayern,"Marktstraße 17, 97725 Elfershausen",,,node/8625314739,,6.5
DE-V-096725608,Verwaltungsgemeinschaft Euerdorf,verband,Bayern,,,,,,
DE-V-096725609,Verwaltungsgemeinschaft Maßbach,verband,Bayern,"Marktplatz 1, 97711 Maßbach",,,way/28872556,,6.5
DE-V-096735633,Verwaltungsgemeinschaft Mellrichstadt,verband,Bayern,"Hauptstraße 4, 97638 Mellrichstadt",,,way/124157168,Rathaus Verwaltungsgemeinschaft Mellrichstadt,10.5
DE-V-096735634,Verwaltungsgemeinschaft Bad Königshofen i.Grabfeld,verband,Bayern,,,,,,
DE-V-096735635,Verwaltungsgemeinschaft Bad Neustadt a.d.Saale,verband,Bayern,,,,,,
DE-V-096735637,Verwaltungsgemeinschaft Fladungen,verband,Bayern,"Marktplatz 1, 97650 Fladungen",,,way/185485437,,6.5
DE-V-096735638,Verwaltungsgemeinschaft Heustreu,verband,Bayern,,,,,,
DE-V-096735639,Verwaltungsgemeinschaft Ostheim v.d.Rhön,verband,Bayern,,,,,,
DE-V-096735640,Verwaltungsgemeinschaft Saal a.d.Saale,verband,Bayern,,,,,,
DE-V-096745610,Verwaltungsgemeinschaft Ebelsbach,verband,Bayern,"Georg-Schäfer-Straße 56, 97500 Ebelsbach",+49 9522 7252-0,info@ebelsbach.de,way/807907642,Verwaltungsgemeinschaft Ebelsbach,11.0
DE-V-096745611,Verwaltungsgemeinschaft Ebern,verband,Bayern,,,,,,
DE-V-096745612,Verwaltungsgemeinschaft Hofheim i.UFr.,verband,Bayern,,,,,,
DE-V-096745613,Verwaltungsgemeinschaft Theres,verband,Bayern,,,,,,
DE-V-096755614,Verwaltungsgemeinschaft Wiesentheid,verband,Bayern,,,,,,
DE-V-096755615,Verwaltungsgemeinschaft Großlangheim,verband,Bayern,"Schwarzacher Straße 4, 97320 Großlangheim",,,node/293462056,Rathaus,6.5
DE-V-096755616,Verwaltungsgemeinschaft Iphofen,verband,Bayern,"Marktplatz 26, 27, 28, 97346 Iphofen",,,way/91256757,Rathaus,6.5
DE-V-096755617,Verwaltungsgemeinschaft Kitzingen,verband,Bayern,,,,,,
DE-V-096755618,Verwaltungsgemeinschaft Marktbreit,verband,Bayern,"Marktstraße, 97342",,,way/710700471,Rathaus,3.2
DE-V-096755619,Verwaltungsgemeinschaft Volkach,verband,Bayern,"Marktplatz 1, 97332 Volkach",+49 9381 4010,stadt@volkach.de,way/43367173,Rathaus,7.0
DE-V-096765626,Verwaltungsgemeinschaft Erftal,verband,Bayern,,,,,,
DE-V-096765627,Verwaltungsgemeinschaft Kleinheubach,verband,Bayern,,,,,,
DE-V-096765630,Verwaltungsgemeinschaft Kleinwallstadt,verband,Bayern,"Hauptstraße 2, 63839 Kleinwallstadt",,,way/298884979,Verwaltungsgemeinschaft Kleinwallstadt,10.5
DE-V-096765631,Verwaltungsgemeinschaft Mönchberg,verband,Bayern,"Hauptstraße 44, 63933 Mönchberg",,,way/780912745,,6.5
DE-V-096765632,Verwaltungsgemeinschaft Stadtprozelten,verband,Bayern,,,,,,
DE-V-096775620,Verwaltungsgemeinschaft Kreuzwertheim,verband,Bayern,,,,,,
DE-V-096775621,Verwaltungsgemeinschaft Marktheidenfeld,verband,Bayern,"Hauptstraße 29, 97840",,,node/1203250108,Rathaus,3.2
DE-V-096775622,Verwaltungsgemeinschaft Burgsinn,verband,Bayern,"Burgweg 1, 97775",+49 9356 99100,,node/2412392216,Rathaus Burgsinn,6.0
DE-V-096775623,Verwaltungsgemeinschaft Gemünden a.Main,verband,Bayern,,,,,,
DE-V-096775624,Verwaltungsgemeinschaft Lohr a.Main,verband,Bayern,,,,,,
DE-V-096775625,Verwaltungsgemeinschaft Zellingen,verband,Bayern,"Würzburger Straße, 97225 Zellingen",,,way/963585654,Rathaus,6.5
DE-V-096775656,Verwaltungsgemeinschaft Partenstein,verband,Bayern,"Hauptstraße 24, 97846 Partenstein",,,way/379074013,Rathaus (VG Partenstein),8.5
DE-V-096785642,Verwaltungsgemeinschaft Gerolzhofen,verband,Bayern,,,,,,
DE-V-096785643,Verwaltungsgemeinschaft Schwanfeld,verband,Bayern,"Rathausplatz 6, 97523 Schwanfeld",,,way/823844852,,6.5
DE-V-096795644,Verwaltungsgemeinschaft Aub,verband,Bayern,,,,,,
DE-V-096795645,Verwaltungsgemeinschaft Bergtheim,verband,Bayern,"Am Marktplatz 8, 97241 Bergtheim",+49 9367 900710,,way/281698610,Rathaus Bergtheim,9.0
DE-V-096795646,Verwaltungsgemeinschaft Eibelstadt,verband,Bayern,"Marktplatz 2, 97246 Eibelstadt",,,way/102712676,Rathaus,6.5
DE-V-096795647,Verwaltungsgemeinschaft Estenfeld,verband,Bayern,"Untere Ritterstraße 6, 97230 Estenfeld",,,way/342842643,,6.5
DE-V-096795648,Verwaltungsgemeinschaft Giebelstadt,verband,Bayern,"Marktplatz 3, 97232 Giebelstadt",,,way/87196336,,6.5
DE-V-096795649,Verwaltungsgemeinschaft Helmstadt,verband,Bayern,,,,,,
DE-V-096795650,Verwaltungsgemeinschaft Kirchheim,verband,Bayern,,,,,,
DE-V-096795651,Verwaltungsgemeinschaft Kist,verband,Bayern,,,,,,
DE-V-096795652,Verwaltungsgemeinschaft Margetshöchheim,verband,Bayern,"Mainstraße 15, 97276 Margetshöchheim",,,way/390561363,Rathaus,6.5
DE-V-096795654,Verwaltungsgemeinschaft Röttingen,verband,Bayern,"Marktplatz 1, 97285 Röttingen",,,way/340827855,Rathaus Röttingen,8.5
DE-V-096795655,Verwaltungsgemeinschaft Hettstadt,verband,Bayern,"Rathausplatz 2, 97265 Hettstadt",+49 931 468610,,way/28828901,Rathaus,7.0
DE-V-097715701,Verwaltungsgemeinschaft Aindling,verband,Bayern,"Marktplatz 1, 86447 Aindling",,,way/134949976,Rathaus Aindling,8.5
DE-V-097715703,Verwaltungsgemeinschaft Kühbach,verband,Bayern,"Marktplatz 3, 86556 Kühbach",,,way/57960602,Rathaus Kühbach,8.5
DE-V-097715704,Verwaltungsgemeinschaft Dasing,verband,Bayern,"Kirchstraße 7, 86453 Dasing",+49 8205 96050,info@vg-dasing.de,node/12874185995,VG Dasing,11.0
DE-V-097715705,Verwaltungsgemeinschaft Mering,verband,Bayern,"Kirchplatz 4, 86415 Mering",+49 8233 3801-0,,way/102437278,Mering Rathaus,9.0
DE-V-097715771,Verwaltungsgemeinschaft Pöttmes,verband,Bayern,"Marktplatz 18, 86554 Pöttmes",,,way/216536183,Rathaus,6.5
DE-V-097725706,Verwaltungsgemeinschaft Nordendorf,verband,Bayern,"Schäfflerstraße 6, 86695 Nordendorf",,,way/306400247,Gemeindeverwaltung / Sitz der VG Nordendorf,10.5
DE-V-097725707,Verwaltungsgemeinschaft Welden,verband,Bayern,"Marktplatz 1, 86465 Welden",,,way/277872018,Rathaus Verwaltungsgemeinschaft Welden,10.5
DE-V-097725708,Verwaltungsgemeinschaft Gessertshausen,verband,Bayern,"Hauptstraße 31, 86459 Gessertshausen",+49 8238 30060,,way/193872234,Rathaus Gessertshausen,9.0
DE-V-097725709,Verwaltungsgemeinschaft Stauden,verband,Bayern,,,,,,
DE-V-097725710,Verwaltungsgemeinschaft Großaitingen,verband,Bayern,"Am Alten Markt 3, 86845 Großaitingen",+49 8203 9600-0,poststelle@grossaitingen.de,way/126799948,Verwaltungsgemeinschaft Großaitingen,11.0
DE-V-097725711,Verwaltungsgemeinschaft Lechfeld,verband,Bayern,"Von-Imhof-Straße 6, 86836 Untermeitingen",+49 8232 5009-0,,way/260727731,Rathaus Verwaltungsgemeinschaft Lechfeld,8.0
DE-V-097725712,Verwaltungsgemeinschaft Langerringen,verband,Bayern,"Hauptstraße 16, 86853 Langerringen",+49 8232 9603 0,,way/266901463,Rathaus Langerringen,9.0
DE-V-097735713,Verwaltungsgemeinschaft Gundelfingen a.d.Donau,verband,Bayern,,,,,,
DE-V-097735714,Verwaltungsgemeinschaft Syrgenstein,verband,Bayern,Ringstraße 35,,,way/923189444,Verwaltungsgemeinschaft Syrgenstein,4.4
DE-V-097735715,Verwaltungsgemeinschaft Wittislingen,verband,Bayern,,,,,,
DE-V-097735716,Verwaltungsgemeinschaft Höchstädt a.d.Donau,verband,Bayern,,,,,,
DE-V-097735718,Verwaltungsgemeinschaft Wertingen,verband,Bayern,,+49 8272 84-0,,node/13920808446,Verwaltungsgemeinschaft Wertingen,4.5
DE-V-097735719,Verwaltungsgemeinschaft Holzheim,verband,Bayern,,,,,,
DE-V-097745727,Verwaltungsgemeinschaft Offingen,verband,Bayern,"Marktstraße 19, 89362 Offingen",+49 8224 9697-0,,way/152837276,Rathaus,7.0
DE-V-097745728,Verwaltungsgemeinschaft Haldenwang,verband,Bayern,,,,,,
DE-V-097745729,Verwaltungsgemeinschaft Kötz,verband,Bayern,"Obere Dorfstraße 3a, 89359 Kötz",+49 8221 20700,info@vg-koetz.de,node/5504112281,Verwaltungsgemeinschaft Kötz,11.0
DE-V-097745730,Verwaltungsgemeinschaft Ichenhausen,verband,Bayern,"Heinrich-Sinz-Straße 14, 89335 Ichenhausen",,,way/151223678,Rathaus Ichenhausen,8.5
DE-V-097745731,Verwaltungsgemeinschaft Krumbach (Schwaben),verband,Bayern,"Rittlen 6, 86381 Krumbach (Schwaben)",+49 8282 889960,info@vg-krumbach.de,node/10793006943,Verwaltungsgemeinschaft Krumbach,7.9
DE-V-097745732,Verwaltungsgemeinschaft Thannhausen,verband,Bayern,"Edmund-Zimmermann-Straße 3, 86470 Thannhausen",+49 8281 9010,vgem@thannhausen.de,way/198445823,Rathaus VG Thannhausen,11.0
DE-V-097745733,Verwaltungsgemeinschaft Ziemetshausen,verband,Bayern,,,,,,
DE-V-097755739,Verwaltungsgemeinschaft Pfaffenhofen a.d.Roth,verband,Bayern,,,,,,
DE-V-097755740,Verwaltungsgemeinschaft Altenstadt,verband,Bayern,"Hindenburgstraße 1, 89281 Altenstadt",,,way/319920800,Rathaus,6.5
DE-V-097755741,Verwaltungsgemeinschaft Buch,verband,Bayern,,,,,,
DE-V-097765735,Verwaltungsgemeinschaft Sigmarszell,verband,Bayern,"Hauptstraße 28, 88138 Sigmarszell",,,way/54519070,Gemeinde Sigmarszell,8.4
DE-V-097765737,Verwaltungsgemeinschaft Argental,verband,Bayern,,,,,,
DE-V-097765738,Verwaltungsgemeinschaft Stiefenhofen,verband,Bayern,,,,,,
DE-V-097775748,Verwaltungsgemeinschaft Buchloe,verband,Bayern,,,,,,
DE-V-097775749,Verwaltungsgemeinschaft Pforzen,verband,Bayern,"Bahnhofstraße 7, 87666 Pforzen",,,way/97867136,Gemeinde Pforzen,8.5
DE-V-097775751,Verwaltungsgemeinschaft Westendorf,verband,Bayern,"Am Kirchsteig 1, 87679 Westendorf",,,way/131291554,Gemeindeverwaltung,6.5
DE-V-097775752,Verwaltungsgemeinschaft Biessenhofen,verband,Bayern,,,,,,
DE-V-097775753,Verwaltungsgemeinschaft Eggenthal,verband,Bayern,"Römerstraße 12, 87653 Eggenthal",,,way/106302070,Verwaltungsgemeinschaft Eggenthal,10.5
DE-V-097775754,Verwaltungsgemeinschaft Obergünzburg,verband,Bayern,"Marktplatz 1, 87634 Obergünzburg",,,way/95246887,Verwaltungsgemeinschaft Obergünzburg,10.5
DE-V-097775755,Verwaltungsgemeinschaft Unterthingau,verband,Bayern,,,,,,
DE-V-097775756,Verwaltungsgemeinschaft Seeg,verband,Bayern,,,,,,
DE-V-097775770,Verwaltungsgemeinschaft Roßhaupten,verband,Bayern,,,,,,
DE-V-097775772,Verwaltungsgemeinschaft Stötten a.Auerberg,verband,Bayern,,,,,,
DE-V-097785757,Verwaltungsgemeinschaft Ottobeuren,verband,Bayern,,,,,,
DE-V-097785758,Verwaltungsgemeinschaft Babenhausen,verband,Bayern,"Marktplatz 1, 87727 Babenhausen",+49 8333 94000,,way/201276499,Rathaus,7.0
DE-V-097785759,Verwaltungsgemeinschaft Pfaffenhausen,verband,Bayern,"Sankt-Wendelin-Straße 1, 87772 Pfaffenhausen",,,way/329023146,Gemeindeamt,6.4
DE-V-097785760,Verwaltungsgemeinschaft Kirchheim i.Schw.,verband,Bayern,,,,,,
DE-V-097785761,Verwaltungsgemeinschaft Boos,verband,Bayern,"Fuggerstraße 3, 87737 Boos",,,way/252158208,Rathaus,6.5
DE-V-097785762,Verwaltungsgemeinschaft Erkheim,verband,Bayern,"Marktstraße 1, 87746 Erkheim",,,way/1009046795,Rathaus Erkheim,8.5
DE-V-097785764,Verwaltungsgemeinschaft Türkheim,verband,Bayern,,,,,,
DE-V-097785765,Verwaltungsgemeinschaft Memmingerberg,verband,Bayern,,,,,,
DE-V-097785766,Verwaltungsgemeinschaft Dirlewang,verband,Bayern,"Marktstraße 19, 87742 Dirlewang",,,way/104233818,Rathaus und VG Dirlewang,10.5
DE-V-097785767,Verwaltungsgemeinschaft Illerwinkel,verband,Bayern,,,,,,
DE-V-097785768,Verwaltungsgemeinschaft Bad Grönenbach,verband,Bayern,"Marktplatz 1, 87730 Bad Grönenbach",+49 8334 6050,,way/331923330,Rathaus Bad Grönenbach,9.0
DE-V-097795720,Verwaltungsgemeinschaft Wallerstein,verband,Bayern,"Weinstraße 19, 86757 Wallerstein",,,way/127099454,Rathaus,6.5
DE-V-097795721,Verwaltungsgemeinschaft Oettingen i.Bay.,verband,Bayern,"Schloßstraße 36, 86732 Oettingen i.Bay.",+49 9082 709-0,stadt@oettingen.de,way/153181011,Rathaus,7.0
DE-V-097795722,Verwaltungsgemeinschaft Ries,verband,Bayern,"Auf dem Wört 1, 73467 Kirchheim am Ries",+49 7362 956900,info@kirchheim-am-ries.de,node/10941658409,Gemeinde Kirchheim am Ries,5.4
DE-V-097795723,Verwaltungsgemeinschaft Wemding,verband,Bayern,,,,,,
DE-V-097795724,Verwaltungsgemeinschaft Monheim,verband,Bayern,"Marktplatz 23, 86653 Monheim",,,way/169810336,Rathaus,6.5
DE-V-097795725,Verwaltungsgemeinschaft Rain,verband,Bayern,"Hauptstraße 60, 86641 Rain",,,way/129800665,Rathaus,3.3
DE-V-097805742,Verwaltungsgemeinschaft Hörnergruppe,verband,Bayern,,,,,,
DE-V-097805745,Verwaltungsgemeinschaft Weitnau,verband,Bayern,"Hauchenbergweg 6, 87480 Weitnau",,,way/291584129,Rathaus Weitnau,8.5
DE-V-120605003,Amt Biesenthal-Barnim,verband,Brandenburg,,,,,,
DE-V-120605006,Amt Joachimsthal (Schorfheide),verband,Brandenburg,"Joachimsplatz 1, 16247 Joachimsthal",,,way/165080409,Rathaus Joachimsthal,8.5
DE-V-120605011,Amt Britz-Chorin-Oderberg,verband,Brandenburg,,,,,,
DE-V-120615108,Amt Schenkenländchen,verband,Brandenburg,"Markt 9, 15755 Teupitz",,,way/294175366,Amt Schenkenländchen,7.3
DE-V-120615113,Amt Lieberose/Oberspreewald,verband,Brandenburg,"Kirchstraße 11, 15913 Straupitz (Spreewald)",,,way/41718432,Amt Lieberose/Oberspreewald,6.7
DE-V-120615114,Amt Unterspreewald,verband,Brandenburg,,,,,,
DE-V-120625031,Verbandsgemeinde Liebenwerda,verband,Brandenburg,"Markt 1, 04924 Bad Liebenwerda",,,way/26572787,Rathaus,6.5
DE-V-120625202,Amt Elsterland,verband,Brandenburg,,,,,,
DE-V-120625205,Amt Kleine Elster (Niederlausitz),verband,Brandenburg,"Turmstraße 5, 03238 Massen-Niederlausitz",,,way/32910208,Amt Kleine Elster,7.4
DE-V-120625207,Amt Plessa,verband,Brandenburg,"Steinweg 6, 04928 Plessa",,,way/545684883,Amt Plessa,10.5
DE-V-120625209,Amt Schlieben,verband,Brandenburg,,,,,,
DE-V-120625211,Amt Schradenland,verband,Brandenburg,,,,,,
DE-V-120635302,Amt Friesack,verband,Brandenburg,"Marktstraße 22, 14662 Friesack",,,node/1359141005,Amt Friesack,10.5
DE-V-120635306,Amt Nennhausen,verband,Brandenburg,"Fouqué-Platz 3, 14715 Nennhausen",,,way/427460998,Amt Nennhausen,10.5
DE-V-120635309,Amt Rhinow,verband,Brandenburg,"Lilienthalstraße 3, 14728 Rhinow",+49 33875 3660,amtsdirektor@rhinow.de,node/602771262,Amt Rhinow,11.0
DE-V-120645403,Amt Falkenberg-Höhe,verband,Brandenburg,,,,,,
DE-V-120645404,Amt Golzow,verband,Brandenburg,,,,,,
DE-V-120645406,Amt Lebus,verband,Brandenburg,,+49 33604 4450,,node/273101780,Amt Lebus,4.5
DE-V-120645408,Amt Märkische Schweiz,verband,Brandenburg,"Hauptstraße 1, 15377 Buckow (Märkische Schweiz)",,,way/230077003,Amt Märkische Schweiz,6.9
DE-V-120645412,Amt Seelow-Land,verband,Brandenburg,,,,,,
DE-V-120645414,Amt Barnim-Oderbruch,verband,Brandenburg,,,,,,
DE-V-120655502,Amt Gransee und Gemeinden,verband,Brandenburg,,,,,,
DE-V-120665601,Amt Altdöbern,verband,Brandenburg,"Marktstraße 1, 03229 Altdöbern",,,way/337666722,Rathaus,6.5
DE-V-120665606,Amt Ortrand,verband,Brandenburg,"Altmarkt 1, 01990 Ortrand",,,way/1268197315,Rathaus Ortrand,8.5
DE-V-120665607,Amt Ruhland,verband,Brandenburg,"Rudolf-Breitscheid-Straße 4, 01945 Ruhland",,,way/50893291,Rathaus,6.5
DE-V-120675701,Amt Brieskow-Finkenheerd,verband,Brandenburg,,,,,,
DE-V-120675705,Amt Neuzelle,verband,Brandenburg,"Lindenpark 6, 15898 Neuzelle",+49 33652 8350,amt@neuzelle.de,node/12534030090,Amt Neuzelle,11.0
DE-V-120675706,Amt Odervorland,verband,Brandenburg,,,,,,
DE-V-120675707,Amt Scharmützelsee,verband,Brandenburg,"Forsthausstraße 4, 15526 Bad Saarow",+49 33631 45-141,,way/98355734,Amt Scharmützelsee,8.0
DE-V-120675708,Amt Schlaubetal,verband,Brandenburg,,,,,,
DE-V-120675709,Amt Spreenhagen,verband,Brandenburg,"Hauptstraße 13, 15528 Spreenhagen",,,way/801886392,Amt Spreenhagen,10.5
DE-V-120685804,Amt Lindow (Mark),verband,Brandenburg,"Straße des Friedens 20, 16835 Lindow (Mark)",+49 33933 896 30,,way/689283748,Amt Lindow (Mark),11.0
DE-V-120685805,Amt Neustadt (Dosse),verband,Brandenburg,"Bahnhofstraße 6, 16845 Neustadt (Dosse)",,,way/311154573,,6.5
DE-V-120685807,Amt Temnitz,verband,Brandenburg,,,,,,
DE-V-120695902,Amt Beetzsee,verband,Brandenburg,,,,,,
DE-V-120695904,Amt Brück,verband,Brandenburg,"Ernst-Thälmann-Straße 59, 14822 Brück",,,way/174506273,Amt Brück,10.5
DE-V-120695910,Amt Niemegk,verband,Brandenburg,"Großstraße 6, 14823 Niemegk",,,way/109366649,,6.5
DE-V-120695917,Amt Wusterwitz,verband,Brandenburg,"August-Bebel-Straße 10, 14789 Wusterwitz",,,way/793631959,Amt Wusterwitz,10.4
DE-V-120695918,Amt Ziesar,verband,Brandenburg,"Breiter Weg 32, 14793 Ziesar",,,way/279534153,Rathaus,6.5
DE-V-120705001,Amt Bad Wilsnack/Weisen,verband,Brandenburg,"Am Markt 1, 19336 Bad Wilsnack",,,way/267065132,Amt Bad Wilsnack - Weisen,10.5
DE-V-120705005,Amt Lenzen-Elbtalaue,verband,Brandenburg,"Kellerstraße 4, 19309 Lenzen (Elbe)",+49 38792 9880,mail@amtlenzen.de,way/178168730,Rathaus,7.0
DE-V-120705006,Amt Meyenburg,verband,Brandenburg,,,,,,
DE-V-120705009,Amt Putlitz-Berge,verband,Brandenburg,"Gebhard zu Putlitz Platz 1, 16949 Putlitz",,,way/296185523,Rathaus,5.9
DE-V-120715101,Amt Burg (Spreewald),verband,Brandenburg,"Hauptstraße 46, 03096 Burg (Spreewald)",+49 35603 6820,info@amt-burg-spreewald.de,way/103587811,Amt Burg (Spreewald),11.0
DE-V-120715102,Amt Döbern-Land,verband,Brandenburg,,,,,,
DE-V-120715107,Amt Peitz,verband,Brandenburg,"Schulstraße 6, 03185 Peitz",,,way/71404166,Amt Peitz,10.5
DE-V-120725204,Amt Dahme/Mark,verband,Brandenburg,"Lichterfelde 1a, 14913 Niederer Fläming",+49 33746 69618,,way/525195789,Amt Dahme/Mark – Außenstelle,3.2
DE-V-120735303,Amt Brüssow (Uckermark),verband,Brandenburg,,,,,,
DE-V-120735304,Amt Gartz (Oder),verband,Brandenburg,"Kleine Klosterstraße 153, 16307 Gartz (Oder)",+49 3333 277-0,info@gartz.de,way/183737439,Amt Gartz (Oder),11.0
DE-V-120735305,Amt Gerswalde,verband,Brandenburg,"Dorfmitte 14a, 17268 Gerswalde",,,node/8000171669,Amt Gerswalde,10.5
DE-V-120735306,Amt Gramzow,verband,Brandenburg,"Poststraße 25, 17291 Gramzow",,,way/108498438,Amt Gramzow,10.5
DE-V-130715151,Amt Demmin-Land,verband,Mecklenburg-Vorpommern,,,,,,
DE-V-130715152,Amt Friedland,verband,Mecklenburg-Vorpommern,"Riemannstraße 42, 17098 Friedland",,,way/157075912,Rathaus Friedland,8.5
DE-V-130715153,Amt Malchin am Kummerower See,verband,Mecklenburg-Vorpommern,,,,,,
DE-V-130715154,Amt Malchow,verband,Mecklenburg-Vorpommern,"Alter Markt 1, 17213 Malchow",,,way/94523488,Rathaus,6.5
DE-V-130715155,Amt Mecklenburgische Kleinseenplatte,verband,Mecklenburg-Vorpommern,"Rudolf-Breitscheid-Straße 24, 17252 Mirow",,,way/219041390,Amt Mecklenburgische Kleinseenplatte,7.5
DE-V-130715156,Amt Neustrelitz-Land,verband,Mecklenburg-Vorpommern,,,,,,
DE-V-130715157,Amt Neverin,verband,Mecklenburg-Vorpommern,"Dorfstraße 36, 17039 Neverin",,,way/389526028,,6.5
DE-V-130715158,Amt Penzliner Land,verband,Mecklenburg-Vorpommern,,,,,,
DE-V-130715159,Amt Röbel-Müritz,verband,Mecklenburg-Vorpommern,,,,,,
DE-V-130715160,Amt Seenlandschaft Waren,verband,Mecklenburg-Vorpommern,,,,,,
DE-V-130715161,Amt Stargarder Land,verband,Mecklenburg-Vorpommern,,,,,,
DE-V-130715162,Amt Stavenhagen,verband,Mecklenburg-Vorpommern,,,,,,
DE-V-130715163,Amt Treptower Tollensewinkel,verband,Mecklenburg-Vorpommern,,,,,,
DE-V-130715164,Amt Woldegk,verband,Mecklenburg-Vorpommern,,,,,,
DE-V-130725251,Amt Bad Doberan-Land,verband,Mecklenburg-Vorpommern,"Severinstraße 6, 18209 Bad Doberan",,,way/88317703,Rathaus,6.2
DE-V-130725252,Amt Bützow-Land,verband,Mecklenburg-Vorpommern,,,,,,
DE-V-130725253,Amt Carbäk,verband,Mecklenburg-Vorpommern,,,,,,
DE-V-130725254,Amt Gnoien,verband,Mecklenburg-Vorpommern,"Markt 11, 17179 Gnoien",,,way/189277574,Rathaus Gnoien,8.5
DE-V-130725255,Amt Güstrow-Land,verband,Mecklenburg-Vorpommern,,,,,,
DE-V-130725256,Amt Krakow am See,verband,Mecklenburg-Vorpommern,,,,,,
DE-V-130725257,Amt Laage,verband,Mecklenburg-Vorpommern,"Am Markt 7, 18299 Laage",,,way/33268106,Rathaus Laage,8.5
DE-V-130725258,Amt Mecklenburgische Schweiz,verband,Mecklenburg-Vorpommern,,,,,,
DE-V-130725259,Amt Neubukow-Salzhaff,verband,Mecklenburg-Vorpommern,,,,,,
DE-V-130725260,Amt Rostocker Heide,verband,Mecklenburg-Vorpommern,,,,,,
DE-V-130725261,Amt Schwaan,verband,Mecklenburg-Vorpommern,,,,,,
DE-V-130725262,Amt Tessin,verband,Mecklenburg-Vorpommern,,,,,,
DE-V-130725263,Amt Warnow-West,verband,Mecklenburg-Vorpommern,,,,,,
DE-V-130735351,Amt Altenpleen,verband,Mecklenburg-Vorpommern,,,,,,
DE-V-130735352,Amt Barth,verband,Mecklenburg-Vorpommern,,,,,,
DE-V-130735353,Amt Bergen auf Rügen,verband,Mecklenburg-Vorpommern,,,,,,
DE-V-130735354,Amt Darß/Fischland,verband,Mecklenburg-Vorpommern,,,,,,
DE-V-130735355,Amt Franzburg-Richtenberg,verband,Mecklenburg-Vorpommern,,,,,,
DE-V-130735356,Amt Miltzow,verband,Mecklenburg-Vorpommern,,,,,,
DE-V-130735357,Amt Mönchgut-Granitz,verband,Mecklenburg-Vorpommern,,,,,,
DE-V-130735358,Amt Niepars,verband,Mecklenburg-Vorpommern,,,,,,
DE-V-130735359,Amt Nord-Rügen,verband,Mecklenburg-Vorpommern,,,,,,
DE-V-130735360,Amt Recknitz-Trebeltal,verband,Mecklenburg-Vorpommern,,,,,,
DE-V-130735361,Amt Ribnitz-Damgarten,verband,Mecklenburg-Vorpommern,"Am Markt 1, 18311 Ribnitz-Damgarten",+49382189340,,way/116820946,Rathaus,7.0
DE-V-130735362,Amt West-Rügen,verband,Mecklenburg-Vorpommern,,,,,,
DE-V-130745451,Amt Dorf Mecklenburg-Bad Kleinen,verband,Mecklenburg-Vorpommern,,,,,,
DE-V-130745452,Amt Gadebusch,verband,Mecklenburg-Vorpommern,"Am Markt 1, 19205 Gadebusch",,,way/265672025,Rathaus,6.5
DE-V-130745453,Amt Grevesmühlen-Land,verband,Mecklenburg-Vorpommern,,,,,,
DE-V-130745454,Amt Klützer Winkel,verband,Mecklenburg-Vorpommern,"Schloßstraße 1, 23948 Klütz",+49 38825 3930,,way/570505289,Amt Klützer Winkel,8.0
DE-V-130745455,Amt Lützow-Lübstorf,verband,Mecklenburg-Vorpommern,Dorfmitte Lützow 24,,,way/261211132,Amt Lützow-Lübstorf,3.6
DE-V-130745456,Amt Neuburg,verband,Mecklenburg-Vorpommern,,,,,,
DE-V-130745457,Amt Neukloster-Warin,verband,Mecklenburg-Vorpommern,,,,,,
DE-V-130745458,Amt Rehna,verband,Mecklenburg-Vorpommern,"Mühlenstraße 1, 19217 Rehna",,,way/264370895,,6.5
DE-V-130745459,Amt Schönberger Land,verband,Mecklenburg-Vorpommern,,,,,,
DE-V-130755551,Amt Am Peenestrom,verband,Mecklenburg-Vorpommern,"Burgstraße 6, 17438 Wolgast",,,way/199559740,Amt Am Peenestrom Stadtverwaltung Wolgast,7.5
DE-V-130755552,Amt Am Stettiner Haff,verband,Mecklenburg-Vorpommern,,,,,,
DE-V-130755553,Amt Anklam-Land,verband,Mecklenburg-Vorpommern,,,,,,
DE-V-130755554,Amt Jarmen-Tutow,verband,Mecklenburg-Vorpommern,,,,,,
DE-V-130755555,Amt Landhagen,verband,Mecklenburg-Vorpommern,"Theodor-Körner-Straße 36, 17498 Neuenkirchen",+49 3834 89510,,way/159646503,Amt Landhagen,8.0
DE-V-130755556,Amt Löcknitz-Penkun,verband,Mecklenburg-Vorpommern,"Chausseestraße 30, 17321 Löcknitz",,,way/258624197,Amt Löcknitz-Penkun,10.5
DE-V-130755557,Amt Lubmin,verband,Mecklenburg-Vorpommern,,,,,,
DE-V-130755558,Amt Peenetal/Loitz,verband,Mecklenburg-Vorpommern,,,,,,
DE-V-130755559,Amt Torgelow-Ferdinandshof,verband,Mecklenburg-Vorpommern,,,,,,
DE-V-130755560,Amt Uecker-Randow-Tal,verband,Mecklenburg-Vorpommern,,,,,,
DE-V-130755561,Amt Usedom-Nord,verband,Mecklenburg-Vorpommern,,,,,,
DE-V-130755562,Amt Usedom-Süd,verband,Mecklenburg-Vorpommern,,,,,,
DE-V-130755563,Amt Züssow,verband,Mecklenburg-Vorpommern,"Dorfstraße 6, 17495 Züssow",+49 38355 6430,,way/303167728,Amt Züssow,11.0
DE-V-130765652,Amt Boizenburg-Land,verband,Mecklenburg-Vorpommern,,,,,,
DE-V-130765654,Amt Dömitz-Malliß,verband,Mecklenburg-Vorpommern,"Rathausplatz 1, 19303 Dömitz",,,way/41020272,Rathaus,6.5
DE-V-130765655,Amt Eldenburg Lübz,verband,Mecklenburg-Vorpommern,,,,,,
DE-V-130765656,Amt Goldberg-Mildenitz,verband,Mecklenburg-Vorpommern,,,,,,
DE-V-130765657,Amt Grabow,verband,Mecklenburg-Vorpommern,,,,,,
DE-V-130765658,Amt Hagenow-Land,verband,Mecklenburg-Vorpommern,,,,,,
DE-V-130765659,Amt Ludwigslust-Land,verband,Mecklenburg-Vorpommern,,,,,,
DE-V-130765660,Amt Neustadt-Glewe,verband,Mecklenburg-Vorpommern,"Markt 1, 19306 Neustadt-Glewe",,,way/202703622,Rathaus Neustadt-Glewe,8.5
DE-V-130765662,Amt Parchimer Umland,verband,Mecklenburg-Vorpommern,,,,,,
DE-V-130765663,Amt Plau am See,verband,Mecklenburg-Vorpommern,"Markt 2, 19395 Plau am See",,,way/71325975,Rathaus,6.5
DE-V-130765664,Amt Sternberger Seenlandschaft,verband,Mecklenburg-Vorpommern,,,,,,
DE-V-130765665,Amt Stralendorf,verband,Mecklenburg-Vorpommern,,,,,,
DE-V-130765666,Amt Wittenburg,verband,Mecklenburg-Vorpommern,"Am Markt 1, 19243 Wittenburg",,,way/237747609,Rathaus der Stadt Wittenburg,8.5
DE-V-130765667,Amt Zarrentin,verband,Mecklenburg-Vorpommern,"Kirchplatz 2, 19246 Zarrentin am Schaalsee",,,way/113245105,Rathaus Zarrentin,8.5
DE-V-130765668,Amt Crivitz,verband,Mecklenburg-Vorpommern,"Amtsstraße 5, 19089 Crivitz",,,way/94729611,Amt Crivitz,10.5
DE-V-146265503,Verwaltungsverband Weißer Schöps/Neiße,verband,Sachsen,,,,,,
DE-V-150815051,Verbandsgemeinde Beetzendorf-Diesdorf,verband,Sachsen-Anhalt,,,,,,
DE-V-150835051,Verbandsgemeinde Elbe-Heide,verband,Sachsen-Anhalt,,,,,,
DE-V-150835052,Verbandsgemeinde Flechtingen,verband,Sachsen-Anhalt,"Lindenplatz 13-15, 39345 Flechtingen",+49 39054 986100,info@vg-flechtingen.de,way/1052824249,Verbandsgemeinde Flechtingen,11.0
DE-V-150835053,Verbandsgemeinde Obere Aller,verband,Sachsen-Anhalt,"Zimmermannplatz 2, 39365 Eilsleben",,,way/907284426,Verbandsgemeinde Obere Aller,7.5
DE-V-150835054,Verbandsgemeinde Westliche Börde,verband,Sachsen-Anhalt,"Marktstraße 7, 39397 Gröningen",,,way/166615309,Verbandsgemeinde Westliche Börde,7.5
DE-V-150845051,Verbandsgemeinde An der Finne,verband,Sachsen-Anhalt,"Bahnhofstraße 2a, 06647 Bad Bibra",,,way/159379276,Verbandsgemeinde An der Finne – Verwaltungsamt,6.9
DE-V-150845052,Verbandsgemeinde Droyßiger-Zeitzer Forst,verband,Sachsen-Anhalt,,,,,,
DE-V-150845053,Verbandsgemeinde Unstruttal,verband,Sachsen-Anhalt,,,,,,
DE-V-150845054,Verbandsgemeinde Wethautal,verband,Sachsen-Anhalt,,,,,,
DE-V-150855051,Verbandsgemeinde Vorharz,verband,Sachsen-Anhalt,"Markt 7, 38828 Wegeleben",,,way/893956924,Rathaus / Verwaltungssitz Verbandsgemeinde Vorharz,7.5
DE-V-150875051,Verbandsgemeinde Goldene Aue,verband,Sachsen-Anhalt,,,,,,
DE-V-150875052,Verbandsgemeinde Mansfelder Grund-Helbra,verband,Sachsen-Anhalt,,,,,,
DE-V-150885051,Verbandsgemeinde Weida-Land,verband,Sachsen-Anhalt,,,,,,
DE-V-150895051,Verbandsgemeinde Egelner Mulde,verband,Sachsen-Anhalt,"Markt 18, 39435 Egeln",,,way/208694491,Verwaltungsgemeinschaft Egelner Mulde,7.5
DE-V-150895052,Verbandsgemeinde Saale-Wipper,verband,Sachsen-Anhalt,,,,,,
DE-V-150905051,Verbandsgemeinde Arneburg-Goldbeck,verband,Sachsen-Anhalt,"An der Zuckerfabrik 1, 39596 Goldbeck",+49 39388 97111,kontakt@arneburg-goldbeck.de,way/320636348,Verbandsgemeinde Arneburg-Goldbeck,7.5
DE-V-150905052,Verbandsgemeinde Elbe-Havel-Land,verband,Sachsen-Anhalt,,,,,,
DE-V-150905053,Verbandsgemeinde Seehausen (Altmark),verband,Sachsen-Anhalt,"Große Brüderstraße 1, 39615 Seehausen (Altmark)",,,way/181625634,Rathaus,6.5
DE-V-160615001,Verwaltungsgemeinschaft Lindenberg/Eichsfeld,verband,Thüringen,"Hauptstraße 17, 37339 Teistungen",+49 36071 845,,way/427259322,Verwaltungsgemeinschaft Lindenberg - Eichsfeld,8.0
DE-V-160615006,Verwaltungsgemeinschaft Eichsfeld-Wipperaue,verband,Thüringen,"Weststraße 2, 37339 Breitenworbis",+49 36074 770,poststelle@eichsfeld-wipperaue.de,way/336053741,"Verwaltungsgemeinschaft ""Eichsfeld-Wipperaue""",8.0
DE-V-160615008,Verwaltungsgemeinschaft Hanstein-Rusteberg,verband,Thüringen,,,,,,
DE-V-160615009,Verwaltungsgemeinschaft Leinetal,verband,Thüringen,,,,,,
DE-V-160615013,Verwaltungsgemeinschaft Westerwald-Obereichsfeld,verband,Thüringen,,,,,,
DE-V-160615014,Verwaltungsgemeinschaft Ershausen/Geismar,verband,Thüringen,,,,,,
DE-V-160635006,Verwaltungsgemeinschaft Hainich-Werratal,verband,Thüringen,,,,,,
DE-V-160645001,Verwaltungsgemeinschaft Bad Tennstedt,verband,Thüringen,,,,,,
DE-V-160655002,Verwaltungsgemeinschaft Greußen,verband,Thüringen,"Markt 1, 99718 Greußen",,,way/226370452,Rathaus,6.4
DE-V-160665005,Verwaltungsgemeinschaft Hohe Rhön,verband,Thüringen,,,,,,
DE-V-160665013,Verwaltungsgemeinschaft Wasungen-Amt Sand,verband,Thüringen,"Schulzenstraße, 98634 Wasungen",,,way/578617126,Gemeindeverwaltung,6.3
DE-V-160665014,Verwaltungsgemeinschaft Dolmar-Salzbrücke,verband,Thüringen,,,,,,
DE-V-160675007,Verwaltungsgemeinschaft Nesseaue,verband,Thüringen,,,,,,
DE-V-160675012,Verwaltungsgemeinschaft Fahner Höhe,verband,Thüringen,,,,,,
DE-V-160685002,Verwaltungsgemeinschaft Gera-Aue,verband,Thüringen,,,,,,
DE-V-160685005,Verwaltungsgemeinschaft Kindelbrück,verband,Thüringen,,,,,,
DE-V-160685006,Verwaltungsgemeinschaft Kölleda,verband,Thüringen,"Markt 1, 99625 Kölleda",,,node/14206316451,Stadt Kölleda,7.9
DE-V-160685009,Verwaltungsgemeinschaft Straußfurt,verband,Thüringen,"Bahnhofstraße 10, 99634 Straußfurt",,,way/179942649,Verwaltungsgemeinschaft Straußfurt,10.5
DE-V-160685012,Verwaltungsgemeinschaft Gramme-Vippach,verband,Thüringen,,,,,,
DE-V-160695002,Verwaltungsgemeinschaft Feldstein,verband,Thüringen,"Markt 1, 98660 Themar",+49 36873 6880,info@vg-feldstein.de,node/6132623334,Verwaltungsgemeinschaft Feldstein,8.0
DE-V-160695004,Verwaltungsgemeinschaft Heldburger Unterland,verband,Thüringen,"Häfenmarkt 164, 98663",,,node/879597760,Verwaltungsgemeinschaft Heldburger Unterland,7.5
DE-V-160705002,Verwaltungsgemeinschaft Geratal/Plaue,verband,Thüringen,"Zum Bahnhof 59a, 99331 Geratal",,,node/12184219326,Verwaltungsgemeinschaft Geratal/Plaue,7.1
DE-V-160705009,Verwaltungsgemeinschaft Riechheimer Berg,verband,Thüringen,,,,,,
DE-V-160715007,Verwaltungsgemeinschaft Kranichfeld,verband,Thüringen,,,,,,
DE-V-160715008,Verwaltungsgemeinschaft Mellingen,verband,Thüringen,"Karl-Alexander-Straße 134a, 99441 Mellingen",,,way/203872964,Verwaltungsgemeinschaft Mellingen,10.5
DE-V-160735005,Verwaltungsgemeinschaft Schiefergebirge,verband,Thüringen,,,,,,
DE-V-160735012,Verwaltungsgemeinschaft Schwarzatal,verband,Thüringen,,,,,,
DE-V-160745005,Verwaltungsgemeinschaft Heideland-Elstertal-Schkölen,verband,Thüringen,Flemmingstraße 17,,,way/307059533,Verwaltungsgemeinschaft Heideland-Elstertal-Schkölen,4.2
DE-V-160745007,Verwaltungsgemeinschaft Hügelland/Täler,verband,Thüringen,,,,,,
DE-V-160745011,Verwaltungsgemeinschaft Südliches Saaletal,verband,Thüringen,,,,,,
DE-V-160745014,Verwaltungsgemeinschaft Hermsdorf,verband,Thüringen,,,,,,
DE-V-160745015,Verwaltungsgemeinschaft Dornburg-Camburg,verband,Thüringen,"Markt 21, 07774 Dornburg-Camburg",,,way/333638504,,6.2
DE-V-160755004,Verwaltungsgemeinschaft Seenplatte,verband,Thüringen,,,,,,
DE-V-160755005,Verwaltungsgemeinschaft Oppurg,verband,Thüringen,,,,,,
DE-V-160755011,Verwaltungsgemeinschaft Triptis,verband,Thüringen,,,,,,
DE-V-160755013,Verwaltungsgemeinschaft Ranis-Ziegenrück,verband,Thüringen,"Pößnecker Straße 2, 07389 Ranis",,,way/56190831,Verwaltungsgemeinschaft Ranis-Ziegenrück,10.5
DE-V-160765004,Verwaltungsgemeinschaft Ländereck,verband,Thüringen,,,,,,
DE-V-160765006,Verwaltungsgemeinschaft Münchenbernsdorf,verband,Thüringen,"Karl-Marx-Platz 13, 07589 Münchenbernsdorf",,,node/1077101284,,6.5
DE-V-160765008,Verwaltungsgemeinschaft Am Brahmetal,verband,Thüringen,,,,,,
DE-V-160775004,Verwaltungsgemeinschaft Pleißenaue,verband,Thüringen,,,,,,
DE-V-160775005,Verwaltungsgemeinschaft Rositz,verband,Thüringen,"Karl-Marx-Straße 48b, 04617 Rositz",+49 34498 4540,sekretariat.goepel@vg-rositz.de,way/158889388,Gemeindehaus Rositz,8.9
DE-V-160775009,Verwaltungsgemeinschaft Oberes Sprottental,verband,Thüringen,,,,,,
DE-K-01051,Kreis Dithmarschen,kreis,Schleswig-Holstein,,,,,,
DE-K-01053,Kreis Herzogtum Lauenburg,kreis,Schleswig-Holstein,"Am Markt 4, 23909 Ratzeburg",+494541 801010,,node/14068732710,Kreisverwaltung Herzogtum Lauenburg,4.5
DE-K-01054,Kreis Nordfriesland,kreis,Schleswig-Holstein,,,,,,
DE-K-01055,Kreis Ostholstein,kreis,Schleswig-Holstein,"Lübecker Straße 41, 23701 Eutin",,,way/118806563,Kreisverwaltung Ostholstein,4.3
DE-K-01056,Kreis Pinneberg,kreis,Schleswig-Holstein,"Kurt-Wagener-Straße 11, 25337 Elmshorn",,,way/291770262,Kreisverwaltung Kreis Pinneberg,4.4
DE-K-01057,Kreis Plön,kreis,Schleswig-Holstein,,,,,,
DE-K-01058,Kreis Rendsburg-Eckernförde,kreis,Schleswig-Holstein,"Kaiserstraße 8, 24768 Rendsburg",,,relation/14425163,Kreisverwaltung Rendsburg-Eckernförde,7.3
DE-K-01059,Kreis Schleswig-Flensburg,kreis,Schleswig-Holstein,"Flensburger Straße 7, 24837 Schleswig",,,way/111718311,Kreisverwaltung Kreis Schleswig-Flensburg,7.2
DE-K-01060,Kreis Segeberg,kreis,Schleswig-Holstein,,,,,,
DE-K-01061,Kreis Steinburg,kreis,Schleswig-Holstein,,,,,,
DE-K-01062,Kreis Stormarn,kreis,Schleswig-Holstein,"Mommsenstraße 13, 23843 Bad Oldesloe",,,node/5103017693,Kreisverwaltung Stormarn,4.2
DE-K-03151,Landkreis Gifhorn,kreis,Niedersachsen,,,,,,
DE-K-03153,Landkreis Goslar,kreis,Niedersachsen,"Klubgartenstraße 9a, Goslar",,,way/287801703,Landkreis Goslar,7.5
DE-K-03154,Landkreis Helmstedt,kreis,Niedersachsen,,,,,,
DE-K-03155,Landkreis Northeim,kreis,Niedersachsen,,,,,,
DE-K-03157,Landkreis Peine,kreis,Niedersachsen,"Burgstraße 1, 31224 Peine",+49 5171 4010,,way/324966492,Kreishaus des Landkreises Peine,7.9
DE-K-03158,Landkreis Wolfenbüttel,kreis,Niedersachsen,"Bahnhofstraße 11, 38300 Wolfenbüttel",+49 5331 840,,way/235871095,Landkreis Wolfenbüttel,8.0
DE-K-03159,Landkreis Göttingen,kreis,Niedersachsen,"Reinhäuser Landstraße 4, 37083 Göttingen",+49 551 5250,,way/354583561,Landkreisverwaltung Göttingen,7.9
DE-K-03241,Landkreis Region Hannover,kreis,Niedersachsen,,,,,,
DE-K-03251,Landkreis Diepholz,kreis,Niedersachsen,,,,,,
DE-K-03252,Landkreis Hameln-Pyrmont,kreis,Niedersachsen,"Süntelstraße 9, 31785 Hameln",,,way/93230344,Kreishaus Hameln-Pyrmont,7.5
DE-K-03254,Landkreis Hildesheim,kreis,Niedersachsen,"Marie-Wagenknecht-Straße 3, 31134 Hildesheim",,,way/227364654,Landkreis Hildesheim / Kreishaus,7.4
DE-K-03255,Landkreis Holzminden,kreis,Niedersachsen,"Bürgermeister-Schrader-Straße 24, 37603 Holzminden",+49 5531 7071,,node/2340315914,Landratsamt Kreis Holzminden,7.8
DE-K-03256,Landkreis Nienburg (Weser),kreis,Niedersachsen,"Schloßplatz 1, 31582 Nienburg/Weser",,,way/228524785,Kreisverwaltung Landkreis Nienburg,7.4
DE-K-03257,Landkreis Schaumburg,kreis,Niedersachsen,,,,,,
DE-K-03351,Landkreis Celle,kreis,Niedersachsen,"Trift 26A, 29221 Celle",,,node/522240710,"Landkreis Celle, Rettungsdienst",7.4
DE-K-03352,Landkreis Cuxhaven,kreis,Niedersachsen,"Vincent-Lübeck-Straße 2, 27474 Cuxhaven",,,way/97381513,Kreishaus - Landkreis Cuxhaven,7.0
DE-K-03353,Landkreis Harburg,kreis,Niedersachsen,"Bahnhofstraße 80, 21423 Winsen (Luhe)",+49 4171 693 0,,node/13639662888,"Landkreis Harburg, Riedels Eck",4.7
DE-K-03354,Landkreis Lüchow-Dannenberg,kreis,Niedersachsen,,,,,,
DE-K-03355,Landkreis Lüneburg,kreis,Niedersachsen,"Oedemer Weg 77, 21335 Lüneburg",+49 4131 762830,jens.lohmann@landkreis.lueneburg.de,node/5342154288,"Landkreis Lüneburg, Kreisarchiv",7.9
DE-K-03356,Landkreis Osterholz,kreis,Niedersachsen,,,,,,
DE-K-03357,Landkreis Rotenburg (Wümme),kreis,Niedersachsen,,,,,,
DE-K-03358,Heidekreis,kreis,Niedersachsen,"Vogteistraße 19, 29683 Bad Fallingbostel",+49 5162 970-0,,way/284534403,Kreisverwaltung Heidekreis,4.9
DE-K-03359,Landkreis Stade,kreis,Niedersachsen,"Am Sande 2, 21682 Stade",,,way/374053296,Landkreis Stade Kreishaus Gebäude C,7.4
DE-K-03360,Landkreis Uelzen,kreis,Niedersachsen,"Albrecht-Thaer-Straße 101, 29525 Uelzen",+49581820,,relation/17810989,Landkreis Uelzen Kreishaus,8.0
DE-K-03361,Landkreis Verden,kreis,Niedersachsen,"Lindhooper Straße 67, 27283 Verden (Aller)",+49 4231 15-0,,node/4416183784,Landkreis Verden,7.8
DE-K-03451,Landkreis Ammerland,kreis,Niedersachsen,"Ammerlandallee 12, 26655 Westerstede",,,way/24959627,Kreishaus Ammerland,4.4
DE-K-03452,Landkreis Aurich,kreis,Niedersachsen,"Fischteichweg 7-13, 26603 Aurich",+49 4941 16 3600,,node/1276678256,Landkreis Aurich Verwaltung,7.8
DE-K-03453,Landkreis Cloppenburg,kreis,Niedersachsen,"Pater-Delp-Straße 29, 49661 Cloppenburg",,,way/47149494,Kreishaus Landkreis Cloppenburg,7.3
DE-K-03454,Landkreis Emsland,kreis,Niedersachsen,"Ordeniederung 1, 49716 Meppen",,,way/194831681,Kreishaus Landkreis Emsland,4.4
DE-K-03455,Landkreis Friesland,kreis,Niedersachsen,"Beethovenstraße 1, 26441 Jever",+49 4461 919-0,planung@friesland.de,way/38876395,"Landkreis Friesland Fachbereich Gebäudemanagment, Planung und Bauordnung",4.8
DE-K-03456,Landkreis Grafschaft Bentheim,kreis,Niedersachsen,"Jahnstraße 31, 48529 Nordhorn",,,way/200159385,Landkreis Grafschaft Bentheim - Abt. Unbebaute Liegenschaften & Grundstücks- und Entwicklungsgesellschaft,4.5
DE-K-03457,Landkreis Leer,kreis,Niedersachsen,"Deichstraße 26, 26789 Leer (Ostfriesland)",+49 491 9263111,,node/13921104813,Straßenverkehrsamt - Landkreis Leer,7.9
DE-K-03458,Landkreis Oldenburg,kreis,Niedersachsen,"Delmenhorster Straße 6, 27793 Wildeshausen",,,way/29355801,Kreishaus Landkreis Oldenburg,4.3
DE-K-03459,Landkreis Osnabrück,kreis,Niedersachsen,"Am Schölerberg 1, 49082 Osnabrück",+49 541 5013120,gesundheitsdienst@landkreis-osnabrueck.de,node/9184178864,Gesundheitsdienst für Landkreis und Stadt Osnabrück,7.8
DE-K-03460,Landkreis Vechta,kreis,Niedersachsen,,,,,,
DE-K-03461,Landkreis Wesermarsch,kreis,Niedersachsen,,,,,,
DE-K-03462,Landkreis Wittmund,kreis,Niedersachsen,"Schloßstraße 11, 26409 Wittmund",+49 4462 86-01,ordnungsamt@lk.wittmund.de,way/87346266,Landkreis Wittmund - Ordnungsamt,7.9
DE-K-05154,Kreis Kleve,kreis,Nordrhein-Westfalen,,,,,,
DE-K-05158,Kreis Mettmann,kreis,Nordrhein-Westfalen,"Düsseldorfer Straße 26, 40822 Mettmann",+49 2104 990,,node/4605399791,"Kreisverwaltung Mettmann, Verwaltungsgebäude 1",7.9
DE-K-05162,Rhein-Kreis Neuss,kreis,Nordrhein-Westfalen,,,,,,
DE-K-05166,Kreis Viersen,kreis,Nordrhein-Westfalen,,,,,,
DE-K-05170,Kreis Wesel,kreis,Nordrhein-Westfalen,,,,,,
DE-K-05334,Kreis Städteregion Aachen,kreis,Nordrhein-Westfalen,,,,,,
DE-K-05358,Kreis Düren,kreis,Nordrhein-Westfalen,"Bismarckstraße 16, 52351 Düren",,,way/807192495,Kreisverwaltung Düren,7.4
DE-K-05362,Rhein-Erft-Kreis,kreis,Nordrhein-Westfalen,"Willy-Brandt-Platz 1, 50126 Bergheim",+49 2271 830,,relation/4049655,Kreisverwaltung Rhein-Erft-Kreis,4.8
DE-K-05366,Kreis Euskirchen,kreis,Nordrhein-Westfalen,"Jülicher Ring 32, 53879 Euskirchen",+49 2251 150,mailbox@kreis-euskirchen.de,relation/3363696,Kreisverwaltung Euskirchen,7.8
DE-K-05370,Kreis Heinsberg,kreis,Nordrhein-Westfalen,"Valkenburger Straße 45, 52525 Heinsberg",,,way/186999185,Kreisverwaltung Heinsberg,7.4
DE-K-05374,Oberbergischer Kreis,kreis,Nordrhein-Westfalen,,,,,,
DE-K-05378,Rheinisch-Bergischer Kreis,kreis,Nordrhein-Westfalen,,,,,,
DE-K-05382,Rhein-Sieg-Kreis,kreis,Nordrhein-Westfalen,,,,,,
DE-K-05554,Kreis Borken,kreis,Nordrhein-Westfalen,"Burloer Straße 93, 46325 Borken",,,way/244235340,Kreishaus Borken,7.3
DE-K-05558,Kreis Coesfeld,kreis,Nordrhein-Westfalen,"Friedrich-Ebert-Straße 7, 48653 Coesfeld",,,node/340093058,Kreisverwaltung Coesfeld,7.2
DE-K-05562,Kreis Recklinghausen,kreis,Nordrhein-Westfalen,,,,,,
DE-K-05566,Kreis Steinfurt,kreis,Nordrhein-Westfalen,"Tecklenburger Straße 10, 48565 Steinfurt",,,way/180438968,Kreishaus Kreis Steinfurt,7.2
DE-K-05570,Kreis Warendorf,kreis,Nordrhein-Westfalen,"Waldenburger Straße 2, 48231 Warendorf",+49 2581 530,verwaltung@kreis-warendorf.de,way/160284297,Kreisverwaltung Warendorf,7.8
DE-K-05754,Kreis Gütersloh,kreis,Nordrhein-Westfalen,"Wasserstraße 14, 33378 Rheda-Wiedenbrück",+49 5241 85 0,,relation/2204961,Kreisverwaltung Gütersloh,4.8
DE-K-05758,Kreis Herford,kreis,Nordrhein-Westfalen,"Amtshausstraße 3, 32051 Herford",+49 5221 130,,way/35108897,Kreisverwaltung Herford,7.9
DE-K-05762,Kreis Höxter,kreis,Nordrhein-Westfalen,,,,,,
DE-K-05766,Kreis Lippe,kreis,Nordrhein-Westfalen,,,,,,
DE-K-05770,Kreis Minden-Lübbecke,kreis,Nordrhein-Westfalen,,,,,,
DE-K-05774,Kreis Paderborn,kreis,Nordrhein-Westfalen,,,,,,
DE-K-05954,Ennepe-Ruhr-Kreis,kreis,Nordrhein-Westfalen,,,,,,
DE-K-05958,Hochsauerlandkreis,kreis,Nordrhein-Westfalen,"Eichholzstraße 9, 59821 Arnsberg",+49 2931 94 0,post@hochsauerlandkreis.de,way/115026733,Kreisverwaltung Hochsauerlandkreis,4.6
DE-K-05962,Märkischer Kreis,kreis,Nordrhein-Westfalen,,,,,,
DE-K-05966,Kreis Olpe,kreis,Nordrhein-Westfalen,,,,,,
DE-K-05970,Kreis Siegen-Wittgenstein,kreis,Nordrhein-Westfalen,,,,,,
DE-K-05974,Kreis Soest,kreis,Nordrhein-Westfalen,,+49 2921 300,,relation/2865694,Kreishaus Kreisverwaltung Soest,4.4
DE-K-05978,Kreis Unna,kreis,Nordrhein-Westfalen,"Friedrich-Ebert-Straße 17, 59425 Unna",+49 2303 27-0,,way/93405465,Kreishaus Unna,7.9
DE-K-06431,Landkreis Bergstraße,kreis,Hessen,,,,,,
DE-K-06432,Landkreis Darmstadt-Dieburg,kreis,Hessen,"Jägertorstraße 207, 64289 Darmstadt",,,way/40284817,Kreisverwaltung Darmstadt-Dieburg,7.4
DE-K-06433,Landkreis Groß-Gerau,kreis,Hessen,Wilhelm-Seipp-Straße 4,+49 6152 9890,info@kreisgg.de,node/10043445229,Kreisverwaltung Groß-Gerau,4.9
DE-K-06434,Hochtaunuskreis,kreis,Hessen,"Ludwig-Erhard-Anlage 1-5, 61352 Bad Homburg vor der Höhe",,,node/13821223243,Landratsamt Hochtaunuskreis,4.4
DE-K-06435,Main-Kinzig-Kreis,kreis,Hessen,,,,,,
DE-K-06436,Main-Taunus-Kreis,kreis,Hessen,,+49 6192 2010,info@mtk.org,node/10309700873,Landratsamt Main-Taunus-Kreis,4.4
DE-K-06437,Odenwaldkreis,kreis,Hessen,"Michelstädter Straße 12, 64711 Erbach",+49 6062 700,,node/9962260313,Landratsamt Odenwaldkreis,4.9
DE-K-06438,Landkreis Offenbach,kreis,Hessen,,+49 69 800530,,node/9485346534,Staatliches Schulamt für den Landkreis Offenbach und die Stadt Offenbach am Main,4.3
DE-K-06439,Rheingau-Taunus-Kreis,kreis,Hessen,,,,,,
DE-K-06440,Wetteraukreis,kreis,Hessen,,,,,,
DE-K-06531,Landkreis Gießen,kreis,Hessen,"Riversplatz 9, 35394 Gießen",+49 641 93900,,way/40137765,Landkreis Gießen Gebäude A,8.0
DE-K-06532,Lahn-Dill-Kreis,kreis,Hessen,"Karl-Kellner-Ring 51, 35576 Wetzlar",+49 6441 4070,info@lahn-dill-kreis.de,relation/14119734,Kreisverwaltung Lahn-Dill-Kreis,4.8
DE-K-06533,Landkreis Limburg-Weilburg,kreis,Hessen,"Limburger Straße 8-10, 35781 Weilburg",,,node/12762657493,Kreisverwaltung Limburg-Weilburg,4.3
DE-K-06534,Landkreis Marburg-Biedenkopf,kreis,Hessen,"Im Lichtenholz 60, 35043 Marburg",+49 6421 4050,landkreis@marburg-biedenkopf.de,relation/4653820,Kreisverwaltung Marburg-Biedenkopf,7.9
DE-K-06535,Vogelsbergkreis,kreis,Hessen,,,,,,
DE-K-06631,Landkreis Fulda,kreis,Hessen,"Wörthstraße 15, 36037 Fulda",+49 661 60060,buergerservice@landkreis-fulda.de,way/133054633,Landratsamt Fulda,8.0
DE-K-06632,Landkreis Hersfeld-Rotenburg,kreis,Hessen,,,,,,
DE-K-06633,Landkreis Kassel,kreis,Hessen,,0561 10030,,node/14244801064,Landkreis Kassel,4.4
DE-K-06634,Schwalm-Eder-Kreis,kreis,Hessen,"Parkstraße 6, 34576 Homberg (Efze)",+49 5681 775 0,info@schwalm-eder-kreis.de,way/69887314,Kreisverwaltung Schwalm-Eder-Kreis,4.9
DE-K-06635,Landkreis Waldeck-Frankenberg,kreis,Hessen,,,,,,
DE-K-06636,Werra-Meißner-Kreis,kreis,Hessen,,,,,,
DE-K-07131,Landkreis Ahrweiler,kreis,Rheinland-Pfalz,"Wilhelmstraße 26-30, 53474 Bad Neuenahr-Ahrweiler",+49 2641 9750,,way/96216121,Kreisverwaltung Ahrweiler,7.9
DE-K-07132,Landkreis Altenkirchen (Westerwald),kreis,Rheinland-Pfalz,,,,,,
DE-K-07133,Landkreis Bad Kreuznach,kreis,Rheinland-Pfalz,"Salinenstraße 47, 55543 Bad Kreuznach",+49 671 803-0,post@kreis-badkreuznach.de,way/284374211,Kreisverwaltung Bad Kreuznach,7.9
DE-K-07134,Landkreis Birkenfeld,kreis,Rheinland-Pfalz,"Schneewiesenstraße 25, 55765 Birkenfeld",,,way/250939371,Kreisverwaltung Birkenfeld,7.3
DE-K-07135,Landkreis Cochem-Zell,kreis,Rheinland-Pfalz,"Endertplatz 2, 56812 Cochem",+49 2671 61-0,kreisverwaltung@cochem-zell.de,way/185530081,Kreisverwaltung Cochem-Zell,8.0
DE-K-07137,Landkreis Mayen-Koblenz,kreis,Rheinland-Pfalz,"Hohenfelder Straße 19, 56068 Koblenz",,,node/13295187337,Kreisverwaltung Mayen-Koblenz,4.2
DE-K-07138,Landkreis Neuwied,kreis,Rheinland-Pfalz,"Wilhelm-Leuschner-Straße 9, 56564 Neuwied",+49 2631 8030,,way/236463401,Kreisverwaltung Neuwied,7.8
DE-K-07140,Rhein-Hunsrück-Kreis,kreis,Rheinland-Pfalz,,,,,,
DE-K-07141,Rhein-Lahn-Kreis,kreis,Rheinland-Pfalz,,,,,,
DE-K-07143,Westerwaldkreis,kreis,Rheinland-Pfalz,,,,,,
DE-K-07231,Landkreis Bernkastel-Wittlich,kreis,Rheinland-Pfalz,"Kurfürstenstraße 16, 54516 Wittlich",,,way/271989349,Kreisverwaltung Bernkastel-Wittlich,4.4
DE-K-07232,Eifelkreis Bitburg-Prüm,kreis,Rheinland-Pfalz,,,,,,
DE-K-07233,Landkreis Vulkaneifel,kreis,Rheinland-Pfalz,"Mainzer Straße 25, 54550 Daun",+49 6592 933-0,info@vulkaneifel.de,way/330397550,Kreisverwaltung Vulkaneifel,4.9
DE-K-07235,Landkreis Trier-Saarburg,kreis,Rheinland-Pfalz,"Willy-Brandt-Platz 1, 54290 Trier",,,way/112451324,Kreisverwaltung Trier-Saarburg,7.4
DE-K-07331,Landkreis Alzey-Worms,kreis,Rheinland-Pfalz,"Ernst-Ludwig-Straße 36, 55232 Alzey",+49 6731 408-0,info@alzey-worms.de,way/434999280,Kreisverwaltung Alzey-Worms,7.9
DE-K-07332,Landkreis Bad Dürkheim,kreis,Rheinland-Pfalz,"Philipp-Fauth-Straße 11, 67098 Bad Dürkheim",,,way/387064529,Kreisverwaltung Bad Dürkheim,7.5
DE-K-07333,Donnersbergkreis,kreis,Rheinland-Pfalz,"Uhlandstraße 2, 67292 Kirchheimbolanden",,,way/299967266,Kreisverwaltung Donnersbergkreis,4.4
DE-K-07334,Landkreis Germersheim,kreis,Rheinland-Pfalz,"Luitpoldplatz 1, 76726 Germersheim",,,node/5007144265,Kreisverwaltung Germersheim,7.3
DE-K-07335,Landkreis Kaiserslautern,kreis,Rheinland-Pfalz,,,,,,
DE-K-07336,Landkreis Kusel,kreis,Rheinland-Pfalz,,+49 6381 4240,,node/3556464221,Kreisverwaltung Kusel,4.4
DE-K-07337,Landkreis Südliche Weinstraße,kreis,Rheinland-Pfalz,"An der Kreuzmühle 2, 76829 Landau in der Pfalz",,,node/6579504925,Kreisverwaltung Südliche Weinstraße,4.5
DE-K-07338,Rhein-Pfalz-Kreis,kreis,Rheinland-Pfalz,"Europaplatz 5, 67063 Ludwigshafen am Rhein",,,way/118056242,Kreisverwaltung Rhein-Pfalz-Kreis,4.3
DE-K-07339,Landkreis Mainz-Bingen,kreis,Rheinland-Pfalz,"Georg-Rückert-Straße 11, 55218 Ingelheim am Rhein",+49 6132 787-0,kreisverwaltung@mainz-bingen.de,relation/3097710,Kreisverwaltung Mainz-Bingen,4.9
DE-K-07340,Landkreis Südwestpfalz,kreis,Rheinland-Pfalz,"Unterer Sommerwaldweg 40-42, 66953 Pirmasens",+49 6331 809-0,kv@lksuedwestpfalz.de,way/109238079,Kreisverwaltung Südwestpfalz,5.0
DE-K-08115,Landkreis Böblingen,kreis,Baden-Württemberg,"Parkstraße 16, 71034 Böblingen",+49 7031 6630,,way/28675757,Landratsamt Böblingen,7.9
DE-K-08116,Landkreis Esslingen,kreis,Baden-Württemberg,"Pulverwiesen 11, 73728 Esslingen am Neckar",,,way/156197465,Landratsamt Esslingen,7.4
DE-K-08117,Landkreis Göppingen,kreis,Baden-Württemberg,"Carl-Hermann-Gaiser-Straße 41, 73033 Göppingen",,,way/268610857,Abfallwirtschaftsbetrieb Landkreis Göppingen,7.4
DE-K-08118,Landkreis Ludwigsburg,kreis,Baden-Württemberg,"Hindenburgstraße 40, 71638 Ludwigsburg",+49 7141 1440,mail@landkreis-ludwigsburg.de,node/2566097616,Landratsamt Ludwigsburg,7.9
DE-K-08119,Rems-Murr-Kreis,kreis,Baden-Württemberg,"Alter Postplatz 10, 71332 Waiblingen",,,way/26611076,Landratsamt Rems-Murr-Kreis,4.3
DE-K-08125,Landkreis Heilbronn,kreis,Baden-Württemberg,,,,,,
DE-K-08126,Hohenlohekreis,kreis,Baden-Württemberg,"Stettenstraße 31, 74653 Künzelsau",,,way/171766237,"Landratsamt Hohenlohekreis, Vermessungsamt",4.3
DE-K-08127,Landkreis Schwäbisch Hall,kreis,Baden-Württemberg,"Münzstraße 1, 74523 Schwäbisch Hall",+49 791 7550,info@lrasha.de,node/3777735054,Landratsamt Schwäbisch Hall,7.8
DE-K-08128,Main-Tauber-Kreis,kreis,Baden-Württemberg,,,,,,
DE-K-08135,Landkreis Heidenheim,kreis,Baden-Württemberg,"Felsenstraße 36, 89518 Heidenheim an der Brenz",,,way/183069579,Landratsamt Heidenheim Haus A,7.4
DE-K-08136,Ostalbkreis,kreis,Baden-Württemberg,"Stuttgarter Straße 41, 73430 Aalen",+49 7361 503-0,info@ostalbkreis.de,relation/9921048,Landratsamt Ostalbkreis,4.9
DE-K-08215,Landkreis Karlsruhe,kreis,Baden-Württemberg,"Am Viehmarkt 1, 76646 Bruchsal",,,node/9422420478,Landratsamt Karlsruhe - Landwirtschaftsamt,4.4
DE-K-08216,Landkreis Rastatt,kreis,Baden-Württemberg,,,,,,
DE-K-08225,Neckar-Odenwald-Kreis,kreis,Baden-Württemberg,,,,,,
DE-K-08226,Rhein-Neckar-Kreis,kreis,Baden-Württemberg,"Kurfürsten-Anlage 38, 69115 Heidelberg",,,way/92154722,Landratsamt Rhein-Neckar-Kreis,4.4
DE-K-08235,Landkreis Calw,kreis,Baden-Württemberg,"Vogteistraße 46, 75365 Calw",,,way/47118736,Landratsamt Calw - Haus B,7.4
DE-K-08236,Enzkreis,kreis,Baden-Württemberg,,+49 7231 3080,landratsamt@enzkreis.de,way/27436521,Landratsamt Enzkreis,4.4
DE-K-08237,Landkreis Freudenstadt,kreis,Baden-Württemberg,"Herrenfelder Straße 14, 72250 Freudenstadt",+49 7441 9200,,way/87907396,Landratsamt Freudenstadt,7.8
DE-K-08315,Landkreis Breisgau-Hochschwarzwald,kreis,Baden-Württemberg,"Ludwigstraße 23, 79104 Freiburg im Breisgau",,,way/108090652,Landratsamt Breisgau-Hochschwarzwald,4.3
DE-K-08316,Landkreis Emmendingen,kreis,Baden-Württemberg,"Bahnhofstraße 2-4, 79312 Emmendingen",+49 7641 4510,,node/3654415369,Landratsamt Emmendingen,8.0
DE-K-08317,Ortenaukreis,kreis,Baden-Württemberg,"Badstraße 20, 77652 Offenburg",+49 781 8050,,way/113934169,Landratsamt Ortenaukreis,5.0
DE-K-08325,Landkreis Rottweil,kreis,Baden-Württemberg,,+49 741 2440,,node/14178170124,Landratsamt Rottweil,4.3
DE-K-08326,Schwarzwald-Baar-Kreis,kreis,Baden-Württemberg,"Marktplatz 27, 78120 Furtwangen im Schwarzwald",+49 7721 913-7940,,node/3462921306,"Landratsamt Schwarzwald-Baar-Kreis Beratungsstelle für Eltern, Kinder und Jugendliche",4.6
DE-K-08327,Landkreis Tuttlingen,kreis,Baden-Württemberg,,,,,,
DE-K-08335,Landkreis Konstanz,kreis,Baden-Württemberg,"Benediktinerplatz 1, 78467 Konstanz",,,relation/31377,Landratsamt Konstanz,7.2
DE-K-08336,Landkreis Lörrach,kreis,Baden-Württemberg,,,,,,
DE-K-08337,Landkreis Waldshut,kreis,Baden-Württemberg,,,,,,
DE-K-08415,Landkreis Reutlingen,kreis,Baden-Württemberg,"Alenbergstraße 27, 72525 Münsingen",,,way/681918443,Landratsamt Reutlingen - Kreismedienzentrum,4.1
DE-K-08416,Landkreis Tübingen,kreis,Baden-Württemberg,"Wilhelm-Keil-Straße 50, 72072 Tübingen",+49 7071 2070,,relation/6117,Landratsamt Tübingen,7.9
DE-K-08417,Zollernalbkreis,kreis,Baden-Württemberg,Herrenackerstraße 25,,,node/14046612895,Beratungsstelle Landratsamt Zollernalbkreis,4.3
DE-K-08425,Alb-Donau-Kreis,kreis,Baden-Württemberg,"Schillerstraße 30, 89077 Ulm",,,relation/6434652,Landratsamt Alb-Donau-Kreis,4.3
DE-K-08426,Landkreis Biberach,kreis,Baden-Württemberg,"Rollinstraße 9, 88400 Biberach an der Riß",+49 7351 520,,node/5674811721,Landratsamt Biberach,7.9
DE-K-08435,Bodenseekreis,kreis,Baden-Württemberg,,+49 7541 2040,info@bodenseekreis.de,relation/20800787,Landratsamt Bodenseekreis,4.4
DE-K-08436,Landkreis Ravensburg,kreis,Baden-Württemberg,"Friedenstraße 6, 88212 Ravensburg",+49 751 850,,relation/3600225,Landratsamt Ravensburg,7.8
DE-K-08437,Landkreis Sigmaringen,kreis,Baden-Württemberg,"Leopoldstraße 4, 72488 Sigmaringen",+49 7571 1020,,way/124738515,Landratsamt Sigmaringen,7.9
DE-K-09171,Landkreis Altötting,kreis,Bayern,,,,,,
DE-K-09172,Landkreis Berchtesgadener Land,kreis,Bayern,"Salzburger Straße 64, 83435 Bad Reichenhall",+49 8651 7730,,way/191466478,Landratsamt Berchtesgadener Land,4.9
DE-K-09173,Landkreis Bad Tölz-Wolfratshausen,kreis,Bayern,,,,,,
DE-K-09174,Landkreis Dachau,kreis,Bayern,"Bürgermeister-Zauner-Ring 11, 85221 Dachau",,,way/249976610,Landratsamt Dachau,7.4
DE-K-09175,Landkreis Ebersberg,kreis,Bayern,"Eichthalstraße 5, 85560 Ebersberg",+49 8092 8230,,relation/390146,Landratsamt Ebersberg,7.8
DE-K-09176,Landkreis Eichstätt,kreis,Bayern,"Residenzplatz 1, 85072 Eichstätt",+49 8421 700,,node/5840491200,Landratsamt Eichstätt,7.7
DE-K-09177,Landkreis Erding,kreis,Bayern,"Alois-Schießl-Platz 6, 85435 Erding",+49 8112 58 1800,pflegestuetzpunkt@lra-ed.de,node/9362555739,Pflegestützpunkt Landkreis Erding,7.9
DE-K-09178,Landkreis Freising,kreis,Bayern,,,,,,
DE-K-09179,Landkreis Fürstenfeldbruck,kreis,Bayern,"Münchner Straße 32, 82256 Fürstenfeldbruck",+49 8141 519 0,,way/33712985,Landratsamt Fürstenfeldbruck,8.0
DE-K-09180,Landkreis Garmisch-Partenkirchen,kreis,Bayern,,,,,,
DE-K-09181,Landkreis Landsberg am Lech,kreis,Bayern,"Von-Kühlmann-Straße 15, 86899 Landsberg am Lech",,,way/108071273,Landratsamt Landsberg am Lech,7.4
DE-K-09182,Landkreis Miesbach,kreis,Bayern,"Manhardtwinkl, 83714",,,node/9992739461,Landratsamt Miesbach - Untere Naturschutzbehörde FB.33,4.4
DE-K-09183,Landkreis Mühldorf a.Inn,kreis,Bayern,,,,,,
DE-K-09184,Landkreis München,kreis,Bayern,"Pilgersheimer Straße 20, 81543 München",+49 89 23386644,,node/523279069,Kreisverwaltungsreferat München (KVR),7.9
DE-K-09185,Landkreis Neuburg-Schrobenhausen,kreis,Bayern,"Platz der Deutschen Einheit 1, 86633 Neuburg a. d. Donau",,,way/35442218,Landratsamt Neuburg-Schrobenhausen,4.3
DE-K-09186,Landkreis Pfaffenhofen a.d.Ilm,kreis,Bayern,,,,,,
DE-K-09187,Landkreis Rosenheim,kreis,Bayern,"Wittelsbacherstraße 53, 83022 Rosenheim",+49 8031 392-01,,way/99621844,Landratsamt Rosenheim (Haus 1),7.9
DE-K-09188,Landkreis Starnberg,kreis,Bayern,"Strandbadstraße 2, 82319 Starnberg",+49 8151 148-770,buergerservice@lra-starnberg.de,way/211419322,Landratsamt Starnberg,7.9
DE-K-09189,Landkreis Traunstein,kreis,Bayern,"Papst-Benedikt-XVI.-Platz, 83278 Traunstein",+49 861 580,,node/4364245995,Landratsamt Traunstein,7.9
DE-K-09190,Landkreis Weilheim-Schongau,kreis,Bayern,"Hofstraße 2, 82362 Weilheim in Oberbayern",+49 881 6811211,,node/7859070728,Staatliches Schulamt im Landkreis Weilheim-Schongau,4.9
DE-K-09271,Landkreis Deggendorf,kreis,Bayern,"Herrenstraße 18, 94469 Deggendorf",+49991 31000,,way/223747031,Landratsamt Deggendorf,7.9
DE-K-09272,Landkreis Freyung-Grafenau,kreis,Bayern,,,,,,
DE-K-09273,Landkreis Kelheim,kreis,Bayern,"Donaupark 12, 93309 Kelheim",+49 9441 207-0,poststelle@landkreis-kelheim.de,relation/7144876,Landratsamt Kelheim,7.8
DE-K-09274,Landkreis Landshut,kreis,Bayern,"Veldener Straße 15, 84036 Landshut",+49 871 408-0,,node/13196341924,Landratsamt Landshut,7.9
DE-K-09275,Landkreis Passau,kreis,Bayern,,,,,,
DE-K-09276,Landkreis Regen,kreis,Bayern,,,,,,
DE-K-09277,Landkreis Rottal-Inn,kreis,Bayern,,,,,,
DE-K-09278,Landkreis Straubing-Bogen,kreis,Bayern,"Leutnerstraße 15, 94315 Straubing",+49 9421 973 0,landratsamt@landkreis-straubing-bogen.de,way/319424386,Landratsamt Straubing-Bogen,7.9
DE-K-09279,Landkreis Dingolfing-Landau,kreis,Bayern,,,,,,
DE-K-09371,Landkreis Amberg-Sulzbach,kreis,Bayern,"Schloßgraben 3, 92224 Amberg",+49 9621 390,,node/5150493923,Landratsamt Amberg-Sulzbach,7.8
DE-K-09372,Landkreis Cham,kreis,Bayern,"Rachelstraße 6, 93413 Cham",+49 9971 780,,way/30835618,Landratsamt Cham,8.0
DE-K-09373,Landkreis Neumarkt i.d.OPf.,kreis,Bayern,"Nürnberger Straße 1, 92318 Neumarkt in der Oberpfalz",+49 9181 4700,,way/1153849821,Landratsamt Neumarkt i.d.OPf.,4.9
DE-K-09374,Landkreis Neustadt a.d.Waldnaab,kreis,Bayern,,,,,,
DE-K-09375,Landkreis Regensburg,kreis,Bayern,"Donaustaufer Straße 70, 93059 Regensburg",+49 941 40095 10,,node/5410585760,Staatliche Schulämter in der Stadt und im Landkreis Regensburg,8.0
DE-K-09376,Landkreis Schwandorf,kreis,Bayern,,,,,,
DE-K-09377,Landkreis Tirschenreuth,kreis,Bayern,"Mähringer Straße 7, 95643 Tirschenreuth",+49 9631 88-0,,node/1636231023,Landratsamt Tirschenreuth,7.7
DE-K-09471,Landkreis Bamberg,kreis,Bayern,"Ludwigstraße 23, 96052 Bamberg",,,relation/11583115,Landratsamt Bamberg,7.5
DE-K-09472,Landkreis Bayreuth,kreis,Bayern,"Markgrafenallee 5, 95448 Bayreuth",+49 921 7280,,way/39784316,Landratsamt Bayreuth,7.9
DE-K-09473,Landkreis Coburg,kreis,Bayern,"Willhelm-Ruß-Straße 1, 96450 Coburg",,,node/3786885480,Straßenmeisterei Landkreis Coburg,7.5
DE-K-09474,Landkreis Forchheim,kreis,Bayern,"Am Streckerplatz 3, 91301 Forchheim",+49 9191 86 0,,way/55869168,Landratsamt Forchheim,7.9
DE-K-09475,Landkreis Hof,kreis,Bayern,"Schaumbergstraße 8, 95032 Hof",+49928157552,,node/8853562477,Landratsamt Hof - Projektbüro hoferLand.digital,7.9
DE-K-09476,Landkreis Kronach,kreis,Bayern,"Güterstraße 18, 96317 Kronach",,,way/98314960,Landratsamt Kronach,7.4
DE-K-09477,Landkreis Kulmbach,kreis,Bayern,"Konrad-Adenauer-Straße 5, 95326 Kulmbach",+49 9221 7070,poststelle@landkreis-kulmbach.de,way/34251424,Landratsamt Kulmbach,7.9
DE-K-09478,Landkreis Lichtenfels,kreis,Bayern,"Kronacher Straße 30, 96215 Lichtenfels",+49 9571 18 0,,way/232739463,Landratsamt Lichtenfels,7.9
DE-K-09479,Landkreis Wunsiedel i.Fichtelgebirge,kreis,Bayern,"Jean-Paul-Straße 7, 95632 Wunsiedel",,,way/27267358,Landkreis Wunsiedel i. Fichtelgebirge,7.4
DE-K-09571,Landkreis Ansbach,kreis,Bayern,"Crailsheimstraße 1, 91522 Ansbach",+49 981 468-0,,way/157755221,Landratsamt Ansbach,7.8
DE-K-09572,Landkreis Erlangen-Höchstadt,kreis,Bayern,"Nägelsbachstraße 1, 91052 Erlangen",+49 9131 8030,poststelle@erlangen-hoechstadt.de,relation/7390800,Landratsamt Erlangen-Höchstadt,7.9
DE-K-09573,Landkreis Fürth,kreis,Bayern,"Stresemannplatz 11, 90763 Fürth",+49 911 9773 0,,way/84201350,Landratsamt Fürth - Dienststelle Fürth,7.9
DE-K-09574,Landkreis Nürnberger Land,kreis,Bayern,"Waldluststraße 1, 91207 Lauf an der Pegnitz",+49 9123 9500,,way/32312434,Landratsamt Nürnberger Land,4.9
DE-K-09575,Landkreis Neustadt a.d.Aisch-Bad Windsheim,kreis,Bayern,"Konrad-Adenauer-Straße 1, 91413 Neustadt an der Aisch",+49 9161 920,,way/204333053,Landratsamt Neustadt a. d. Aisch - Bad Windsheim,4.9
DE-K-09576,Landkreis Roth,kreis,Bayern,"Weinbergweg 1, 91154 Roth",+49 9171 810,info@landratsamt-roth.de,way/98289300,Landratsamt Roth,7.9
DE-K-09577,Landkreis Weißenburg-Gunzenhausen,kreis,Bayern,"Bahnhofstraße 2, 91781 Weißenburg in Bayern",+49 9141 9020,,way/31260973,Landratsamt Weißenburg-Gunzenhausen,4.9
DE-K-09671,Landkreis Aschaffenburg,kreis,Bayern,"Auhofstraße 41, 63741 Aschaffenburg",,,node/11310656606,Staatliche Schulämter in der Stadt und im Landkreis Aschaffenburg,7.4
DE-K-09672,Landkreis Bad Kissingen,kreis,Bayern,,,,,,
DE-K-09673,Landkreis Rhön-Grabfeld,kreis,Bayern,"Spörleinstraße 11, 97616 Bad Neustadt an der Saale",,,node/7166249389,Landratsamt Rhön-Grabfeld,4.4
DE-K-09674,Landkreis Haßberge,kreis,Bayern,"Am Herrenhof 1, 97437 Haßfurt",+49 9521 270,poststelle@landratsamt-hassberge.de,way/268662851,Landratsamt Haßberge,4.9
DE-K-09675,Landkreis Kitzingen,kreis,Bayern,"Kaiserstraße 4, 97318 Kitzingen",+49 9321 9280,,way/666433939,Landratsamt Kitzingen,7.9
DE-K-09676,Landkreis Miltenberg,kreis,Bayern,"Brückenstraße 2, 63897 Miltenberg",+49 9371 5010,,node/5804427836,Landratsamt Miltenberg,7.8
DE-K-09677,Landkreis Main-Spessart,kreis,Bayern,"Marktplatz 8, 97753 Karlstadt",+49 9353 7930,,way/203809848,Landratsamt Main-Spessart,4.9
DE-K-09678,Landkreis Schweinfurt,kreis,Bayern,"Schrammstraße 1, 97421 Schweinfurt",,,node/5216400824,Landratsamt Schweinfurt,7.4
DE-K-09679,Landkreis Würzburg,kreis,Bayern,"Zeppelinstraße 15, 97074 Würzburg",+49 931 8003-0,poststelle@lra-wue.bayern.de,relation/1299223,Landratsamt Würzburg,8.0
DE-K-09771,Landkreis Aichach-Friedberg,kreis,Bayern,"Münchener Straße 9, 86551 Aichach",+49 8251 920,poststelle@lra-aic-fdb.de,relation/3328406,Landratsamt Aichach-Friedberg,7.8
DE-K-09772,Landkreis Augsburg,kreis,Bayern,,,,,,
DE-K-09773,Landkreis Dillingen a.d.Donau,kreis,Bayern,,,,,,
DE-K-09774,Landkreis Günzburg,kreis,Bayern,"An der Kapuzinermauer 1, 89312 Günzburg",,,relation/3209053,Landratsamt Günzburg,7.3
DE-K-09775,Landkreis Neu-Ulm,kreis,Bayern,"Kantstraße 8, 89231 Neu-Ulm",+49 731 70400,poststelle@lra.neu-ulm.de,way/105748910,Landratsamt Neu-Ulm,7.8
DE-K-09776,Landkreis Lindau (Bodensee),kreis,Bayern,,,,,,
DE-K-09777,Landkreis Ostallgäu,kreis,Bayern,"Schwabenstraße 11, 87616 Marktoberdorf",,,node/8960611683,Landratsamt Ostallgäu,4.5
DE-K-09778,Landkreis Unterallgäu,kreis,Bayern,,,,,,
DE-K-09779,Landkreis Donau-Ries,kreis,Bayern,"Pflegstraße 2, 86609 Donauwörth",,,relation/16539974,Landratsamt Donau-Ries,4.3
DE-K-09780,Landkreis Oberallgäu,kreis,Bayern,,,,,,
DE-K-10041,Regionalverband Saarbrücken,kreis,Saarland,,,,,,
DE-K-10042,Landkreis Merzig-Wadern,kreis,Saarland,"Bahnhofstraße 44, 66663 Merzig",,,way/329657908,Landkreis Merzig-Wadern,7.4
DE-K-10043,Landkreis Neunkirchen,kreis,Saarland,,,,,,
DE-K-10044,Landkreis Saarlouis,kreis,Saarland,,,,,,
DE-K-10045,Saarpfalz-Kreis,kreis,Saarland,"Am Forum 1, 66424 Homburg",,,way/303740109,Kreisverwaltung Saarpfalz-Kreis,4.3
DE-K-10046,Landkreis St. Wendel,kreis,Saarland,,,,,,
DE-K-12060,Landkreis Barnim,kreis,Brandenburg,,+49 3334 2141360,,node/12314093365,Landkreis Barnim Bauordnungs- und Planungsamt,4.2
DE-K-12061,Landkreis Dahme-Spreewald,kreis,Brandenburg,"Brückenstraße 41, 15711 Königs Wusterhausen",+49 3375 26-0,,way/26923237,Verwaltungsgebäude Landkreis Dahme-Spreewald,4.8
DE-K-12062,Landkreis Elbe-Elster,kreis,Brandenburg,,,,,,
DE-K-12063,Landkreis Havelland,kreis,Brandenburg,"Friedrich-Ebert-Ring, 14712 Rathenow",,,way/88815601,Landkreis Havelland - Haus II,3.9
DE-K-12064,Landkreis Märkisch-Oderland,kreis,Brandenburg,"Wriezener Straße 36, 16259 Bad Freienwalde (Oder)",+49 3346 850 0,,way/166576786,Landratsamt Märkisch-Oderland,4.5
DE-K-12065,Landkreis Oberhavel,kreis,Brandenburg,"Adolf-Dechert-Straße 1, 16515 Oranienburg",,,way/29248550,Landratsamt Oberhavel - Haus 1,4.5
DE-K-12066,Landkreis Oberspreewald-Lausitz,kreis,Brandenburg,,,,,,
DE-K-12067,Landkreis Oder-Spree,kreis,Brandenburg,,,,,,
DE-K-12068,Landkreis Ostprignitz-Ruppin,kreis,Brandenburg,,,,,,
DE-K-12069,Landkreis Potsdam-Mittelmark,kreis,Brandenburg,"Niemöllerstraße 1, 14806 Bad Belzig",,,way/144787100,Kreisverwaltung Potsdam-Mittelmark,3.9
DE-K-12070,Landkreis Prignitz,kreis,Brandenburg,,,,,,
DE-K-12071,Landkreis Spree-Neiße,kreis,Brandenburg,"Heinrich-Heine-Straße 1, 03149 Forst (Lausitz)",+49 3562 9860,,way/87405308,Kreisverwaltung Landkreis Spree-Neiße,4.7
DE-K-12072,Landkreis Teltow-Fläming,kreis,Brandenburg,"Am Nuthefließ 2, 14943 Luckenwalde",+49 3371 6080,,relation/8420339,Kreisverwaltung Teltow-Fläming,4.7
DE-K-12073,Landkreis Uckermark,kreis,Brandenburg,"Karl-Marx-Straße 1, 17291 Prenzlau",+49 3984 700,,node/4943970474,Kreisverwaltung Uckermark,4.6
DE-K-13071,Landkreis Mecklenburgische Seenplatte,kreis,Mecklenburg-Vorpommern,"Zum Amtsbrink 2, 17192 Waren (Müritz)",,,way/104539976,Landkreis Mecklenburgische Seenplatte - Regionalstandort Waren,4.0
DE-K-13072,Landkreis Rostock,kreis,Mecklenburg-Vorpommern,August-Bebel-Straße 3,,,way/87898938,Kreishaus: Service Landkreis Rostock,4.1
DE-K-13073,Landkreis Vorpommern-Rügen,kreis,Mecklenburg-Vorpommern,"Marienstraße 1, 18439 Stralsund",,,node/5600872491,"Landkreis Vorpommern-Rügen, Sozial-, Asyl-, Ausländerangelegenheiten",4.5
DE-K-13074,Landkreis Nordwestmecklenburg,kreis,Mecklenburg-Vorpommern,"Rostocker Straße 76, 23970 Wismar",,,way/115115916,Landkreisverwaltung Nordwestmecklenburg,4.3
DE-K-13075,Landkreis Vorpommern-Greifswald,kreis,Mecklenburg-Vorpommern,,,,,,
DE-K-13076,Landkreis Ludwigslust-Parchim,kreis,Mecklenburg-Vorpommern,"Garnisonsstraße 1, 19288 Ludwigslust",+49 3871 722-0,info@kreis-lup.de,way/40349113,"Kreisverwaltung Ludwigslust-Parchim, Dienststelle Ludwigslust",7.7
DE-K-14521,Erzgebirgskreis,kreis,Sachsen,"Paulus-Jenisius-Straße 24, 09456 Annaberg-Buchholz",+49 3733 831 0,,way/114434585,Landratsamt Erzgebirgskreis,4.8
DE-K-14522,Landkreis Mittelsachsen,kreis,Sachsen,"Leipziger Straße 4, 09599 Freiberg",+49 3731 7994000,umwelt.forst@landkreis-mittelsachsen.de,way/113041125,"Landratsamt Mittelsachsen - Abteilung Umwelt, Forst und Landwirtschaft",4.7
DE-K-14523,Vogtlandkreis,kreis,Sachsen,,,,,,
DE-K-14524,Landkreis Zwickau,kreis,Sachsen,"Robert-Müller-Straße 4-8, 08056 Zwickau",+49 375 44020,info@landkreis-zwickau.de,node/4864587815,Landratsamt Landkreis Zwickau,7.9
DE-K-14625,Landkreis Bautzen,kreis,Sachsen,"Bahnhofstraße 9, 02625 Bautzen",+49 3591 52510,,way/104684292,Landratsamt Bautzen - Krajnoradny zarjad,7.7
DE-K-14626,Landkreis Görlitz,kreis,Sachsen,"Bahnhofstraße 24, 02826 Görlitz",+49 3581 663 0,,node/2326932233,Landratsamt Görlitz,7.7
DE-K-14627,Landkreis Meißen,kreis,Sachsen,"Brauhausstraße 21, 01662 Meißen",,,way/51368534,Landratsamt Meißen,7.4
DE-K-14628,Landkreis Sächsische Schweiz-Osterzgebirge,kreis,Sachsen,,,,,,
DE-K-14729,Landkreis Leipzig,kreis,Sachsen,"Karl-Marx-Straße 22, 04668 Grimma",,,node/3874280657,Landratsamt Landkreis Leipzig,4.2
DE-K-14730,Landkreis Nordsachsen,kreis,Sachsen,"Richard-Wagner-Straße 7a, 04509 Delitzsch",+49 34202 988-0,info@lra-nordsachsen.de,way/290938012,Landratsamt Nordsachsen,4.5
DE-K-15081,Altmarkkreis Salzwedel,kreis,Sachsen-Anhalt,"Philipp-Müller-Straße 18, 39638 Gardelegen",,,way/88280463,Kreisverwaltung Altmarkkreis Salzwedel,4.1
DE-K-15082,Landkreis Anhalt-Bitterfeld,kreis,Sachsen-Anhalt,"Richard-Schütze-Straße 6, 06749 Bitterfeld-Wolfen",,,way/1073440594,Landkreis Anhalt-Bitterfeld FB38,4.2
DE-K-15083,Landkreis Börde,kreis,Sachsen-Anhalt,"Kronesruhe 8, 39340 Haldensleben",+49 3904 7240-3800,brandschutz@landkreis-boerde.de,way/196114535,"Landkreis Börde - Amt für Brand-, Katastrophenschutz und Rettungswesen",4.8
DE-K-15084,Burgenlandkreis,kreis,Sachsen-Anhalt,"Schönburger Straße 41, 06618 Naumburg (Saale)",,,way/111151332,Kreisverwaltung Burgenlandkreis,4.3
DE-K-15085,Landkreis Harz,kreis,Sachsen-Anhalt,"Klusstraße 10, 38820 Halberstadt",,,node/573351457,Landkreis Harz Amt für Brand- u. Katastrophenschutz,4.3
DE-K-15086,Landkreis Jerichower Land,kreis,Sachsen-Anhalt,"Bahnhofstraße 9, 39288 Burg",+49 3921 9490,post@lkjl.de,way/293475114,Landratsamt Jerichower Land,4.9
DE-K-15087,Landkreis Mansfeld-Südharz,kreis,Sachsen-Anhalt,,,,,,
DE-K-15088,Saalekreis,kreis,Sachsen-Anhalt,,,,,,
DE-K-15089,Salzlandkreis,kreis,Sachsen-Anhalt,"Ermslebener Straße 77, 06449 Aschersleben",,,node/5639582621,Landkreis Salzlandkreis,4.1
DE-K-15090,Landkreis Stendal,kreis,Sachsen-Anhalt,"Hospitalstraße 1-2, 39576 Stendal",+49 3931 606,kreisverwaltung@landkreis-stendal.de,way/1396658557,Landratsamt Stendal,7.9
DE-K-15091,Landkreis Wittenberg,kreis,Sachsen-Anhalt,,,,,,
DE-K-16061,Landkreis Eichsfeld,kreis,Thüringen,"Friedensplatz 8, 37308 Heilbad Heiligenstadt",+49 3606 6500,landratsamt@kreis-eic.de,node/7819776308,Landratsamt Eichsfeld,4.8
DE-K-16062,Landkreis Nordhausen,kreis,Thüringen,"Behringstraße 3, 99734 Nordhausen",,,way/128925955,Landratsamt Nordhausen Haus 1,7.4
DE-K-16063,Wartburgkreis,kreis,Thüringen,"Rennbahn 6, 99817 Eisenach",,,way/772918721,Landratsamt Wartburgkreis,4.3
DE-K-16064,Unstrut-Hainich-Kreis,kreis,Thüringen,,,,,,
DE-K-16065,Kyffhäuserkreis,kreis,Thüringen,"Markt 8, 99706 Sondershausen",,,relation/2213236,Landratsamt Kyffhäuserkreis (Prinzenpalais),4.2
DE-K-16066,Landkreis Schmalkalden-Meiningen,kreis,Thüringen,"Sandgasse 2, 98574 Schmalkalden",,,node/4582284389,Landratsamt Schmalkalden-Meiningen - Außenstelle Schmalkalden,3.3
DE-K-16067,Landkreis Gotha,kreis,Thüringen,"18.-März-Straße 50, 99867 Gotha",,,way/105953266,Landratsamt Gotha,7.4
DE-K-16068,Landkreis Sömmerda,kreis,Thüringen,,,,,,
DE-K-16069,Landkreis Hildburghausen,kreis,Thüringen,"Wiesenstraße 18, 98646 Hildburghausen",+49 3685 4450,,node/10704047210,Landratsamt Hildburghausen,8.0
DE-K-16070,Ilm-Kreis,kreis,Thüringen,"Ritterstraße 14, 99310 Arnstadt",,,node/12546138342,Landratsamt Ilm-Kreis,4.3
DE-K-16071,Landkreis Weimarer Land,kreis,Thüringen,"Bahnhofstraße 28, 99510 Apolda",,,way/444380721,Landratsamt Weimarer Land,4.3
DE-K-16072,Landkreis Sonneberg,kreis,Thüringen,"Bahnhofstraße 66, 96515 Sonneberg",,,node/768099744,Landratsamt Sonneberg,7.4
DE-K-16073,Landkreis Saalfeld-Rudolstadt,kreis,Thüringen,,,,,,
DE-K-16074,Saale-Holzland-Kreis,kreis,Thüringen,"Claußstraße 3, 07607 Eisenberg",,,way/899157495,Landratsamt Saale-Holzland-Kreis Ordnungsamt,4.3
DE-K-16075,Saale-Orla-Kreis,kreis,Thüringen,"Oschitzer Straße 4, 07907 Schleiz",+49 3663 4880,,relation/2235760,Landratsamt Saale-Orla-Kreis,4.8
DE-K-16076,Landkreis Greiz,kreis,Thüringen,"Dr.-Rathenau-Platz 11, 07973 Greiz",+49 3661 8760,,way/103997636,Landratsamt Greiz,7.8
DE-K-16077,Landkreis Altenburger Land,kreis,Thüringen,"Lindenaustraße 9, 04600 Altenburg",,,way/215295248,Landratsamt Altenburger Land,4.4
AT-G-10101,Eisenstadt,gemeinde,Burgenland,"Hauptstraße 35, 7000 Eisenstadt",,,way/235021613,Rathaus,6.3
AT-G-10201,Rust,gemeinde,Burgenland,"Rathausplatz 1, 7071 Rust",,,way/126357818,Rathaus,6.4
AT-G-10301,Breitenbrunn am Neusiedler See,gemeinde,Burgenland,,,,,,
AT-G-10302,Donnerskirchen,gemeinde,Burgenland,"Hauptstraße 29, 7082 Donnerskirchen",,,way/254702540,Gemeindeamt,6.4
AT-G-10303,Großhöflein,gemeinde,Burgenland,,,,,,
AT-G-10304,Hornstein,gemeinde,Burgenland,"Rathausplatz 1, 7053 Hornstein",+43 2689 2225,,way/69856520,Rathaus,6.8
AT-G-10305,Klingenbach,gemeinde,Burgenland,"Grünberggasse 1, 7013 Klingenbach",+43 2687 481 29,,way/438010465,Gemeindeamt Klingenbach,8.9
AT-G-10306,Leithaprodersdorf,gemeinde,Burgenland,"Schulgasse 1, 2443 Leithaprodersdorf",,,way/251806827,Gemeindeamt,6.4
AT-G-10307,Mörbisch am See,gemeinde,Burgenland,,,,,,
AT-G-10308,Müllendorf,gemeinde,Burgenland,"Kapellenplatz 1, 7052 Müllendorf",+43 2682 63830,,way/343434265,Rathaus,6.9
AT-G-10309,Neufeld an der Leitha,gemeinde,Burgenland,,,,,,
AT-G-10310,Oggau am Neusiedler See,gemeinde,Burgenland,,,,,,
AT-G-10311,Oslip,gemeinde,Burgenland,"Hauptstraße 7, 7064",+43 2684 2208,,node/4248400914,Gemeindeamt Oslip,5.5
AT-G-10312,Purbach am Neusiedler See,gemeinde,Burgenland,,,,,,
AT-G-10313,Sankt Margarethen im Burgenland,gemeinde,Burgenland,"Hauptplatz 1, 7062",,,way/360356346,Gemeindeamt,3.4
AT-G-10314,Schützen am Gebirge,gemeinde,Burgenland,"Dorfplatz 1, 7081 Schützen am Gebirge",+432684 2203,,node/3678715161,Gemeindeamt,6.7
AT-G-10315,Siegendorf,gemeinde,Burgenland,"Rathausplatz 1, 7011 Siegendorf im Burgenland",+43 2687 48261,post@siegendorf.bgld.gv.at,node/1658440242,Marktgemeinde Siegendorf,8.9
AT-G-10316,Steinbrunn,gemeinde,Burgenland,,,,,,
AT-G-10317,Trausdorf an der Wulka,gemeinde,Burgenland,"DDr.-Stefan-László-Platz 3, 7061 Trausdorf",+43 2682 64 272,post@trausdorf-wulka.bgld.gv.at,way/364034013,Gemeindeamt,6.9
AT-G-10318,Wimpassing an der Leitha,gemeinde,Burgenland,,,,,,
AT-G-10319,Wulkaprodersdorf,gemeinde,Burgenland,"Obere Hauptstraße 1, 7041 Wulkaprodersdorf",+43 2687 622 22,post@wulkaprodersdorf.bgld.gv.at,way/104686860,Gemeindeamt Wulkaprodersdorf,8.9
AT-G-10320,Loretto,gemeinde,Burgenland,,,,,,
AT-G-10321,Stotzing,gemeinde,Burgenland,"Feldgasse 2, 2443 Stotzing",,,node/3414774986,Gemeindeamt,6.4
AT-G-10322,Zillingtal,gemeinde,Burgenland,"Landstraße 3, 7034 Zillingtal",+43 2688 72100,post@zillingtal.bgld.gv.at,way/130878073,Gemeindeamt Zillingtal,9.0
AT-G-10323,Zagersdorf,gemeinde,Burgenland,,,,,,
AT-G-10401,Bocksdorf,gemeinde,Burgenland,,,,,,
AT-G-10402,Burgauberg-Neudauberg,gemeinde,Burgenland,,,,,,
AT-G-10403,Eberau,gemeinde,Burgenland,,,,,,
AT-G-10404,Gerersdorf-Sulz,gemeinde,Burgenland,,,,,,
AT-G-10405,Güssing,gemeinde,Burgenland,"Hauptplatz 7, 7540 Güssing",+43 3322 42311,,node/972065881,Rathaus Güssing,8.5
AT-G-10406,Güttenbach,gemeinde,Burgenland,"Marktplatz 1, 7536 Güttenbach",,,way/149905994,Gemeindehaus,6.4
AT-G-10407,Heiligenbrunn,gemeinde,Burgenland,"LIndenstraße 1, 7522",,,node/1065837481,Gemeindeamt,3.3
AT-G-10408,Kukmirn,gemeinde,Burgenland,,,,,,
AT-G-10409,Neuberg im Burgenland,gemeinde,Burgenland,,,,,,
AT-G-10410,Neustift bei Güssing,gemeinde,Burgenland,"Neustift bei Güssing 1, 7545 Neustift bei Güssing",+43 3325 4256,,node/9178066093,Gemeindeamt Neustift bei Güssing,8.4
AT-G-10411,Olbendorf,gemeinde,Burgenland,"Dorf 1, 7534 Olbendorf",+43 3326 52 751-0,,node/5615831587,Gemeindeamt Olbendorf,8.5
AT-G-10412,Ollersdorf im Burgenland,gemeinde,Burgenland,,,,,,
AT-G-10413,Sankt Michael im Burgenland,gemeinde,Burgenland,"Hauptplatz 8, 7535 Sankt Michael im Burgenland",+43 3327 2248,,node/1746825562,Gemeindeamt,6.9
AT-G-10414,Stegersbach,gemeinde,Burgenland,"Hauptplatz 7, 7551 Stegersbach",+43 3326 52317-0,,node/4244158517,Marktgemeindeamt Stegersbach,8.8
AT-G-10415,Stinatz,gemeinde,Burgenland,"Hauptplatz 1, 7552 Stinatz/Stinjaki",+43 3358 2433,post@stinatz.bgld.gv.at,way/236702388,Gemeindeamt Stinatz,8.8
AT-G-10416,Strem,gemeinde,Burgenland,"LIndenstraße 1, 7522",,,node/1065837481,Gemeindeamt,3.2
AT-G-10417,Tobaj,gemeinde,Burgenland,,,,,,
AT-G-10418,Hackerberg,gemeinde,Burgenland,"Hackerberg 77, 8292",+43 3358 3304-0,post@hackerberg.bgld.gv.at,node/4239131073,Gemeindeamt Hackerberg,5.4
AT-G-10419,Wörterberg,gemeinde,Burgenland,,,,,,
AT-G-10420,Großmürbisch,gemeinde,Burgenland,,,,,,
AT-G-10421,Inzenhof,gemeinde,Burgenland,,,,,,
AT-G-10422,Kleinmürbisch,gemeinde,Burgenland,,,,,,
AT-G-10423,Tschanigraben,gemeinde,Burgenland,,,,,,
AT-G-10424,Heugraben,gemeinde,Burgenland,,,,,,
AT-G-10425,Rohr im Burgenland,gemeinde,Burgenland,,,,,,
AT-G-10426,Bildein,gemeinde,Burgenland,,,,,,
AT-G-10427,Rauchwart,gemeinde,Burgenland,,,,,,
AT-G-10428,Moschendorf,gemeinde,Burgenland,,,,,,
AT-G-10501,Deutsch Kaltenbrunn,gemeinde,Burgenland,"Marktplatz 1, 7572 Deutsch Kaltenbrunn",,,node/1820445495,Gemeindeamt,6.4
AT-G-10502,Eltendorf,gemeinde,Burgenland,"Kirchenstraße 2, 7562 Eltendorf",,,way/361721276,Gemeindeamt Eltendorf,8.4
AT-G-10503,Heiligenkreuz im Lafnitztal,gemeinde,Burgenland,,,,,,
AT-G-10504,Jennersdorf,gemeinde,Burgenland,"Hauptplatz 5a, 8380 Jennersdorf",+43 3329 45200,,way/460089996,Rathaus Jennersdorf,8.7
AT-G-10505,Minihof-Liebau,gemeinde,Burgenland,"Minihof-Liebau 25, 8384 Minihof-Liebau",,,way/355799982,Gemeindeamt Minihof-Liebau,7.9
AT-G-10506,Mogersdorf,gemeinde,Burgenland,"Mogersdorf 2, 8382 Mogersdorf",+43 3325 8200,,node/4078033465,Gemeindeamt,6.4
AT-G-10507,Neuhaus am Klausenbach,gemeinde,Burgenland,,,,,,
AT-G-10508,Rudersdorf,gemeinde,Burgenland,,,,,,
AT-G-10509,Sankt Martin an der Raab,gemeinde,Burgenland,"Hauptplatz 7, 8383 Sankt Martin an der Raab",,,node/10822461165,,6.2
AT-G-10510,Weichselbaum,gemeinde,Burgenland,"Maria Bild 2a, 8382 Weichselbaum",,,way/125187057,Gemeindeamt Weichselbaum,7.9
AT-G-10511,Königsdorf,gemeinde,Burgenland,,,,,,
AT-G-10512,Mühlgraben,gemeinde,Burgenland,,,,,,
AT-G-10601,Draßburg,gemeinde,Burgenland,"Eisenstädterstraße 7a, 7021 Draßburg",,,node/5107761279,Gemeindeamt Draßburg,8.3
AT-G-10602,Forchtenstein,gemeinde,Burgenland,"Hauptstraße 54, 7212 Forchtenstein",+432626 63125-14,,node/3904735481,Gemeindeamt Forchtenstein,8.8
AT-G-10603,Hirm,gemeinde,Burgenland,"Hauptstraße 17, 7024 Hirm",+43 2687 472 33,,node/1618619283,Gemeindeamt Hirm,8.9
AT-G-10604,Loipersbach im Burgenland,gemeinde,Burgenland,,,,,,
AT-G-10605,Marz,gemeinde,Burgenland,"Schulstraße 11, 7221 Marz",,,way/379239805,Rathaus,6.4
AT-G-10606,Mattersburg,gemeinde,Burgenland,"Brunnenplatz 4, 7210",,,way/427577898,Rathaus,3.1
AT-G-10607,Neudörfl,gemeinde,Burgenland,,,,,,
AT-G-10608,Pöttelsdorf,gemeinde,Burgenland,"Hauptstraße 64, 7025 Pöttelsdorf",+43 2626 5214,,node/6166134749,Gemeindeamt Pöttelsdorf,8.9
AT-G-10609,Pöttsching,gemeinde,Burgenland,,,,,,
AT-G-10610,Rohrbach bei Mattersburg,gemeinde,Burgenland,,,,,,
AT-G-10611,Bad Sauerbrunn,gemeinde,Burgenland,,,,,,
AT-G-10612,Schattendorf,gemeinde,Burgenland,,,,,,
AT-G-10613,Sieggraben,gemeinde,Burgenland,,,,,,
AT-G-10614,Sigleß,gemeinde,Burgenland,,,,,,
AT-G-10615,Wiesen,gemeinde,Burgenland,"Rathausplatz 1, 7203 Wiesen",+432626 81636,post@wiesen.bgld.gv.at,way/30344670,Gemeindeamt Wiesen,8.9
AT-G-10616,Antau,gemeinde,Burgenland,"Hauptplatz 3, 7042 Antau",+43 2687 54121,,way/389383176,Gemeindeamt,7.0
AT-G-10617,Baumgarten,gemeinde,Burgenland,"Florianiplatz 10, 7021 Baumgarten",+43 2686 2216,,way/304430291,Gemeindeamt Baumgarten,8.9
AT-G-10618,Zemendorf-Stöttera,gemeinde,Burgenland,"Kirchenplatz 11, 7023 Zemendorf-Stöttera",+43 2626 5242,,node/2073645090,Gemeindeamt Zemendorf-Stöttera,9.0
AT-G-10619,Krensdorf,gemeinde,Burgenland,"Hauptplatz 1, 7031",+43 2626 71261,post@krensdorf.bgld.gv.at,way/449123318,Gemeindeamt,4.0
AT-G-10701,Andau,gemeinde,Burgenland,,,,,,
AT-G-10702,Apetlon,gemeinde,Burgenland,"Kirchengasse 1a, 7143 Apetlon",+43 2175 2220-14,post@apetlon.bgld.gv.at,node/681316627,Gemeindeamt Apetlon,8.7
AT-G-10703,Bruckneudorf,gemeinde,Burgenland,"Bahnhofplatz 6, 2460 Bruckneudorf",,,way/30356586,Gemeindeamt,6.2
AT-G-10704,Deutsch Jahrndorf,gemeinde,Burgenland,,,,,,
AT-G-10705,Frauenkirchen,gemeinde,Burgenland,,+43 2172 23000,,node/1641121586,Stadtgemeinde Frauenkirchen,8.2
AT-G-10706,Gattendorf,gemeinde,Burgenland,,,,,,
AT-G-10707,Gols,gemeinde,Burgenland,"Untere Hauptstraße 10, 7122 Gols",,,node/252255200,Gemeindeamt,6.5
AT-G-10708,Halbturn,gemeinde,Burgenland,"Wiener Straße 3, 7131 Halbturn",,,node/1641183190,,6.3
AT-G-10709,Illmitz,gemeinde,Burgenland,"Obere Hauptstraße 2-4, 7142 Illmitz",,,way/188437058,,6.2
AT-G-10710,Jois,gemeinde,Burgenland,"Untere Hauptstraße 23, 7093 Jois",,,node/4809872064,Jois Gemeindeamt,8.3
AT-G-10711,Kittsee,gemeinde,Burgenland,,,,,,
AT-G-10712,Mönchhof,gemeinde,Burgenland,,,,,,
AT-G-10713,Neusiedl am See,gemeinde,Burgenland,,,,,,
AT-G-10714,Nickelsdorf,gemeinde,Burgenland,"Obere Hauptstraße 1, 2425 Nickelsdorf",,,way/112191971,Gemeindeamt,6.4
AT-G-10715,Pama,gemeinde,Burgenland,"Hauptplatz 1, 2422 Pama",,,way/182629711,Gemeindeamt,6.4
AT-G-10716,Pamhagen,gemeinde,Burgenland,,,,,,
AT-G-10717,Parndorf,gemeinde,Burgenland,,,,,,
AT-G-10718,Podersdorf am See,gemeinde,Burgenland,"Hauptstraße 2, 7141 Podersdorf am See",,,node/9311801218,Gemeindeamt Podersdorf am See,8.2
AT-G-10719,Sankt Andrä am Zicksee,gemeinde,Burgenland,"Hauptstraße 59, 7161 Sankt Andrä am Zicksee",,,way/178312756,Gemeindeamt St.Andrä am Zicksee,8.4
AT-G-10720,Tadten,gemeinde,Burgenland,,,,,,
AT-G-10721,Wallern im Burgenland,gemeinde,Burgenland,"Hauptstraße 4, 7151 Wallern im Burgenland",+43 2174 2200,,way/427646753,Gemeindeamt,6.7
AT-G-10722,Weiden am See,gemeinde,Burgenland,"Raiffeisenplatz 5, 7121 Weiden am See",,,way/165720232,Gemeindeamt Weiden am See,8.3
AT-G-10723,Winden am See,gemeinde,Burgenland,,,,,,
AT-G-10724,Zurndorf,gemeinde,Burgenland,"Untere Hauptstraße 4, 2424 Zurndorf",+43 2147 22010,,node/5901826703,Gemeindeamt Zurndorf,8.9
AT-G-10725,Neudorf,gemeinde,Burgenland,"Untere Hauptstraße 2, 2475",+43 2142 5281,,node/410869583,Gemeindeamt Neudorf,5.9
AT-G-10726,Potzneusiedl,gemeinde,Burgenland,"Untere Hauptstraße 26, 2473 Potzneusiedl",,,way/182574341,Gemeindeamt,6.3
AT-G-10727,Edelstal,gemeinde,Burgenland,,,,,,
AT-G-10801,Deutschkreutz,gemeinde,Burgenland,,,,,,
AT-G-10802,Draßmarkt,gemeinde,Burgenland,,,,,,
AT-G-10803,Frankenau-Unterpullendorf,gemeinde,Burgenland,"Frankenau 108, 7361 Frankenau-Unterpullendorf/Frakanava-Dolnja Pulja",,,way/680345031,Gemeindeamt Frankenau-Unterpullendorf,7.7
AT-G-10804,Großwarasdorf,gemeinde,Burgenland,,,,,,
AT-G-10805,Horitschon,gemeinde,Burgenland,"Hauptstraße 43, 7312 Horitschon",+43 2610 42241 0,post@horitschon.bgld.gv.at,way/233046115,Gemeindeamt Horitschon,8.8
AT-G-10806,Kaisersdorf,gemeinde,Burgenland,,,,,,
AT-G-10807,Kobersdorf,gemeinde,Burgenland,"Hauptstraße 38, 7332",,,way/440255787,Gemeindeamt,3.3
AT-G-10808,Lackenbach,gemeinde,Burgenland,"Postgasse 6, 7322 Lackenbach",,,node/2574517739,Gemeindeamt,6.3
AT-G-10809,Lockenhaus,gemeinde,Burgenland,,,,,,
AT-G-10810,Lutzmannsburg,gemeinde,Burgenland,,,,,,
AT-G-10811,Mannersdorf an der Rabnitz,gemeinde,Burgenland,,,,,,
AT-G-10812,Markt Sankt Martin,gemeinde,Burgenland,"Kirchenplatz 17, 7341 Markt Sankt Martin",+43 2618 2239,,way/257417611,Gemeindeamt Markt Sankt Martin,8.4
AT-G-10813,Neckenmarkt,gemeinde,Burgenland,"Rathausgasse 1, 7311",,,node/4264531713,Marktgemeinde Neckenmarkt,5.3
AT-G-10814,Neutal,gemeinde,Burgenland,,,,,,
AT-G-10815,Nikitsch,gemeinde,Burgenland,"Hauptstraße 89, 7302 Nikitsch",+43 2614 8210-0,post@nikitsch.bgld.gv.at,node/6176587369,Gemeindeamt Nikitsch,8.7
AT-G-10816,Oberpullendorf,gemeinde,Burgenland,,,,,,
AT-G-10817,Pilgersdorf,gemeinde,Burgenland,"Kirchschlagerstraße 2, 7441 Pilgersdorf",+432616 7702,post@pilgersdorf.bgld.gv.at,way/367974419,Gemeindeamt Pilgersdorf,8.8
AT-G-10818,Piringsdorf,gemeinde,Burgenland,"Bundesstraße 14, 7373",+43 2616 8713,,node/3520239256,Gemeindeamt Piringsdorf,5.9
AT-G-10819,Raiding,gemeinde,Burgenland,,,,,,
AT-G-10820,Ritzing,gemeinde,Burgenland,"Lange Zeile 21, 7323 Ritzing",,,way/353000218,Gemeindeamt,6.3
AT-G-10821,Steinberg-Dörfl,gemeinde,Burgenland,"Untere Hauptstraße 10, 7453 Steinberg-Dörfl",+43 2612 8466,,way/686587344,Gemeindeamt Steinberg-Dörfl,8.8
AT-G-10822,Stoob,gemeinde,Burgenland,"Hauptstraße 72, 7344 Stoob",+43 2612 42436,,node/4405714067,Gemeindeamt Stoob,8.9
AT-G-10823,Weppersdorf,gemeinde,Burgenland,"Hauptstraße 104, 7331 Weppersdorf",,,node/6404593974,Gemeindeamt Weppersdorf,8.2
AT-G-10824,Lackendorf,gemeinde,Burgenland,"Hauptstraße 27, 7321 Lackendorf",,,way/229942385,Gemeindeamt,6.1
AT-G-10825,Unterfrauenhaid,gemeinde,Burgenland,,,,,,
AT-G-10826,Unterrabnitz-Schwendgraben,gemeinde,Burgenland,,,,,,
AT-G-10827,Weingraben,gemeinde,Burgenland,"Hauptplatz 5, 7374",+43 2617 2207,,node/4260099660,Gemeindeamt Weingraben,5.8
AT-G-10828,Oberloisdorf,gemeinde,Burgenland,,,,,,
AT-G-10901,Bad Tatzmannsdorf,gemeinde,Burgenland,"Joseph Haydn-Platz 1, 7431 Bad Tatzmannsdorf",,,node/2328009004,Rathaus,6.4
AT-G-10902,Bernstein,gemeinde,Burgenland,"Hauptstraße 68, 7434 Bernstein",+433354 65 02,,node/2157946655,Gemeindezentrum Bernstein - Dreihütten - Redlschlag - Rettenbach - Stuben,8.9
AT-G-10903,Deutsch Schützen-Eisenberg,gemeinde,Burgenland,"Untere Hauptstraße 24, 7474 Deutsch Schützen-Eisenberg",,,node/1348144137,Gemeindeamt,6.3
AT-G-10904,Grafenschachen,gemeinde,Burgenland,,,,,,
AT-G-10905,Großpetersdorf,gemeinde,Burgenland,"Hauptstraße 36, 7503 Großpetersdorf",+43 3362 2311,post@grosspetersdorf.bgld.gv.at,way/402627544,Marktgemeindeamt Großpetersdorf,8.9
AT-G-10906,Hannersdorf,gemeinde,Burgenland,,,,,,
AT-G-10907,Kemeten,gemeinde,Burgenland,"Bachgasse 2, 7531 Kemeten",,,relation/4754535,Gemeindeamt Kemeten,8.5
AT-G-10908,Kohfidisch,gemeinde,Burgenland,"Obere Hauptstraße 4, 7512",,,node/1704436017,Gemeindeamt Kohfidisch,5.4
AT-G-10909,Litzelsdorf,gemeinde,Burgenland,"Marktplatz 1, 7532 Litzelsdorf",,,way/335767975,Marktgemeindeamt,6.3
AT-G-10910,Loipersdorf-Kitzladen,gemeinde,Burgenland,,,,,,
AT-G-10911,Mariasdorf,gemeinde,Burgenland,,,,,,
AT-G-10912,Markt Allhau,gemeinde,Burgenland,"Gemeindestraße 29, 7411 Markt Allhau",,,way/221444321,Gemeindeamt,6.3
AT-G-10913,Markt Neuhodis,gemeinde,Burgenland,,,,,,
AT-G-10914,Mischendorf,gemeinde,Burgenland,"Hauptplatz 1, 7511",,,node/3639300005,Gemeindeamt Mischendorf,5.4
AT-G-10915,Oberdorf im Burgenland,gemeinde,Burgenland,,,,,,
AT-G-10916,Oberschützen,gemeinde,Burgenland,,,,,,
AT-G-10917,Oberwart,gemeinde,Burgenland,"Hauptplatz 9, 7400 Oberwart",+43 3352 38055,,way/30352773,Rathaus Oberwart,8.8
AT-G-10918,Pinkafeld,gemeinde,Burgenland,"Hauptplatz 1, 7423 Pinkafeld",+43 3357 42351,,way/143362416,Rathaus Pinkafeld,8.9
AT-G-10919,Rechnitz,gemeinde,Burgenland,"Hauptplatz 10, 7471",,,node/1627140967,Gemeindeamt Rechnitz,5.4
AT-G-10920,Riedlingsdorf,gemeinde,Burgenland,"Untere Hauptstraße 2, 7422 Riedlingsdorf",,,way/82574965,Gemeindeamt Riedlingsdorf,8.3
AT-G-10921,Rotenturm an der Pinka,gemeinde,Burgenland,,,,,,
AT-G-10922,Schachendorf,gemeinde,Burgenland,"Schachendorf 218, 7472 Schachendorf",+433364 2104 0,post@schachendorf.bgld.gv.at,way/336700399,Gemeindeamt Schachendorf,8.2
AT-G-10923,Stadtschlaining,gemeinde,Burgenland,"Baumkircher Gasse 1, 7461",+43 3355 22 01,post@stadtschlaining.bgld.gv.at,node/355157687,Gemeindeamt,4.0
AT-G-10924,Unterkohlstätten,gemeinde,Burgenland,"Unterkohlstätten 32, 7435 Unterkohlstätten",,,way/455083696,Gemeindeamt,5.9
AT-G-10925,Unterwart,gemeinde,Burgenland,"Marienplatz 3, 7502 Unterwart",,,way/256336252,Gemeindeamt Unterwart,8.3
AT-G-10926,Weiden bei Rechnitz,gemeinde,Burgenland,"Weiden bei Rechnitz 64, 7463 Weiden bei Rechnitz",,,way/145723235,Gemeindeamt,5.9
AT-G-10927,Wiesfleck,gemeinde,Burgenland,"Untere Hauptstraße 7, 7425 Wiesfleck",,,way/388490708,Gemeindeamt Wiesfleck,8.4
AT-G-10928,Wolfau,gemeinde,Burgenland,"Hauptstraße 43, 7412 Wolfau",+43 3356 349-0,,way/199293098,Gemeindeamt,6.9
AT-G-10929,Neustift an der Lafnitz,gemeinde,Burgenland,"Hauptplatz 1, 7420 Neustift an der Lafnitz",,,way/83254422,Gemeindeamt Neustift an der Lafnitz,8.4
AT-G-10930,Jabing,gemeinde,Burgenland,,,,,,
AT-G-10931,Badersdorf,gemeinde,Burgenland,"Obere Dorfstraße 5, 7512 Badersdorf",,,way/224838930,Gemeindeamt Badersdorf,8.4
AT-G-10932,Schandorf,gemeinde,Burgenland,"Schandorf 150, 7472 Schandorf",,,way/358900680,Gemeindeamt Schandorf / Općinski ured Čemba,7.8
AT-G-20101,Klagenfurt am Wörthersee,gemeinde,Kärnten,,,,,,
AT-G-20201,Villach,gemeinde,Kärnten,"Rathausplatz 1, 9500 Villach",,,node/330242044,Rathaus,6.4
AT-G-20302,Dellach,gemeinde,Kärnten,"Dellach 123, 9635 Dellach im Gailtal",,,node/665212685,Gemeindeamt Dellach,8.3
AT-G-20305,Hermagor-Pressegger See,gemeinde,Kärnten,,,,,,
AT-G-20306,Kirchbach,gemeinde,Kärnten,,,,,,
AT-G-20307,Kötschach-Mauthen,gemeinde,Kärnten,"Kötschach 390, 9640 Kötschach-Mauthen",,,relation/3894419,Rathaus,5.7
AT-G-20316,St. Stefan im Gailtal,gemeinde,Kärnten,"Schmölzing 7, 9623 St. Stefan im Gailtal",+43 4283 2120,st-stefan-gailtal@ktn.gde.at,way/107113989,Gemeinde St. Stefan im Gailtal,8.4
AT-G-20320,Gitschtal,gemeinde,Kärnten,,,,,,
AT-G-20321,Lesachtal,gemeinde,Kärnten,,,,,,
AT-G-20402,Ebenthal in Kärnten,gemeinde,Kärnten,,,,,,
AT-G-20403,Feistritz im Rosental,gemeinde,Kärnten,"Hauptplatz 126, 9181 Feistritz im Rosental",,,node/307479130,Marktgemeindeamt Feistritz im Rosental,8.1
AT-G-20405,Ferlach,gemeinde,Kärnten,"Hauptplatz 5, 9170 Ferlach",+43 4227 2600,ferlach@ktn.gde.at,way/60970460,Rathaus Ferlach,8.7
AT-G-20409,Grafenstein,gemeinde,Kärnten,"ÖR-Valentin-Deutschmann-Platz 1, 9131 Grafenstein",+43 4225 2220-0,grafenstein@ktn.gde.at,node/355619904,Gemeindeamt Grafenstein,9.0
AT-G-20412,Keutschach am See,gemeinde,Kärnten,"Keutschach 1, 9074 Keutschach am See",,,way/43327320,Gemeindeamt Keutschach am See,7.9
AT-G-20414,Köttmannsdorf,gemeinde,Kärnten,"Am Platz 1, 9071 Köttmannsdorf",,,way/1386597527,Gemeindeamt Köttmannsdorf/Kotmara Vas,8.5
AT-G-20415,Krumpendorf am Wörthersee,gemeinde,Kärnten,,,,,,
AT-G-20416,Ludmannsdorf,gemeinde,Kärnten,"Ludmannsdorf 27, 9072 Ludmannsdorf",,,way/308302415,Gemeindamt Ludmannsdorf,7.9
AT-G-20417,Maria Rain,gemeinde,Kärnten,"Kirchenstraße 1, 9161 Maria Rain",,,way/401986917,,6.3
AT-G-20418,Maria Saal,gemeinde,Kärnten,,,,,,
AT-G-20419,Maria Wörth,gemeinde,Kärnten,,,,,,
AT-G-20421,Moosburg,gemeinde,Kärnten,"Kirchplatz 1, 9062",,,way/415842785,Gemeindeamt Moosburg,5.4
AT-G-20424,Pörtschach am Wörther See,gemeinde,Kärnten,"Hauptstraße 153, 9210 Pörtschach am Wörther See",,,way/168151596,Gemeindeamt,6.4
AT-G-20425,Poggersdorf,gemeinde,Kärnten,"Hauptplatz 1, 9130 Poggersdorf",,,way/313076027,Marktgemeindeamt Poggersdorf,8.3
AT-G-20428,St. Margareten im Rosental,gemeinde,Kärnten,"St.Margareten 9, 9173 Sankt Margareten im Rosental",,,way/199343671,,5.9
AT-G-20432,Schiefling am Wörthersee,gemeinde,Kärnten,,,,,,
AT-G-20435,Techelsberg am Wörther See,gemeinde,Kärnten,,,,,,
AT-G-20441,Zell,gemeinde,Kärnten,,,,,,
AT-G-20442,Magdalensberg,gemeinde,Kärnten,"Görtschitztal Straße 135, 9064 Magdalensberg",,,way/221763259,Marktgemeindeamt Magdalensberg,8.4
AT-G-20501,Althofen,gemeinde,Kärnten,"Hauptplatz 8, 9330 Althofen",+43 4262 22880,althofen@ktn.gde.at,node/1947977617,Gemeindeamt Althofen,8.8
AT-G-20502,Brückl,gemeinde,Kärnten,"Marktplatz 1, 9371",,,node/1347298466,Gemeindeamt Brückl,4.6
AT-G-20503,Deutsch-Griffen,gemeinde,Kärnten,"Deutsch Griffen 23, 9572 Deutsch-Griffen",,,node/11597453355,Rathaus,5.5
AT-G-20504,Eberstein,gemeinde,Kärnten,,,,,,
AT-G-20505,Friesach,gemeinde,Kärnten,"Fürstenhofplatz 3, 9360 Friesach",,,way/231509575,Rathaus Friesach,8.1
AT-G-20506,Glödnitz,gemeinde,Kärnten,,,,,,
AT-G-20508,Gurk,gemeinde,Kärnten,"Dr.-Schnerich-Straße 12, 9342",+43 4266 812527,gurk@ktn.gde.at,node/4260262793,Marktgemeinde Gurk,5.9
AT-G-20509,Guttaring,gemeinde,Kärnten,,,,,,
AT-G-20511,Hüttenberg,gemeinde,Kärnten,"Reiftanzplatz 1, 9375",,,way/392046151,Marktgemeindeamt Hüttenberg,5.1
AT-G-20512,Kappel am Krappfeld,gemeinde,Kärnten,,,,,,
AT-G-20513,Klein St. Paul,gemeinde,Kärnten,"Marktstraße 17, 9373 Klein St. Paul",,,way/165491566,Gemeindeamt,6.1
AT-G-20515,Liebenfels,gemeinde,Kärnten,,,,,,
AT-G-20518,Metnitz,gemeinde,Kärnten,"Metnitz Marktplatz 4, 9363 Metnitz",+4342672200,metnitz@ktn.gde.at,way/401571043,Gemeindeamt Metnitz,8.4
AT-G-20519,Micheldorf,gemeinde,Kärnten,,,,,,
AT-G-20520,Mölbling,gemeinde,Kärnten,,,,,,
AT-G-20523,St. Georgen am Längsee,gemeinde,Kärnten,,,,,,
AT-G-20527,St. Veit an der Glan,gemeinde,Kärnten,,,,,,
AT-G-20530,Straßburg,gemeinde,Kärnten,"Hauptplatz 1, 9341",+43 4266 2236,strassburg@ktn.gde.at,node/4087753285,Stadtgemeindeamt Straßburg,5.9
AT-G-20531,Weitensfeld im Gurktal,gemeinde,Kärnten,,,,,,
AT-G-20534,Frauenstein,gemeinde,Kärnten,,,,,,
AT-G-20601,Bad Kleinkirchheim,gemeinde,Kärnten,,,,,,
AT-G-20602,Baldramsdorf,gemeinde,Kärnten,,,,,,
AT-G-20603,Berg im Drautal,gemeinde,Kärnten,,,,,,
AT-G-20604,Dellach im Drautal,gemeinde,Kärnten,,,,,,
AT-G-20605,Großkirchheim,gemeinde,Kärnten,"Döllach 47, 9843 Großkirchheim",,,way/227096991,Gemeindeamt Großkirchheim,8.3
AT-G-20607,Flattach,gemeinde,Kärnten,"Flattach 73, 9831 Flattach",,,way/89014459,Gemeindeamt Flattach,7.9
AT-G-20608,Gmünd in Kärnten,gemeinde,Kärnten,"Hauptplatz 20, 9853 Gmünd in Kärnten",,,way/237254102,,6.2
AT-G-20609,Greifenburg,gemeinde,Kärnten,,,,,,
AT-G-20610,Heiligenblut am Großglockner,gemeinde,Kärnten,,,,,,
AT-G-20611,Irschen,gemeinde,Kärnten,,,,,,
AT-G-20613,Kleblach-Lind,gemeinde,Kärnten,,,,,,
AT-G-20616,Lendorf,gemeinde,Kärnten,,,,,,
AT-G-20618,Mallnitz,gemeinde,Kärnten,"Mallnitz 11, 9822 Mallnitz",,,way/188320559,Gemeindeamt,5.8
AT-G-20619,Malta,gemeinde,Kärnten,"Malta 13, 9854 Malta",,,way/167039682,Gemeindeamt Malta,7.1
AT-G-20620,Millstatt am See,gemeinde,Kärnten,,,,,,
AT-G-20622,Mörtschach,gemeinde,Kärnten,,,,,,
AT-G-20624,Mühldorf,gemeinde,Kärnten,"Mühldorf 10, 9814 Mühldorf",,,way/150261845,Gemeindeamt Mühldorf,7.7
AT-G-20625,Oberdrauburg,gemeinde,Kärnten,,,,,,
AT-G-20627,Obervellach,gemeinde,Kärnten,,,,,,
AT-G-20630,Radenthein,gemeinde,Kärnten,,,,,,
AT-G-20631,Rangersdorf,gemeinde,Kärnten,,,,,,
AT-G-20632,Rennweg am Katschberg,gemeinde,Kärnten,"Rennweg 51, 9863 Rennweg am Katschberg",,,way/379355665,,5.8
AT-G-20633,Sachsenburg,gemeinde,Kärnten,,,,,,
AT-G-20634,Seeboden am Millstätter See,gemeinde,Kärnten,,,,,,
AT-G-20635,Spittal an der Drau,gemeinde,Kärnten,,,,,,
AT-G-20636,Stall,gemeinde,Kärnten,,,,,,
AT-G-20637,Steinfeld,gemeinde,Kärnten,,,,,,
AT-G-20638,Trebesing,gemeinde,Kärnten,,,,,,
AT-G-20639,Weißensee,gemeinde,Kärnten,"Techendorf 90, 9762 Weißensee",,,way/233404912,,5.4
AT-G-20640,Winklern,gemeinde,Kärnten,,,,,,
AT-G-20642,Krems in Kärnten,gemeinde,Kärnten,,,,,,
AT-G-20643,Lurnfeld,gemeinde,Kärnten,"Hauptstraße 2, 9813",,,node/2021583085,Gemeindeamt Marktgemeinde Lurnfeld,5.1
AT-G-20644,Reißeck,gemeinde,Kärnten,,,,,,
AT-G-20701,Afritz am See,gemeinde,Kärnten,,,,,,
AT-G-20702,Arnoldstein,gemeinde,Kärnten,"Gemeindeplatz 4/1, 9601 Arnoldstein",,,node/4286868297,Marktgemeindeamt Arnoldstein,8.2
AT-G-20703,Arriach,gemeinde,Kärnten,"Arriach 60, 9543 Arriach",,,way/246898211,Gemeindeamt Arriach,7.7
AT-G-20705,Bad Bleiberg,gemeinde,Kärnten,,,,,,
AT-G-20707,Feistritz an der Gail,gemeinde,Kärnten,"Feistritz an der Gail 100, 9613 Feistritz an der Gail",,feistritz-gail@ktn.gde.at,way/180605919,Gemeindeamt Feistritz an der Gail,8.0
AT-G-20708,Feld am See,gemeinde,Kärnten,"Rathausstraße 25, 9544 Feld am See",,,way/26656168,Gemeindeamt,6.5
AT-G-20710,Ferndorf,gemeinde,Kärnten,,,,,,
AT-G-20711,Finkenstein am Faaker See,gemeinde,Kärnten,,,,,,
AT-G-20712,Fresach,gemeinde,Kärnten,"Dorfplatz 160, 9712 Fresach",,,way/210011510,Gemeindeamt Fresach,8.2
AT-G-20713,Hohenthurn,gemeinde,Kärnten,"Draschitz 33, 9613 Hohenthurn",+43 4256 2267,hohenthurn@ktn.gde.at,way/168206862,Gemeindeamt Hohenthurn,8.9
AT-G-20719,Nötsch im Gailtal,gemeinde,Kärnten,,,,,,
AT-G-20720,Paternion,gemeinde,Kärnten,"Hauptstraße 83, 9711 Paternion",+43 4245 28880,,way/513038009,Gemeindeamt Paternion,8.7
AT-G-20721,Rosegg,gemeinde,Kärnten,"Schlossalle 2, 9232 Rosegg",,,way/123531650,Marktgemeindeamt Rosegg,8.2
AT-G-20722,St. Jakob im Rosental,gemeinde,Kärnten,,,,,,
AT-G-20723,Stockenboi,gemeinde,Kärnten,,,,,,
AT-G-20724,Treffen am Ossiacher See,gemeinde,Kärnten,,,,,,
AT-G-20725,Velden am Wörther See,gemeinde,Kärnten,,,,,,
AT-G-20726,Weißenstein,gemeinde,Kärnten,,,,,,
AT-G-20727,Wernberg,gemeinde,Kärnten,,,,,,
AT-G-20801,Bleiburg,gemeinde,Kärnten,"10. Oktober Platz 1, 9150 Bleiburg",+43 4235 2110-0,,way/240772073,Rathaus Bleiburg,8.9
AT-G-20802,Diex,gemeinde,Kärnten,,,,,,
AT-G-20803,Eberndorf,gemeinde,Kärnten,"Kirchplatz 1, 9141 Eberndorf, Österreich",,,node/4359952117,Stift Eberndorf Österreich,8.3
AT-G-20804,Eisenkappel-Vellach,gemeinde,Kärnten,"Bad Eisenkappel 260, 9135 Eisenkappel-Vellach",,,way/528160371,Eisenkappel-Vellach,8.0
AT-G-20805,Feistritz ob Bleiburg,gemeinde,Kärnten,,,,,,
AT-G-20806,Gallizien,gemeinde,Kärnten,,,,,,
AT-G-20807,Globasnitz,gemeinde,Kärnten,,,,,,
AT-G-20808,Griffen,gemeinde,Kärnten,"Hauptplatz 1, 9112 Griffen",,,way/202429364,Gemeindeamt Griffen,8.0
AT-G-20810,Neuhaus,gemeinde,Kärnten,"Neuhaus 12, 9155 Neuhaus",,,way/332291357,Gemeindeamt Neuhaus,8.5
AT-G-20812,Ruden,gemeinde,Kärnten,"Obermitterdorf 30, 9113 Ruden",,,way/395775714,Ruden,7.9
AT-G-20813,St. Kanzian am Klopeiner See,gemeinde,Kärnten,"Klopeiner Straße 5, 9122 St. Kanzian am Klopeiner See",,,way/236994785,Gemeindeamt,6.3
AT-G-20815,Sittersdorf,gemeinde,Kärnten,,,,,,
AT-G-20817,Völkermarkt,gemeinde,Kärnten,,,,,,
AT-G-20901,Bad St. Leonhard im Lavanttal,gemeinde,Kärnten,"Hauptplatz 46, 9462 Bad St. Leonhard im Lavanttal",,,way/30487303,,6.4
AT-G-20905,Frantschach-St. Gertraud,gemeinde,Kärnten,,,,,,
AT-G-20909,Lavamünd,gemeinde,Kärnten,"Lavamünd 65, 9473 Lavamünd",+434356 2555-0,lavamuend@ktn.gde.at,node/3900811087,Gemeindeamt Lavamünd,8.7
AT-G-20911,Preitenegg,gemeinde,Kärnten,"Preitenegg 5, 9451 Preitenegg",,,way/438899015,Gemeindeamt,5.8
AT-G-20912,Reichenfels,gemeinde,Kärnten,"Liftstraße 1, 9463 Reichenfels",,,way/191050819,Martkgemeinde Reichenfels,8.1
AT-G-20913,St. Andrä,gemeinde,Kärnten,"St. Andrä 100, 9433 St. Andrä",,,way/558199796,Rathaus St. Andrä im Lavanttal,7.9
AT-G-20914,St. Georgen im Lavanttal,gemeinde,Kärnten,,,,,,
AT-G-20918,St. Paul im Lavanttal,gemeinde,Kärnten,"Platz St. Blasien 3, 9470 St. Paul im Lavanttal",,,way/161491892,,6.3
AT-G-20923,Wolfsberg,gemeinde,Kärnten,"Rathausplatz 1, 9400 Wolfsberg",+43 4352 537,stadt@wolfsberg.at,way/366013565,Rathaus Wolfsberg,8.2
AT-G-21001,Albeck,gemeinde,Kärnten,,,,,,
AT-G-21002,Feldkirchen in Kärnten,gemeinde,Kärnten,,,,,,
AT-G-21003,Glanegg,gemeinde,Kärnten,"Glanegg 20, 9555 Glanegg",+43 4277 2276,glanegg@ktn.gde.at,node/3498506853,Gemeindeamt,6.5
AT-G-21004,Gnesau,gemeinde,Kärnten,"Gnesau 77, 9563 Gnesau",+434278271,gnesau@ktn.gde.at,way/468772198,Gemeindeamt Gnesau,8.2
AT-G-21005,Himmelberg,gemeinde,Kärnten,"Turracher Straße 27, 9562 Himmelberg",+43 4276 23100,,node/6568741029,Gemeindeamt Himmelberg,8.7
AT-G-21006,Ossiach,gemeinde,Kärnten,"Ossiach 8, 9570",,,way/294125251,Gemeindeamt Ossiach,4.9
AT-G-21007,Reichenau,gemeinde,Kärnten,"Ebene Reichenau 80, 9565 Reichenau",,,way/61974603,Gemeindeamt,5.9
AT-G-21008,St. Urban,gemeinde,Kärnten,,,,,,
AT-G-21009,Steindorf am Ossiacher See,gemeinde,Kärnten,,,,,,
AT-G-21010,Steuerberg,gemeinde,Kärnten,,,,,,
AT-G-30101,Krems an der Donau,gemeinde,Niederösterreich,,,,,,
AT-G-30201,St. Pölten,gemeinde,Niederösterreich,"Rathausplatz 1, 3100 St. Pölten",+43 2742 333 0,,node/11554201738,Magistrat St. Pölten,8.8
AT-G-30301,Waidhofen an der Ybbs,gemeinde,Niederösterreich,,,,,,
AT-G-30401,Wiener Neustadt,gemeinde,Niederösterreich,"Hauptplatz 1-3, 2700 Wiener Neustadt",+43 2622 373-0,,node/464572615,Magistrat Wiener Neustadt,8.9
AT-G-30501,Allhartsberg,gemeinde,Niederösterreich,"Markt 47, 3365 Allhartsberg",+43 7448 2336,gemeinde@allhartsberg.gv.at,node/412782807,Gemeindeamt Allhartsberg,8.8
AT-G-30502,Amstetten,gemeinde,Niederösterreich,"Rathausstraße 1, 3300 Amstetten",+43 7472 601,stadtamt@amstetten.at,node/11543138702,Stadtamt Amstetten,8.5
AT-G-30503,Ardagger,gemeinde,Niederösterreich,"Markt 55, 3321 Ardagger",+43 7479 7312,gemeinde@ardagger.gv.at,node/11543001848,Gemeindeamt Ardagger,8.4
AT-G-30504,Aschbach-Markt,gemeinde,Niederösterreich,"Rathausplatz 11, 3361 Aschbach-Markt",+43 7476 77321,gemeinde@aschbach-markt.gv.at,node/11543138698,Gemeindeamt Aschbach-Markt,8.9
AT-G-30506,Behamberg,gemeinde,Niederösterreich,"Behamberg 30, 4441 Behamberg",+43 7252 31000,gemeinde@behamberg.gv.at,node/3072961538,Gemeindeamt Behamberg,8.4
AT-G-30507,Biberbach,gemeinde,Niederösterreich,"Im Ort 279, 3353 Biberbach",+43 7476 8250,gemeinde@biberbach.gv.at,node/3072961539,Gemeindeamt Biberbach,8.9
AT-G-30508,Ennsdorf,gemeinde,Niederösterreich,"Amtshausstraße 5, 4482 Ennsdorf",+43 7223 82012,gemeinde@ennsdorf.gv.at,node/3072988319,Gemeindeamt Ennsdorf,8.8
AT-G-30509,Ernsthofen,gemeinde,Niederösterreich,"Hauptstraße 21, 4432 Ernsthofen",+43 7435 8450,gemeinde@ernsthofen.at,node/11543001851,Gemeindeamt Ernsthofen,8.9
AT-G-30510,Ertl,gemeinde,Niederösterreich,"Hauptplatz 1, 3355 Ertl",+43 7477 7201,gemeinde@ertl.gv.at,node/3073010522,Gemeindeamt Ertl,8.8
AT-G-30511,Euratsfeld,gemeinde,Niederösterreich,"Marktstraße 3, 3324 Euratsfeld",+43 7474 240,,node/11543001844,Gemeindeamt Euratsfeld,8.7
AT-G-30512,Ferschnitz,gemeinde,Niederösterreich,"Marktplatz 1, 3325 Ferschnitz",+43 7473 8297,,node/3077892492,Gemeindeamt Ferschnitz,8.9
AT-G-30514,Haag,gemeinde,Niederösterreich,"Hauptplatz 4, 3350 Haag",+43 7434 42423-0,stadtamt@haag.gv.at,node/11543001853,Stadtamt Haag,8.9
AT-G-30515,Haidershofen,gemeinde,Niederösterreich,"Vestenthal 8, 4431 Haidershofen",+43 7434 42813,gemeinde@haidershofen.gv.at,node/11543001854,Gemeindeamt Haidershofen,8.1
AT-G-30516,Hollenstein an der Ybbs,gemeinde,Niederösterreich,"Walcherbauer 2, 3343 Hollenstein an der Ybbs",+43 7445 218-0,gemeinde@hollenstein.at,node/1704099491,Gemeindeamt Hollenstein an der Ybbs,8.4
AT-G-30517,Kematen an der Ybbs,gemeinde,Niederösterreich,"1. Straße 31, 3331 Kematen an der Ybbs",+43 7448 2312,marktgemeinde@kematen-ybbs.at,node/292871702,Gemeindeamt Kematen an der Ybbs,8.8
AT-G-30520,Neuhofen an der Ybbs,gemeinde,Niederösterreich,"Millenniumsplatz 1, 3364 Neuhofen an der Ybbs",+43 7475 52700,,node/11543138701,Gemeindeamt Neuhofen an der Ybbs,8.8
AT-G-30521,Neustadtl an der Donau,gemeinde,Niederösterreich,"Marktstraße 16, 3323 Neustadtl an der Donau",+43 7471 2240-0,gemeinde@neustadtl.at,node/3077892495,Gemeindeamt Neustadtl an der Donau,8.8
AT-G-30522,Oed-Oehling,gemeinde,Niederösterreich,,,,,,
AT-G-30524,Opponitz,gemeinde,Niederösterreich,"Hauslehen 21, 3342 Opponitz",+43 7444 7280,gemeinde@opponitz.gv.at,node/1742953663,Gemeindeamt Opponitz,8.4
AT-G-30526,St. Georgen am Reith,gemeinde,Niederösterreich,"Dorf 58, 3344 St. Georgen am Reith",+43 7484 8000,gemeinde@stgeorgenreith.at,node/11543001849,Gemeindeamt Sankt Georgen am Reith,8.3
AT-G-30527,St. Georgen am Ybbsfelde,gemeinde,Niederösterreich,"Marktstraße 30, 3304 St. Georgen am Ybbsfelde",+43 7473 2312-0,gemeinde@st-georgen-ybbsfelde.gv.at,node/3078035119,Gemeindeamt St. Georgen am Ybbsfelde,8.8
AT-G-30529,St. Pantaleon-Erla,gemeinde,Niederösterreich,"Ringstraße 13, 4303 Sankt Pantaleon-Erla",+43 7435 7271,gemeinde@st-pantaleon-erla.gv.at,node/11543001852,Gemeindeamt Sankt Pantaleon-Erla,8.9
AT-G-30530,St. Peter in der Au,gemeinde,Niederösterreich,"Hofgasse 6, 3352 Sankt Peter in der Au",+43 7477 42111 0,gemeinde@stpeterau.at,node/3073011885,Gemeindeamt Sankt Peter in der Au,8.8
AT-G-30531,St. Valentin,gemeinde,Niederösterreich,"Hauptplatz 7, 4300 St. Valentin",+43 7435 52102,rathaus@st-valentin.at,node/3072988770,Stadtamt Sankt Valentin,8.9
AT-G-30532,Seitenstetten,gemeinde,Niederösterreich,"Steyrer Straße 1, 3353 Seitenstetten",+43 74 77 422 24,,node/9399388028,Gemeindeamt Seitenstetten,8.8
AT-G-30533,Sonntagberg,gemeinde,Niederösterreich,"Waidhofnerstraße 20, 3332 Rosenau am Sonntagberg",+43 7448 2290,gemeinde@sonntagberg.gv.at,node/3077934843,Gemeindeamt Sonntagberg,8.7
AT-G-30534,Strengberg,gemeinde,Niederösterreich,"Markt 10, 3314 Strengberg",+43 7432 2214,gemeinde@strengberg.gv.at,node/3078035120,Gemeindeamt Strengberg,8.4
AT-G-30536,Viehdorf,gemeinde,Niederösterreich,"Dorfplatz 1, 3322 Viehdorf",+43 7472 64114,,way/134670333,Gemeindeamt Viehdorf,8.9
AT-G-30538,Wallsee-Sindelburg,gemeinde,Niederösterreich,"Marktplatz 2, 3313 Wallsee-Sindelburg",+43 7433 2216-0,gemeinde@wallsee-sindelburg.gv.at,node/11543138699,Gemeindeamt Wallsee-Sindelburg,8.7
AT-G-30539,Weistrach,gemeinde,Niederösterreich,"Dorf 1, 3351 Weistrach",+43 7477 42363,gemeinde@weistrach.gv.at,node/3078190109,Gemeindeamt Weistrach,8.2
AT-G-30541,Winklarn,gemeinde,Niederösterreich,"Tanngrabenstraße 2, 3300 Winklarn",+43 7472 64319,gemeinde@winklarn.gv.at,node/11543138700,Gemeindeamt Winklarn,8.9
AT-G-30542,Wolfsbach,gemeinde,Niederösterreich,"Kirchenstraße 2, 3354 Wolfsbach",+43 7477 8240,gemeinde@wolfsbach.gv.at,node/1217538549,Gemeindeamt Wolfsbach,9.0
AT-G-30543,Ybbsitz,gemeinde,Niederösterreich,"Markt 1, 3341 Ybbsitz",+43 7443 86601,gemeinde@ybbsitz.at,node/11543001850,Gemeindeamt Ybbsitz,8.7
AT-G-30544,Zeillern,gemeinde,Niederösterreich,"Schlossstraße 2, 3311 Zeillern",+43 7472 28188,gemeinde@zeillern.gv.at,node/3072961626,Gemeindeamt Zeillern,8.8
AT-G-30601,Alland,gemeinde,Niederösterreich,"Hauptstraße 176, 2534 Alland",+43 2258 2245,,node/1488639317,Gemeindeamt Alland,8.8
AT-G-30602,Altenmarkt an der Triesting,gemeinde,Niederösterreich,"Altenmarkt an der Triesting 35, 2571 Altenmarkt an der Triesting",+43 2673 2200,,way/235920826,Gemeindeamt Altenmarkt an der Triesting,8.2
AT-G-30603,Bad Vöslau,gemeinde,Niederösterreich,"Schloßplatz 1, 2540 Bad Vöslau",+43 2252 76161,,node/250748980,Stadtamt Bad Vöslau,8.7
AT-G-30604,Baden,gemeinde,Niederösterreich,"Hauptplatz 1, 2500 Baden",+43 2252 86 800-0,,node/11640412385,Rathaus,6.8
AT-G-30605,Berndorf,gemeinde,Niederösterreich,"Kislingerplatz 2, 2560 Berndorf",+43 2672 82253 0,,node/11640412373,Stadtamt Berndorf,8.9
AT-G-30607,Ebreichsdorf,gemeinde,Niederösterreich,"Rathausplatz 1, 2483 Ebreichsdorf",+43 2254 72 218-0,,node/11640412395,Stadtamt Ebreichsdorf,8.9
AT-G-30608,Enzesfeld-Lindabrunn,gemeinde,Niederösterreich,"Rathausplatz 1, 2551 Enzesfeld",+43 2256 81251,sekretariat@enzesfeld-lindabrunn.at,node/11640412382,Gemeindeamt Enzesfeld-Lindabrunn,8.9
AT-G-30609,Furth an der Triesting,gemeinde,Niederösterreich,"Furth 2, 2564 Furth an der Triesting",+43 2674 88219,,node/6537015304,Gemeindeamt Furth an der Triesting,8.3
AT-G-30612,Günselsdorf,gemeinde,Niederösterreich,"Anton Rauchstraße 12, 2525 Günselsdorf",+43 2256 62880,,node/11640412388,Gemeindeamt Günselsdorf,8.9
AT-G-30613,Heiligenkreuz,gemeinde,Niederösterreich,"Hauptstraße 7, 2532 Heiligenkreuz",+43 2258 8720,,node/11640412371,Gemeindeamt Heiligenkreuz,8.8
AT-G-30614,Hernstein,gemeinde,Niederösterreich,"Berndorfer Straße 6, 2561 Hernstein",+43 2633 47205,marktgemeinde@hernstein.gv.at,way/87532848,Gemeindeamt Hernstein,8.7
AT-G-30615,Hirtenberg,gemeinde,Niederösterreich,"Bahngasse 1, 2552 Hirtenberg",+43 2256 81 111,,node/1157671342,Gemeindeamt Hirtenberg,8.9
AT-G-30616,Klausen-Leopoldsdorf,gemeinde,Niederösterreich,"Klausen-Leopoldsdorf 84, 2533 Klausen-Leopoldsdorf",+43 2257 236,,node/11640412370,Gemeindeamt Klausen-Leopoldsdorf,8.2
AT-G-30618,Kottingbrunn,gemeinde,Niederösterreich,"Schloß 4, 2542 Kottingbrunn",+43 2252 76104 0,,node/11640412384,Gemeindeamt Kottingbrunn,8.5
AT-G-30620,Leobersdorf,gemeinde,Niederösterreich,"Rathausplatz 1, 2544 Leobersdorf",+43 2256 62396,,node/11640412383,Gemeindeamt Leobersdorf,8.9
AT-G-30621,Mitterndorf an der Fischa,gemeinde,Niederösterreich,"Hauptstraße 21, 2441 Mitterndorf an der Fischa",+43 2234 78413,,node/11640412396,Gemeindeamt Mitterndorf an der Fischa,8.9
AT-G-30623,Oberwaltersdorf,gemeinde,Niederösterreich,"Kulturstraße 1, 2522 Oberwaltersdorf",+43 2253 61 000,,node/9457792028,Gemeindeamt Oberwaltersdorf,8.9
AT-G-30625,Pfaffstätten,gemeinde,Niederösterreich,"Dr. Josef Dolp-Straße 2, 2511 Pfaffstätten",+43 2252 889 85,,node/1639394846,Gemeindeamt Pfaffstätten,8.8
AT-G-30626,Pottendorf,gemeinde,Niederösterreich,"Alte Spinnerei 1, 2486 Pottendorf",+43 2623 72278,,node/1578088592,Gemeindeamt Pottendorf,8.8
AT-G-30627,Pottenstein,gemeinde,Niederösterreich,"Hauptplatz 13, 2563 Pottenstein",+43 2672 82424,,node/2748325355,Gemeindeamt Pottenstein,8.6
AT-G-30629,Reisenberg,gemeinde,Niederösterreich,"Untere Ortsstraße 1, 2440 Reisenberg",+43 2234 80271,gemeinde@reisenberg.gv.at,node/11640412398,Gemeindeamt Reisenberg,8.9
AT-G-30631,Schönau an der Triesting,gemeinde,Niederösterreich,"Liechtensteinstraße 3, 2525 Schönau an der Triesting",+43 2256 63572,,node/11640412387,Gemeindeamt Schönau an der Triesting,8.9
AT-G-30633,Seibersdorf,gemeinde,Niederösterreich,,,,,,
AT-G-30635,Sooß,gemeinde,Niederösterreich,"Hauptstraße 48, 2504 Sooß",+43 2252 87573,,node/4092706370,Gemeindeamt Sooß,8.9
AT-G-30636,Tattendorf,gemeinde,Niederösterreich,"Hauptplatz 2, 2523 Tattendorf",+43 664 88511000,,node/11640412390,Gemeindeamt Tattendorf,8.9
AT-G-30637,Teesdorf,gemeinde,Niederösterreich,"Schulstraße 11, 2524 Teesdorf",+43 2253 81440,gemeinde@teesdorf.at,node/11640412389,Gemeindeamt Teesdorf,8.9
AT-G-30639,Traiskirchen,gemeinde,Niederösterreich,"Hauptplatz 13, 2514 Traiskirchen",+43 50 355,,node/1379046698,Stadtamt Traiskirchen,8.9
AT-G-30641,Trumau,gemeinde,Niederösterreich,"Kirchengasse 6, 2521 Trumau",+43 2253 6245,marktgemeinde@trumau.at,node/11640412392,Gemeindeamt Trumau,8.8
AT-G-30645,Weissenbach an der Triesting,gemeinde,Niederösterreich,"Kirchenplatz 1, 2564 Weissenbach an der Triesting",+43 2674 87258,,node/11640412372,Gemeindeamt Weissenbach an der Triesting,8.8
AT-G-30646,Blumau-Neurißhof,gemeinde,Niederösterreich,"Anton-Rauchplatz 4a, 2602 Blumau-Neurißhof",+43 2628 48 290,,node/9310186783,Gemeindeamt Blumau-Neurißhof,8.9
AT-G-30701,Au am Leithaberge,gemeinde,Niederösterreich,"Hauptplatz 9, 2451 Au am Leithaberge",+43 2168 8241,,node/3191419735,Gemeindeamt Au am Leithaberge,8.9
AT-G-30702,Bad Deutsch-Altenburg,gemeinde,Niederösterreich,"Erhardgasse 2, 2405 Bad Deutsch-Altenburg",+43 2165 62900,,node/11610750472,Gemeindeamt Bad Deutsch-Altenburg,8.8
AT-G-30703,Berg,gemeinde,Niederösterreich,"Hauptstraße 33, 2413 Berg",+43 2143 2371 0,,node/3673470565,Gemeindeamt Berg,8.9
AT-G-30704,Bruck an der Leitha,gemeinde,Niederösterreich,"Hauptplatz 16, 2460 Bruck an der Leitha",+43 2162 62354 0,,node/9802174957,Stadtamt Bruck an der Leitha,8.9
AT-G-30706,Enzersdorf an der Fischa,gemeinde,Niederösterreich,"Margarethner Straße 19, 2431 Enzersdorf an der Fischa",+43 2230 8466,,node/440880542,Gemeindeamt Enzersdorf an der Fischa,8.8
AT-G-30708,Göttlesbrunn-Arbesthal,gemeinde,Niederösterreich,"Dorfplatz 1, 2464 Göttlesbrunn-Arbesthal",+43 2162 8276,,node/11610743468,Gemeindeamt Göttlesbrunn-Arbesthal,8.9
AT-G-30709,Götzendorf an der Leitha,gemeinde,Niederösterreich,"Hauptplatz 1, 2434 Götzendorf an der Leitha",+43 2169 2274,,node/11610743453,Gemeindeamt Götzendorf an der Leitha,8.8
AT-G-30710,Hainburg a.d. Donau,gemeinde,Niederösterreich,,,,,,
AT-G-30711,Haslau-Maria Ellend,gemeinde,Niederösterreich,,,,,,
AT-G-30712,Höflein,gemeinde,Niederösterreich,"Vohburgerstraße 25, 2465 Höflein",+43 2162 62553,,node/477268496,Gemeindeamt Höflein,8.9
AT-G-30713,Hof am Leithaberge,gemeinde,Niederösterreich,"Hauptplatz 8, 2451 Hof am Leithaberge",+43 2168 62393,,node/10251452236,Gemeindeamt Hof am Leithaberge,9.0
AT-G-30715,Hundsheim,gemeinde,Niederösterreich,"Gemeindestraße 42, 2405 Hundsheim",+43 2165 62618,,node/6741848811,Gemeindeamt Hundsheim,8.9
AT-G-30716,Mannersdorf am Leithagebirge,gemeinde,Niederösterreich,"Hauptstraße 48, 2452 Mannersdorf am Leithagebirge",+43 2168 62252,,node/1141132165,Stadtamt Mannersdorf am Leithagebirge,8.9
AT-G-30718,Petronell-Carnuntum,gemeinde,Niederösterreich,"Kirchenplatz 1, 2404 Petronell-Carnuntum",+43 2163 2228,,node/11610750470,Gemeindeamt Petronell-Carnuntum,8.9
AT-G-30719,Prellenkirchen,gemeinde,Niederösterreich,"Hauptplatz 7, 2472 Prellenkirchen",+43 2145 2202,,node/3673440191,Gemeindeamt Prellenkirchen,8.9
AT-G-30721,Rohrau,gemeinde,Niederösterreich,"Joseph Haydn-Platz 1, 2471 Rohrau",+43 2164 2204,,node/11610750471,Gemeindeamt Rohrau,8.8
AT-G-30722,Scharndorf,gemeinde,Niederösterreich,"Bodenzeile 1b, 2403 Scharndorf",+43 2163 2303,,node/1616015932,Gemeindeamt Scharndorf,8.8
AT-G-30724,Sommerein,gemeinde,Niederösterreich,"Schloßstraße 23, 2453 Sommerein",+43 2168 63468 0,,node/8581906191,Gemeindeamt Sommerein,9.0
AT-G-30726,Trautmannsdorf an der Leitha,gemeinde,Niederösterreich,"Kupfergasse 1, 2454 Trautmannsdorf an der Leitha",+43 2169 2246,,node/11610743465,Gemeindeamt Trautmannsdorf an der Leitha,8.7
AT-G-30728,Wolfsthal,gemeinde,Niederösterreich,"Hauptstraße 42, 2412 Wolfsthal",+43 2165 626 76,,node/11610750478,Gemeindeamt Wolfsthal,8.9
AT-G-30729,Ebergassing,gemeinde,Niederösterreich,"Schwadorfer Straße 9, 2435 Ebergassing",+43 2234 72286-0,gemeinde@ebergassing.at,node/1862583508,Gemeindeamt Ebergassing,8.9
AT-G-30730,Fischamend,gemeinde,Niederösterreich,"Gregerstraße 1, 2401 Fischamend",+43 2232 76 323,,node/11610743450,Stadtamt Fischamend,9.0
AT-G-30731,Gramatneusiedl,gemeinde,Niederösterreich,"Bahnstraße 2a, 2440 Gramatneusiedl",+43 2234 72205-0,,way/307673466,Gemeindeamt Gramatneusiedl,8.9
AT-G-30732,Himberg,gemeinde,Niederösterreich,"Hauptstraße 38, 2325 Himberg",+43 2235 86 213-0,,way/1461828174,Gemeindeamt,6.7
AT-G-30733,Klein-Neusiedl,gemeinde,Niederösterreich,"Kirchenplatz 8, 2431 Klein-Neusiedl",+43 2230 82 44,,node/11610743449,Gemeindeamt Klein-Neusiedl,8.9
AT-G-30734,Lanzendorf,gemeinde,Niederösterreich,"Obere Hauptstraße 36-38, 2326 Lanzendorf",+43 2235 42311,,node/1301612261,Gemeindeamt Lanzendorf,8.9
AT-G-30735,Leopoldsdorf,gemeinde,Niederösterreich,"Hauptstraße 27, 2333 Leopoldsdorf",+43 2235 424 36,,way/240823170,Gemeindeamt Leopoldsdorf,9.0
AT-G-30736,Maria-Lanzendorf,gemeinde,Niederösterreich,"Hauptstraße 14, 2326 Maria-Lanzendorf",+43 2235 42204,,node/1867987252,Gemeindeamt Maria Lanzendorf,8.9
AT-G-30737,Moosbrunn,gemeinde,Niederösterreich,"Hauptplatz 9, 2440 Moosbrunn",+43 2234 733 27,gemeinde@moosbrunn.gv.at,way/153517674,Gemeindeamt Moosbrunn,8.9
AT-G-30738,Rauchenwarth,gemeinde,Niederösterreich,"Kirchenplatz 1, 2320 Rauchenwarth",+43 223 02777,,node/1328836360,Gemeindeamt Rauchenwarth,8.9
AT-G-30739,Schwadorf,gemeinde,Niederösterreich,"Hauptplatz 5, 2432 Schwadorf",+43 2230 2240,,node/6660782356,Gemeindeamt Schwadorf,8.8
AT-G-30740,Schwechat,gemeinde,Niederösterreich,"Rathausplatz 9, 2320 Schwechat",+43 1 70108-0,,node/11610743432,Stadtamt Schwechat,8.8
AT-G-30741,Zwölfaxing,gemeinde,Niederösterreich,"Schwechater Straße 46, 2322 Zwölfaxing",+43 1 7077342,,way/440836299,Gemeindeamt Zwölfaxing,8.9
AT-G-30801,Aderklaa,gemeinde,Niederösterreich,"Dorfanger 12, 2232 Aderklaa",+43 2247 2290,,node/9219814529,Gemeindeamt Aderklaa,8.9
AT-G-30802,Andlersdorf,gemeinde,Niederösterreich,"Andlersdorf 22, 2301 Andlersdorf",+43 2215 3411,,node/11595323477,Gemeindeamt Andlersdorf,8.5
AT-G-30803,Angern an der March,gemeinde,Niederösterreich,"Bahnstraße 5, 2261 Angern an der March",+43 2283 2241,,node/11595263140,Gemeindeamt Angern an der March,8.8
AT-G-30804,Auersthal,gemeinde,Niederösterreich,"Hauptstraße 88, 2214 Auersthal",+43 2288 2246,,node/4362075761,Gemeindeamt Auersthal,8.8
AT-G-30805,Bad Pirawarth,gemeinde,Niederösterreich,"Prof. Knesl-Platz 1, 2222 Bad Pirawarth",+43 2574 2340,,node/5278966062,Gemeindeamt Bad Pirawarth,8.9
AT-G-30808,Deutsch-Wagram,gemeinde,Niederösterreich,"Bahnhofstraße 1a, 2232 Deutsch-Wagram",+43 2247 2209,,way/32207633,Stadtamt Deutsch-Wagram,9.0
AT-G-30810,Drösing,gemeinde,Niederösterreich,"Hauptstraße 8, 2265 Drösing",+43 2536 7330,,node/11595263134,Gemeindeamt Drösing,8.8
AT-G-30811,Dürnkrut,gemeinde,Niederösterreich,"Schlossplatz 1, 2263 Dürnkrut",+43 2538 80562,,node/11595263136,Gemeindeamt Dürnkrut,8.7
AT-G-30812,Ebenthal,gemeinde,Niederösterreich,"Stillfriederstraße 1, 2251 Ebenthal",+43 2538 8110,,node/6434443477,Gemeindeamt Ebenthal,8.8
AT-G-30813,Eckartsau,gemeinde,Niederösterreich,"Obere Hauptstraße 1, 2305 Eckartsau",+43 2214 2202-0,nfo@eckartsau.gv.at,node/4180615880,Gemeindeamt Eckartsau,8.8
AT-G-30814,Engelhartstetten,gemeinde,Niederösterreich,"Obere Hauptstraße 2, 2292 Engelhartstetten",+43 2214 2292,,node/11595323476,Gemeindeamt Engelhartstetten,8.9
AT-G-30817,Gänserndorf,gemeinde,Niederösterreich,"Rathausplatz 1, 2230 Gänserndorf",+43 2282 2651-0,gemeinde@gänserndorf.at,node/11595263151,Stadtamt Gänserndorf,8.9
AT-G-30819,Glinzendorf,gemeinde,Niederösterreich,"Im Anger 1, 2280 Glinzendorf",+43 2248 2585,,node/11595263159,Gemeindeamt Glinzendorf,8.9
AT-G-30821,Groß-Enzersdorf,gemeinde,Niederösterreich,"Rathausstraße 5, 2301 Groß-Enzersdorf",+43 2249 2314,,node/11595323479,Stadtamt Groß-Enzersdorf,8.6
AT-G-30822,Großhofen,gemeinde,Niederösterreich,"Großhofen 31, 2282 Großhofen",+43 2248 2241,,node/11595263155,Gemeindeamt Großhofen,8.3
AT-G-30824,Groß-Schweinbarth,gemeinde,Niederösterreich,"Hauptplatz 1, 2221 Groß-Schweinbarth",+43 2289 2302,,node/11595263149,Gemeindeamt Groß-Schweinbarth,8.8
AT-G-30825,Haringsee,gemeinde,Niederösterreich,"Kirchengasse 23, 2286 Haringsee",+43 2214 84004,,node/11595263168,Gemeindeamt Haringsee,8.8
AT-G-30826,Hauskirchen,gemeinde,Niederösterreich,"Hauptstraße 63, 2184 Hauskirchen",+43 2533 8520,,node/11595263129,Gemeindeamt Hauskirchen,8.7
AT-G-30827,Hohenau an der March,gemeinde,Niederösterreich,"Rathausplatz 1, 2273 Hohenau an der March",+43 2535 2307,,node/11595263132,Gemeindeamt Hohenau an der March,8.8
AT-G-30828,Hohenruppersdorf,gemeinde,Niederösterreich,"Obere Hauptstraße 4, 2223 Hohenruppersdorf",+43 2574 8304,gemeinde@hohenruppersdorf.gv.at,node/11595263139,Gemeindeamt Hohenruppersdorf,8.7
AT-G-30829,Jedenspeigen,gemeinde,Niederösterreich,"Bahnstraße 4, 2264 Jedenspeigen",+43 2536 8224,,node/11595263135,Gemeindeamt Jedenspeigen,8.9
AT-G-30830,Lassee,gemeinde,Niederösterreich,"Obere Hauptstraße 4, 2291 Lassee",+43 2213 23110,,node/11595323469,Gemeindeamt Lassee,8.7
AT-G-30831,Leopoldsdorf im Marchfeld,gemeinde,Niederösterreich,"Rathausplatz 3, 2285 Leopoldsdorf im Marchfeld",+43 2216 2216,,node/1741384783,Gemeindeamt Leopoldsdorf im Marchfeld,8.8
AT-G-30834,Mannsdorf an der Donau,gemeinde,Niederösterreich,"Marchfeldstraße 59, 2304 Mannsdorf an der Donau",+43 2212 2597,,node/11595323478,Gemeindeamt Mannsdorf an der Donau,8.9
AT-G-30835,Marchegg,gemeinde,Niederösterreich,"Im Schloß 1, 2293 Marchegg",+43 2285 7100,,node/11496674447,Stadtamt Marchegg,8.8
AT-G-30836,Markgrafneusiedl,gemeinde,Niederösterreich,"Altes Dorf 49, 2282 Markgrafneusiedl",+43 2248 2241,,node/11595263154,Gemeindeamt Markgrafneusiedl,8.8
AT-G-30838,Matzen-Raggendorf,gemeinde,Niederösterreich,"Hauptplatz 1, 2243 Matzen",+43 2289 2273 0,,node/11595263144,Gemeindeamt Matzen-Raggendorf,8.8
AT-G-30841,Neusiedl an der Zaya,gemeinde,Niederösterreich,"Bahnstraße 5a, 2183 Neusiedl an der Zaya",+43 2533 89255,,node/11595263130,Gemeindeamt Neusiedl an der Zaya,8.9
AT-G-30842,Obersiebenbrunn,gemeinde,Niederösterreich,"Hauptplatz 11, 2283 Obersiebenbrunn",+43 2286 2218,,node/11595263160,Gemeindeamt Obersiebenbrunn,8.9
AT-G-30844,Orth an der Donau,gemeinde,Niederösterreich,"Am Markt 26, 2304 Orth an der Donau",,,node/1931809570,Gemeindeamt Orth an der Donau,8.5
AT-G-30845,Palterndorf-Dobermannsdorf,gemeinde,Niederösterreich,"Hauptstraße 60, 2181 Palterndorf-Dobermannsdorf",+43 2533 89226,,node/11595263131,Gemeindeamt Palterndorf-Dobermannsdorf,8.8
AT-G-30846,Parbasdorf,gemeinde,Niederösterreich,"Parbasdorf 32, 2232 Parbasdorf",+43 2247 57033,,node/1637688008,Gemeindeamt Parbasdorf,8.4
AT-G-30848,Prottes,gemeinde,Niederösterreich,"Hauptplatz 1, 2242 Prottes",+43 2282 218 2,,node/11595263143,Gemeindeamt Prottes,8.8
AT-G-30849,Raasdorf,gemeinde,Niederösterreich,"Bahnstraße 5, 2281 Raasdorf",+43 2249 89392,,node/11595323480,Gemeindeamt Raasdorf,9.0
AT-G-30850,Ringelsdorf-Niederabsdorf,gemeinde,Niederösterreich,"Obere Hauptstraße 115, 2272 Ringelsdorf",+43 2536 7292 0,,node/11595263133,Gemeindeamt Ringelsdorf-Niederabsdorf,8.7
AT-G-30852,Schönkirchen-Reyersdorf,gemeinde,Niederösterreich,"Schulstraße 2, 2241 Schönkirchen-Reyersdorf",+43 2282 2506,,node/3950020578,Gemeindeamt Schönkirchen-Reyersdorf,8.8
AT-G-30854,Spannberg,gemeinde,Niederösterreich,"Hauptplatz 18, 2244 Spannberg",+43 2538 8497,,node/3274531719,Gemeindeamt Spannberg,8.9
AT-G-30856,Strasshof an der Nordbahn,gemeinde,Niederösterreich,"Schulstraße 13, 2231 Strasshof an der Nordbahn",+43 2287 22 08,,node/11595263150,Gemeindeamt Strasshof an der Nordbahn,8.9
AT-G-30857,Sulz im Weinviertel,gemeinde,Niederösterreich,"Marktstraße 1, 2224 Sulz im Weinviertel",+43 2534 217,,node/9546888083,Gemeindeamt Sulz im Weinviertel,8.9
AT-G-30858,Untersiebenbrunn,gemeinde,Niederösterreich,"Hauptstraße 16, 2284 Untersiebenbrunn",+43 2286 2320,,node/3743355928,Gemeindeamt Untersiebenbrunn,8.9
AT-G-30859,Velm-Götzendorf,gemeinde,Niederösterreich,"Hauptstraße 133, 2245 Velm-Götzendorf",+43 2538 85340,,node/11595263137,Gemeindeamt Velm-Götzendorf,8.8
AT-G-30860,Weikendorf,gemeinde,Niederösterreich,"Rathausplatz 1, 2253 Weikendorf",+43 2282 2218,,node/11595263152,Gemeindeamt Weikendorf,8.9
AT-G-30863,Zistersdorf,gemeinde,Niederösterreich,"Hauptstraße 12, 2225 Zistersdorf",+43 2532 2401,,node/2897500801,Stadtamt Zistersdorf,8.8
AT-G-30865,Weiden an der March,gemeinde,Niederösterreich,"Hauptstraße 25, 2295 Weiden an der March",+43 2284 22 04,,node/11595263153,Gemeindeamt Weiden an der March,8.9
AT-G-30902,Amaliendorf-Aalfang,gemeinde,Niederösterreich,,,,,,
AT-G-30903,Brand-Nagelberg,gemeinde,Niederösterreich,,,,,,
AT-G-30904,Eggern,gemeinde,Niederösterreich,"Marktplatz 16, 3861 Eggern",+43 2863 232,,node/11492125314,Gemeindeamt Eggern,8.9
AT-G-30906,Eisgarn,gemeinde,Niederösterreich,"Stiftsplatz 9, 3862 Eisgarn",+43 2863 336,,node/11492125313,Gemeindeamt Eisgarn,8.9
AT-G-30908,Gmünd,gemeinde,Niederösterreich,"Schremser Straße 6, 3950 Gmünd",+43 2852 52 506 100,stadtgemeinde@gmuend.at,way/238568827,Stadtamt Gmünd,8.9
AT-G-30909,Großdietmanns,gemeinde,Niederösterreich,"Kirchenplatz 1, 3950 Großdietmanns",+43 2852 8262,,node/6835371872,Gemeindeamt Großdietmanns,8.8
AT-G-30910,Bad Großpertholz,gemeinde,Niederösterreich,"Bad Großpertholz 138, 3972 Bad Großpertholz",+43 2857 2253-0,,node/2372240294,Gemeindeamt Bad Großpertholz,8.0
AT-G-30912,Großschönau,gemeinde,Niederösterreich,"Großschönau 49, 3922 Großschönau",+43 2815 62 52,,node/11492125340,Gemeindeamt Großschönau,8.4
AT-G-30913,Moorbad Harbach,gemeinde,Niederösterreich,"Harbach 22, 3970 Moorbad Harbach",+43 2858 5214,,node/11492125337,Gemeindeamt Moorbad Harbach,8.2
AT-G-30915,Haugschlag,gemeinde,Niederösterreich,"Haugschlag 110, 3874 Haugschlag",+43 2865 8206,,node/5787161834,Gemeindeamt Haugschlag,8.3
AT-G-30916,Heidenreichstein,gemeinde,Niederösterreich,"Kirchenplatz 1, 3860 Heidenreichstein",+43 2862 523 36,,node/11492125315,Stadtamt Heidenreichstein,8.7
AT-G-30917,Hirschbach,gemeinde,Niederösterreich,"Bahnstraße 48, 3942 Hirschbach",+43 2854 344,,node/11492125334,Gemeindeamt Hirschbach,8.9
AT-G-30920,Hoheneich,gemeinde,Niederösterreich,"Marktplatz 91, 3945 Hoheneich",+43 2852 526 64,,node/4338988521,Gemeindeamt Hoheneich,9.0
AT-G-30921,Kirchberg am Walde,gemeinde,Niederösterreich,"Kirchberg am Walde 7, 3932 Kirchberg am Walde",+43 2854 7010,,way/117767703,Gemeindeamt Kirchberg am Walde,8.4
AT-G-30925,Litschau,gemeinde,Niederösterreich,"Stadtplatz 25, 3874 Litschau",+43 2865 219,,node/11492125312,Stadtamt Litschau,8.9
AT-G-30929,Reingers,gemeinde,Niederösterreich,"Reingers 81, 3863 Reingers",+43 2863 8208,,node/11492125311,Gemeindeamt Reingers,8.3
AT-G-30932,St. Martin,gemeinde,Niederösterreich,"Sankt Martin 1, 3971 St. Martin",+43 2857 226,,node/11492125338,Gemeindeamt Sankt Martin,8.4
AT-G-30935,Schrems,gemeinde,Niederösterreich,,,,,,
AT-G-30939,Unserfrau-Altweitra,gemeinde,Niederösterreich,,,,,,
AT-G-30940,Waldenstein,gemeinde,Niederösterreich,"Waldenstein 49, 3961 Waldenstein",+43 2855 478,,node/2501561017,Gemeindeamt Waldenstein,8.5
AT-G-30942,Weitra,gemeinde,Niederösterreich,"Rathausplatz 1, 3970 Weitra",+43 285 65006,,node/11492125336,Stadtamt Weitra,8.8
AT-G-31001,Alberndorf im Pulkautal,gemeinde,Niederösterreich,"Hauptstraße 97, 2054 Alberndorf im Pulkautal",+43 2944 2333,,node/11515966592,Gemeindeamt Alberndorf im Pulkautal,8.9
AT-G-31008,Göllersdorf,gemeinde,Niederösterreich,"Hauptplatz 10, 2013 Göllersdorf",+43 2954 2265,,node/11515966635,Gemeindeamt Göllersdorf,8.7
AT-G-31009,Grabern,gemeinde,Niederösterreich,"Schöngrabern 172, 2020 Grabern",+43 2952 2132,,node/11515966605,Gemeindeamt Grabern,8.2
AT-G-31014,Guntersdorf,gemeinde,Niederösterreich,"F. W. Raiffeisen Platz 3, 2042 Guntersdorf",+43 2951 2247,,node/9766879374,Gemeindeamt Guntersdorf,8.8
AT-G-31015,Hadres,gemeinde,Niederösterreich,"Hadres 367, 2061 Hadres",+43 2943 2303,,node/11515966598,Gemeindeamt Hadres,8.4
AT-G-31016,Hardegg,gemeinde,Niederösterreich,"Pleissing 2, 2083 Hardegg",+43 2948 8450,,node/11515955767,Gemeindeamt Hardegg,8.1
AT-G-31018,Haugsdorf,gemeinde,Niederösterreich,"Laaer Straße 12, 2054 Haugsdorf",+43 2944 2218,,node/4271366837,Gemeindeamt Haugsdorf,8.9
AT-G-31019,Heldenberg,gemeinde,Niederösterreich,,,,,,
AT-G-31021,Hohenwarth-Mühlbach a.M.,gemeinde,Niederösterreich,,,,,,
AT-G-31022,Hollabrunn,gemeinde,Niederösterreich,"Hauptplatz 1, 2020 Hollabrunn",+43 2952 2102,,node/2190977383,Stadtamt Hollabrunn,8.8
AT-G-31025,Mailberg,gemeinde,Niederösterreich,"Mailberg 153, 2024 Mailberg",+43 2943 2253,,node/11477088369,Gemeindeamt Mailberg,8.4
AT-G-31026,Maissau,gemeinde,Niederösterreich,"Franz-Gilly-Gasse 7, 3712 Maissau",+43 2958 822 71,,node/11515966624,Stadtamt Maissau,8.9
AT-G-31028,Nappersdorf-Kammersdorf,gemeinde,Niederösterreich,"Kammersdorf 58, 2033 Nappersdorf-Kammersdorf",+43 2953 2314,,node/11515966599,Gemeindeamt Nappersdorf-Kammersdorf,8.3
AT-G-31033,Pernersdorf,gemeinde,Niederösterreich,"Pfaffendorf 60, 2052 Pernersdorf",+43 29 44 8275,,node/11515966577,Gemeindeamt Pernersdorf,8.5
AT-G-31035,Pulkau,gemeinde,Niederösterreich,"Rathausplatz 1, 3741 Pulkau",+43 2946 2276,,node/11515966574,Stadtamt Pulkau,8.8
AT-G-31036,Ravelsbach,gemeinde,Niederösterreich,"Hauptplatz 5, 3720 Ravelsbach",+43 2958 82414,,node/2539403141,Gemeindeamt Ravelsbach,9.0
AT-G-31037,Retz,gemeinde,Niederösterreich,"Hauptplatz 30, 2070 Retz",+43 2942 2223,office@stadtgemeinde-retz.at,node/11515966572,Stadtamt Retz,8.9
AT-G-31038,Retzbach,gemeinde,Niederösterreich,,,,,,
AT-G-31041,Schrattenthal,gemeinde,Niederösterreich,"Obermarkersdorf 36, 2073 Schrattenthal",+43 2942 8204,,node/11515966573,Gemeindeamt Schrattenthal,8.4
AT-G-31042,Seefeld-Kadolz,gemeinde,Niederösterreich,"Seefeld 39, 2062 Seefeld-Kadolz",+43 2943 2201,,node/11515966597,Gemeindeamt Seefeld-Kadolz,8.4
AT-G-31043,Sitzendorf an der Schmida,gemeinde,Niederösterreich,"Hauptplatz 20, 3714 Sitzendorf an der Schmida",+43 2959 2203,,node/11515966610,Gemeindeamt Sitzendorf an der Schmida,8.8
AT-G-31051,Wullersdorf,gemeinde,Niederösterreich,"Bahnstraße 255, 2041 Wullersdorf",+43 2951 84 33,,node/11515966600,Gemeindeamt Wullersdorf,8.8
AT-G-31052,Zellerndorf,gemeinde,Niederösterreich,"Zellerndorf 303, 2051 Zellerndorf",+43 2945 22 14,,node/11515966575,Gemeindeamt Zellerndorf,8.5
AT-G-31053,Ziersdorf,gemeinde,Niederösterreich,"Hauptplatz 1, 3710 Ziersdorf",+43 2956 2204,,node/604766744,Gemeindeamt Ziersdorf,8.9
AT-G-31101,Altenburg,gemeinde,Niederösterreich,"Zwettler Straße 16, 3591 Altenburg",+43 2982 2765,,node/8653219608,Gemeindeamt Altenburg,8.8
AT-G-31102,Brunn an der Wild,gemeinde,Niederösterreich,"Schulstraße 15, 3595 Brunn an der Wild",+43 2989 2220,,node/4429278049,Gemeindeamt Brunn an der Wild,8.8
AT-G-31103,Burgschleinitz-Kühnring,gemeinde,Niederösterreich,"Gemeindeplatz 1, 3730 Burgschleinitz",+43 2984 2653,,node/11508936486,Gemeindeamt Burgschleinitz-Kühnring,8.8
AT-G-31104,Drosendorf-Zissersdorf,gemeinde,Niederösterreich,"Hauptplatz 1, 2095 Drosendorf-Zissersdorf",+43 2915 2213,,node/459972313,Stadtamt Drosendorf-Zissersdorf,8.8
AT-G-31105,Eggenburg,gemeinde,Niederösterreich,"Kremserstraße 3, 3730 Eggenburg",+43 2984 3501,,node/11508936483,Stadtamt Eggenburg,8.8
AT-G-31106,Gars am Kamp,gemeinde,Niederösterreich,"Hauptplatz 82, 3571 Gars am Kamp",+43 2985 22 250,,node/11508936487,Gemeindeamt Gars am Kamp,9.0
AT-G-31107,Geras,gemeinde,Niederösterreich,"Hauptstraße 16, 2093 Geras",+43 2912 7050,,node/271768140,Stadtamt Geras,8.9
AT-G-31109,Horn,gemeinde,Niederösterreich,"Rathausplatz 4, 3580 Horn",+43 2982 2656,post@horn.gv.at,node/11547050551,Stadtamt Horn,8.9
AT-G-31110,Irnfritz-Messern,gemeinde,Niederösterreich,"Hauptplatz 1, 3754 Irnfritz-Messern",+43 2986 6228,,node/11508936476,Gemeindeamt Irnfritz-Messern,9.0
AT-G-31111,Japons,gemeinde,Niederösterreich,"Japons 64, 3763 Japons",+43 2914 6202,,node/11233133135,Gemeindeamt Japons,8.5
AT-G-31113,Langau,gemeinde,Niederösterreich,"Langau 103, 2091 Langau",+43 2912 401,,node/11508936479,Gemeindeamt Langau,8.5
AT-G-31114,Meiseldorf,gemeinde,Niederösterreich,"Klein-Meiseldorf 115, 3744 Meiseldorf",+43 2983 2319,,node/11508936481,Gemeindeamt Meiseldorf,8.4
AT-G-31117,Pernegg,gemeinde,Niederösterreich,"Pernegg 73, 3753 Pernegg",+43 2913 257,,node/11508936478,Gemeindeamt Pernegg,8.3
AT-G-31119,Röhrenbach,gemeinde,Niederösterreich,"Greillenstein 4, 3592 Röhrenbach",+43 2989 8254,,node/1561651242,Gemeindeamt Röhrenbach,8.3
AT-G-31120,Röschitz,gemeinde,Niederösterreich,"Hauptplatz 1, 3743 Röschitz",+43 2984 2701,,node/11508936482,Gemeindeamt Röschitz,8.9
AT-G-31121,Rosenburg-Mold,gemeinde,Niederösterreich,"Rosenburg 25, 3573 Rosenburg-Mold",+43 2982 2917,,node/1558322096,Gemeindeamt Rosenburg-Mold,8.0
AT-G-31123,St. Bernhard-Frauenhofen,gemeinde,Niederösterreich,"Sankt Bernhard 56, 3580 St. Bernhard-Frauenhofen",+43 2982 2882,,node/11508910861,Gemeindeamt St. Bernhard-Frauenhofen,8.4
AT-G-31124,Sigmundsherberg,gemeinde,Niederösterreich,"Hauptstraße 50, 3751 Sigmundsherberg",+43 2983 2203,,node/11508936480,Gemeindeamt Sigmundsherberg,8.8
AT-G-31129,Weitersfeld,gemeinde,Niederösterreich,"Hauptstraße 113, 2084 Weitersfeld",+43 2948 8275,,node/1333602860,Gemeindeamt Weitersfeld,8.8
AT-G-31130,Straning-Grafenberg,gemeinde,Niederösterreich,"Straning 115, 3722 Straning-Grafenberg",+43 2984 7273,,node/4352730584,Gemeindeamt Straning-Grafenberg,8.2
AT-G-31201,Bisamberg,gemeinde,Niederösterreich,"Hauptstraße 2, 2102 Bisamberg",+43 2262 62 000,,node/3394628215,Gemeindeamt Bisamberg,8.8
AT-G-31202,Enzersfeld im Weinviertel,gemeinde,Niederösterreich,,,,,,
AT-G-31203,Ernstbrunn,gemeinde,Niederösterreich,"Hauptplatz 1, 2115 Ernstbrunn",+43 2576 2301,,node/11540060387,Gemeindeamt Ernstbrunn,8.9
AT-G-31204,Großmugl,gemeinde,Niederösterreich,"Marktplatz 23, 2002 Großmugl",+43 2268 6610,,node/11540060386,Gemeindeamt Großmugl,8.7
AT-G-31205,Großrußbach,gemeinde,Niederösterreich,"Hauptstraße 31, 2114 Großrußbach",+43 2263 6668,Gemeindeamt@grossrussbach.gv.at,node/1710521129,Gemeindeamt Großrußbach,8.8
AT-G-31206,Hagenbrunn,gemeinde,Niederösterreich,"Salzstraße 10, 2102 Hagenbrunn",+43 2262 67 22 67,,node/11540060411,Gemeindeamt Hagenbrunn,9.0
AT-G-31207,Harmannsdorf,gemeinde,Niederösterreich,,,,,,
AT-G-31208,Hausleiten,gemeinde,Niederösterreich,"Kremser Straße 16, 3464 Hausleiten",+43 2265 7267,gemeinde@hausleiten.gv.at,node/2047737952,Gemeindeamt Hausleiten,8.9
AT-G-31213,Korneuburg,gemeinde,Niederösterreich,"Hauptplatz 39, 2100 Korneuburg",+43 2262 770 0,,node/293105392,Stadtamt Korneuburg,8.9
AT-G-31214,Langenzersdorf,gemeinde,Niederösterreich,"Hauptplatz 10, 2103 Langenzersdorf",+43 2244 2308,,node/11540060425,Gemeindeamt Langenzersdorf,8.9
AT-G-31215,Leitzersdorf,gemeinde,Niederösterreich,"Johannesplatz 1, 2003 Leitzersdorf",+43 2266 63455,,node/5077576749,Gemeindeamt Leitzersdorf,8.8
AT-G-31216,Leobendorf,gemeinde,Niederösterreich,"Stockerauer Straße 9, 2100 Leobendorf",+43 2262 66151,,way/359790192,Gemeindeamt Leobendorf,8.7
AT-G-31224,Rußbach,gemeinde,Niederösterreich,,,,,,
AT-G-31226,Sierndorf,gemeinde,Niederösterreich,"Prager Straße 13, 2011 Sierndorf",+43 2267 2225,,node/11540060408,Gemeindeamt Sierndorf,8.8
AT-G-31227,Spillern,gemeinde,Niederösterreich,"Schulgasse 1, 2104 Spillern",+43 2266 802 25,marktgemeinde@spillern.at,node/3090188641,Gemeindeamt Spillern,8.9
AT-G-31228,Stetteldorf am Wagram,gemeinde,Niederösterreich,"Kremser Straße 26, 3463 Stetteldorf am Wagram",+43 2278 2304,gemeinde@stetteldorf-wagram.gv.at,node/5130477035,Gemeindeamt Stetteldorf am Wagram,8.9
AT-G-31229,Stetten,gemeinde,Niederösterreich,"Schulgasse 2, 2100 Stetten",+43 2262 673660,,node/11540060410,Gemeindeamt Stetten,9.0
AT-G-31230,Stockerau,gemeinde,Niederösterreich,"Rathausplatz 1, 2000 Stockerau",+43 2266 6950,stadtgemeinde@stockerau.gv.at,node/11540060409,Stadtamt Stockerau,8.4
AT-G-31234,Niederhollabrunn,gemeinde,Niederösterreich,"Amtsweg 1, 2004 Niederhollabrunn",+43 2269 2224,,node/11540060392,Gemeindeamt Niederhollabrunn,8.9
AT-G-31235,Gerasdorf bei Wien,gemeinde,Niederösterreich,"Kirchengasse 2, 2201 Gerasdorf bei Wien",+43 2246 2272,,way/30200856,Gemeindeamt Gerasdorf bei Wien,8.9
AT-G-31301,Aggsbach,gemeinde,Niederösterreich,"Aggsbach Markt 48, 3641 Aggsbach",+43 2712 214,,node/7525464127,Gemeindeamt Aggsbach,8.4
AT-G-31302,Albrechtsberg an der Großen Krems,gemeinde,Niederösterreich,"Albrechtsberg an der Großen Krems 41, 3613 Albrechtsberg an der Großen Krems",+43 2876 258,,node/11453777518,Gemeindeamt Albrechtsberg an der Großen Krems,8.4
AT-G-31303,Bergern im Dunkelsteinerwald,gemeinde,Niederösterreich,"Unterbergern 29, 3512 Bergern im Dunkelsteinerwald",+43 2714 7220,,node/11453777524,Gemeindeamt Bergern im Dunkelsteinerwald,8.1
AT-G-31304,Dürnstein,gemeinde,Niederösterreich,"Dürnstein 25, 3601 Dürnstein",+43 2711 219,,node/11453514766,Gemeindeamt Dürnstein,8.3
AT-G-31308,Grafenegg,gemeinde,Niederösterreich,,,,,,
AT-G-31309,Furth bei Göttweig,gemeinde,Niederösterreich,"Obere Landstraße 65, 3511 Furth bei Göttweig",+43 2732 84622,gemeinde@furth.at,node/4592843838,Gemeindeamt Furth bei Göttweig,8.8
AT-G-31310,Gedersdorf,gemeinde,Niederösterreich,,,,,,
AT-G-31311,Gföhl,gemeinde,Niederösterreich,"Hauptplatz 3, 3542 Gföhl",+43 2716 63260,,node/11453514767,Stadtamt Gföhl,8.8
AT-G-31315,Hadersdorf-Kammern,gemeinde,Niederösterreich,,,,,,
AT-G-31319,Jaidhof,gemeinde,Niederösterreich,"Jaidhof 11, 3542 Jaidhof",+43 2716 6350 0,,node/8692919780,Gemeindeamt Jaidhof,8.2
AT-G-31321,Krumau am Kamp,gemeinde,Niederösterreich,,,,,,
AT-G-31322,Langenlois,gemeinde,Niederösterreich,"Rathausstraße 2, 3550 Langenlois",+43 2734 2101,,relation/19900585,Rathaus Langenlois,8.7
AT-G-31323,Lengenfeld,gemeinde,Niederösterreich,"Langenloiser Straße 17, 3552 Lengenfeld",+43 2719 2365,,node/11329537622,Gemeindeamt Lengenfeld,8.9
AT-G-31324,Lichtenau im Waldviertel,gemeinde,Niederösterreich,,,,,,
AT-G-31326,Maria Laach am Jauerling,gemeinde,Niederösterreich,"Maria Laach am Jauerling 22, 3643 Maria Laach am Jauerling",+43 2712 8222,,node/11453777522,Gemeindeamt Maria Laach am Jauerling,8.3
AT-G-31327,Mautern an der Donau,gemeinde,Niederösterreich,"Rathausplatz 1, 3512 Mautern an der Donau",+43 2732 83 151,,node/11453777471,Stadtamt Mautern an der Donau,8.8
AT-G-31330,Mühldorf,gemeinde,Niederösterreich,"Markt 13, 3622 Mühldorf",+43 2713 8230,,node/11453777521,Gemeindeamt Mühldorf,8.8
AT-G-31333,Paudorf,gemeinde,Niederösterreich,"Kremserstraße 185, 3508 Paudorf",+43 2736 6575,gemeinde@paudorf.gv.at,node/4807698830,Gemeindeamt Paudorf,8.9
AT-G-31336,Rastenfeld,gemeinde,Niederösterreich,"Rastenfeld 30, 3532 Rastenfeld",+43 2826 289,,node/6396547297,Gemeindeamt Rastenfeld,8.2
AT-G-31337,Rohrendorf bei Krems,gemeinde,Niederösterreich,,,,,,
AT-G-31338,Rossatz-Arnsdorf,gemeinde,Niederösterreich,"Rossatz 29, 3602 Rossatz-Arnsdorf",+43 2714 6217,,node/11453777523,Gemeindeamt Rossatz-Arnsdorf,8.2
AT-G-31340,St. Leonhard am Hornerwald,gemeinde,Niederösterreich,"Kirchenplatz 1, 3572 St. Leonhard am Hornerwald",+43 2987 2220,gemeinde@st-leonhard-hornerwald.gv.at,node/3756320947,Gemeindeamt St. Leonhard am Hornerwald,8.9
AT-G-31343,Senftenberg,gemeinde,Niederösterreich,"Neuer Markt 1, 3541 Senftenberg",+43 2719 2319,,node/6171404936,Gemeindeamt Senftenberg,8.7
AT-G-31344,Spitz,gemeinde,Niederösterreich,"Hauptstraße 15 a, 3620 Spitz",+43 2713 2248,,node/7389899673,Gemeindeamt Spitz,8.7
AT-G-31346,Straß im Straßertale,gemeinde,Niederösterreich,"Marktplatz 18, 3491 Straß im Straßertale",+43 2735 2495,,node/11453514764,Gemeindeamt Straß im Straßertale,8.8
AT-G-31347,Stratzing,gemeinde,Niederösterreich,"Untere Hauptstraße 1, 3552 Stratzing",+43 2719 8287,,node/317806525,Gemeindeamt Stratzing,9.0
AT-G-31350,Weinzierl am Walde,gemeinde,Niederösterreich,"Nöhagen 20, Weinzierl am Walde",+43 2717 8201 1,,node/11453777519,Gemeindeamt Weinzierl am Walde,5.2
AT-G-31351,Weißenkirchen in der Wachau,gemeinde,Niederösterreich,"Rathausplatz 32, 3610 Weißenkirchen in der Wachau",+43 2715 2232,,node/11453777520,Gemeindeamt Weißenkirchen in der Wachau,8.8
AT-G-31355,Schönberg am Kamp,gemeinde,Niederösterreich,"Hauptstraße 16, 3562 Schönberg am Kamp",+43 2733 82 27,,node/4282512730,Gemeindeamt Schönberg am Kamp,8.7
AT-G-31356,Droß,gemeinde,Niederösterreich,"Schloßstraße 250, 3552 Droß",+43 2719 8700,,node/6207364852,Gemeindeamt Droß,8.9
AT-G-31401,Annaberg,gemeinde,Niederösterreich,"Annarotte 14, 3222 Annaberg",+43 2728 8245,,node/11554378984,Gemeindeamt Annaberg,8.8
AT-G-31402,Eschenau,gemeinde,Niederösterreich,"Hauptplatz 1, 3153 Eschenau",+43 2762 67230,gemeindeamt@eschenau.at,node/3081288232,Gemeindeamt Eschenau,8.9
AT-G-31403,Hainfeld,gemeinde,Niederösterreich,"Hauptstraße 5, 3170 Hainfeld",+43 2764 2246,gemeinde@hainfeld.at,node/293544113,Stadtamt Hainfeld,8.9
AT-G-31404,Hohenberg,gemeinde,Niederösterreich,"Markt 1, 3192 Hohenberg",+43 2767 8202 0,gemeinde@hohenberg.gv.at,node/11554378983,Gemeindeamt Hohenberg,8.8
AT-G-31405,Kaumberg,gemeinde,Niederösterreich,"Markt 3, 2572 Kaumberg",+43 2765 282,gemeinde@kaumberg.gv.at,node/416089605,Gemeindeamt Kaumberg,8.4
AT-G-31406,Kleinzell,gemeinde,Niederösterreich,"Hauptstraße 33, 3171 Kleinzell",+43 2766 201,gemeinde@kleinzell.gv.at,node/3081291933,Gemeindeamt Kleinzell,8.7
AT-G-31407,Lilienfeld,gemeinde,Niederösterreich,"Dörflstraße 4, 3180 Lilienfeld",+43 2762 52212-0,gemeinde@lilienfeld.at,node/1311776851,Gemeindeamt der Stadtgemeinde Lilienfeld,8.7
AT-G-31408,Mitterbach am Erlaufsee,gemeinde,Niederösterreich,"Hauptstraße 14, 3224 Mitterbach am Erlaufsee",+43 3882 2126,gde.mitterbach@ready2web.net,node/3081291934,Gemeindeamt Mitterbach am Erlaufsee,8.6
AT-G-31409,Ramsau,gemeinde,Niederösterreich,"Dorfplatz 1, 3172 Ramsau",+43 2764 8203,gemeinde@ramsau.gv.at,node/11554378982,Gemeindeamt Ramsau,8.7
AT-G-31410,Rohrbach an der Gölsen,gemeinde,Niederösterreich,"Hauptplatz 4, 3163 Rohrbach an der Gölsen",+43 2764 2334,rohrbach@kabelweb.at,node/2260650551,Gemeindeamt Rohrbach an der Gölsen,8.9
AT-G-31411,St. Aegyd am Neuwalde,gemeinde,Niederösterreich,"Kirchenplatz 2, 3193 St.Aegyd am Neuwalde",+43 2768 2290,gemeindeamt@staegyd.at,node/1314506561,Gemeindeamt St.Aegyd am Neuwalde,8.3
AT-G-31412,St. Veit an der Gölsen,gemeinde,Niederösterreich,"Kirchenplatz 1, 3161 St. Veit an der Gölsen",+43 2763 2212-0,gemeindeamt@st-veit-goelsen.gv.at,node/11554378969,Gemeindeamt St. Veit an der Gölsen,8.5
AT-G-31413,Traisen,gemeinde,Niederösterreich,"Mariazeller Straße 78, 3160 Traisen",+43 2762 62000-0,gemeinde@traisen.com,node/1792035355,Gemeindeamt Traisen,8.9
AT-G-31414,Türnitz,gemeinde,Niederösterreich,"Markt 28, 3184 Türnitz",+43 2769 8204-0,gemeinde@tuernitz-noe.at,node/1116660295,Gemeindeamt Türnitz,9.0
AT-G-31502,Artstetten-Pöbring,gemeinde,Niederösterreich,"Schlossstraße 1, 3661 Artstetten",+43 7413 8235,,node/11472500395,Gemeindeamt Artstetten-Pöbring,8.8
AT-G-31503,Bergland,gemeinde,Niederösterreich,"Bergland 1, 3254 Bergland",+43 7416 549 00,,node/11472500393,Gemeindeamt Bergland,8.3
AT-G-31504,Bischofstetten,gemeinde,Niederösterreich,"Kirchenplatz 3, 3232 Bischofstetten",+43 2748 8218,,node/11472500442,Gemeindeamt Bischofstetten,8.9
AT-G-31505,Blindenmarkt,gemeinde,Niederösterreich,"Hauptstraße 17, 3372 Blindenmarkt",+43 7473 2217,,node/11472500392,Gemeindeamt Blindenmarkt,8.8
AT-G-31506,Dorfstetten,gemeinde,Niederösterreich,"Forstamt 82, 4392 Dorfstetten",+43 7260 8255,,node/11472500426,Gemeindeamt Dorfstetten,8.2
AT-G-31507,Dunkelsteinerwald,gemeinde,Niederösterreich,,,,,,
AT-G-31508,Erlauf,gemeinde,Niederösterreich,"Melker Straße 1, 3253 Erlauf",+43 2757 6221,erlauf@friedensgemeinde.at,node/8334932979,Gemeindeamt Erlauf,8.9
AT-G-31509,Golling an der Erlauf,gemeinde,Niederösterreich,"Rathausplatz 1, 3381 Golling an der Erlauf",+43 2757 2240,,node/8957247085,Gemeindeamt Golling an der Erlauf,8.9
AT-G-31511,Hofamt Priel,gemeinde,Niederösterreich,"Dorfplatz 1, 3681 Hofamt Priel",+43 7412 52421,,node/11472500429,Gemeindeamt Hofamt Priel,8.7
AT-G-31513,Hürm,gemeinde,Niederösterreich,"Marktstraße 1, 3383 Hürm",+43 2754 8239,,node/6691881640,Gemeindeamt Hürm,8.9
AT-G-31514,Kilb,gemeinde,Niederösterreich,"Marktplatz 4, 3233 Kilb",+43 2748 73 21,,node/11472500445,Gemeindeamt Kilb,8.9
AT-G-31515,Kirnberg an der Mank,gemeinde,Niederösterreich,"Hauptstraße 1, 3241 Kirnberg an der Mank",+43 2755 8217,,node/11472500433,Gemeindeamt Kirnberg an der Mank,8.9
AT-G-31516,Klein-Pöchlarn,gemeinde,Niederösterreich,"Artstettner Straße 7, 3660 Klein-Pöchlarn",+43 7413 8300,,node/7810041709,Gemeindeamt Klein-Pöchlarn,8.9
AT-G-31517,Krummnußbaum,gemeinde,Niederösterreich,"Marktplatz 1, 3375 Krummnußbaum",+43 2757 2403,,node/11472500430,Gemeindeamt Krummnußbaum,8.9
AT-G-31519,Leiben,gemeinde,Niederösterreich,"Hauptstraße 34, 3652 Leiben",+43 2752 70042,info@leiben.gv.at,node/4089735943,Gemeindeamt Leiben,8.9
AT-G-31520,Loosdorf,gemeinde,Niederösterreich,"Europaplatz 11, 3382 Loosdorf",+43 2754 6384,,node/8715051547,Gemeindeamt Loosdorf,9.0
AT-G-31521,Mank,gemeinde,Niederösterreich,"Schulstraße 1, 3240 Mank",+43 2755 2282,,node/10587028412,Stadtamt Mank,9.0
AT-G-31522,Marbach an der Donau,gemeinde,Niederösterreich,"Marktstraße 28, 3671 Marbach an der Donau",+43 7413 7045,,node/11472500394,Gemeindeamt Marbach an der Donau,8.7
AT-G-31523,Maria Taferl,gemeinde,Niederösterreich,"Maria Taferl 35, 3672 Maria Taferl",+43 7413 7040,,node/1288155783,Gemeindeamt Maria Taferl,8.3
AT-G-31524,Melk,gemeinde,Niederösterreich,"Rathausplatz 11, 3390 Melk",+43 2752 211 00 6600,,node/11472500441,Stadtamt Melk,8.9
AT-G-31525,Münichreith-Laimbach,gemeinde,Niederösterreich,"Münichreith am Ostrong 38, 3662 Münichreith-Laimbach",+43 7413 7066,,node/1878227410,Gemeindeamt Münichreith-Laimbach,8.0
AT-G-31527,Neumarkt an der Ybbs,gemeinde,Niederösterreich,"Marktplatz 1, 3371 Neumarkt an der Ybbs",+43 7412 52642,,node/11472500448,Gemeindeamt Neumarkt an der Ybbs,8.9
AT-G-31528,Nöchling,gemeinde,Niederösterreich,"Unterer Markt 1, 3691 Nöchling",+43 7414 7000,marktgemeinde@noechling.gv.at,node/11472500428,Gemeindeamt Nöchling,8.9
AT-G-31530,Persenbeug-Gottsdorf,gemeinde,Niederösterreich,,,,,,
AT-G-31531,Petzenkirchen,gemeinde,Niederösterreich,"Bergmann-Platz 2, 3252 Petzenkirchen",+43 7416 521 09,marktgemeinde@petzenkirchen.at,node/9179612884,Gemeindeamt Petzenkirchen,9.0
AT-G-31533,Pöchlarn,gemeinde,Niederösterreich,"Kirchenplatz 1, 3380 Pöchlarn",+43 2757 2310,,node/4427714094,Stadtamt Pöchlarn,8.8
AT-G-31534,Pöggstall,gemeinde,Niederösterreich,"Hauptplatz 1, 3650 Pöggstall",+43 2758 2383,,node/11472500417,Gemeindeamt Pöggstall,8.8
AT-G-31535,Raxendorf,gemeinde,Niederösterreich,"Raxendorf 10, 3654 Raxendorf",+43 2758 7232,,node/11472500396,Gemeindeamt Raxendorf,8.5
AT-G-31537,Ruprechtshofen,gemeinde,Niederösterreich,"Hauptplatz 1, 3244 Ruprechtshofen",+43 2756 2388,,node/11472500447,Gemeindeamt Ruprechtshofen,8.7
AT-G-31539,St. Leonhard am Forst,gemeinde,Niederösterreich,"Hauptplatz 1, 3243 St. Leonhard am Forst",+43 2756 2204,,node/11472500432,Gemeindeamt St. Leonhard am Forst,8.9
AT-G-31540,St. Martin-Karlsbach,gemeinde,Niederösterreich,"Hauptstraße 1, 3376 St. Martin - Karlsbach",+43 7412 58902,,node/2488091444,Gemeindeamt St. Martin-Karlsbach,9.0
AT-G-31541,St. Oswald,gemeinde,Niederösterreich,"Untere Hauptstraße 3, 3684 Sankt Oswald",+43 7415 7291,,node/11472500427,Gemeindeamt Sankt Oswald,8.8
AT-G-31542,Schönbühel-Aggsbach,gemeinde,Niederösterreich,,,,,,
AT-G-31543,Schollach,gemeinde,Niederösterreich,"Groß-Schollach 53, 3382 Schollach",+43 2754 69 29,,node/11472500440,Gemeindeamt Schollach,8.3
AT-G-31546,Weiten,gemeinde,Niederösterreich,"Kirchenplatz 1, 3653 Weiten",+43 2758 8555,,node/6066834916,Gemeindeamt Weiten,8.9
AT-G-31549,Ybbs an der Donau,gemeinde,Niederösterreich,,,,,,
AT-G-31550,Zelking-Matzleinsdorf,gemeinde,Niederösterreich,"Pöchlarnerstraße 4, 3393 Zelking",+43 2752 52020,,node/9657718516,Gemeindeamt Zelking-Matzleinsdorf,8.9
AT-G-31551,Texingtal,gemeinde,Niederösterreich,"Dorfplatz 1, 3242 Texingtal",+43 2755 7228,,node/11472500446,Gemeindeamt Texingtal,8.8
AT-G-31552,Yspertal,gemeinde,Niederösterreich,"Hauptstraße 9, 3683 Yspertal",+43 7415 6767,,node/11472500425,Gemeindeamt Yspertal,8.8
AT-G-31553,Emmersdorf an der Donau,gemeinde,Niederösterreich,"Emmersdorf an der Donau 22, 3644 Emmersdorf an der Donau",+43 2752 714 69,,node/7622336347,Gemeindeamt Emmersdorf an der Donau,8.3
AT-G-31601,Altlichtenwarth,gemeinde,Niederösterreich,"Florianigasse 150, 2144 Altlichtenwarth",+43 2533 801 806,,node/1548246857,Gemeindeamt Altlichtenwarth,8.9
AT-G-31603,Asparn an der Zaya,gemeinde,Niederösterreich,"Hauptplatz 1, 2151 Asparn an der Zaya",+43 2577 8240,,node/11572471001,Gemeindeamt Asparn an der Zaya,8.7
AT-G-31604,Bernhardsthal,gemeinde,Niederösterreich,"Hauptstraße 65, 2275 Bernhardsthal",+43 2557 8800,,node/11572463629,Gemeindeamt Bernhardsthal,8.7
AT-G-31605,Bockfließ,gemeinde,Niederösterreich,"Hauptstraße 56, 2213 Bockfließ",+43 22 88 2266,,node/330306955,Gemeindeamt Bockfließ,8.9
AT-G-31606,Drasenhofen,gemeinde,Niederösterreich,"Brünner Straße 43, 2165 Drasenhofen",+43 2554 85 200,,node/11572463631,Gemeindeamt Drasenhofen,8.8
AT-G-31608,Falkenstein,gemeinde,Niederösterreich,"Falkenstein 60, 2162 Falkenstein",+43 2554 853 40,gemeinde@falkenstein.gv.at,node/5411776566,Gemeindeamt Falkenstein,8.4
AT-G-31609,Fallbach,gemeinde,Niederösterreich,"Fallbach 30, 2133 Fallbach",+43 2524 8466,,node/11572470969,Gemeindeamt Fallbach,8.4
AT-G-31611,Gaubitsch,gemeinde,Niederösterreich,"Gaubitsch 2, 2154 Gaubitsch",+43 2522 88380,,node/11572470970,Gemeindeamt Gaubitsch,8.4
AT-G-31612,Gaweinstal,gemeinde,Niederösterreich,"Kirchenplatz 3, 2191 Gaweinstal",+43 2574 2221,,node/2072174318,Gemeindeamt Gaweinstal,8.7
AT-G-31613,Gnadendorf,gemeinde,Niederösterreich,"Gnadendorf 15, 2152 Gnadendorf",+43 2525 70 70,,node/3364626381,Gemeindeamt Gnadendorf,8.3
AT-G-31614,Großebersdorf,gemeinde,Niederösterreich,"Münichsthaler Straße 27, 2203 Großebersdorf",+43 2245 2714,,node/1501625118,Gemeindeamt Großebersdorf,8.8
AT-G-31615,Großengersdorf,gemeinde,Niederösterreich,"Hauptstraße 129, 2212 Großengersdorf",+43 2245 88201,,node/11572470990,Gemeindeamt Großengersdorf,8.9
AT-G-31616,Großharras,gemeinde,Niederösterreich,"Zwingendorf 35, 2063 Großharras",+43 2526 7315,,node/11572471002,Gemeindeamt Großharras,8.4
AT-G-31617,Großkrut,gemeinde,Niederösterreich,"Poysdorfer Straße 3a, 2143 Großkrut",+43 2556 7200,,node/11572463626,Gemeindeamt Großkrut,8.9
AT-G-31620,Hausbrunn,gemeinde,Niederösterreich,"Hauptstraße 92, 2145 Hausbrunn",+43 2533 801 320,,node/11572463627,Gemeindeamt Hausbrunn,8.8
AT-G-31621,Herrnbaumgarten,gemeinde,Niederösterreich,"Hauptstraße 50, 2171 Herrnbaumgarten",+43 2555 2200,,node/11572463630,Gemeindeamt Herrnbaumgarten,8.9
AT-G-31622,Hochleithen,gemeinde,Niederösterreich,,,,,,
AT-G-31627,Kreuttal,gemeinde,Niederösterreich,,,,,,
AT-G-31628,Kreuzstetten,gemeinde,Niederösterreich,,,,,,
AT-G-31629,Laa an der Thaya,gemeinde,Niederösterreich,"Stadtplatz 43, 2136 Laa an der Thaya",+43 2522 2501 0,,node/11572470982,Stadtamt Laa an der Thaya,8.9
AT-G-31630,Ladendorf,gemeinde,Niederösterreich,"Kardinal Franz König Straße 1, 2126 Ladendorf",+43 2575 2250,,node/477785785,Gemeindeamt Ladendorf,8.8
AT-G-31633,Mistelbach,gemeinde,Niederösterreich,"Hauptplatz 6, 2130 Mistelbach",+43 2572 2515,,node/11572463625,Stadtamt Mistelbach,8.7
AT-G-31634,Neudorf im Weinviertel,gemeinde,Niederösterreich,"Hauptplatz 1, 2135 Neudorf im Weinviertel",+43 2523 8314,,node/11572463642,Gemeindeamt Neudorf im Weinviertel,8.9
AT-G-31636,Niederleis,gemeinde,Niederösterreich,"Hauptstraße 71, 2116 Niederleis",+43 2576 2305,,node/11572471000,Gemeindeamt Niederleis,8.9
AT-G-31642,Pillichsdorf,gemeinde,Niederösterreich,"Hauptplatz 3, 2211 Pillichsdorf",+43 2245 2421,,way/154934473,Gemeindeamt Pillichsdorf,8.9
AT-G-31644,Poysdorf,gemeinde,Niederösterreich,"Josefsplatz 1, 2170 Poysdorf",+43 2552 2200,,node/628655362,Stadtamt Poysdorf,8.9
AT-G-31645,Rabensburg,gemeinde,Niederösterreich,"Hauptstraße 24, 2274 Rabensburg",+43 2535 2400,,node/11572463628,Gemeindeamt Rabensburg,8.8
AT-G-31646,Schrattenberg,gemeinde,Niederösterreich,"Hauptstraße 25, 2172 Schrattenberg",+43 2555 2345,,node/1126578950,Gemeindeamt Schrattenberg,8.8
AT-G-31649,Staatz,gemeinde,Niederösterreich,"Neudorfer Straße 7, 2134 Staatz",+43 2524 2212,,node/11572463656,Gemeindeamt Staatz,8.9
AT-G-31650,Stronsdorf,gemeinde,Niederösterreich,"Stronsdorf 20, 2153 Stronsdorf",+43 2526 7309 0,marktgemeinde.stronsdorf@aon.at,node/3925771639,Gemeindeamt Stronsdorf,8.4
AT-G-31651,Ulrichskirchen-Schleinbach,gemeinde,Niederösterreich,"Kirchenplatz 3, 2122 Ulrichskirchen",+43 224 52432,,node/11572470993,Gemeindeamt Ulrichskirchen-Schleinbach,8.8
AT-G-31652,Unterstinkenbrunn,gemeinde,Niederösterreich,"Unterstinkenbrunn 26, 2154 Unterstinkenbrunn",+43 2526 6361,gemeinde@unterstinkenbrunn.at,node/11572470977,Gemeindeamt Unterstinkenbrunn,8.4
AT-G-31653,Wildendürnbach,gemeinde,Niederösterreich,"Wildendürnbach 95, 2164 Wildendürnbach",+43 2523 8252,,node/3539954394,Gemeindeamt Wildendürnbach,8.3
AT-G-31654,Wilfersdorf,gemeinde,Niederösterreich,"Marktplatz 12-16, 2193 Wilfersdorf",+43 2573 2366,,node/3523119946,Gemeindeamt Wilfersdorf,8.8
AT-G-31655,Wolkersdorf im Weinviertel,gemeinde,Niederösterreich,"Hauptstraße 28, 2120 Wolkersdorf im Weinviertel",+43 2245 2401 0,,node/11572470991,Stadtamt Wolkersdorf im Weinviertel,8.9
AT-G-31658,Ottenthal,gemeinde,Niederösterreich,"Ottenthal 194, 2163 Ottenthal",+43 2554 8181,,node/11572463632,Gemeindeamt Ottenthal,8.4
AT-G-31701,Achau,gemeinde,Niederösterreich,"Hauptstraße 23, 2481 Achau",+43 2236 71583,,way/342388500,Gemeindeamt Achau,9.0
AT-G-31702,Biedermannsdorf,gemeinde,Niederösterreich,"Ortsstraße 46, 2362 Biedermannsdorf",+43 2236 72000,gemeinde@biedermannsdorf.at,way/206801797,Gemeindeamt Biedermannsdorf,9.0
AT-G-31703,Breitenfurt bei Wien,gemeinde,Niederösterreich,"Hirschentanzstraße 3, 2384 Breitenfurt bei Wien",+43 2239 2342,,node/189519949,Gemeindeamt Breitenfurt bei Wien,8.7
AT-G-31704,Brunn am Gebirge,gemeinde,Niederösterreich,"Franz Anderle Platz 2, 2345 Brunn am Gebirge",+43 2236 316 01-0,,node/11613701114,Gemeindeamt Brunn am Gebirge,8.9
AT-G-31706,Gaaden,gemeinde,Niederösterreich,"Hauptstraße 29, 2531 Gaaden",+43 2237 7203,,node/11613701116,Gemeindeamt Gaaden,8.9
AT-G-31707,Gießhübl,gemeinde,Niederösterreich,"Hauptstraße 73, 2372 Gießhübl",+43 2236 26464,,node/11613701112,Gemeindeamt Gießhübl,8.9
AT-G-31709,Gumpoldskirchen,gemeinde,Niederösterreich,"Schrannenplatz 1, 2352 Gumpoldskirchen",+43 2252 62101,,node/11613701117,Gemeindeamt Gumpoldskirchen,8.9
AT-G-31710,Guntramsdorf,gemeinde,Niederösterreich,"Rathaus Viertel 1, 2353 Guntramsdorf",+43 2236 53501-0,,node/4653423203,Rathaus Guntramsdorf,9.0
AT-G-31711,Hennersdorf,gemeinde,Niederösterreich,"Achauer Straße 2, 2332 Hennersdorf",+43 2235 81230,,way/154429922,Gemeindeamt Hennersdorf,8.9
AT-G-31712,Hinterbrühl,gemeinde,Niederösterreich,"Hauptstraße 29a, 2371 Hinterbrühl",+43 2236 262 49 0,,node/11613701111,Gemeindeamt Hinterbrühl,8.7
AT-G-31713,Kaltenleutgeben,gemeinde,Niederösterreich,"Hauptstraße 78, 2391 Kaltenleutgeben",+43 2238 71213 0,,node/11613701110,Gemeindeamt Kaltenleutgeben,8.9
AT-G-31714,Laab im Walde,gemeinde,Niederösterreich,"Schulgasse 2, 2381 Laab im Walde",+43 59 2381,,node/459137616,Gemeindeamt Laab im Walde,8.9
AT-G-31715,Laxenburg,gemeinde,Niederösterreich,"Schlossplatz 7-8, 2361 Laxenburg",+43 2236 7111-0,gemeinde@laxenburg.at,node/11613701109,Gemeindeamt Laxenburg,8.8
AT-G-31716,Maria Enzersdorf,gemeinde,Niederösterreich,"Hauptstraße 37, 2344 Maria Enzersdorf",+43 676 88403-0,,way/105443841,Rathaus Maria Enzersdorf,9.0
AT-G-31717,Mödling,gemeinde,Niederösterreich,"Pfarrgasse 9, 2340 Mödling",+43 2236 400,,node/11613701115,Stadtamt Mödling,8.9
AT-G-31718,Münchendorf,gemeinde,Niederösterreich,"Trumauerstraße 1, 2482 Münchendorf",+43 2259 2213 10,,way/84051217,Gemeindeamt Münchendorf,8.9
AT-G-31719,Perchtoldsdorf,gemeinde,Niederösterreich,"Marktplatz 11, 2380 Perchtoldsdorf",+43 1 866830,,node/11613701113,Gemeindeamt Perchtoldsdorf,8.9
AT-G-31723,Vösendorf,gemeinde,Niederösterreich,"Schlossplatz 1, 2331 Vösendorf",+43 1 69903-0,,node/8228292879,Gemeindeamt Vösendorf,8.9
AT-G-31725,Wiener Neudorf,gemeinde,Niederösterreich,"Europaplatz 2, 2351 Wiener Neudorf",+43 2236 62 501,,way/159855175,Gemeindeamt Wiener Neudorf,8.9
AT-G-31726,Wienerwald,gemeinde,Niederösterreich,"Kirchenplatz 62, 2392 Sulz im Wienerwald",+43 2238 8106,,node/7890790054,Gemeindeamt Wienerwald,8.7
AT-G-31801,Altendorf,gemeinde,Niederösterreich,"Ortsstraße 50, 2632 Altendorf",+43 2662 8380,,node/4876707428,Gemeindeamt Altendorf,8.8
AT-G-31802,Aspang-Markt,gemeinde,Niederösterreich,"Hauptplatz 12, 2870 Aspang-Markt",+43 2642 52303-0,,node/1412849365,Gemeindeamt Aspang Markt,8.9
AT-G-31803,Aspangberg-St. Peter,gemeinde,Niederösterreich,"Sonneck 4, 2870 Aspangberg-St. Peter",+43 2642 52352,,node/11665335274,Gemeindeamt Aspangberg-St. Peter,7.8
AT-G-31804,Breitenau,gemeinde,Niederösterreich,"Neunkirchnerstraße 21, 2624 Breitenau",+43 2635 63254,sekretariat@breitenau.gv.at,node/3090436183,Gemeindeamt Breitenau,9.0
AT-G-31805,Breitenstein,gemeinde,Niederösterreich,"Hauptstraße 19, 2673 Breitenstein",+43 2664 2413,gemeinde@breitenstein.at,node/675123693,Gemeindeamt Breitenstein,8.9
AT-G-31806,Buchbach,gemeinde,Niederösterreich,"Buchbacherstraße 75, 2630 Buchbach",+43 2630 33033,,node/11665310643,Gemeindeamt Buchbach,8.9
AT-G-31807,Edlitz,gemeinde,Niederösterreich,"Markt 10, 2842 Edlitz",+43 2644 7250,,node/11665310664,Gemeindeamt Edlitz,8.4
AT-G-31808,Enzenreith,gemeinde,Niederösterreich,"Enzenreitherstraße 100, 2640 Enzenreith",+43 2662 422 36-0,,node/775321119,Gemeindeamt Enzenreith,8.8
AT-G-31809,Feistritz am Wechsel,gemeinde,Niederösterreich,"Feistritz am Wechsel 17, 2873 Feistritz am Wechsel",+43 2641 2163,,node/11665310661,Gemeindeamt Feistritz am Wechsel,8.4
AT-G-31810,Gloggnitz,gemeinde,Niederösterreich,"Sparkassenplatz 5, 2640 Gloggnitz",+43 2662 42401 0,,node/11665310644,Stadtamt Gloggnitz,8.9
AT-G-31811,Grafenbach-St. Valentin,gemeinde,Niederösterreich,"Ernst Gruber-Straße 1, 2632 Grafenbach-St. Valentin",+43 2630 37216,,way/466318500,Gemeindeamt Grafenbach-St. Valentin,8.8
AT-G-31812,Grimmenstein,gemeinde,Niederösterreich,"Rathausplatz 1, 2840 Grimmenstein",+43 2644 7203,,node/942815027,Gemeindeamt Grimmenstein,8.8
AT-G-31813,Grünbach am Schneeberg,gemeinde,Niederösterreich,"Wiener Neustädter Straße 1, 2733 Grünbach am Schneeberg",+43 2637 2200,gemeinde@gruenbach-schneeberg.gv.at,node/11665310631,Gemeindeamt Grünbach am Schneeberg,8.9
AT-G-31814,Kirchberg am Wechsel,gemeinde,Niederösterreich,"Markt 63, 2880 Kirchberg am Wechsel",+43 2641 2226,,node/5429604320,Gemeindeamt Kirchberg am Wechsel,8.3
AT-G-31815,Mönichkirchen,gemeinde,Niederösterreich,"Mönichkirchen 18, 2872 Mönichkirchen",+43 2649 20925,,node/11665335277,Gemeindeamt Mönichkirchen,8.5
AT-G-31817,Natschbach-Loipersbach,gemeinde,Niederösterreich,"Loipersbacherstraße 20, 2620 Natschbach",+43 2635 628-83,gemeinde@natschbach-loipersbach.gv.at,node/3090436184,Gemeindeamt Natschbach-Loipersbach,8.9
AT-G-31818,Neunkirchen,gemeinde,Niederösterreich,"Hauptplatz 1, 2620 Neunkirchen",+43 2635 6010,stadtamt@neunkirchen.gv.at,node/305123602,Stadtamt Neunkirchen,8.8
AT-G-31820,Otterthal,gemeinde,Niederösterreich,"Otterthal 31, 2880 Otterthal",+43 2641 8480,gemeinde@otterthal.gv.at,node/11665310630,Gemeindeamt Otterthal,8.4
AT-G-31821,Payerbach,gemeinde,Niederösterreich,"Ortsplatz 7, 2650 Payerbach",+43 2666 52423,gemeinde@payerbach.at,node/1234615256,Gemeindeamt Payerbach,8.9
AT-G-31823,Pitten,gemeinde,Niederösterreich,"Marktplatz 1, 2823 Pitten",+43 2627 82212-0,gemeinde@pitten.at,node/3090436185,Gemeindeamt Pitten,8.8
AT-G-31825,Prigglitz,gemeinde,Niederösterreich,"Prigglitz 39, 2640 Prigglitz",+43 2662 43516,gemeinde@prigglitz.at,node/11665310633,Gemeindeamt Prigglitz,8.5
AT-G-31826,Puchberg am Schneeberg,gemeinde,Niederösterreich,"Wiener Neustädter Straße 17, 2734 Puchberg am Schneeberg",+43 2636 3300,gemeinde@puchberg.at,node/11665310636,Gemeindeamt Puchberg am Schneeberg,8.7
AT-G-31827,Raach am Hochgebirge,gemeinde,Niederösterreich,"Raach 39, 2640 Raach am Hochgebirge",+43 2662 43901,gemeinde@raach-hochgebirge.gv.at,way/304520543,Gemeindeamt Raach am Hochgebirge,8.4
AT-G-31829,Reichenau an der Rax,gemeinde,Niederösterreich,"Hauptstraße 63, 2651 Reichenau an der Rax",+43 2666 52206,gemeindeamt2651@reichenau.at,node/11665310634,Gemeindeamt Reichenau an der Rax,8.5
AT-G-31830,St. Corona am Wechsel,gemeinde,Niederösterreich,"Sankt Corona am Wechsel 200, 2880 St. Corona am Wechsel",+43 2641 2284,,node/11665310662,Gemeindeamt Sankt Corona am Wechsel,8.3
AT-G-31831,St. Egyden am Steinfeld,gemeinde,Niederösterreich,"Egydiplatz 1, 2731 St. Egyden am Steinfeld",+43 2638 774-03,gemeindeamt@st-egyden.at,node/313019393,Gemeindeamt St. Egyden am Steinfeld,8.9
AT-G-31832,Scheiblingkirchen-Thernberg,gemeinde,Niederösterreich,"Hauptplatz 14, 2831 Scheiblingkirchen",+43 2629 2239,marktgemeinde@scheiblingkirchen.at,node/3090436679,Gemeindeamt Scheiblingkirchen-Thernberg,8.8
AT-G-31833,Schottwien,gemeinde,Niederösterreich,"Hauptstraße 30, 2641 Schottwien",+43 2663 8213,gemeinde@schottwien.gv.at,node/2613120759,Gemeindeamt Schottwien,8.8
AT-G-31834,Schrattenbach,gemeinde,Niederösterreich,"Rosental 30, 2733 Schrattenbach",+43 2637 2727,gemeinde@schrattenbach.at,node/11665310627,Gemeindeamt Schrattenbach,8.4
AT-G-31835,Schwarzau am Steinfeld,gemeinde,Niederösterreich,"Neunkirchner Straße 107, 2625 Schwarzau am Steinfeld",+43 2627 82346,gemeinde@schwarzau-steinfeld.gv.at,node/3090436680,Gemeindeamt Schwarzau am Steinfeld,9.0
AT-G-31836,Schwarzau im Gebirge,gemeinde,Niederösterreich,"Markt 60, 2662 Schwarzau im Gebirge",+43 2667 238,gemeinde@schwarzauimgebirge.at,node/11665310635,Gemeindeamt Schwarzau im Gebirge,8.1
AT-G-31837,Seebenstein,gemeinde,Niederösterreich,"Werksstraße 21, 2824 Seebenstein",+43 2627 47204,gemeinde@seebenstein.gv.at,node/8458285758,Gemeindeamt Seebenstein,8.9
AT-G-31838,Semmering,gemeinde,Niederösterreich,"Hochstraße 1, 2680 Semmering",+43 2664 2326,gemeinde@semmering.gv.at,node/11665310654,Gemeindeamt Semmering,8.9
AT-G-31839,Ternitz,gemeinde,Niederösterreich,"Hans-Czettel-Platz 1, 2630 Ternitz",+43 2630 38240,,node/4252959538,Stadtamt Ternitz,8.7
AT-G-31840,Thomasberg,gemeinde,Niederösterreich,,,,,,
AT-G-31841,Trattenbach,gemeinde,Niederösterreich,"Trattenbach 10, 2881 Trattenbach",+43 2641 8220,gem.trattenbach@wavenet.at,node/11665310628,Gemeindeamt Trattenbach,8.4
AT-G-31842,Bürg-Vöstenhof,gemeinde,Niederösterreich,"Bürg 62, 2630 Bürg-Vöstenhof",+43 2630 36535,gem.buerg@aon.at,node/11665310632,Gemeindeamt Bürg-Vöstenhof,8.0
AT-G-31843,Warth,gemeinde,Niederösterreich,"Marktplatz 3, 2831 Warth",+43 2629 2245,,node/11665310660,Gemeindeamt Warth,8.6
AT-G-31844,Wartmannstetten,gemeinde,Niederösterreich,"Dorfstraße 2, 2620 Wartmannstetten",+43 2635 651240,,node/1373653268,Gemeindeamt Wartmannstetten,8.9
AT-G-31845,Willendorf,gemeinde,Niederösterreich,"Puchberger Straße 36, 2732 Willendorf am Steinfelde",+43 2620 2261,gemeindeamt@willendorf.at,node/11665310637,Gemeindeamt Willendorf,9.0
AT-G-31846,Wimpassing im Schwarzatale,gemeinde,Niederösterreich,"Bundesstraße 40, 2632 Wimpassing im Schwarzatale",+43 2630 38370,,node/11665310638,Gemeindeamt Wimpassing im Schwarzatale,8.9
AT-G-31847,Würflach,gemeinde,Niederösterreich,"Willendorfer Straße 150, 2732 Würflach",+43 2620 2410,gemeinde@wuerflach.at,node/3090367989,Gemeindeamt Würflach,8.9
AT-G-31848,Zöbern,gemeinde,Niederösterreich,"Hauptstraße 23, 2871 Zöbern",+43 2642 8777,,node/11665335278,Gemeindeamt Zöbern,8.9
AT-G-31849,Höflein an der Hohen Wand,gemeinde,Niederösterreich,"Am Johannesstollen 1, 2732 Höflein an der Hohen Wand",+43 2620 2367,gemeinde@hoeflein.com,node/5696628370,Gemeindeamt Höflein an der Hohen Wand,8.9
AT-G-31901,Altlengbach,gemeinde,Niederösterreich,"Hauptstraße 86, 3033 Altlengbach",+43 2774 2269,,node/7813397591,Gemeindeamt Altlengbach,8.8
AT-G-31902,Asperhofen,gemeinde,Niederösterreich,"Gemeindeplatz 1, 3041 Asperhofen",+43 2772 58295,,node/11476925909,Gemeindeamt Asperhofen,8.8
AT-G-31903,Böheimkirchen,gemeinde,Niederösterreich,"Marktplatz 2, 3071 Böheimkirchen",+43 2743 231 80,buergerservice@boeheimkirchen.gv.at,node/297556893,Gemeindeamt Böheimkirchen,8.9
AT-G-31904,Brand-Laaben,gemeinde,Niederösterreich,"Laaben 100, 3053 Brand-Laaben",+43 2774 8338,,node/2568434192,Gemeindeamt Brand-Laaben,8.3
AT-G-31905,Eichgraben,gemeinde,Niederösterreich,"Rathausplatz 1, 3032 Eichgraben",+43 2773 44600,,node/11552070706,Gemeideamt Eichgraben,8.9
AT-G-31906,Frankenfels,gemeinde,Niederösterreich,"Markt 10, 3213 Frankenfels",+43 2725 245,,node/1338293036,Gemeindeamt Frankenfels,8.5
AT-G-31907,Gerersdorf,gemeinde,Niederösterreich,"Florianiplatz 6, 3385 Gerersdorf",+43 2749 2621,gemeinde@gerersdorf.gv.at,node/4982680289,Gemeindeamt Gerersdorf,8.9
AT-G-31909,Hofstetten-Grünau,gemeinde,Niederösterreich,"Hauptplatz 3-5, 3202 Hofstetten-Grünau",+43 2723 8242,,node/459487514,Gemeindeamt Hofstetten-Grünau,8.9
AT-G-31910,Hafnerbach,gemeinde,Niederösterreich,"Kirchenplatz 4, 3386 Hafnerbach",+43 2749 2278,,node/8575355156,Gemeindeamt Hafnerbach,8.8
AT-G-31911,Haunoldstein,gemeinde,Niederösterreich,"Hauptplatz 1, 3384 Haunoldstein",+43 2749 2254,gemeinde@haunoldstein.gv.at,node/8752959399,Gemeindeamt Haunoldstein,8.9
AT-G-31912,Herzogenburg,gemeinde,Niederösterreich,"Rathausplatz 8, 3130 Herzogenburg",+43 2782 83315,,node/11476925929,Stadtamt Herzogenburg,8.8
AT-G-31913,Inzersdorf-Getzersdorf,gemeinde,Niederösterreich,,,,,,
AT-G-31915,Kapelln,gemeinde,Niederösterreich,"Hauptstraße 13, 3141 Kapelln",+43 2784 2266,,node/11476925928,Gemeindeamt Kapelln,8.8
AT-G-31916,Karlstetten,gemeinde,Niederösterreich,"Schloßplatz 1, 3121 Karlstetten",+43 2741 8276,,node/9331742397,Gemeindeamt Karlstetten,8.8
AT-G-31917,Kasten bei Böheimkirchen,gemeinde,Niederösterreich,"Kasten 48, 3072 Kasten bei Böheimkirchen",+43 2744 5212,,node/11476925914,Gemeindeamt Kasten bei Böheimkirchen,8.4
AT-G-31918,Kirchberg an der Pielach,gemeinde,Niederösterreich,"Schlossstraße 1, 3204 Kirchberg an der Pielach",+43 2722 7309,,way/158177626,Gemeindeamt Kirchberg an der Pielach,8.8
AT-G-31919,Kirchstetten,gemeinde,Niederösterreich,"Wienerstraße 32, 3062 Kirchstetten",+43 2743 8206,,node/639262231,Gemeindeamt Kirchstetten,8.9
AT-G-31920,Loich,gemeinde,Niederösterreich,"Loich 5, 3211 Loich",+43 2722 8225 0,,way/203445081,Gemeindeamt Loich,8.4
AT-G-31921,Maria Anzbach,gemeinde,Niederösterreich,"Marktplatz 6, 3034 Maria Anzbach",+43 2772 52481,,node/11476925910,Gemeindeamt Maria Anzbach,8.9
AT-G-31922,Markersdorf-Haindorf,gemeinde,Niederösterreich,,,,,,
AT-G-31923,Michelbach,gemeinde,Niederösterreich,"Michelbach Markt 7, 3074 Michelbach",+43 2744 8220,,node/7546267355,Gemeindeamt Michelbach,8.4
AT-G-31925,Neidling,gemeinde,Niederösterreich,"Walter-Eder-Straße 7, 3110 Neidling",+43 2741 8286,,node/8977568268,Gemeindeamt Neidling,8.9
AT-G-31926,Neulengbach,gemeinde,Niederösterreich,"Kirchenplatz 2, 3040 Neulengbach",+43 2772 52105 0,,node/1120145960,Rathaus Neulengbach,8.8
AT-G-31927,Neustift-Innermanzing,gemeinde,Niederösterreich,,,,,,
AT-G-31928,Nußdorf ob der Traisen,gemeinde,Niederösterreich,"Marktplatz 1, 3134 Nußdorf ob der Traisen",+43 2783 8402-0,gemeinde@nussdorf-traisen.gv.at,node/11476925942,Gemeindeamt Nußdorf ob der Traisen,8.9
AT-G-31929,Ober-Grafendorf,gemeinde,Niederösterreich,"Hauptplatz 2, 3200 Ober-Grafendorf",+43 2747 2313,,node/11476925939,Gemeindeamt Ober-Grafendorf,9.0
AT-G-31930,Obritzberg-Rust,gemeinde,Niederösterreich,"Marktstraße 14, 3123 Obritzberg",+43 2786 2292,,node/8947888443,Gemeindeamt Obritzberg-Rust,8.6
AT-G-31932,Prinzersdorf,gemeinde,Niederösterreich,"Hauptplatz 1, 3385 Prinzersdorf",+43 2749 2223,,node/8832668863,Gemeindeamt Prinzersdorf,8.9
AT-G-31934,Pyhra,gemeinde,Niederösterreich,"Hauptstraße 13, 3143 Pyhra",+43 2745 2208,,node/11476925915,Gemeindeamt Pyhra,8.8
AT-G-31935,Rabenstein an der Pielach,gemeinde,Niederösterreich,"Marktplatz 6, 3203 Rabenstein an der Pielach",+43 2723 2250,,node/2624452413,Gemeindeamt Rabenstein an der Pielach,8.7
AT-G-31938,St. Margarethen an der Sierning,gemeinde,Niederösterreich,"Hauptstraße 10, 3231 St. Margarethen an der Sierning",+43 2747 3472,,node/11476925940,Gemeindeamt St. Margarethen an der Sierning,8.9
AT-G-31939,Schwarzenbach an der Pielach,gemeinde,Niederösterreich,"Brunnrotte 40, 3212 Schwarzenbach an der Pielach",+43 2724 205,,node/11476925930,Gemeindeamt Schwarzenbach an der Pielach,8.2
AT-G-31940,Statzendorf,gemeinde,Niederösterreich,,,,,,
AT-G-31941,Stössing,gemeinde,Niederösterreich,"Stössing 7, 3073 Stössing",+43 2744 5352 2,,node/11476925911,Gemeindeamt Stössing,8.4
AT-G-31943,Traismauer,gemeinde,Niederösterreich,"Wiener Straße 8, 3133 Traismauer",+43 2783 8651,,way/41916102,Stadtamt Traismauer,8.9
AT-G-31945,Weinburg,gemeinde,Niederösterreich,"Mariazeller Straße 15, 3205 Weinburg",+43 2747 2616,,node/2110817841,Gemeindeamt Weinburg,8.9
AT-G-31946,Perschling,gemeinde,Niederösterreich,"Hauptstraße 21, 3142 Perschling",+43 2784 7103,,node/5426726275,Gemeindeamt Perschling,8.9
AT-G-31947,Wilhelmsburg,gemeinde,Niederösterreich,,,,,,
AT-G-31948,Wölbling,gemeinde,Niederösterreich,,,,,,
AT-G-31949,Gablitz,gemeinde,Niederösterreich,"Linzer Straße 99, 3003 Gablitz",+43 2231 63466 0,,way/159167307,Gemeindeamt Gablitz,8.8
AT-G-31950,Mauerbach,gemeinde,Niederösterreich,"Hauptstraße 246, 3001 Mauerbach",+43 1 979 16 77,,way/522904886,Gemeindeamt Mauerbach,8.9
AT-G-31951,Pressbaum,gemeinde,Niederösterreich,"Hauptstraße 58, 3021 Pressbaum",+43 2233 522 32 0,gemeinde@pressbaum.gv.at,node/11476925908,Gemeindeamt Pressbaum,8.7
AT-G-31952,Purkersdorf,gemeinde,Niederösterreich,"Hauptplatz 1, 3002 Purkersdorf",+43 2231 63601,,way/51910042,Rathaus Purkersdorf,8.8
AT-G-31953,Tullnerbach,gemeinde,Niederösterreich,"Hauptstraße 47, 3013 Tullnerbach-Lawies",+43 2233 522 88,,node/1807468188,Gemeindeamt Tullnerbach,8.8
AT-G-31954,Wolfsgraben,gemeinde,Niederösterreich,"Hauptstraße 3c, 3012 Wolfsgraben",+43 2233 7212,,node/11476925907,Gemeindeamt Wolfsgraben,8.7
AT-G-32001,Gaming,gemeinde,Niederösterreich,"Im Markt 1-3, 3292 Gaming",+43 7485 97308-0,gemeindeamt@gaming.noe.at,node/1577434391,Gemeindeamt Gaming,8.1
AT-G-32002,Göstling an der Ybbs,gemeinde,Niederösterreich,"Göstling 41, 3345 Göstling an der Ybbs",+43 7484 5020,gemeinde@goestling.com,node/3078266308,Gemeindeamt Göstling an der Ybbs,8.1
AT-G-32003,Gresten,gemeinde,Niederösterreich,"Friedhofgasse 4, 3264 Gresten",+43 7487 2240,gemeinde@gresten-land.gv.at,way/303573702,Gemeindeamt Gresten-Land,9.0
AT-G-32004,Gresten-Land,gemeinde,Niederösterreich,"Friedhofgasse 4, 3264 Gresten",+43 7487 2240,gemeinde@gresten-land.gv.at,way/303573702,Gemeindeamt Gresten-Land,8.6
AT-G-32005,Lunz am See,gemeinde,Niederösterreich,,,,,,
AT-G-32006,Oberndorf an der Melk,gemeinde,Niederösterreich,"Hauptstraße 9, 3281 Oberndorf an der Melk",+43 7483 258,,way/303573704,Gemeindeamt Oberndorf an der Melk,8.9
AT-G-32007,Puchenstuben,gemeinde,Niederösterreich,"Christian Haller Straße 1, 3214 Puchenstuben",+43 2726 238,gemeinde.puchenstuben@wavenet.at,way/212810331,Gemeindeamt Puchenstuben,8.9
AT-G-32008,Purgstall an der Erlauf,gemeinde,Niederösterreich,"Pöchlarner Straße 17, 3251 Purgstall",+43 7489 2711,gemeinde@purgstall.at,node/11479082102,Gemeindeamt Purgstall an der Erlauf,9.0
AT-G-32009,Randegg,gemeinde,Niederösterreich,"Randegg 22, 3263 Randegg",+43 7487 6200,gemeinde@randegg.at,node/3079691336,Gemeindeamt Randegg,8.2
AT-G-32010,Reinsberg,gemeinde,Niederösterreich,"Reinsberg 1, 3264 Reinsberg",+43 7487 2351,reinsberg@aon.at,node/3079691337,Gemeindeamt Reinsberg,8.4
AT-G-32011,St. Anton an der Jeßnitz,gemeinde,Niederösterreich,"Sankt Anton an der Jeßnitz 5, 3283 St. Anton an der Jeßnitz",+43 7482 48240,office@st-anton-jessnitz.gv.at,way/303573703,Gemeindeamt St. Anton an der Jeßnitz,8.4
AT-G-32012,St. Georgen an der Leys,gemeinde,Niederösterreich,"Sankt Georgen an der Leys 1, 3282 Sankt Georgen an der Leys",+43 7482 46235,gde@stgeorgenleys.at,node/3079691338,Gemeindeamt Sankt Georgen an der Leys,8.4
AT-G-32013,Scheibbs,gemeinde,Niederösterreich,"Rathausplatz 1, 3270 Scheibbs",+43 7482 42511,stadtamt@scheibbs.com,node/11479082103,Stadtamt Scheibbs,8.7
AT-G-32014,Steinakirchen am Forst,gemeinde,Niederösterreich,"Marktplatz 13, 3261 Steinakirchen am Forst",+43 7488 71325-0,gemeinde@steinakirchen-forst.gv.at,way/138322533,Gemeindeamt Steinakirchen am Forst,8.7
AT-G-32015,Wang,gemeinde,Niederösterreich,"Oberer Markt 1, 3262 Wang",+43 7488 71517-0,gemeindeamt@wang.at,way/28351068,Gemeindeamt Wang,8.7
AT-G-32016,Wieselburg,gemeinde,Niederösterreich,"Hauptplatz 26, 3250 Wieselburg",+43 7416 52319,office@wieselburg.at,way/374693640,Rathaus Wieselburg,8.9
AT-G-32017,Wieselburg-Land,gemeinde,Niederösterreich,"Wechlingerstraße 9, 3250 Wieselburg-Land",+43 7416 52269,gemeinde@wieselburg-land.gv.at,way/303580890,Gemeindeamt Wieselburg-Land,8.8
AT-G-32018,Wolfpassing,gemeinde,Niederösterreich,,,,,,
AT-G-32101,Absdorf,gemeinde,Niederösterreich,"Hauptplatz 1, 3462 Absdorf",+43 2278 2203,,node/7179840388,Gemeindeamt Absdorf,8.9
AT-G-32104,Atzenbrugg,gemeinde,Niederösterreich,"Wachauer Straße 5, 3452 Atzenbrugg",+43 2275 5234,gemeinde@atzenbrugg.gv.at,way/473113038,Gemeindeamt Atzenbrugg,8.7
AT-G-32106,Fels am Wagram,gemeinde,Niederösterreich,"Wienerstraße 15, 3481 Fels am Wagram",+43 2738 2381,gemeinde@fels-wagram.gv.at,node/4269730081,Gemeindeamt Fels am Wagram,8.9
AT-G-32107,Grafenwörth,gemeinde,Niederösterreich,"Mühlplatz 1, 3484 Grafenwörth",+43 2738 2212,,node/11537272479,Gemeindeamt Grafenwörth,8.5
AT-G-32109,Großriedenthal,gemeinde,Niederösterreich,"Großriedenthal 23, 3471 Großriedenthal",+43 2279 7246,,node/11537272477,Gemeindeamt Großriedenthal,8.3
AT-G-32110,Großweikersdorf,gemeinde,Niederösterreich,"Hauptplatz 7, 3701 Großweikersdorf",+43 2955 70 204,,node/11537272476,Gemeindeamt Großweikersdorf,8.8
AT-G-32112,Judenau-Baumgarten,gemeinde,Niederösterreich,,,,,,
AT-G-32114,Kirchberg am Wagram,gemeinde,Niederösterreich,"Marktplatz 6, 3470 Kirchberg am Wagram",+43 2279 2332,,node/11537272480,Gemeindeamt Kirchberg am Wagram,8.6
AT-G-32115,Königsbrunn am Wagram,gemeinde,Niederösterreich,"Rathausplatz 1, 3465 Königsbrunn am Wagram",+43 2278 2338,,node/11537272481,Gemeindeamt Königsbrunn am Wagram,8.7
AT-G-32116,Königstetten,gemeinde,Niederösterreich,"Hauptplatz 1, 3433 Königstetten",+43 2273 2223,,node/11537294373,Gemeindeamt Königstetten,8.9
AT-G-32119,Langenrohr,gemeinde,Niederösterreich,"Schulstraße 7, 3442 Langenrohr",+43 2272 7200,,node/5514415354,Gemeindeamt Langenrohr,8.9
AT-G-32120,Michelhausen,gemeinde,Niederösterreich,"Tullnerstraße 16, 3451 Michelhausen",+43 2275 5241,,node/6764026095,Gemeindeamt Michelhausen,9.0
AT-G-32131,Sieghartskirchen,gemeinde,Niederösterreich,"Wiener Straße 12, 3443 Sieghartskirchen",+43 2274 5005,gemeinde@sieghartskirchen.gv.at,node/11537294369,Gemeindeamt Sieghartskirchen,8.8
AT-G-32132,Sitzenberg-Reidling,gemeinde,Niederösterreich,"Bachgasse 1, 3454 Sitzenberg-Reidling",+43 2276 22 41,,way/97591134,Gemeindeamt Sitzenberg-Reidling,8.8
AT-G-32134,Tulbing,gemeinde,Niederösterreich,,,,,,
AT-G-32135,Tulln an der Donau,gemeinde,Niederösterreich,,,,,,
AT-G-32139,Würmla,gemeinde,Niederösterreich,"Schloßweg 2, 3042 Würmla",+43 2275 8200,,node/1951730145,Gemeindeamt Würmla,9.0
AT-G-32140,Zeiselmauer-Wolfpassing,gemeinde,Niederösterreich,"Bahnstraße 6, 3424 Zeiselmauer-Wolfpassing",+43 2242 70402,,node/2118582055,Gemeindeamt Zeiselmauer-Wolfpassing,8.9
AT-G-32141,Zwentendorf an der Donau,gemeinde,Niederösterreich,"Rathausplatz 4, 3435 Zwentendorf an der Donau",+43 2277 2209 0,,node/8358771709,Gemeindeamt Zwentendorf an der Donau,8.8
AT-G-32142,St. Andrä-Wördern,gemeinde,Niederösterreich,"Altgasse 30, 3423 St. Andrä-Wördern",+43 2242 31300 0,,way/85335027,Gemeindeamt St. Andrä-Wördern,8.8
AT-G-32143,Muckendorf-Wipfing,gemeinde,Niederösterreich,"Bahnstraße 3, 3426 Muckendorf-Wipfing",+43 2242 70214,,node/2120108742,Gemeindeamt Muckendorf-Wipfing,8.9
AT-G-32144,Klosterneuburg,gemeinde,Niederösterreich,"Rathausplatz 1, 3400 Klosterneuburg",+43 2243 444 0,stadtamt@klosterneuburg.at,node/61723059,Stadtamt Klosterneuburg,8.8
AT-G-32202,Dietmanns,gemeinde,Niederösterreich,"Schulgasse 13-15, 3813 Dietmanns",+43 2847 2464,,node/11233147652,Gemeindeamt Dietmanns,8.8
AT-G-32203,Dobersberg,gemeinde,Niederösterreich,"Schloßgasse 1, 3843 Dobersberg",+43 2843 2332,,node/11506286911,Gemeindeamt Dobersberg,8.6
AT-G-32206,Gastern,gemeinde,Niederösterreich,"Hauptstraße 19, 3852 Gastern",+43 2864 2338,,node/7133553470,Gemeindeamt Gastern,8.9
AT-G-32207,Groß-Siegharts,gemeinde,Niederösterreich,"Schloßplatz 1, 3812 Groß-Siegharts",+43 2847 2371,,node/1562580584,Stadtamt Groß-Siegharts,8.9
AT-G-32209,Karlstein an der Thaya,gemeinde,Niederösterreich,"Hauptstraße 12, 3822 Karlstein an der Thaya",+43 2844 279,,node/513776295,Marktgemeinde Karlstein an der Thaya,8.8
AT-G-32210,Kautzen,gemeinde,Niederösterreich,"Waidhofnerstraße 14, 3851 Kautzen",+43 2864 2241,,way/313134482,Gemeindeamt Kautzen,8.8
AT-G-32212,Ludweis-Aigen,gemeinde,Niederösterreich,"Ludweis 1, 3762 Ludweis-Aigen",+43 2847 4100,,node/11506286932,Gemeindeamt Ludweis-Aigen,8.4
AT-G-32214,Pfaffenschlag bei Waidhofen a.d.Thaya,gemeinde,Niederösterreich,,,,,,
AT-G-32216,Raabs an der Thaya,gemeinde,Niederösterreich,"Hauptstraße 25, 3820 Raabs an der Thaya",+43 2846 365,,node/926196233,Stadtamt Raabs an der Thaya,8.6
AT-G-32217,Thaya,gemeinde,Niederösterreich,"Hauptstraße 32, 3842 Thaya",+43 2842 52 663,,node/11506286903,Gemeindeamt Thaya,8.9
AT-G-32219,Vitis,gemeinde,Niederösterreich,"Hauptplatz 16, 3902 Vitis",+43 2841 8214,,node/11506286935,Gemeindeamt Vitis,8.9
AT-G-32220,Waidhofen an der Thaya,gemeinde,Niederösterreich,"Hauptplatz 1, 3830 Waidhofen an der Thaya",+43 2842 503,bgm@waidhofen-thaya.gv.at,node/5996502461,Stadtamt Waidhofen an der Thaya,8.8
AT-G-32221,Waidhofen an der Thaya-Land,gemeinde,Niederösterreich,"Kindergartenstraße 5, 3830 Waidhofen an der Thaya",+43 2842 52337,,node/11506286933,Gemeindeamt Waidhofen an der Thaya-Land,8.5
AT-G-32222,Waldkirchen an der Thaya,gemeinde,Niederösterreich,"Waldkirchen an der Thaya 65, 3844 Waldkirchen an der Thaya",+43 2843 2282,,node/11506286912,Gemeindeamt Waldkirchen an der Thaya,8.3
AT-G-32223,Windigsteig,gemeinde,Niederösterreich,"Marktplatz 4, 3841 Windigsteig",+43 2849 2303,,node/9008362735,Gemeindeamt Windigsteig,8.9
AT-G-32301,Bad Fischau-Brunn,gemeinde,Niederösterreich,"Hauptstraße 2, 2721 Bad Fischau-Brunn",+43 2639 2213,info@bad-fischau-brunn.at,node/11646605339,Gemeindeamt Bad Fischau-Brunn,8.9
AT-G-32302,Bad Schönau,gemeinde,Niederösterreich,"Kurhausstraße 8, 2853 Bad Schönau",+43 2646 8284,gemeinde@bad-schoenau.gv.at,node/3081662498,Gemeindeamt Bad Schönau,8.9
AT-G-32304,Ebenfurth,gemeinde,Niederösterreich,"Hauptstraße 39, 2490 Ebenfurth",+43 2624 52250,stadtamt@ebenfurth.at,node/3081662500,Stadtamt Ebenfurth,8.6
AT-G-32305,Eggendorf,gemeinde,Niederösterreich,"Hauptplatz 1, 2492 Eggendorf",+43 2622 73234,gemeindeamt@eggendorf-noe.at,node/9676987365,Gemeindeamt Eggendorf,8.7
AT-G-32306,Bad Erlach,gemeinde,Niederösterreich,"Fabriksgasse 1, 2822 Bad Erlach",+43 2627 48214,gemeinde@bad-erlach.gv.at,node/3081536818,Gemeindeamt Bad Erlach,8.7
AT-G-32307,Felixdorf,gemeinde,Niederösterreich,"Hauptstraße 31, 2603 Felixdorf",+43 2628 63711,gemeinde@felixdorf.gv.at,node/11646605364,Gemeindeamt Felixdorf,8.9
AT-G-32308,Gutenstein,gemeinde,Niederösterreich,"Markt 100, 2770 Gutenstein",+43 2634 7220,gemeinde@gutenstein.gv.at,node/3081898264,Gemeindeamt Gutenstein,8.7
AT-G-32309,Hochneukirchen-Gschaidt,gemeinde,Niederösterreich,"Hauptstraße 26, 2852 Hochneukirchen",+43 2648 20206,marktgemeinde@hochneukirchen-gschaidt.at,node/3081662501,Gemeindeamt Hochneukirchen-Gschaidt,8.8
AT-G-32310,Hochwolkersdorf,gemeinde,Niederösterreich,"Dorfstraße 3, 2802 Hochwolkersdorf",+43 2645 8222,gemeinde@hochwolkersdorf.at,node/3081536819,Gemeindeamt Hochwolkersdorf,8.9
AT-G-32311,Hohe Wand,gemeinde,Niederösterreich,"Ortsstraße 33, 2724 Hohe Wand",+43 2638 88 348 1,gemeinde@hohe-wand.gv.at,way/132470464,Gemeindeamt Hohe Wand,8.9
AT-G-32312,Hollenthon,gemeinde,Niederösterreich,"Kirchenplatz 2, 2812 Hollenthon",+43 2645 7200-0,gemeinde@hollenthon.at,node/11646605335,Gemeindeamt Hollenthon,8.9
AT-G-32313,Katzelsdorf,gemeinde,Niederösterreich,"Hauptstraße 47, 2801 Katzelsdorf an der Leitha",+43 2622 78200,gemeinde@katzelsdorf.gv.at,node/318756210,Gemeindeamt Katzelsdorf,8.9
AT-G-32314,Kirchschlag in der Buckligen Welt,gemeinde,Niederösterreich,"Hauptplatz 1, 2860 Kirchschlag in der Buckligen Welt",+43 2646 2213,info@kirchschlag.at,node/11646605334,Stadtamt Kirchschlag in der Buckligen Welt,8.9
AT-G-32315,Krumbach,gemeinde,Niederösterreich,"Marktstraße 17, 2851 Krumbach",+43 2647 42238,gemeinde@krumbach-noe.gv.at,node/1445697284,Gemeindeamt Krumbach,9.0
AT-G-32316,Lanzenkirchen,gemeinde,Niederösterreich,"Hauptplatz 4, 2821 Lanzenkirchen",+43 2627 45432,gemeinde@lanzenkirchen.gv.at,node/9521847120,Gemeindeamt Lanzenkirchen,8.9
AT-G-32317,Lichtenegg,gemeinde,Niederösterreich,"Hauptstraße 22, 2813 Lichtenegg",+43 2643 2209,gemeinde@lichtenegg.gv.at,node/3085979539,Gemeindeamt Lichtenegg,8.7
AT-G-32318,Lichtenwörth,gemeinde,Niederösterreich,"Hauptstraße 1, 2493 Lichtenwörth",+43 2622 75227,gemeindeamt@lichtenwoerth.at,node/3085979540,Gemeindeamt Lichtenwörth,8.7
AT-G-32319,Markt Piesting,gemeinde,Niederösterreich,"Marktplatz 1, 2753 Markt Piesting",+43 2633 42241,,node/11646605359,Gemeindeamt Markt Piesting,8.8
AT-G-32320,Matzendorf-Hölles,gemeinde,Niederösterreich,"Badenerstraße 17, 2751 Matzendorf-Hölles",+43 2628 62907,,node/11646605363,Gemeindeamt Matzendorf-Hölles,8.8
AT-G-32321,Miesenbach,gemeinde,Niederösterreich,"Miesenbach 240, 2761 Miesenbach",+43 2632 8235,gemeinde.info@miesenbach.at,node/3085910637,Gemeindeamt Miesenbach,8.3
AT-G-32322,Muggendorf,gemeinde,Niederösterreich,"Hauptstraße 1, 2763 Muggendorf",+43 2632 74330,,node/11646605343,Gemeindeamt Muggendorf,8.7
AT-G-32323,Pernitz,gemeinde,Niederösterreich,"Gentzschgasse 1, 2763 Pernitz",+43 2632 72220,gemeinde@pernitz.co.at,node/11646605345,Gemeindeamt Pernitz,8.8
AT-G-32324,Rohr im Gebirge,gemeinde,Niederösterreich,"Rohr im Gebirge 24, 2663 Rohr im Gebirge",+43 2667 8201,gemeinde@rohrimgebirge.at,node/1292839061,Gemeindeamt Rohr im Gebirge,8.3
AT-G-32325,Bromberg,gemeinde,Niederösterreich,"Markt 2, 2833 Bromberg",+43 2629 5122,gemeinde@bromberg.at,node/11646605336,Gemeindeamt Bromberg,8.3
AT-G-32326,Schwarzenbach,gemeinde,Niederösterreich,"Markt 4, 2803 Schwarzenbach",+43 2645 5201,gemeinde@schwarzenbach.gv.at,node/3081540789,Gemeindeamt Schwarzenbach,8.2
AT-G-32327,Sollenau,gemeinde,Niederösterreich,"Hauptplatz 1, 2601 Sollenau",+43 2628 47285,sollenau@sollenau.noe.gv.at,node/3081906729,Gemeindeamt Sollenau,8.9
AT-G-32330,Theresienfeld,gemeinde,Niederösterreich,"Hauptplatz 1, 2604 Theresienfeld",+43 2622 71210,gemeinde@theresienfeld.gv.at,node/3081906730,Gemeindeamt Theresienfeld,9.0
AT-G-32331,Waidmannsfeld,gemeinde,Niederösterreich,"Schulstraße 20, 2763 Waidmannsfeld",+43 2632 72231,office@waidmannsfeld.at,node/11646605344,Gemeindeamt Waidmannsfeld,8.6
AT-G-32332,Waldegg,gemeinde,Niederösterreich,"Waldegg 42, 2754 Waldegg",+43 2633 42285,,way/1548110141,Gemeindeamt Waldegg an der Piesting,8.9
AT-G-32333,Walpersbach,gemeinde,Niederösterreich,"Hauptstraße 7, 2820 Walpersbach",+43 2627 48344,gemeinde@walpersbach.gv.at,way/323468044,Gemeindeamt Walpersbach,8.8
AT-G-32334,Weikersdorf am Steinfelde,gemeinde,Niederösterreich,"Hauptplatz 115, 2722 Weikersdorf am Steinfelde",+43 2638 22226,gemeinde@weikersdorf-steinfelde.gv.at,node/3086008419,Gemeindeamt Weikersdorf am Steinfelde,8.3
AT-G-32335,Wiesmath,gemeinde,Niederösterreich,"Hauptplatz 2, 2811 Wiesmath",+43 2645 2231,gemeinde@wiesmath.gv.at,node/3081540790,Gemeindeamt Wiesmath,9.0
AT-G-32336,Winzendorf-Muthmannsdorf,gemeinde,Niederösterreich,"Hauptstraße 50, 2722 Winzendorf",+43 2638 222 12,gemeinde@winzendorf-muthmannsdorf.gv.at,node/11646605340,Gemeindeamt Winzendorf-Muthmannsdorf,8.9
AT-G-32337,Wöllersdorf-Steinabrückl,gemeinde,Niederösterreich,"Marktzentrum 1, 2752 Wöllersdorf",+43 2633 43 000,gemeinde@woellersdorf-steinabrueckl.gv.at,node/11646605360,Gemeindeamt Wöllersdorf-Steinabrückl,8.9
AT-G-32338,Zillingdorf,gemeinde,Niederösterreich,"Rathausstraße 2, 2492 Zillingdorf",+43 2622 73290,a.schnoetzinger@zillingdorf.gv.at,node/3085980351,Gemeindeamt Zillingdorf,8.8
AT-G-32501,Allentsteig,gemeinde,Niederösterreich,"Hauptstraße 23, 3804 Allentsteig",+43 2824 2310,,node/11483101705,Stadtamt Allentsteig,8.9
AT-G-32502,Arbesbach,gemeinde,Niederösterreich,"Arbesbach 35, 3925 Arbesbach",+43 2813 7000,,node/11483101719,Gemeindeamt Arbesbach,8.5
AT-G-32503,Bärnkopf,gemeinde,Niederösterreich,"Bärnkopf 103, 3665 Bärnkopf",+43 2874 8212,,node/4021661146,Gemeindeamt Bärnkopf,8.3
AT-G-32504,Echsenbach,gemeinde,Niederösterreich,"Kirchenberg 6, 3903 Echsenbach",+43 2849 8218,,node/11483101707,Gemeindeamt Echsenbach,8.9
AT-G-32505,Göpfritz an der Wild,gemeinde,Niederösterreich,"Hauptstraße 72, 3800 Göpfritz an der Wild",+43 2825 8310,,node/11483101703,Gemeindeamt Göpfritz an der Wild,8.9
AT-G-32506,Grafenschlag,gemeinde,Niederösterreich,"Grafenschlag 47, 3912 Grafenschlag",+43 2875 8325,,node/11483101711,Gemeindeamt Grafenschlag,8.4
AT-G-32508,Groß Gerungs,gemeinde,Niederösterreich,"Hauptplatz 18, 3920 Groß Gerungs",+43 2812 8611,office@gerungs.at,node/582480114,Stadtamt Groß Gerungs,8.9
AT-G-32509,Großgöttfritz,gemeinde,Niederösterreich,"Großgöttfritz 100, 3913 Großgöttfritz",+43 2875 8362,,node/5890469238,Gemeindeamt Großgöttfritz,8.5
AT-G-32511,Gutenbrunn,gemeinde,Niederösterreich,"Gutenbrunn 25, 3665 Gutenbrunn",+43 2874 6242-0,,way/227730653,Gemeindeamt Gutenbrunn,8.2
AT-G-32514,Kirchschlag,gemeinde,Niederösterreich,"Kirchschlag 2, 3631 Kirchschlag",+43 2872 7226,,node/1707332404,Gemeindeamt Kirchschlag,8.4
AT-G-32515,Kottes-Purk,gemeinde,Niederösterreich,"Marktplatz 1, 3623 Kottes",+43 2873 7228,,node/11483101718,Gemeindeamt Kottes-Purk,8.9
AT-G-32516,Langschlag,gemeinde,Niederösterreich,"Marktplatz 37, 3921 Langschlag",+43 2814 8218,,node/3475251164,Gemeindeamt Langschlag,8.8
AT-G-32517,Martinsberg,gemeinde,Niederösterreich,"Markt 6, 3664 Martinsberg",+43 2874 62780,,node/3781286541,Gemeindeamt Martinsberg,8.9
AT-G-32518,Ottenschlag,gemeinde,Niederösterreich,"Oberer Markt 22, 3631 Ottenschlag",+43 2872 7330,,node/11483101716,Gemeindeamt Ottenschlag,8.8
AT-G-32519,Altmelon,gemeinde,Niederösterreich,"Altmelon 60, 3925 Altmelon",+43 2813 292,,node/2358236587,Gemeindeamt Altmelon,8.1
AT-G-32520,Pölla,gemeinde,Niederösterreich,"Neupölla 4, 3593 Pölla",+43 2988 6220,,node/8653219609,Gemeindeamt Pölla,8.1
AT-G-32521,Rappottenstein,gemeinde,Niederösterreich,"Rappottenstein 24, 3911 Rappottenstein",+43 2828 8240,,node/11483101710,Gemeindeamt Rappottenstein,8.3
AT-G-32522,Sallingberg,gemeinde,Niederösterreich,"Hauptstraße 24, 3525 Sallingberg",+43 2877 8344,,node/11483101712,Gemeindeamt Sallingberg,8.8
AT-G-32523,Schönbach,gemeinde,Niederösterreich,"Schönbach 6, 3633 Schönbach",+43 2827 7002,,node/11483101713,Gemeindeamt Schönbach,8.4
AT-G-32524,Schwarzenau,gemeinde,Niederösterreich,"Bundesstraße 20, 3900 Schwarzenau",+43 2849 2247,,node/11483101706,Gemeindeamt Schwarzenau,8.8
AT-G-32525,Schweiggers,gemeinde,Niederösterreich,"Hauptplatz 25, 3931 Schweiggers",+43 2829 8234,gemeinde@schweiggers.gv.at,node/11483101708,Gemeindeamt Schweiggers,8.8
AT-G-32528,Bad Traunstein,gemeinde,Niederösterreich,"Wiegensteinstraße 2, 3632 Bad Traunstein",+43 2878 6077,,node/11483101714,Gemeindeamt Bad Traunstein,9.0
AT-G-32529,Waldhausen,gemeinde,Niederösterreich,"Waldhausen 4, 3914 Waldhausen",+43 2877 7155,,node/11483101709,Gemeindeamt Waldhausen,8.2
AT-G-32530,Zwettl-Niederösterreich,gemeinde,Niederösterreich,,,,,,
AT-G-40101,Linz,gemeinde,Oberösterreich,"Hauptstraße 1-5, 4040 Linz",,,relation/366654,Neues Rathaus,6.3
AT-G-40201,Steyr,gemeinde,Oberösterreich,"Stadtplatz 27, 4400 Steyr",,,relation/1343699,Rathaus,6.3
AT-G-40301,Wels,gemeinde,Oberösterreich,"Gemeindeplatz 7, 4632 Pichl bei Wels",+43 7247 8555-0,gemeinde@pichl.ooe.gv.at,way/199151894,Gemeindeamt Pichl bei Wels,5.1
AT-G-40401,Altheim,gemeinde,Oberösterreich,,,,,,
AT-G-40402,Aspach,gemeinde,Oberösterreich,"Marktplatz 9, 5252 Aspach",+43 7755 7355,info@aspach.at,way/300017310,Aspach,8.8
AT-G-40403,Auerbach,gemeinde,Oberösterreich,,,,,,
AT-G-40404,Braunau am Inn,gemeinde,Oberösterreich,"Stadtplatz 38, 5280 Braunau am Inn",+43 7722 808,rathaus@braunau.ooe.gv.at,node/1627957617,Braunau am Inn,8.9
AT-G-40405,Burgkirchen,gemeinde,Oberösterreich,"Kirchenplatz 1, 5274 Burgkirchen",+43 7724 2212,gemeinde@burgkirchen.ooe.gv.at,way/300239137,Burgkirchen,8.9
AT-G-40406,Eggelsberg,gemeinde,Oberösterreich,,,,,,
AT-G-40407,Feldkirchen bei Mattighofen,gemeinde,Oberösterreich,,,,,,
AT-G-40408,Franking,gemeinde,Oberösterreich,,,,,,
AT-G-40409,Geretsberg,gemeinde,Oberösterreich,"Geretsberg 21, 5132 Geretsberg",+43 7748 7155,gemeinde@geretsberg.ooe.gv.at,way/177699626,Geretsberg,8.3
AT-G-40410,Gilgenberg am Weilhart,gemeinde,Oberösterreich,,,,,,
AT-G-40411,Haigermoos,gemeinde,Oberösterreich,"Dorfplatz 1, 5124 Haigermoos",+43 6277 8103,gemeinde@haigermoos.ooe.gv.at,node/2184409548,Gemeindeamt Haigermoos,8.9
AT-G-40412,Handenberg,gemeinde,Oberösterreich,"Handenberg 11, 5144 Handenberg",+43 7748 8085-0,gemeinde@handenberg.ooe.gv.at,node/3048529275,Handenberg,8.3
AT-G-40413,Helpfau-Uttendorf,gemeinde,Oberösterreich,,,,,,
AT-G-40414,Hochburg-Ach,gemeinde,Oberösterreich,"Athalerstraße 3, 5122 Hochburg-Ach",+43 7727 2255,gemeinde@hochburg-ach.ooe.gv.at,way/97937259,Hochburg-Ach,8.8
AT-G-40415,Höhnhart,gemeinde,Oberösterreich,,,,,,
AT-G-40416,Jeging,gemeinde,Oberösterreich,"Jeging 1, 5225 Jeging",+43 7744 6209,gemeinde@jeging.ooe.gv.at,way/300804025,Jeging,8.4
AT-G-40417,Kirchberg bei Mattighofen,gemeinde,Oberösterreich,,,,,,
AT-G-40418,Lengau,gemeinde,Oberösterreich,,,,,,
AT-G-40419,Lochen am See,gemeinde,Oberösterreich,,,,,,
AT-G-40420,Maria Schmolln,gemeinde,Oberösterreich,"Maria Schmolln 64, 5241 Maria Schmolln",+43 7743 2255,gemeinde@maria-schmolln.ooe.gv.at,way/137680726,Maria Schmolln,8.4
AT-G-40421,Mattighofen,gemeinde,Oberösterreich,,,,,,
AT-G-40422,Mauerkirchen,gemeinde,Oberösterreich,,,,,,
AT-G-40423,Mining,gemeinde,Oberösterreich,,,,,,
AT-G-40424,Moosbach,gemeinde,Oberösterreich,,,,,,
AT-G-40425,Moosdorf,gemeinde,Oberösterreich,,,,,,
AT-G-40426,Munderfing,gemeinde,Oberösterreich,,,,,,
AT-G-40427,Neukirchen an der Enknach,gemeinde,Oberösterreich,"Dorfplatz 1, 5145 Neukirchen an der Enknach",+43 7729 2255-0,gemeinde@neukirchen.ooe.gv.at,way/84151849,Neukirchen an der Enknach,8.7
AT-G-40428,Ostermiething,gemeinde,Oberösterreich,"Bergstraße 30, 5121 Ostermiething",+43 6278 6255,gemeinde@ostermiething.ooe.gv.at,way/233510935,Ostermiething,8.7
AT-G-40429,Palting,gemeinde,Oberösterreich,,,,,,
AT-G-40430,Perwang am Grabensee,gemeinde,Oberösterreich,,,,,,
AT-G-40431,Pfaffstätt,gemeinde,Oberösterreich,,,,,,
AT-G-40432,Pischelsdorf am Engelbach,gemeinde,Oberösterreich,,,,,,
AT-G-40433,Polling im Innkreis,gemeinde,Oberösterreich,,,,,,
AT-G-40434,Roßbach,gemeinde,Oberösterreich,,,,,,
AT-G-40435,St. Georgen am Fillmannsbach,gemeinde,Oberösterreich,,,,,,
AT-G-40436,St. Johann am Walde,gemeinde,Oberösterreich,,,,,,
AT-G-40437,St. Pantaleon,gemeinde,Oberösterreich,"Pantaleoner Straße 25, 5120 St. Pantaleon",+43 6277 7990,gemeinde@st-pantaleon.ooe.gv.at,way/180222920,St. Pantaleon,8.9
AT-G-40438,St. Peter am Hart,gemeinde,Oberösterreich,,,,,,
AT-G-40439,St. Radegund,gemeinde,Oberösterreich,,,,,,
AT-G-40440,St. Veit im Innkreis,gemeinde,Oberösterreich,,,,,,
AT-G-40441,Schalchen,gemeinde,Oberösterreich,,,,,,
AT-G-40442,Schwand im Innkreis,gemeinde,Oberösterreich,,,,,,
AT-G-40443,Tarsdorf,gemeinde,Oberösterreich,,,,,,
AT-G-40444,Treubach,gemeinde,Oberösterreich,,,,,,
AT-G-40445,Überackern,gemeinde,Oberösterreich,,,,,,
AT-G-40446,Weng im Innkreis,gemeinde,Oberösterreich,"Hauptstraße 30, 4952 Weng im Innkreis",+43 7723 5055,gemeinde@weng-innkreis.ooe.gv.at,way/286031570,Weng im Innkreis,8.8
AT-G-40501,Alkoven,gemeinde,Oberösterreich,"Alte Hauptstraße 40, 4072 Alkoven",+43 7274 8000,gemeinde@alkoven.ooe.gv.at,way/530733112,Gemeindeamt,6.9
AT-G-40502,Aschach an der Donau,gemeinde,Oberösterreich,,,,,,
AT-G-40503,Eferding,gemeinde,Oberösterreich,,,,,,
AT-G-40504,Fraham,gemeinde,Oberösterreich,,,,,,
AT-G-40505,Haibach ob der Donau,gemeinde,Oberösterreich,,,,,,
AT-G-40506,Hartkirchen,gemeinde,Oberösterreich,"Kirchenplatz 1, 4081 Hartkirchen",,,way/163603012,,6.2
AT-G-40507,Hinzenbach,gemeinde,Oberösterreich,"Chr.-Zeller-Weg 1, 4070 Hinzenbach",+43 7272 2460,gemeindeamt@hinzenbach.ooe.gv.at,way/129087431,Hinzenbach,8.8
AT-G-40508,Prambachkirchen,gemeinde,Oberösterreich,"Prof.-Anton-Lutz-Weg 1, 4731 Prambachkirchen",+43 7277 2302-0,gemeinde@prambachkirchen.ooe.gv.at,way/178995493,Prambachkirchen,8.9
AT-G-40509,Pupping,gemeinde,Oberösterreich,"Pupping 13, 4070 Pupping",+43 7272 2331,gemeinde@pupping.ooe.gv.at,way/184211693,Pupping,8.3
AT-G-40510,St. Marienkirchen an der Polsenz,gemeinde,Oberösterreich,,,,,,
AT-G-40511,Scharten,gemeinde,Oberösterreich,,,,,,
AT-G-40512,Stroheim,gemeinde,Oberösterreich,,,,,,
AT-G-40601,Freistadt,gemeinde,Oberösterreich,"Marktplatz 1, 4264 Grünbach bei Freistadt",+43 7942 72813-0,gemeinde@gruenbach.ooe.gv.at,way/89203684,Grünbach bei Freistadt,5.5
AT-G-40602,Grünbach,gemeinde,Oberösterreich,"Marktplatz 1, 4264 Grünbach bei Freistadt",+43 7942 72813-0,gemeinde@gruenbach.ooe.gv.at,way/89203684,Grünbach bei Freistadt,8.6
AT-G-40603,Gutau,gemeinde,Oberösterreich,,,,,,
AT-G-40604,Hagenberg im Mühlkreis,gemeinde,Oberösterreich,"Kirchengasse 5, 4232 Hagenberg im Mühlkreis",+43 7236 2318-0,gemeinde@hagenberg.ooe.gv.at,node/413487737,Hagenberg im Mühlkreis,8.8
AT-G-40605,Hirschbach im Mühlkreis,gemeinde,Oberösterreich,,,,,,
AT-G-40606,Kaltenberg,gemeinde,Oberösterreich,,,,,,
AT-G-40607,Kefermarkt,gemeinde,Oberösterreich,,,,,,
AT-G-40608,Königswiesen,gemeinde,Oberösterreich,,,,,,
AT-G-40609,Lasberg,gemeinde,Oberösterreich,"Markt 26, 4291 Lasberg",,,way/1021067442,Lasberg,7.9
AT-G-40610,Leopoldschlag,gemeinde,Oberösterreich,,,,,,
AT-G-40611,Liebenau,gemeinde,Oberösterreich,"Liebenau 41, 4252 Liebenau",+43 7953 8111-0,marktgemeinde@liebenau.at,node/2285609692,Liebenau,8.3
AT-G-40612,Neumarkt im Mühlkreis,gemeinde,Oberösterreich,,,,,,
AT-G-40613,Pierbach,gemeinde,Oberösterreich,,,,,,
AT-G-40614,Pregarten,gemeinde,Oberösterreich,,,,,,
AT-G-40615,Rainbach im Mühlkreis,gemeinde,Oberösterreich,"Prager Straße 5, 4261 Rainbach im Mühlkreis",+43 7949 6255-0,gemeinde@rainbach-muehlkreis.ooe.gv.at,way/204425862,Rainbach im Mühlkreis,8.8
AT-G-40616,Sandl,gemeinde,Oberösterreich,,,,,,
AT-G-40617,St. Leonhard bei Freistadt,gemeinde,Oberösterreich,,,,,,
AT-G-40618,St. Oswald bei Freistadt,gemeinde,Oberösterreich,"Markt 80, 4271 St. Oswald bei Freistadt",+43 7945 7255,gemeinde@st-oswald-freistadt.ooe.gv.at,way/150540605,St. Oswald bei Freistadt,8.8
AT-G-40619,Schönau im Mühlkreis,gemeinde,Oberösterreich,,,,,,
AT-G-40620,Tragwein,gemeinde,Oberösterreich,,,,,,
AT-G-40621,Unterweißenbach,gemeinde,Oberösterreich,,,,,,
AT-G-40622,Unterweitersdorf,gemeinde,Oberösterreich,"Gusentalstraße 1, 4213 Unterweitersdorf",+43 7235 63014-0,gemeinde@unterweitersdorf.ooe.gv.at,node/3033925629,Unterweitersdorf,8.9
AT-G-40623,Waldburg,gemeinde,Oberösterreich,"Waldburg 8, 4240 Waldburg",+43 7942 8300,gemeinde@waldburg.ooe.gv.at,way/196584330,Waldburg,8.4
AT-G-40624,Wartberg ob der Aist,gemeinde,Oberösterreich,,,,,,
AT-G-40625,Weitersfelden,gemeinde,Oberösterreich,,,,,,
AT-G-40626,Windhaag bei Freistadt,gemeinde,Oberösterreich,"Markt 1, 4263 Windhaag bei Freistadt",+43 7943 6111,gemeinde@windhaag-freistadt.ooe.gv.at,way/120596634,Windhaag bei Freistadt,8.9
AT-G-40627,Bad Zell,gemeinde,Oberösterreich,"Marktplatz 8, 4283 Bad Zell",+43 7263 7255,gemeinde@bad-zell.ooe.gv.at,node/3031867041,Bad Zell,8.8
AT-G-40701,Altmünster,gemeinde,Oberösterreich,,,,,,
AT-G-40702,Bad Goisern am Hallstättersee,gemeinde,Oberösterreich,,,,,,
AT-G-40703,Bad Ischl,gemeinde,Oberösterreich,"Pfarrgasse 11, 4820 Bad Ischl",+43 6132 3010,info@stadtamt-badischl.at,node/3043007235,Stadtamt Bad Ischl,8.6
AT-G-40704,Ebensee am Traunsee,gemeinde,Oberösterreich,"Hauptstraße 34, 4802 Ebensee",+43 6133 7051,gemeinde@ebensee.ooe.gv.at,way/54450829,Ebensee am Traunsee,8.8
AT-G-40705,Gmunden,gemeinde,Oberösterreich,"Rathausplatz 1, 4810 Gmunden",+43 7612 794-0,stadtamt@gmunden.ooe.gv.at,way/144720182,Gmunden,8.7
AT-G-40706,Gosau,gemeinde,Oberösterreich,"Vordertalstraße 30, 4824 Gosau",+43 6136 8821,gemeinde@gosau.ooe.gv.at,way/31823166,Gosau,8.6
AT-G-40707,Grünau im Almtal,gemeinde,Oberösterreich,,,,,,
AT-G-40708,Gschwandt,gemeinde,Oberösterreich,"Hauptstraße 2, 4816 Gschwandt",+43 7612 62615-0,gemeinde@gschwandt.ooe.gv.at,way/268302827,Gschwandt,8.8
AT-G-40709,Hallstatt,gemeinde,Oberösterreich,,,,,,
AT-G-40710,Kirchham,gemeinde,Oberösterreich,"Kirchham 32, 4656 Kirchham",+43 7619 2015,gemeinde@Kirchham.ooe.gv.at,way/300748676,Kirchham,8.4
AT-G-40711,Laakirchen,gemeinde,Oberösterreich,,,,,,
AT-G-40712,Obertraun,gemeinde,Oberösterreich,,,,,,
AT-G-40713,Ohlsdorf,gemeinde,Oberösterreich,,,,,,
AT-G-40714,Pinsdorf,gemeinde,Oberösterreich,"Moosweg 3, 4812 Pinsdorf",+43 7612 63955,gemeinde@pinsdorf.ooe.gv.at,way/213199165,Rathaus Pinsdorf,8.7
AT-G-40715,Roitham am Traunfall,gemeinde,Oberösterreich,,,,,,
AT-G-40716,St. Konrad,gemeinde,Oberösterreich,"Ort 10, 4817 St. Konrad",+43 7615 8029,gemeinde@st-konrad.ooe.gv.at,way/131506332,St. Konrad,8.9
AT-G-40717,St. Wolfgang im Salzkammergut,gemeinde,Oberösterreich,,,,,,
AT-G-40718,Traunkirchen,gemeinde,Oberösterreich,,,,,,
AT-G-40719,Scharnstein,gemeinde,Oberösterreich,"Hauptstraße 13, 4644 Scharnstein",+43 7615 2255,gemeinde@scharnstein.ooe.gv.at,way/28837285,Scharnstein,8.8
AT-G-40720,Vorchdorf,gemeinde,Oberösterreich,,,,,,
AT-G-40801,Aistersheim,gemeinde,Oberösterreich,"Hauptstraße 8, 4676 Aistersheim",+43 7734 2855,gemeinde@aistersheim.ooe.gv.at,node/3031486306,Aistersheim,9.0
AT-G-40802,Bad Schallerbach,gemeinde,Oberösterreich,"Rathausplatz 1, 4701 Bad Schallerbach",+43 7249 48555,gemeinde@bad-schallerbach.at,way/107851524,Rathaus,6.9
AT-G-40804,Eschenau im Hausruckkreis,gemeinde,Oberösterreich,,,,,,
AT-G-40805,Gallspach,gemeinde,Oberösterreich,"Hauptplatz 8-9, 4713 Gallspach",+43 7248 62 3 55-0,gemeinde@gallspach.ooe.gv.at,way/300492303,Gallspach,8.9
AT-G-40806,Gaspoltshofen,gemeinde,Oberösterreich,"Hauptstraße 53, 4673 Gaspoltshofen",+43 7735 6954,gemeinde@gaspoltshofen.ooe.gv.at,way/133142358,Gaspoltshofen,8.9
AT-G-40807,Geboltskirchen,gemeinde,Oberösterreich,,,,,,
AT-G-40808,Grieskirchen,gemeinde,Oberösterreich,"St.Georgen bei Grieskirchen 34, 4710 St. Georgen bei Grieskirchen",+43 7248 62463,gemeinde@st-georgen-grieskirchen.ooe.gv.at,way/300492306,St. Georgen bei Grieskirchen,8.2
AT-G-40809,Haag am Hausruck,gemeinde,Oberösterreich,"Marktplatz 23, 4680 Haag am Hausruck",+43 7732 2255,marktgemeinde@haag-hausruck.ooe.gv.at,node/2567900041,Haag am Hausruck,9.0
AT-G-40810,Heiligenberg,gemeinde,Oberösterreich,,,,,,
AT-G-40811,Hofkirchen an der Trattnach,gemeinde,Oberösterreich,"Hauptstraße 30, 4716 Hofkirchen an der Trattnach",+43 7734 2255,gemeinde@hofkirchen-trattnach.at,way/255065167,Hofkirchen an der Trattnach,8.9
AT-G-40812,Kallham,gemeinde,Oberösterreich,"Hauptstraße 1, 4720 Kallham",+43 7733 7255,,way/180380439,Kallham,8.9
AT-G-40813,Kematen am Innbach,gemeinde,Oberösterreich,"Innbachtalstraße 45, 4633 Kematen am Innbach",+43 7247 6655,gemeinde@kematen-innbach.ooe.gv.at,way/190556414,Gemeindeamt Kematen am Innbach,8.8
AT-G-40814,Meggenhofen,gemeinde,Oberösterreich,"Am Dorfplatz 1, 4714 Meggenhofen",+43 7247 7110,gemeinde@meggenhofen.ooe.gv.at,way/190570302,Meggenhofen,8.9
AT-G-40815,Michaelnbach,gemeinde,Oberösterreich,"Grieskirchner Straße 4, 4712 Michaelnbach",+43 7277 2555,gemeinde@michaelnbach.ooe.gv.at,way/55686227,Michaelnbach,8.9
AT-G-40816,Natternbach,gemeinde,Oberösterreich,,,,,,
AT-G-40817,Neukirchen am Walde,gemeinde,Oberösterreich,,,,,,
AT-G-40818,Neumarkt im Hausruckkreis,gemeinde,Oberösterreich,,,,,,
AT-G-40820,Pötting,gemeinde,Oberösterreich,,,,,,
AT-G-40821,Pollham,gemeinde,Oberösterreich,,,,,,
AT-G-40822,Pram,gemeinde,Oberösterreich,"Dorf 11, 4751 Dorf an der Pram",+43 7764 8455,gemeinde@dorf.ooe.gv.at,way/118644994,Dorf an der Pram,5.4
AT-G-40823,Rottenbach,gemeinde,Oberösterreich,,,,,,
AT-G-40824,St. Agatha,gemeinde,Oberösterreich,,,,,,
AT-G-40825,St. Georgen bei Grieskirchen,gemeinde,Oberösterreich,"St.Georgen bei Grieskirchen 34, 4710 St. Georgen bei Grieskirchen",+43 7248 62463,gemeinde@st-georgen-grieskirchen.ooe.gv.at,way/300492306,St. Georgen bei Grieskirchen,8.3
AT-G-40826,St. Thomas,gemeinde,Oberösterreich,,,,,,
AT-G-40827,Schlüßlberg,gemeinde,Oberösterreich,,,,,,
AT-G-40828,Steegen,gemeinde,Oberösterreich,,,,,,
AT-G-40829,Taufkirchen an der Trattnach,gemeinde,Oberösterreich,,,,,,
AT-G-40830,Tollet,gemeinde,Oberösterreich,,,,,,
AT-G-40831,Waizenkirchen,gemeinde,Oberösterreich,"Marktplatz 3, 4730 Waizenkirchen",+43 7277 22550,gemeinde@waizenkirchen.ooe.gv.at,node/3055235670,Waizenkirchen,8.9
AT-G-40832,Wallern an der Trattnach,gemeinde,Oberösterreich,"Marktplatz 1, 4702 Wallern an der Trattnach",+43 7249 48126-0,gemeinde@wallern.ooe.gv.at,way/218510306,Wallern an der Trattnach,8.9
AT-G-40833,Weibern,gemeinde,Oberösterreich,,,,,,
AT-G-40834,Wendling,gemeinde,Oberösterreich,,,,,,
AT-G-40835,Peuerbach,gemeinde,Oberösterreich,,,,,,
AT-G-40901,Edlbach,gemeinde,Oberösterreich,,,,,,
AT-G-40902,Grünburg,gemeinde,Oberösterreich,,,,,,
AT-G-40903,Hinterstoder,gemeinde,Oberösterreich,,,,,,
AT-G-40904,Inzersdorf im Kremstal,gemeinde,Oberösterreich,"Dorfplatz 2, 4565 Inzersdorf im Kremstal",+43 7582 81518,gemeinde@inzersdorf.ooe.gv.at,way/86261162,Inzersdorf im Kremstal,9.0
AT-G-40905,Kirchdorf an der Krems,gemeinde,Oberösterreich,,,,,,
AT-G-40906,Klaus an der Pyhrnbahn,gemeinde,Oberösterreich,,,,,,
AT-G-40907,Kremsmünster,gemeinde,Oberösterreich,,,,,,
AT-G-40908,Micheldorf in Oberösterreich,gemeinde,Oberösterreich,,,,,,
AT-G-40909,Molln,gemeinde,Oberösterreich,,,,,,
AT-G-40910,Nußbach,gemeinde,Oberösterreich,"Kirchenplatz 2, 4542 Nußbach",+43 7587 8255,gemeinde@nussbach.ooe.gv.at,node/310886935,Nußbach,8.9
AT-G-40911,Oberschlierbach,gemeinde,Oberösterreich,"Oberschlierbach 1, 4554 Oberschlierbach",+43 7582 62019,,way/223071526,Oberschlierbach,8.4
AT-G-40912,Pettenbach,gemeinde,Oberösterreich,,,,,,
AT-G-40913,Ried im Traunkreis,gemeinde,Oberösterreich,,,,,,
AT-G-40914,Rosenau am Hengstpaß,gemeinde,Oberösterreich,"Hauptstraße 16, 4581 Rosenau am Hengstpaß",+43 7566 255,gemeinde@rosenau.ooe.gv.at,node/3067884914,Rosenau am Hengstpaß,8.8
AT-G-40915,Roßleithen,gemeinde,Oberösterreich,"Pichl 1, 4575 Roßleithen",+43 7562 5230,gemeinde@rossleithen.ooe.gv.at,way/129474058,,6.3
AT-G-40916,St. Pankraz,gemeinde,Oberösterreich,,,,,,
AT-G-40917,Schlierbach,gemeinde,Oberösterreich,,,,,,
AT-G-40918,Spital am Pyhrn,gemeinde,Oberösterreich,"Stiftsplatz 7, Spital am Pyhrn",+43 7563 255,gemeinde@spital-pyhrn.ooe.gv.at,node/3045175141,Spital am Pyhrn,5.9
AT-G-40919,Steinbach am Ziehberg,gemeinde,Oberösterreich,,,,,,
AT-G-40920,Steinbach an der Steyr,gemeinde,Oberösterreich,,,,,,
AT-G-40921,Vorderstoder,gemeinde,Oberösterreich,"Dorf 182, 4574 Vorderstoder",+43 7564 8255,gemeinde@vorderstoder.ooe.gv.at,way/134951059,Vorderstoder,8.1
AT-G-40922,Wartberg an der Krems,gemeinde,Oberösterreich,,,,,,
AT-G-40923,Windischgarsten,gemeinde,Oberösterreich,"Hauptstraße 5, 4580 Windischgarsten",+43 7562 5255-0,gemeinde@windischgarsten.ooe.gv.at,way/300424282,Rathaus Windischgarsten,8.9
AT-G-41001,Allhaming,gemeinde,Oberösterreich,"Allhaming 46, 4511 Allhaming",+43 7227 71 55,gemeinde@allhaming.ooe.gv.at,way/258111290,Allhaming,8.4
AT-G-41002,Ansfelden,gemeinde,Oberösterreich,"Hauptplatz 41, 4053 Ansfelden",+43 7229 840-0,stadtamt@ansfelden.at,node/3040731974,Ansfelden,8.8
AT-G-41003,Asten,gemeinde,Oberösterreich,,,,,,
AT-G-41004,Eggendorf im Traunkreis,gemeinde,Oberösterreich,"Obere Dorfstraße 4, 4622 Eggendorf im Traunkreis",+43 7228 7265,gemeinde@eggendorf.ooe.gv.at,way/154929211,Eggendorf im Traunkreis,8.9
AT-G-41005,Enns,gemeinde,Oberösterreich,,,,,,
AT-G-41006,Hargelsberg,gemeinde,Oberösterreich,,,,,,
AT-G-41007,Hörsching,gemeinde,Oberösterreich,"Brucknerplatz 7, 4063 Hörsching",+43 7221 72155,gemeindeamt@hoersching.at,way/135170940,Rathaus Hörsching,8.8
AT-G-41008,Hofkirchen im Traunkreis,gemeinde,Oberösterreich,,,,,,
AT-G-41009,Kematen an der Krems,gemeinde,Oberösterreich,,,,,,
AT-G-41010,Kirchberg-Thening,gemeinde,Oberösterreich,,,,,,
AT-G-41011,Kronstorf,gemeinde,Oberösterreich,,,,,,
AT-G-41012,Leonding,gemeinde,Oberösterreich,"Stadtplatz 1, 4060 Leonding",+43 732 68780,rathaus@leonding.at,node/920072490,Leonding,8.8
AT-G-41013,St. Florian,gemeinde,Oberösterreich,,+43 7224 4255,gemeinde@st-florian.ooe.gv.at,node/1670058300,St. Florian,8.3
AT-G-41014,Neuhofen an der Krems,gemeinde,Oberösterreich,"Kirchenplatz 3, 4501 Neuhofen an der Krems",+43 7227 4255,gemeinde@neuhofen-krems.at,node/9653425234,Neuhofen an der Krems,8.9
AT-G-41015,Niederneukirchen,gemeinde,Oberösterreich,,,,,,
AT-G-41016,Oftering,gemeinde,Oberösterreich,"Ofteringer Straße 1, 4064 Oftering",+43 7221 63541,gemeinde@oftering.ooe.gv.at,way/148752585,Oftering,8.9
AT-G-41017,Pasching,gemeinde,Oberösterreich,"Leondinger Straße 10, 4061 Pasching",+43 7221 88 5 15,office@pasching.at,way/42722780,Pasching,9.0
AT-G-41018,Piberbach,gemeinde,Oberösterreich,,,,,,
AT-G-41019,Pucking,gemeinde,Oberösterreich,,,,,,
AT-G-41020,St. Marien,gemeinde,Oberösterreich,"St. Marien 1, 4502 St. Marien",+43 7227 8155,gemeinde@st-marien.at,way/122001949,St. Marien,8.4
AT-G-41021,Traun,gemeinde,Oberösterreich,,,,,,
AT-G-41022,Wilhering,gemeinde,Oberösterreich,"Linzer Straße 10, 4073 Wilhering",,,way/549142224,,6.2
AT-G-41101,Allerheiligen im Mühlkreis,gemeinde,Oberösterreich,,,,,,
AT-G-41102,Arbing,gemeinde,Oberösterreich,,,,,,
AT-G-41103,Baumgartenberg,gemeinde,Oberösterreich,,,,,,
AT-G-41104,Dimbach,gemeinde,Oberösterreich,,,,,,
AT-G-41105,Grein,gemeinde,Oberösterreich,,,,,,
AT-G-41106,Katsdorf,gemeinde,Oberösterreich,,,,,,
AT-G-41107,Klam,gemeinde,Oberösterreich,,,,,,
AT-G-41108,Bad Kreuzen,gemeinde,Oberösterreich,,,,,,
AT-G-41109,Langenstein,gemeinde,Oberösterreich,"Hauptstraße 98, 4222 Langenstein",+43 7237 2370,gemeinde@langenstein.ooe.gv.at,node/3053504381,Langenstein,8.8
AT-G-41110,Luftenberg an der Donau,gemeinde,Oberösterreich,"Europaweg 1, 4225 Luftenberg an der Donau",+43 7237 2231,gemeindeamt@luftenberg.ooe.gv.at,way/188957940,Luftenberg an der Donau,8.9
AT-G-41111,Mauthausen,gemeinde,Oberösterreich,"Marktplatz 7, 4310 Mauthausen",+43 7238 2255-0,gemeinde@mauthausen.ooe.gv.at,way/301895334,Mauthausen,8.9
AT-G-41112,Mitterkirchen im Machland,gemeinde,Oberösterreich,,,,,,
AT-G-41113,Münzbach,gemeinde,Oberösterreich,,,,,,
AT-G-41114,Naarn im Machlande,gemeinde,Oberösterreich,,,,,,
AT-G-41115,Pabneukirchen,gemeinde,Oberösterreich,,,,,,
AT-G-41116,Perg,gemeinde,Oberösterreich,,,,,,
AT-G-41117,Rechberg,gemeinde,Oberösterreich,,,,,,
AT-G-41118,Ried in der Riedmark,gemeinde,Oberösterreich,"Marktplatz 2, 4312 Ried in der Riedmark",+43 7238 2055,gemeinde@ried-riedmark.ooe.gv.at,node/3060617042,Gemeindeamt Ried in der Riedmark,8.7
AT-G-41119,St. Georgen am Walde,gemeinde,Oberösterreich,,,,,,
AT-G-41120,St. Georgen an der Gusen,gemeinde,Oberösterreich,"Marktplatz 12, 4222 St. Georgen an der Gusen",+43 7237 2255,gemeinde@st-georgen-gusen.ooe.gv.at,way/247765032,St. Georgen an der Gusen,9.0
AT-G-41121,St. Nikola an der Donau,gemeinde,Oberösterreich,,,,,,
AT-G-41122,St. Thomas am Blasenstein,gemeinde,Oberösterreich,,,,,,
AT-G-41123,Saxen,gemeinde,Oberösterreich,,,,,,
AT-G-41124,Schwertberg,gemeinde,Oberösterreich,,,,,,
AT-G-41125,Waldhausen im Strudengau,gemeinde,Oberösterreich,,,,,,
AT-G-41126,Windhaag bei Perg,gemeinde,Oberösterreich,,,,,,
AT-G-41201,Andrichsfurt,gemeinde,Oberösterreich,,,,,,
AT-G-41202,Antiesenhofen,gemeinde,Oberösterreich,,,,,,
AT-G-41203,Aurolzmünster,gemeinde,Oberösterreich,,,,,,
AT-G-41204,Eberschwang,gemeinde,Oberösterreich,,,,,,
AT-G-41205,Eitzing,gemeinde,Oberösterreich,,,,,,
AT-G-41206,Geiersberg,gemeinde,Oberösterreich,,,,,,
AT-G-41207,Geinberg,gemeinde,Oberösterreich,,,,,,
AT-G-41208,Gurten,gemeinde,Oberösterreich,"Hofmark 21, 4942 Gurten",+43 7757 6055,gemeinde@gurten.ooe.gv.at,way/300748675,Gurten,8.9
AT-G-41209,Hohenzell,gemeinde,Oberösterreich,,,,,,
AT-G-41210,Kirchdorf am Inn,gemeinde,Oberösterreich,,,,,,
AT-G-41211,Kirchheim im Innkreis,gemeinde,Oberösterreich,"Dorfstraße 12, 4932 Kirchheim im Innkreis",+43 7755 6415,gemeinde@kirchheim.ooe.gv.at,way/301259634,Kirchheim im Innkreis,8.9
AT-G-41212,Lambrechten,gemeinde,Oberösterreich,"Lambrechten 70, 4772 Lambrechten",+43 7765 215,gemeinde@lambrechten.ooe.gv.at,way/111734363,Lambrechten,8.5
AT-G-41213,Lohnsburg am Kobernaußerwald,gemeinde,Oberösterreich,,,,,,
AT-G-41214,Mehrnbach,gemeinde,Oberösterreich,,,,,,
AT-G-41215,Mettmach,gemeinde,Oberösterreich,"Marktplatz 1, 4931 Mettmach",,gemeinde@mettmach.ooe.gv.at,way/228703856,Mettmach,8.3
AT-G-41216,Mörschwang,gemeinde,Oberösterreich,,,,,,
AT-G-41217,Mühlheim am Inn,gemeinde,Oberösterreich,"Kirchenstraße 2, 4961 Mühlheim am Inn",+43 7723 42 9 55,gemeinde@muehlheim-inn.ooe.gv.at,node/3033956524,Mühlheim am Inn,8.9
AT-G-41218,Neuhofen im Innkreis,gemeinde,Oberösterreich,,,,,,
AT-G-41219,Obernberg am Inn,gemeinde,Oberösterreich,,,,,,
AT-G-41220,Ort im Innkreis,gemeinde,Oberösterreich,,,,,,
AT-G-41221,Pattigham,gemeinde,Oberösterreich,,,,,,
AT-G-41222,Peterskirchen,gemeinde,Oberösterreich,,,,,,
AT-G-41223,Pramet,gemeinde,Oberösterreich,,,,,,
AT-G-41224,Reichersberg,gemeinde,Oberösterreich,,,,,,
AT-G-41225,Ried im Innkreis,gemeinde,Oberösterreich,,,,,,
AT-G-41226,St. Georgen bei Obernberg am Inn,gemeinde,Oberösterreich,,,,,,
AT-G-41227,St. Marienkirchen am Hausruck,gemeinde,Oberösterreich,,,,,,
AT-G-41228,St. Martin im Innkreis,gemeinde,Oberösterreich,,,,,,
AT-G-41229,Schildorn,gemeinde,Oberösterreich,,,,,,
AT-G-41230,Senftenbach,gemeinde,Oberösterreich,,,,,,
AT-G-41231,Taiskirchen im Innkreis,gemeinde,Oberösterreich,,,,,,
AT-G-41232,Tumeltsham,gemeinde,Oberösterreich,,,,,,
AT-G-41233,Utzenaich,gemeinde,Oberösterreich,,,,,,
AT-G-41234,Waldzell,gemeinde,Oberösterreich,"Hofmark 1, 4924 Waldzell",+43 7754 2255,gemeinde@waldzell.ooe.gv.at,way/92074068,Waldzell,8.5
AT-G-41235,Weilbach,gemeinde,Oberösterreich,,,,,,
AT-G-41236,Wippenham,gemeinde,Oberösterreich,,,,,,
AT-G-41304,Altenfelden,gemeinde,Oberösterreich,,,,,,
AT-G-41305,Arnreit,gemeinde,Oberösterreich,,,,,,
AT-G-41306,Atzesberg,gemeinde,Oberösterreich,,,,,,
AT-G-41307,Auberg,gemeinde,Oberösterreich,,,,,,
AT-G-41309,Haslach an der Mühl,gemeinde,Oberösterreich,,,,,,
AT-G-41311,Hörbich,gemeinde,Oberösterreich,,,,,,
AT-G-41312,Hofkirchen im Mühlkreis,gemeinde,Oberösterreich,,,,,,
AT-G-41313,Julbach,gemeinde,Oberösterreich,,,,,,
AT-G-41314,Kirchberg ob der Donau,gemeinde,Oberösterreich,,,,,,
AT-G-41315,Klaffer am Hochficht,gemeinde,Oberösterreich,,,,,,
AT-G-41316,Kleinzell im Mühlkreis,gemeinde,Oberösterreich,,,,,,
AT-G-41317,Kollerschlag,gemeinde,Oberösterreich,,,,,,
AT-G-41318,Lembach im Mühlkreis,gemeinde,Oberösterreich,,,,,,
AT-G-41319,Lichtenau im Mühlkreis,gemeinde,Oberösterreich,,,,,,
AT-G-41320,Nebelberg,gemeinde,Oberösterreich,,,,,,
AT-G-41321,Neufelden,gemeinde,Oberösterreich,"Markt 22, 4120 Neufelden",+43 7282 6255,gemeinde@neufelden.ooe.gv.at,way/114310565,Rathaus Neufelden,8.8
AT-G-41322,Niederkappel,gemeinde,Oberösterreich,"Hauptstraße 12, 4133 Niederkappel",+43 7286 8555,gemeinde@niederkappel.at,way/301618989,Niederkappel,8.9
AT-G-41323,Niederwaldkirchen,gemeinde,Oberösterreich,,,,,,
AT-G-41324,Oberkappel,gemeinde,Oberösterreich,,,,,,
AT-G-41325,Oepping,gemeinde,Oberösterreich,"Kapellenstraße 2, 4151 Oepping",+43 7289 8235,gemeinde@oepping.ooe.gv.at,way/301643311,Oepping,9.0
AT-G-41326,Peilstein im Mühlviertel,gemeinde,Oberösterreich,,,,,,
AT-G-41327,Pfarrkirchen im Mühlkreis,gemeinde,Oberösterreich,,,,,,
AT-G-41328,Putzleinsdorf,gemeinde,Oberösterreich,,,,,,
AT-G-41329,Neustift im Mühlkreis,gemeinde,Oberösterreich,,,,,,
AT-G-41331,St. Johann am Wimberg,gemeinde,Oberösterreich,,,,,,
AT-G-41332,St. Martin im Mühlkreis,gemeinde,Oberösterreich,,,,,,
AT-G-41333,St. Oswald bei Haslach,gemeinde,Oberösterreich,,,,,,
AT-G-41334,St. Peter am Wimberg,gemeinde,Oberösterreich,,,,,,
AT-G-41336,St. Ulrich im Mühlkreis,gemeinde,Oberösterreich,,,,,,
AT-G-41337,St. Veit im Mühlkreis,gemeinde,Oberösterreich,,,,,,
AT-G-41338,Sarleinsbach,gemeinde,Oberösterreich,"Marktplatz 4, 4152 Sarleinsbach",+43 7283 8255,gemeindeamt@sarleinsbach.at,node/3042702679,Sarleinsbach,8.7
AT-G-41341,Schwarzenberg am Böhmerwald,gemeinde,Oberösterreich,,,,,,
AT-G-41342,Ulrichsberg,gemeinde,Oberösterreich,,,,,,
AT-G-41343,Aigen-Schlägl,gemeinde,Oberösterreich,,,,,,
AT-G-41344,Rohrbach-Berg,gemeinde,Oberösterreich,,,,,,
AT-G-41345,Helfenberg,gemeinde,Oberösterreich,,,,,,
AT-G-41346,St. Stefan-Afiesl,gemeinde,Oberösterreich,,,,,,
AT-G-41401,Altschwendt,gemeinde,Oberösterreich,,,,,,
AT-G-41402,Andorf,gemeinde,Oberösterreich,,,,,,
AT-G-41403,Brunnenthal,gemeinde,Oberösterreich,,,,,,
AT-G-41404,Diersbach,gemeinde,Oberösterreich,"Am Berg 5, 4776 Diersbach",+43 7719 7392,gemeinde@diersbach.ooe.gv.at,node/3044999128,Diersbach,8.9
AT-G-41405,Dorf an der Pram,gemeinde,Oberösterreich,"Dorf 11, 4751 Dorf an der Pram",+43 7764 8455,gemeinde@dorf.ooe.gv.at,way/118644994,Dorf an der Pram,8.9
AT-G-41406,Eggerding,gemeinde,Oberösterreich,,,,,,
AT-G-41407,Engelhartszell,gemeinde,Oberösterreich,,,,,,
AT-G-41408,Enzenkirchen,gemeinde,Oberösterreich,,,,,,
AT-G-41409,Esternberg,gemeinde,Oberösterreich,,,,,,
AT-G-41410,Freinberg,gemeinde,Oberösterreich,,,,,,
AT-G-41411,Kopfing im Innkreis,gemeinde,Oberösterreich,,,,,,
AT-G-41412,Mayrhof,gemeinde,Oberösterreich,,,,,,
AT-G-41413,Münzkirchen,gemeinde,Oberösterreich,,+43 7716 7255,info@muenzkirchen.at,node/512637104,Münzkirchen,5.4
AT-G-41414,Raab,gemeinde,Oberösterreich,,,,,,
AT-G-41415,Rainbach im Innkreis,gemeinde,Oberösterreich,,,,,,
AT-G-41416,Riedau,gemeinde,Oberösterreich,,,,,,
AT-G-41417,St. Aegidi,gemeinde,Oberösterreich,,,,,,
AT-G-41418,St. Florian am Inn,gemeinde,Oberösterreich,"Sankt Florian am Inn 11, 4782 St. Florian am Inn",+43 7712 3021,gemeinde@st-florian-inn.ooe.gv.at,node/3029070448,St. Florian am Inn,8.2
AT-G-41419,St. Marienkirchen bei Schärding,gemeinde,Oberösterreich,,,,,,
AT-G-41420,St. Roman,gemeinde,Oberösterreich,"Altendorf 5, 4793 St. Roman",+43 7716 7359,gemeinde@st-roman.ooe.gv.at,node/3029145917,St. Roman,8.3
AT-G-41421,St. Willibald,gemeinde,Oberösterreich,"Hauptstraße 20, 4762 St. Willibald",+43 7762 2815,gemeinde@sankt-willibald.at,way/274739057,St. Willibald,8.9
AT-G-41422,Schärding,gemeinde,Oberösterreich,,,,,,
AT-G-41423,Schardenberg,gemeinde,Oberösterreich,,,,,,
AT-G-41424,Sigharting,gemeinde,Oberösterreich,,,,,,
AT-G-41425,Suben,gemeinde,Oberösterreich,,,,,,
AT-G-41426,Taufkirchen an der Pram,gemeinde,Oberösterreich,,,,,,
AT-G-41427,Vichtenstein,gemeinde,Oberösterreich,,,,,,
AT-G-41428,Waldkirchen am Wesen,gemeinde,Oberösterreich,,,,,,
AT-G-41429,Wernstein am Inn,gemeinde,Oberösterreich,,,,,,
AT-G-41430,Zell an der Pram,gemeinde,Oberösterreich,,,,,,
AT-G-41501,Adlwang,gemeinde,Oberösterreich,"Kirchenplatz 5, 4541 Adlwang",+43 7258 7455,gemeinde@adlwang.ooe.gv.at,way/107085374,Adlwang,8.8
AT-G-41502,Aschach an der Steyr,gemeinde,Oberösterreich,,,,,,
AT-G-41503,Bad Hall,gemeinde,Oberösterreich,,,,,,
AT-G-41504,Dietach,gemeinde,Oberösterreich,,,,,,
AT-G-41505,Gaflenz,gemeinde,Oberösterreich,,,,,,
AT-G-41506,Garsten,gemeinde,Oberösterreich,,,,,,
AT-G-41507,Großraming,gemeinde,Oberösterreich,"Kirchenplatz 1, 4463 Großraming",+43 7254 7575,gemeinde@grossraming.ooe.gv.at,way/300608095,Großraming,8.7
AT-G-41508,Laussa,gemeinde,Oberösterreich,"Kirchenplatz 1, 4461 Laussa",+43 7255 7255,gemeinde@laussa.ooe.gv.at,way/239520484,Laussa,8.8
AT-G-41509,Losenstein,gemeinde,Oberösterreich,"Eisenstraße 45, 4460 Losenstein",+43 7255 6000-0,gemeinde@losenstein.ooe.gv.at,way/301427031,Losenstein,9.0
AT-G-41510,Maria Neustift,gemeinde,Oberösterreich,"Neustift 1, 4443 Maria Neustift",+43 7250 625,gemeinde@mar,way/422578552,Maria Neustift,8.5
AT-G-41511,Pfarrkirchen bei Bad Hall,gemeinde,Oberösterreich,,,,,,
AT-G-41512,Reichraming,gemeinde,Oberösterreich,,,,,,
AT-G-41513,Rohr im Kremstal,gemeinde,Oberösterreich,"Ortsplatz 1, 4532 Rohr im Kremstal",+43 7258 2207,gemeinde@rohr.ooe.gv.at,way/30474745,Rohr im Kremstal,8.9
AT-G-41514,St. Ulrich bei Steyr,gemeinde,Oberösterreich,,,,,,
AT-G-41515,Schiedlberg,gemeinde,Oberösterreich,"Gemeindeplatz 1, 4521 Schiedlberg",+43 7251 255,gemeinde@schiedlberg.ooe.gv.at,way/238578494,Schiedlberg,8.9
AT-G-41516,Sierning,gemeinde,Oberösterreich,,,,,,
AT-G-41517,Ternberg,gemeinde,Oberösterreich,,,,,,
AT-G-41518,Waldneukirchen,gemeinde,Oberösterreich,"Dorfplatz 1, 4595 Waldneukirchen",+43 7258 3812,gemeinde@waldneukirchen.ooe.gv.at,way/125913142,Waldneukirchen,8.8
AT-G-41521,Wolfern,gemeinde,Oberösterreich,,,,,,
AT-G-41522,Weyer,gemeinde,Oberösterreich,"Marktplatz 8, 3335 Weyer",+43 7355 6255,gemeinde@weyer.ooe.gv.at,node/3067884916,Marktgemeinde Weyer an der Enns,8.1
AT-G-41601,Alberndorf in der Riedmark,gemeinde,Oberösterreich,"Kalchgruberstraße 2, 4211 Alberndorf in der Riedmark",+43 7235 7155-0,gemeinde@alberndorf.ooe.gv.at,way/180301135,Alberndorf in der Riedmark,8.7
AT-G-41602,Altenberg bei Linz,gemeinde,Oberösterreich,"Marktplatz 1, 4203 Altenberg bei Linz",,,way/991355006,,6.4
AT-G-41603,Bad Leonfelden,gemeinde,Oberösterreich,"Hauptplatz 1, 4190 Bad Leonfelden",+43 7213 6565,gemeinde@bad-leonfelden.ooe.gv.at,way/125696198,Bad Leonfelden,9.0
AT-G-41604,Eidenberg,gemeinde,Oberösterreich,"Eidenbergstraße 1, 4201 Eidenberg",+43 7239 5055,gemeinde@eidenberg.ooe.gv.at,way/202491542,Eidenberg,8.7
AT-G-41605,Engerwitzdorf,gemeinde,Oberösterreich,,,,,,
AT-G-41606,Feldkirchen an der Donau,gemeinde,Oberösterreich,,,,,,
AT-G-41607,Gallneukirchen,gemeinde,Oberösterreich,,,,,,
AT-G-41608,Goldwörth,gemeinde,Oberösterreich,,,,,,
AT-G-41609,Gramastetten,gemeinde,Oberösterreich,,,,,,
AT-G-41610,Haibach im Mühlkreis,gemeinde,Oberösterreich,,,,,,
AT-G-41611,Hellmonsödt,gemeinde,Oberösterreich,,,,,,
AT-G-41612,Herzogsdorf,gemeinde,Oberösterreich,,,,,,
AT-G-41613,Kirchschlag bei Linz,gemeinde,Oberösterreich,,,,,,
AT-G-41614,Lichtenberg,gemeinde,Oberösterreich,,,,,,
AT-G-41615,Oberneukirchen,gemeinde,Oberösterreich,,,,,,
AT-G-41616,Ottenschlag im Mühlkreis,gemeinde,Oberösterreich,,,,,,
AT-G-41617,Ottensheim,gemeinde,Oberösterreich,,,,,,
AT-G-41618,Puchenau,gemeinde,Oberösterreich,,,,,,
AT-G-41619,Reichenau im Mühlkreis,gemeinde,Oberösterreich,,,,,,
AT-G-41620,Reichenthal,gemeinde,Oberösterreich,,,,,,
AT-G-41621,St. Gotthard im Mühlkreis,gemeinde,Oberösterreich,,,,,,
AT-G-41622,Schenkenfelden,gemeinde,Oberösterreich,,,,,,
AT-G-41623,Sonnberg im Mühlkreis,gemeinde,Oberösterreich,,,,,,
AT-G-41624,Steyregg,gemeinde,Oberösterreich,"Weissenwolffstraße 3, 4221 Steyregg",+43 732 64 01 55,office@steyregg.at,way/128621993,Stadt Gemeindamt Steyregg,8.9
AT-G-41626,Walding,gemeinde,Oberösterreich,,+43 7234 82302,office@walding.at,node/1377842212,Walding,5.3
AT-G-41627,Zwettl an der Rodl,gemeinde,Oberösterreich,,,,,,
AT-G-41628,Vorderweißenbach,gemeinde,Oberösterreich,,,,,,
AT-G-41701,Ampflwang im Hausruckwald,gemeinde,Oberösterreich,,,,,,
AT-G-41702,Attersee am Attersee,gemeinde,Oberösterreich,"Nußdorferstraße 15, 4864 Attersee",+43 7666 7755,gemeinde@attersee.ooe.gv.at,way/219287997,Attersee am Attersee,8.9
AT-G-41703,Attnang-Puchheim,gemeinde,Oberösterreich,"Rathausplatz 9, 4800 Attnang-Puchheim",+43 7674 615,stadtamt@attnang-puchheim.ooe.gv.at,way/244494396,Attnang-Puchheim,8.9
AT-G-41704,Atzbach,gemeinde,Oberösterreich,,,,,,
AT-G-41705,Aurach am Hongar,gemeinde,Oberösterreich,,,,,,
AT-G-41706,Berg im Attergau,gemeinde,Oberösterreich,,,,,,
AT-G-41707,Desselbrunn,gemeinde,Oberösterreich,,,,,,
AT-G-41708,Fornach,gemeinde,Oberösterreich,,,,,,
AT-G-41709,Frankenburg am Hausruck,gemeinde,Oberösterreich,,,,,,
AT-G-41710,Frankenmarkt,gemeinde,Oberösterreich,,,,,,
AT-G-41711,Gampern,gemeinde,Oberösterreich,"Hauptstraße 14, 4851 Gampern",+43768280450,gemeinde@gampern.ooe.gv.at,way/210238999,Gampern,8.9
AT-G-41712,Innerschwand am Mondsee,gemeinde,Oberösterreich,,,,,,
AT-G-41713,Lenzing an der Ager,gemeinde,Oberösterreich,"Hauptplatz 10, 4860 Lenzing an der Ager",,,way/230891508,Rathaus Lenzing an der Ager,8.4
AT-G-41714,Manning,gemeinde,Oberösterreich,"Manning 31, 4903 Manning",+43 7676 7275-0,gemeinde@manning.ooe.gv.at,way/301427029,Manning,8.4
AT-G-41715,Mondsee,gemeinde,Oberösterreich,,,,,,
AT-G-41716,Neukirchen an der Vöckla,gemeinde,Oberösterreich,,,,,,
AT-G-41717,Niederthalheim,gemeinde,Oberösterreich,,,,,,
AT-G-41718,Nußdorf am Attersee,gemeinde,Oberösterreich,"Dorfstraße 33, 4865 Nußdorf am Attersee",+43 7666 8055,gemeinde@nussdorf.ooe.gv.at,way/163630933,Nußdorf am Attersee,8.8
AT-G-41719,Oberhofen am Irrsee,gemeinde,Oberösterreich,"Oberhofen 12, 4894 Oberhofen am Irrsee",,,way/80638742,Oberhofen am Irrsee,7.7
AT-G-41720,Oberndorf bei Schwanenstadt,gemeinde,Oberösterreich,,,,,,
AT-G-41721,Oberwang,gemeinde,Oberösterreich,,,,,,
AT-G-41722,Ottnang am Hausruck,gemeinde,Oberösterreich,,,,,,
AT-G-41723,Pfaffing,gemeinde,Oberösterreich,,,,,,
AT-G-41724,Pilsbach,gemeinde,Oberösterreich,,,,,,
AT-G-41725,Pitzenberg,gemeinde,Oberösterreich,,,,,,
AT-G-41726,Pöndorf,gemeinde,Oberösterreich,,,,,,
AT-G-41727,Puchkirchen am Trattberg,gemeinde,Oberösterreich,,,,,,
AT-G-41728,Pühret,gemeinde,Oberösterreich,,,,,,
AT-G-41729,Redleiten,gemeinde,Oberösterreich,,,,,,
AT-G-41730,Redlham,gemeinde,Oberösterreich,,,,,,
AT-G-41731,Regau,gemeinde,Oberösterreich,"Regau 9, 4844 Regau",+43 7672 23102,gemeinde@regau.ooe.gv.at,way/299407298,Regau,8.3
AT-G-41732,Rüstorf,gemeinde,Oberösterreich,,,,,,
AT-G-41733,Rutzenham,gemeinde,Oberösterreich,,,,,,
AT-G-41734,St. Georgen im Attergau,gemeinde,Oberösterreich,"Attergaustraße 21, 4880 St. Georgen im Attergau",+43 7667 6255,gemeinde@st-georgen-attergau.ooe.gv.at,node/3069952412,St. Georgen im Attergau,8.9
AT-G-41735,St. Lorenz,gemeinde,Oberösterreich,,,,,,
AT-G-41736,Schlatt,gemeinde,Oberösterreich,,,,,,
AT-G-41737,Schörfling am Attersee,gemeinde,Oberösterreich,,+43 7662 3255-0,gemeinde@schoerfling.ooe.gv.at,node/3041253782,Schörfling am Attersee,5.4
AT-G-41738,Schwanenstadt,gemeinde,Oberösterreich,,,,,,
AT-G-41739,Seewalchen am Attersee,gemeinde,Oberösterreich,,+43 7662 4491-0,gemeinde@seewalchen.eu,node/3060445576,Seewalchen am Attersee,8.4
AT-G-41740,Steinbach am Attersee,gemeinde,Oberösterreich,,,,,,
AT-G-41741,Straß im Attergau,gemeinde,Oberösterreich,"Straß im Attergau 30, 4881 Straß im Attergau",+43 7667 7112,gemeinde@strass.ooe.gv.at,way/190970203,Straß im Attergau,8.3
AT-G-41742,Tiefgraben,gemeinde,Oberösterreich,,,,,,
AT-G-41743,Timelkam,gemeinde,Oberösterreich,,,,,,
AT-G-41744,Ungenach,gemeinde,Oberösterreich,,,,,,
AT-G-41745,Unterach am Attersee,gemeinde,Oberösterreich,"Hauptstraße 9, 4866 Unterach am Attersee",+43 7665 8255,gemeinde@unterach-attersee.ooe.gv.at,node/3057237263,Unterach am Attersee,8.9
AT-G-41746,Vöcklabruck,gemeinde,Oberösterreich,,,,,,
AT-G-41747,Vöcklamarkt,gemeinde,Oberösterreich,"Dr.-Scheiber-Straße 1, 4870 Vöcklamarkt",+43 7682 2655-0,gemeinde@voecklamarkt.ooe.gv.at,node/3046772423,Vöcklamarkt,8.9
AT-G-41748,Weißenkirchen im Attergau,gemeinde,Oberösterreich,,,,,,
AT-G-41749,Weyregg am Attersee,gemeinde,Oberösterreich,,,,,,
AT-G-41750,Wolfsegg am Hausruck,gemeinde,Oberösterreich,,,,,,
AT-G-41751,Zell am Moos,gemeinde,Oberösterreich,,,,,,
AT-G-41752,Zell am Pettenfirst,gemeinde,Oberösterreich,,,,,,
AT-G-41801,Aichkirchen,gemeinde,Oberösterreich,"Aichkirchen 26, 4671 Aichkirchen",+43 7735 7366,gemeinde@aichkirchen.ooe.gv.at,node/3029637619,Gemeindeamt Aichkirchen,8.5
AT-G-41802,Bachmanning,gemeinde,Oberösterreich,,,,,,
AT-G-41803,Bad Wimsbach-Neydharting,gemeinde,Oberösterreich,,,,,,
AT-G-41804,Buchkirchen,gemeinde,Oberösterreich,"Hauptstraße 11, 4611 Buchkirchen",+43 7242 28005,gemeinde@buchkirchen.ooe.gv.at,way/173199171,Marktgemeindeamt Buchkirchen,8.9
AT-G-41805,Eberstalzell,gemeinde,Oberösterreich,,,,,,
AT-G-41806,Edt bei Lambach,gemeinde,Oberösterreich,,,,,,
AT-G-41807,Fischlham,gemeinde,Oberösterreich,"Thalheimerstraße 5, 4652 Fischlham",+43 7241 2203,gemeinde@fischlham.ooe.gv.at,relation/2710850,Gemeindeamt Fischlham,8.8
AT-G-41808,Gunskirchen,gemeinde,Oberösterreich,"Marktplatz 1, 4623 Gunskirchen",+43 7246 6255,gemeinde@gunskirchen.ooe.gv.at,way/36878595,Marktgemeindeamt Gunskirchen,8.8
AT-G-41809,Holzhausen,gemeinde,Oberösterreich,"Landstraße 2, 4615 Holzhausen",+43 7243 57155,gemeinde@holzhausen.ooe.gv.at,way/135162547,Gemeindeamt Holzhausen,8.9
AT-G-41810,Krenglbach,gemeinde,Oberösterreich,"Krenglbacher Straße 9, 4631 Krenglbach",+43 7249 46013,gemeinde@krenglbach.at,way/174993502,Gemeindeamt Krenglbach,8.9
AT-G-41811,Lambach,gemeinde,Oberösterreich,"Marktplatz 8, 4650 Lambach",+43 7245 28355-0,gemeinde@lambach.ooe.gv.at,way/90265065,Rathaus Lambach,8.8
AT-G-41812,Marchtrenk,gemeinde,Oberösterreich,,,,,,
AT-G-41813,Neukirchen bei Lambach,gemeinde,Oberösterreich,"Neukirchen 8, 4671 Neukirchen bei Lambach",+43 7245 27055,gemeinde@neukirchen-lambach.ooe.gv.at,way/299031892,Gemeindeamt Neukirchen bei Lambach,8.4
AT-G-41814,Offenhausen,gemeinde,Oberösterreich,"Gemeindeplatz 1, 4625 Offenhausen",+43 7247 6155,gemeindeamt@offenhausen.at,way/127601956,Gemeindeamt Offenhausen,8.9
AT-G-41815,Pennewang,gemeinde,Oberösterreich,,,,,,
AT-G-41816,Pichl bei Wels,gemeinde,Oberösterreich,"Gemeindeplatz 7, 4632 Pichl bei Wels",+43 7247 8555-0,gemeinde@pichl.ooe.gv.at,way/199151894,Gemeindeamt Pichl bei Wels,8.9
AT-G-41817,Sattledt,gemeinde,Oberösterreich,,,,,,
AT-G-41818,Schleißheim,gemeinde,Oberösterreich,,,,,,
AT-G-41819,Sipbachzell,gemeinde,Oberösterreich,,,,,,
AT-G-41820,Stadl-Paura,gemeinde,Oberösterreich,,,,,,
AT-G-41821,Steinerkirchen an der Traun,gemeinde,Oberösterreich,"Landstraße 7, 4652 Steinerkirchen an der Traun",+43 7241 2255 0,gemeinde@steinerkirchen-traun.ooe.gv.at,node/392062336,Gemeindeamt Steinerkirchen an der Traun,8.8
AT-G-41822,Steinhaus,gemeinde,Oberösterreich,"Gemeindeplatz 2, 4641 Steinhaus",+43 7242 27455,gemeinde@steinhaus.ooe.gv.at,way/180202496,Gemeindeamt Steinhaus,8.9
AT-G-41823,Thalheim bei Wels,gemeinde,Oberösterreich,,,,,,
AT-G-41824,Weißkirchen an der Traun,gemeinde,Oberösterreich,"Gemeindeplatz 1, 4616 Weißkirchen an der Traun",+43 7243 56155-0,gemeinde@weisskirchen.ooe.gv.at,way/194369619,Gemeindeamt Weißkirchen an der Traun,9.0
AT-G-50101,Salzburg,gemeinde,Salzburg,,,,,,
AT-G-50201,Abtenau,gemeinde,Salzburg,"Markt 1, 5441 Abtenau",+43 6243 2214-0,gemeinde@abtenau.at,way/82294259,Gemeindeamt Abtenau,7.9
AT-G-50202,Adnet,gemeinde,Salzburg,,,,,,
AT-G-50203,Annaberg-Lungötz,gemeinde,Salzburg,,,,,,
AT-G-50204,Golling an der Salzach,gemeinde,Salzburg,,,,,,
AT-G-50205,Hallein,gemeinde,Salzburg,"Schöndorferplatz 14, 5400 Hallein",,,way/93346269,Rathaus,6.4
AT-G-50206,Krispl,gemeinde,Salzburg,"Gaißau 200, 5425 Krispl",+43 6240 213,gemeindeamt@krispl.gv.at,node/12870257304,Gemeindeamt Krispl,8.9
AT-G-50207,Kuchl,gemeinde,Salzburg,,,,,,
AT-G-50208,Oberalm,gemeinde,Salzburg,,,,,,
AT-G-50209,Puch bei Hallein,gemeinde,Salzburg,"Bürgerstraße 3, 5412 Puch bei Hallein",,,node/8210527431,Gemeindeamt Puch bei Hallein,8.2
AT-G-50210,Rußbach am Paß Gschütt,gemeinde,Salzburg,,,,,,
AT-G-50211,St. Koloman,gemeinde,Salzburg,,,,,,
AT-G-50212,Scheffau am Tennengebirge,gemeinde,Salzburg,,,,,,
AT-G-50213,Bad Vigaun,gemeinde,Salzburg,,,,,,
AT-G-50301,Anif,gemeinde,Salzburg,,,,,,
AT-G-50302,Anthering,gemeinde,Salzburg,"Gartenweg 2, 5102 Anthering",,,way/380609253,Gemeindeamt,6.3
AT-G-50303,Bergheim,gemeinde,Salzburg,"Dorfstraße 39a, 5101 Bergheim",,,way/112738394,Gemeindeamt Bergheim,8.3
AT-G-50304,Berndorf bei Salzburg,gemeinde,Salzburg,,,,,,
AT-G-50305,Bürmoos,gemeinde,Salzburg,,,,,,
AT-G-50306,Dorfbeuern,gemeinde,Salzburg,,,,,,
AT-G-50307,Ebenau,gemeinde,Salzburg,,,,,,
AT-G-50308,Elixhausen,gemeinde,Salzburg,,,,,,
AT-G-50309,Elsbethen,gemeinde,Salzburg,,,,,,
AT-G-50310,Eugendorf,gemeinde,Salzburg,"Dorf 3, 5301 Eugendorf",+43 6225 8209,markt@gem-eugendorf.at,way/201838897,Gemeindeamt Eugendorf,8.8
AT-G-50311,Faistenau,gemeinde,Salzburg,"Am Lindenplatz 1, 5324 Faistenau",,,node/5760535756,Gemeindeamt Faistenau,8.2
AT-G-50312,Fuschl am See,gemeinde,Salzburg,,,,,,
AT-G-50313,Göming,gemeinde,Salzburg,"Dorfstraße 3, 5114",+43 6272 4287,gem.goeming@salzburg.at,way/147396759,Gemeindezentrum Göming,6.0
AT-G-50314,Grödig,gemeinde,Salzburg,,,,,,
AT-G-50315,Großgmain,gemeinde,Salzburg,"Salzburgerstraße 250, 5084 Großgmain",+43 6247 8205,gemeinde@grossgmain.at,node/14134152119,Gemeindeamt,6.6
AT-G-50316,Hallwang,gemeinde,Salzburg,"Dorfstraße 45, 5300 Hallwang",+43 662 661957,,way/161374907,Gemeindeamt,7.0
AT-G-50317,Henndorf am Wallersee,gemeinde,Salzburg,,,,,,
AT-G-50318,Hintersee,gemeinde,Salzburg,"Lämmerbach 50, 5324 Hintersee",,,way/289394999,Gemeindeamt Hintersee,7.9
AT-G-50319,Hof bei Salzburg,gemeinde,Salzburg,"Postplattenstraße 1, 5322 Hof bei Salzburg",+43 6229 2204,gemeinde@hof.at,node/5807356513,Gemeinde Hof bei Salzburg,8.9
AT-G-50320,Köstendorf,gemeinde,Salzburg,"Kirchenstraße 5, 5203 Köstendorf",+43 6216 5313,,way/247328634,Gemeindeamt Köstendorf,8.8
AT-G-50321,Koppl,gemeinde,Salzburg,"Dorfstraße 7, 5321 Koppl",,,way/393380274,Gemeindeamt Koppl,8.3
AT-G-50322,Lamprechtshausen,gemeinde,Salzburg,"Schulstraße 2, 5112 Lamprechtshausen",,graller4@gmail.com,node/5191764421,Lamprechtshausen,8.4
AT-G-50323,Mattsee,gemeinde,Salzburg,,,,,,
AT-G-50324,Neumarkt am Wallersee,gemeinde,Salzburg,"Hauptstraße 30, 5202 Neumarkt am Wallersee",+43 6216 5212,,node/5715790111,Stadtamt,6.9
AT-G-50325,Nußdorf am Haunsberg,gemeinde,Salzburg,"Hauptstraße 17, 5151",,,way/144552562,Gemeindeamt Nußdorf am Haunsberg,5.4
AT-G-50326,Oberndorf bei Salzburg,gemeinde,Salzburg,"Färberstraße 4, 5110 Oberndorf bei Salzburg",+4362724225,stadtgemeinde@oberndorf.salzburg.at,way/635566280,Rathaus Oberndorf bei Salzburg,9.0
AT-G-50327,Obertrum am See,gemeinde,Salzburg,"Obertrum am See 1, 5162 Obertrum am See",+43 6219 6305 0,office@obertrum.at,way/328748537,Gemeindeamt Obertrum am See,8.3
AT-G-50328,Plainfeld,gemeinde,Salzburg,,,,,,
AT-G-50329,St. Georgen bei Salzburg,gemeinde,Salzburg,,,,,,
AT-G-50330,St. Gilgen,gemeinde,Salzburg,"Mozartplatz 1, 5340 Sankt Gilgen",+43 6227 2445,office@gemgilgen.at,way/52068004,Rathaus St. Gilgen,8.7
AT-G-50331,Schleedorf,gemeinde,Salzburg,,,,,,
AT-G-50332,Seeham,gemeinde,Salzburg,,,,,,
AT-G-50335,Straßwalchen,gemeinde,Salzburg,,,,,,
AT-G-50336,Strobl,gemeinde,Salzburg,"Dorfplatz 1, 5350 Strobl",,,way/169195699,Gemeindeamt Strobl,8.1
AT-G-50337,Thalgau,gemeinde,Salzburg,"Wartenfelserstraße 2, 5303 Thalgau",,,way/392960224,Marktgemeinde Thalgau,8.3
AT-G-50338,Wals-Siezenheim,gemeinde,Salzburg,,,,,,
AT-G-50339,Seekirchen am Wallersee,gemeinde,Salzburg,,,,,,
AT-G-50401,Altenmarkt im Pongau,gemeinde,Salzburg,,,,,,
AT-G-50402,Bad Hofgastein,gemeinde,Salzburg,,,,,,
AT-G-50403,Bad Gastein,gemeinde,Salzburg,"K. H. Waggerl-Straße 29, 5640 Bad Gastein",,,way/105022680,Gemeindeamt,6.2
AT-G-50404,Bischofshofen,gemeinde,Salzburg,,,,,,
AT-G-50405,Dorfgastein,gemeinde,Salzburg,"Dorfstraße 35, 5632 Dorfgastein",,,way/235196855,Gemeindeamt Dorfgastein,8.4
AT-G-50406,Eben im Pongau,gemeinde,Salzburg,,,,,,
AT-G-50407,Filzmoos,gemeinde,Salzburg,"Kirchbichl 3, 5532 Filzmoos",,,way/224286392,Gemeindeamt Filzmoos,8.4
AT-G-50408,Flachau,gemeinde,Salzburg,,,,,,
AT-G-50409,Forstau,gemeinde,Salzburg,,,,,,
AT-G-50410,Goldegg,gemeinde,Salzburg,,,,,,
AT-G-50411,Großarl,gemeinde,Salzburg,,,,,,
AT-G-50412,Hüttau,gemeinde,Salzburg,"Hüttau 29, 5511 Hüttau",,,node/3704630083,,5.9
AT-G-50413,Hüttschlag,gemeinde,Salzburg,"Hüttschlag 19, 5612 Hüttschlag",+43 6417 204,info@gemeindehuettschlag.at,way/118914042,Gemeindeamt Hüttschlag,8.7
AT-G-50414,Kleinarl,gemeinde,Salzburg,,,,,,
AT-G-50415,Mühlbach am Hochkönig,gemeinde,Salzburg,,,,,,
AT-G-50416,Pfarrwerfen,gemeinde,Salzburg,,,,,,
AT-G-50417,Radstadt,gemeinde,Salzburg,,,,,,
AT-G-50418,St. Johann im Pongau,gemeinde,Salzburg,"Hauptstraße 18, 5600 Sankt Johann im Pongau",+43 6412 800 10,,way/143828940,Gemeindeamt,6.7
AT-G-50419,St. Martin am Tennengebirge,gemeinde,Salzburg,,,,,,
AT-G-50420,St. Veit im Pongau,gemeinde,Salzburg,"Markt 12, 5621 Sankt Veit im Pongau",,,way/116086827,Gemeindeamt St. Veit im Pongau,8.2
AT-G-50421,Schwarzach im Pongau,gemeinde,Salzburg,,,,,,
AT-G-50422,Untertauern,gemeinde,Salzburg,"Dorfstraße 17, 5561 Untertauern",,,node/5836121561,Gemeindeamt Untertauern,8.4
AT-G-50423,Wagrain,gemeinde,Salzburg,,,,,,
AT-G-50424,Werfen,gemeinde,Salzburg,,,,,,
AT-G-50425,Werfenweng,gemeinde,Salzburg,"Weng 48, 5453 Werfenweng",,,way/394896986,,5.6
AT-G-50501,Göriach,gemeinde,Salzburg,"Wassering 67, 5574 Göriach",+43 6483 212,,node/5840946379,Gemeindeamt Göriach,8.0
AT-G-50502,Lessach,gemeinde,Salzburg,,,,,,
AT-G-50503,Mariapfarr,gemeinde,Salzburg,"Pfarrstraße 7, 5571 Mariapfarr",,,way/135431023,Gemeindeamt,5.8
AT-G-50504,Mauterndorf,gemeinde,Salzburg,"Markt 52, 5570 Mauterndorf",,,node/9050489156,Marktgemeindeamt,5.9
AT-G-50505,Muhr,gemeinde,Salzburg,,,,,,
AT-G-50506,Ramingstein,gemeinde,Salzburg,"Gemeindeplatz 223, 5591 Ramingstein",,,way/229968190,,5.8
AT-G-50507,St. Andrä im Lungau,gemeinde,Salzburg,,,,,,
AT-G-50508,St. Margarethen im Lungau,gemeinde,Salzburg,"Schulgasse 73, 5581 Sankt Margarethen im Lungau",,,node/3090168686,Gemeinde,6.4
AT-G-50509,St. Michael im Lungau,gemeinde,Salzburg,,,,,,
AT-G-50510,Tamsweg,gemeinde,Salzburg,"Marktplatz 1, 5580 Tamsweg",,,way/307693194,,5.9
AT-G-50511,Thomatal,gemeinde,Salzburg,"Thomatal 1, 5592 Thomatal",,,node/13634983711,,5.4
AT-G-50512,Tweng,gemeinde,Salzburg,"Dorfplatz 1, 5563 Tweng",,,way/226952657,,6.0
AT-G-50513,Unternberg,gemeinde,Salzburg,,,,,,
AT-G-50514,Weißpriach,gemeinde,Salzburg,"Am Sand 116, 5573 Weißpriach",,,node/9017753061,Gemeindeamt Weißpriach,7.6
AT-G-50515,Zederhaus,gemeinde,Salzburg,,,,,,
AT-G-50601,Bramberg am Wildkogel,gemeinde,Salzburg,,,,,,
AT-G-50602,Bruck an der Großglocknerstraße,gemeinde,Salzburg,"Raiffeisenstraße 6, 5671 Bruck an der Großglocknerstraße",+43 6545 7207,office@bruck-grossglockner.at,way/228197847,Gemeindeamt Bruck an der Großglocknerstraße,8.8
AT-G-50603,Dienten am Hochkönig,gemeinde,Salzburg,,,,,,
AT-G-50604,Fusch an der Großglocknerstraße,gemeinde,Salzburg,,,,,,
AT-G-50605,Hollersbach im Pinzgau,gemeinde,Salzburg,"Hollersbach 12, 5731 Hollersbach im Pinzgau",+436562811312,gemeinde@hollersbach.at,way/88709468,Gemeindeamt,6.3
AT-G-50606,Kaprun,gemeinde,Salzburg,,,,,,
AT-G-50607,Krimml,gemeinde,Salzburg,,,,,,
AT-G-50608,Lend,gemeinde,Salzburg,,,,,,
AT-G-50609,Leogang,gemeinde,Salzburg,"Leogang 4, 5771 Leogang",,,way/300047915,Gemeindeamt,5.6
AT-G-50610,Lofer,gemeinde,Salzburg,"Lofer 25, 5090 Lofer",,,way/225543144,Rathaus,5.8
AT-G-50611,Maishofen,gemeinde,Salzburg,,,,,,
AT-G-50612,Maria Alm am Steinernen Meer,gemeinde,Salzburg,"Am Gemeindeplatz 3, 5761 Maria Alm am Steinernen Meer",,,node/1437463180,Gemeindeverwaltung,6.0
AT-G-50613,Mittersill,gemeinde,Salzburg,"Stadtplatz 1, 5730 Mittersill",+43 6562 62360,,node/915301419,Rathaus,6.2
AT-G-50614,Neukirchen am Großvenediger,gemeinde,Salzburg,,,,,,
AT-G-50615,Niedernsill,gemeinde,Salzburg,,,,,,
AT-G-50616,Piesendorf,gemeinde,Salzburg,,,,,,
AT-G-50617,Rauris,gemeinde,Salzburg,"Marktstraße 30, 5661 Rauris",,,way/162112695,Gemeindeamt Rauris,7.6
AT-G-50618,Saalbach-Hinterglemm,gemeinde,Salzburg,,,,,,
AT-G-50619,Saalfelden am Steinernen Meer,gemeinde,Salzburg,,,,,,
AT-G-50620,St. Martin bei Lofer,gemeinde,Salzburg,,,,,,
AT-G-50621,Stuhlfelden,gemeinde,Salzburg,"Dorfplatz 1, 5724 Stuhlfelden",+43 6562 42 32-17,gemeindeamt@stuhlfelden.salzburg.at,way/95500531,Gemeindeamt Stuhlfelden,8.9
AT-G-50622,Taxenbach,gemeinde,Salzburg,,,,,,
AT-G-50623,Unken,gemeinde,Salzburg,"Niederland 147, 5091 Unken",,,node/5497530337,Gemeindeamt Unken,7.6
AT-G-50624,Uttendorf,gemeinde,Salzburg,"Schulstraße 2, 5723 Uttendorf",+43 6563 82780,,way/1228875085,Gemeindeamt Uttendorf Stubachtal Weißsee,8.2
AT-G-50625,Viehhofen,gemeinde,Salzburg,"Kirchplatz 31, 5752 Viehhofen",,,way/133962696,Gemeindeamt,6.4
AT-G-50626,Wald im Pinzgau,gemeinde,Salzburg,"Wald 34, 5742 Wald im Pinzgau",,,way/88847453,Gemeindeamt,5.4
AT-G-50627,Weißbach bei Lofer,gemeinde,Salzburg,,,,,,
AT-G-50628,Zell am See,gemeinde,Salzburg,,,,,,
AT-G-60101,Graz,gemeinde,Steiermark,"Triester Straße 57, 8073 Feldkirchen bei Graz",+43 316 29 11 35-0,,way/804229052,Marktgemeindeamt Feldkirchen bei Graz,8.4
AT-G-60305,Frauental an der Laßnitz,gemeinde,Steiermark,,,,,,
AT-G-60318,Lannach,gemeinde,Steiermark,"Hauptplatz 1, 8502 Lannach",,,way/162379722,Rathaus Lannach,8.4
AT-G-60323,Pölfing-Brunn,gemeinde,Steiermark,,,,,,
AT-G-60324,Preding,gemeinde,Steiermark,"Grazer Straße 11, 8504 Preding",,,way/227773768,Gemeindeamt Preding,8.3
AT-G-60326,Sankt Josef (Weststeiermark),gemeinde,Steiermark,"St. Josef 73, 8503 Sankt Josef (Weststeiermark)",+43 3136 81 124,,way/183039685,Gemeindeamt St. Josef (Weststeiermark),8.5
AT-G-60329,Sankt Peter im Sulmtal,gemeinde,Steiermark,"St. Peter 46, 8542 Sankt Peter im Sulmtal",,,way/312179238,Gemeindeamt St. Peter im Sulmtal,7.9
AT-G-60341,Wettmannstätten,gemeinde,Steiermark,,,,,,
AT-G-60344,Deutschlandsberg,gemeinde,Steiermark,"Hauptplatz 35, 8530",+43 3462 20110,,way/29303746,Rathaus Deutschlandsberg,4.7
AT-G-60345,Eibiswald,gemeinde,Steiermark,"Eibiswald 17, 8552 Eibiswald",,,way/158214669,Marktgemeindeamt Eibiswald,7.4
AT-G-60346,Groß Sankt Florian,gemeinde,Steiermark,"Rathausplatz 1, 8522 Groß St. Florian",+43 3464 2204,,way/1159587193,Marktgemeinde Groß St. Florian,9.0
AT-G-60347,Sankt Martin im Sulmtal,gemeinde,Steiermark,,,,,,
AT-G-60348,Sankt Stefan ob Stainz,gemeinde,Steiermark,,,,,,
AT-G-60349,Bad Schwanberg,gemeinde,Steiermark,,,,,,
AT-G-60350,Stainz,gemeinde,Steiermark,"Hauptplatz 1, 8510 Stainz",,,way/162282923,Marktgemeindeamt Stainz,8.5
AT-G-60351,Wies,gemeinde,Steiermark,"Oberer Markt 14, 8551 Wies",+43 50 3465 100,gde@wies.at,way/317327554,Rathaus Wies,8.1
AT-G-60608,Feldkirchen bei Graz,gemeinde,Steiermark,"Triester Straße 57, 8073 Feldkirchen bei Graz",+43 316 29 11 35-0,,way/804229052,Marktgemeindeamt Feldkirchen bei Graz,8.9
AT-G-60611,Gössendorf,gemeinde,Steiermark,,,,,,
AT-G-60613,Gratkorn,gemeinde,Steiermark,"Dr.Karl Renner-Straße 47, 8101 Gratkorn",,,way/163827505,Marktgemeindeamt Gratkorn,8.3
AT-G-60617,Hart bei Graz,gemeinde,Steiermark,"Pachern-Hauptstraße 90, 8075 Hart bei Graz",+43 316 491102 0,gde@hartbeigraz.at,node/13655138030,Gemeindeamt Hart bei Graz,8.8
AT-G-60618,Haselsdorf-Tobelbad,gemeinde,Steiermark,"Karl-Hohl-Straße 67, 8144 Haselsdorf-Tobelbad",,,way/242610393,Gemeindeamt Haselsdorf - Tobelbad,8.4
AT-G-60619,Hausmannstätten,gemeinde,Steiermark,"Marktplatz 1-2, 8071 Hausmannstätten",+433135 46130-0,,way/168288198,Marktgemeindeamt Hausmannstätten,8.9
AT-G-60623,Kainbach bei Graz,gemeinde,Steiermark,"Hönigtaler Straße 2, 8010 Kainbach bei Graz",,,node/2077297833,Gemeindeamt Kainbach bei Graz,8.3
AT-G-60624,Kalsdorf bei Graz,gemeinde,Steiermark,"Hauptplatz 1, 8401",+433135 53145-0,,node/281266438,Gemeindeamt,3.9
AT-G-60626,Kumberg,gemeinde,Steiermark,"Am Platz 8, 8062 Kumberg",+43 3132 2203,gemeinde@kumberg.at,way/138917545,Gemeindeamt Kumberg,9.0
AT-G-60628,Laßnitzhöhe,gemeinde,Steiermark,"Hauptstraße 23, 8301 Laßnitzhöhe",,,node/2045206399,Gemeindeamt Laßnitzhöhe,8.4
AT-G-60629,Lieboch,gemeinde,Steiermark,"Packer Straße 85, 8501 Lieboch",,,way/798285590,Marktgemeindeamt Lieboch,8.4
AT-G-60632,Peggau,gemeinde,Steiermark,"Grazer Straße 20, 8120 Peggau",,,way/375731950,Rathaus Marktgemeinde Peggau,8.4
AT-G-60639,Sankt Bartholomä,gemeinde,Steiermark,"St. Bartholomä 3, 8113 Sankt Bartholomä",+433123 22 27,,way/317361618,Gemeindeamt,6.4
AT-G-60641,Sankt Oswald bei Plankenwarth,gemeinde,Steiermark,,,,,,
AT-G-60642,Sankt Radegund bei Graz,gemeinde,Steiermark,"Hauptstraße 10, 8061 Sankt Radegund bei Graz",+43 3132 2301-12,gemeinde@radegund.info,way/293730209,Gemeindeamt,7.0
AT-G-60645,Semriach,gemeinde,Steiermark,,,,,,
AT-G-60646,Stattegg,gemeinde,Steiermark,"Dorfplatz 1, 8046 Stattegg",+43 316 691136,gde@stattegg.steiermark.at,way/350640011,Gemeindeamt Stattegg,8.8
AT-G-60647,Stiwoll,gemeinde,Steiermark,"Stiwoll 24, 8113 Stiwoll",,,way/317361485,Gemeindeamt Stiwoll,7.9
AT-G-60648,Thal,gemeinde,Steiermark,"Am Kirchberg 2, 8051 Thal",,,way/837972988,Gemeindeamt Thal,8.3
AT-G-60651,Übelbach,gemeinde,Steiermark,"Alter Markt 64, 8124",+433125 2261,,node/3610542472,Marktgemeinde Übelbach,5.4
AT-G-60653,Vasoldsberg,gemeinde,Steiermark,"Hauptplatz 1, 8076",,,way/195121284,Gemeindeamt Vasoldsberg,4.8
AT-G-60654,Weinitzen,gemeinde,Steiermark,"Kirchplatz 6, 8044 Weinitzen",+43 3132 2550-10,gde@weinitzen.gv.at,way/124049879,Gemeinde Weinitzen,8.9
AT-G-60655,Werndorf,gemeinde,Steiermark,"Bundesstraße 135, 8402 Werndorf",,,way/405907440,Gemeindeamt Werndorf,8.5
AT-G-60656,Wundschuh,gemeinde,Steiermark,"Am Kirchplatz 6, 8142",+433135 52268-0,,way/287677973,Gemeindeamt Wundschuh,6.0
AT-G-60659,Deutschfeistritz,gemeinde,Steiermark,"Grazerstraße 1, 8121 Deutschfeistritz",+43 3127 41 355,gde@deutschfeistritz.gv.at,way/234544345,Marktgemeinde Deutschfeistritz,8.4
AT-G-60660,Dobl-Zwaring,gemeinde,Steiermark,,,,,,
AT-G-60661,Eggersdorf bei Graz,gemeinde,Steiermark,"Kirchplatz 4, 8063 Eggersdorf bei Graz",+43 3117 2221,gde@eggersdorf-graz.gv.at,way/178653719,Gemeindeamt Eggersdorf bei Graz,8.9
AT-G-60662,Fernitz-Mellach,gemeinde,Steiermark,"Erzherzog-Johann-Platz 21, 8072 Fernitz-Mellach",+43 3135 52 3 62,,way/195741687,Gemeindeamt Fernitz-Mellach,8.8
AT-G-60663,Frohnleiten,gemeinde,Steiermark,"Brucker Straße 2, 8130 Frohnleiten",,,node/888806505,Rathaus Frohnleiten,8.1
AT-G-60664,Gratwein-Straßengel,gemeinde,Steiermark,"Hauptplatz 1, 8111 Gratwein-Straßengel",+43 3124 51300-0,,node/9394076524,Gemeindeamt Gratwein-Straßengel,8.3
AT-G-60665,Hitzendorf,gemeinde,Steiermark,"Hitzendorf 63, 8151 Hitzendorf",,,way/223803637,,5.9
AT-G-60666,Nestelbach bei Graz,gemeinde,Steiermark,,,,,,
AT-G-60667,Raaba-Grambach,gemeinde,Steiermark,"Josef-Krainer-Straße 40, 8074 Raaba-Grambach",+43 316 40 11 36,,way/123930709,Marktgemeindeamt Raaba-Grambach,8.9
AT-G-60668,Sankt Marein bei Graz,gemeinde,Steiermark,"Markt 25, 8323 Sankt Marein bei Graz",+43 3119 2227,gde@st-marein-graz.gv.at,way/200346309,Gemeindeamt,6.3
AT-G-60669,Seiersberg-Pirka,gemeinde,Steiermark,"Hauptplatz 1, 8054 Seiersberg-Pirka",,,node/9701158231,Gemeindeamt Seiersberg-Pirka,8.4
AT-G-60670,Premstätten,gemeinde,Steiermark,"Hauptplatz 1, 8141 Premstätten",+43 3136 52405 20,gde@premstaetten.gv.at,way/779278169,Rathaus der Marktgemeinde Premstätten,8.9
AT-G-61001,Allerheiligen bei Wildon,gemeinde,Steiermark,"Allerheiligen bei Wildon 240, 8412 Allerheiligen bei Wildon",,,way/224270678,Gemeindeamt Allerheiligen bei Wildon,7.9
AT-G-61002,Arnfels,gemeinde,Steiermark,"Hauptplatz 163, 8454 Arnfels",+43 3455 6688,gde@arnfels.gv.at,way/165165284,Marktgemeinde Arnfels,9.0
AT-G-61007,Empersdorf,gemeinde,Steiermark,"Empersdorf 1, 8081 Empersdorf",,,way/314422591,,5.9
AT-G-61008,Gabersdorf,gemeinde,Steiermark,,,,,,
AT-G-61012,Gralla,gemeinde,Steiermark,"Schulstraße 7, 8431 Gralla",,,way/137114679,Gemeindeamt Gralla,8.4
AT-G-61013,Großklein,gemeinde,Steiermark,"Großklein 120, 8452 Großklein",,,node/1999731213,Gemeindeamt Großklein,7.9
AT-G-61016,Heimschuh,gemeinde,Steiermark,"Heimschuhstraße 32, 8451 Heimschuh",+43 3452 82748,,node/5829733950,Gemeindeamt Heimschuh,8.8
AT-G-61017,Hengsberg,gemeinde,Steiermark,"Hengsberg 4, 8411 Hengsberg",,,way/130681986,Gemeindeamt Hengsberg,7.9
AT-G-61019,Kitzeck im Sausal,gemeinde,Steiermark,"Steinriegel 11, 8442 Kitzeck im Sausal",,,way/119419452,Gemeindeamt Kitzeck im Sausal,8.0
AT-G-61020,Lang,gemeinde,Steiermark,"Lang 6, 8403 Lang",+43 3182 7108,,way/338320080,Gemeindeamt Lang,8.4
AT-G-61021,Lebring-Sankt Margarethen,gemeinde,Steiermark,"Grazerstraße 1, 8403 Lebring-Sankt Margarethen",,,node/6808375303,Gemeindeamt,6.4
AT-G-61024,Oberhaag,gemeinde,Steiermark,"Oberhaag, 8455",,,way/1456657520,Gemeindeamt Oberhaag,4.8
AT-G-61027,Ragnitz,gemeinde,Steiermark,,,,,,
AT-G-61030,Sankt Andrä-Höch,gemeinde,Steiermark,,,,,,
AT-G-61032,Sankt Johann im Saggautal,gemeinde,Steiermark,,,,,,
AT-G-61033,Sankt Nikolai im Sausal,gemeinde,Steiermark,"Sankt Nikolai im Sausal 5, 8505 Sankt Nikolai im Sausal",,,way/207471343,Gemeindeamt,5.9
AT-G-61043,Tillmitsch,gemeinde,Steiermark,"Dorfstraße 87, 8434 Tillmitsch",,,way/165212493,Gemeindeamt,6.5
AT-G-61045,Wagna,gemeinde,Steiermark,"Franz-Trampusch-Platz 1, 8435 Wagna",+43 3452 82582,,way/30382834,Marktgemeindeamt Wagna,8.8
AT-G-61049,Ehrenhausen an der Weinstraße,gemeinde,Steiermark,"Marktplatz 2, 8461 Ehrenhausen an der Weinstraße",,,way/166964296,Marktgemeindeamt Ehrenhausen an der Weinstraße,8.3
AT-G-61050,Gamlitz,gemeinde,Steiermark,"Obere Hauptstraße 3, 8462 Gamlitz",+43 3453 2667,,way/311742035,Marktgemeindeamt Gamlitz,8.7
AT-G-61051,Gleinstätten,gemeinde,Steiermark,"Pistorf 160, 8443 Gleinstätten",+43 3457 2215,,way/338933545,Marktgemeindeamt Gleinstätten,8.3
AT-G-61052,Heiligenkreuz am Waasen,gemeinde,Steiermark,"Marktplatz 2, 8081 Heiligenkreuz am Waasen",+43 3134 2221 0,,way/327248782,Marktgemeindeamt Heiligenkreuz am Waasen,8.8
AT-G-61053,Leibnitz,gemeinde,Steiermark,"Hauptplatz 24, 8430 Leibnitz",,,way/30382923,Rathaus,5.8
AT-G-61054,Leutschach an der Weinstraße,gemeinde,Steiermark,,,,,,
AT-G-61055,Sankt Georgen an der Stiefing,gemeinde,Steiermark,"St. Georgen an der Stiefing 62, 8413 Sankt Georgen an der Stiefing",,,way/237089779,Gemeindeamt St. Georgen an der Stiefing,7.9
AT-G-61057,Schwarzautal,gemeinde,Steiermark,"Wolfsberg 125, 8421 Schwarzautal",+43 3184 2208,gde@schwarzautal.gv.at,way/333542502,Marktgemeindeamt Schwarzautal,8.3
AT-G-61059,Wildon,gemeinde,Steiermark,"Hauptplatz 55, 8410 Wildon",+43 3182 3227,,way/232314298,Marktgemeindeamt Wildon,8.3
AT-G-61060,Sankt Veit in der Südsteiermark,gemeinde,Steiermark,"Am Kirchplatz 13, 8423 Sankt Veit in der Südsteiermark",,,way/164311244,Marktgemeindeamt Sankt Veit in der Südsteiermark,8.1
AT-G-61061,Straß in Steiermark,gemeinde,Steiermark,"Hauptstraße 61, 8472 Straß in Steiermark",,,way/164356268,Marktgemeindeamt Straß in Steiermark,8.1
AT-G-61101,Eisenerz,gemeinde,Steiermark,"Mario-Stecher-Platz 1, Eisenerz",,,way/217363369,Stadtamt Eisenerz,5.4
AT-G-61105,Kalwang,gemeinde,Steiermark,,,,,,
AT-G-61106,Kammern im Liesingtal,gemeinde,Steiermark,,,,,,
AT-G-61107,Kraubath an der Mur,gemeinde,Steiermark,"Kirchplatz 1, 8714 Kraubath an der Mur",,,way/265207354,Marktgemeindeamt,6.4
AT-G-61108,Leoben,gemeinde,Steiermark,"Erzherzog Johann-Straße 2, 8700 Leoben",,,way/84821154,Stadtgemeinde Leoben,8.0
AT-G-61109,Mautern in Steiermark,gemeinde,Steiermark,"Klostergasse 5a, 8774 Mautern in Steiermark",+43 3845 3106,gde@mautern.steiermark.at,node/7729618855,,6.9
AT-G-61110,Niklasdorf,gemeinde,Steiermark,"Hauptplatz 1, 8712 Niklasdorf",+43 3842 81311-0,gde@niklasdorf.steiermark.at,way/389644108,Gemeindeamt Niklasdorf,8.7
AT-G-61111,Proleb,gemeinde,Steiermark,"Gemeindestraße 2, 8712 Proleb",,,way/389991022,Gemeindeamt Proleb,8.3
AT-G-61112,Radmer,gemeinde,Steiermark,"Radmer an der Stube 31a, 8795 Radmer",,,node/6710653141,Gemeinde Radmer,7.8
AT-G-61113,Sankt Michael in Obersteiermark,gemeinde,Steiermark,"Hauptstraße 64, 8770 Sankt Michael in Obersteiermark",+43 3843 2244-0,gde@st-michael.steiermark.at,way/332869099,Marktgemeindeamt Sankt Michael in Obersteiermark,8.4
AT-G-61114,Sankt Peter-Freienstein,gemeinde,Steiermark,,,,,,
AT-G-61115,Sankt Stefan ob Leoben,gemeinde,Steiermark,"Dorfplatz 14, 8713 Sankt Stefan ob Leoben",,,way/284689645,Gemeindeamt,6.2
AT-G-61116,Traboch,gemeinde,Steiermark,"Schulweg 2, 8772 Traboch",,,way/215658647,Gemeindeamt,6.5
AT-G-61118,Vordernberg,gemeinde,Steiermark,,,,,,
AT-G-61119,Wald am Schoberpaß,gemeinde,Steiermark,,,,,,
AT-G-61120,Trofaiach,gemeinde,Steiermark,"Luchinettigasse 9, 8793 Trofaiach",+43 3847 2255-0,gemeinde@trofaiach.gv.at,way/30515790,Rathaus,6.4
AT-G-61203,Aigen im Ennstal,gemeinde,Steiermark,,,,,,
AT-G-61204,Altaussee,gemeinde,Steiermark,"Fischerndorf 61, 8992 Altaussee",+43 3622 71600,,node/3363874287,Gemeindeamt Altaussee,7.9
AT-G-61205,Altenmarkt bei Sankt Gallen,gemeinde,Steiermark,,,,,,
AT-G-61206,Ardning,gemeinde,Steiermark,"Ardning 250, 8904 Ardning",,,way/95850865,,5.9
AT-G-61207,Bad Aussee,gemeinde,Steiermark,,,,,,
AT-G-61213,Gröbming,gemeinde,Steiermark,"Hauptstraße 200, 8962 Gröbming",+43 3685 221500,,way/94447113,Gemeindeamt Gröbming,8.3
AT-G-61215,Grundlsee,gemeinde,Steiermark,"Bräuhof 97, 8993 Grundlsee",,,way/314406803,Gemeindeamt,5.2
AT-G-61217,Haus,gemeinde,Steiermark,"Schloßplatz 47, 8967 Haus",+43 3686 2207,gemeinde@haus.at,way/90119920,Rathaus,6.7
AT-G-61222,Lassing,gemeinde,Steiermark,,,,,,
AT-G-61236,Ramsau am Dachstein,gemeinde,Steiermark,"Ramsau 136, 8972 Ramsau am Dachstein",,,way/132130162,Gemeindeamt,5.8
AT-G-61243,Selzthal,gemeinde,Steiermark,"Hauptstraße 19, 8900 Selzthal",+43 3616 213,gde@selzthal.at,way/161847853,Gemeindeamt,6.8
AT-G-61247,Trieben,gemeinde,Steiermark,"Hauptplatz 6, 8784 Trieben",,,way/357845390,Freizeitheim Trieben,8.4
AT-G-61251,Wildalpen,gemeinde,Steiermark,,,,,,
AT-G-61252,Wörschach,gemeinde,Steiermark,"Dr. Alfons Gorbach Platz 16, 8942 Wörschach",,,way/574204067,Gemeindeamt Wörschach,8.0
AT-G-61253,Admont,gemeinde,Steiermark,"Hauptstraße 36, 8911 Admont",+43 3613 2162,gde@admont.gv.at,node/8653219611,Marktgemeinde Admont,8.4
AT-G-61254,Aich,gemeinde,Steiermark,,,,,,
AT-G-61255,Bad Mitterndorf,gemeinde,Steiermark,"Bad Mitterndorf 59, 8983 Bad Mitterndorf",+43 3623 2202,gde@bad-mitterndorf.gv.at,way/514092424,Marktgemeinde Bad Mitterndorf,8.3
AT-G-61256,Gaishorn am See,gemeinde,Steiermark,"Gaishorn am See 59, 8783 Gaishorn am See",+43 3617 2208-0,gde@gaishorn-see.gv.at,way/368121210,Gemeindeamt Gaishorn am See,8.3
AT-G-61257,Irdning-Donnersbachtal,gemeinde,Steiermark,,,,,,
AT-G-61258,Landl,gemeinde,Steiermark,"Hauptstraße 15, 8920 Landl",,,way/115816849,Gemeindeamt,5.7
AT-G-61259,Liezen,gemeinde,Steiermark,"Rathausplatz 1, 8940 Liezen",,stadtamt@liezen.gv.at,way/30519493,,6.2
AT-G-61260,Michaelerberg-Pruggern,gemeinde,Steiermark,"Pruggern 96, 8965 Michaelerberg-Pruggern",+43 3685 22204-0,,node/5649200701,Gemeindeamt Michaelerberg-Pruggern,7.9
AT-G-61261,Mitterberg-Sankt Martin,gemeinde,Steiermark,,,,,,
AT-G-61262,Öblarn,gemeinde,Steiermark,"Öblarn 47, 8960 Öblarn",+43 3684 6029,gde@oeblarn.steiermark.at,way/226565034,Gemeindeamt Öblarn,8.2
AT-G-61263,Rottenmann,gemeinde,Steiermark,"Hauptstraße 56, 8786 Rottenmann",,,way/162293239,Rathaus Rottenmann,7.7
AT-G-61264,Sankt Gallen,gemeinde,Steiermark,"Markt 35, 8933 Sankt Gallen",+43 3632 209-0,,way/360856107,Marktgemeindeamt St. Gallen,8.1
AT-G-61265,Schladming,gemeinde,Steiermark,"Coburgstraße 45, 8970 Schladming",+43 3687 225080,gemeinde@schladming.at,way/90205757,Rathaus,6.4
AT-G-61266,Sölk,gemeinde,Steiermark,,,,,,
AT-G-61267,Stainach-Pürgg,gemeinde,Steiermark,,,,,,
AT-G-61410,Mühlen,gemeinde,Steiermark,,,,,,
AT-G-61413,Niederwölz,gemeinde,Steiermark,"Am Amtsplatz 5, 8831 Niederwölz",+43 3582 2232,,node/4178698834,Gemeindeamt Niederwölz,8.9
AT-G-61425,St. Peter am Kammersberg,gemeinde,Steiermark,,,,,,
AT-G-61428,Schöder,gemeinde,Steiermark,,,,,,
AT-G-61437,Krakau,gemeinde,Steiermark,,,,,,
AT-G-61438,Murau,gemeinde,Steiermark,"Raffaltplatz 10, 8850 Murau",+43 3532 2228,gde@murau.gv.at,way/316132337,Rathaus Murau,8.6
AT-G-61439,Neumarkt in der Steiermark,gemeinde,Steiermark,,,,,,
AT-G-61440,Oberwölz,gemeinde,Steiermark,"Stadt 4, 8832 Oberwölz",,,way/209042285,Rathaus,5.5
AT-G-61441,Ranten,gemeinde,Steiermark,"Ranten 110, 8853 Ranten",,,way/205401694,Gemeindeamt Ranten,7.9
AT-G-61442,Sankt Georgen am Kreischberg,gemeinde,Steiermark,,,,,,
AT-G-61443,Sankt Lambrecht,gemeinde,Steiermark,"Thajagraben 28a, 8812 Sankt Lambrecht",,,node/1075462990,,5.7
AT-G-61444,Scheifling,gemeinde,Steiermark,,,,,,
AT-G-61445,Stadl-Predlitz,gemeinde,Steiermark,,,,,,
AT-G-61446,Teufenbach-Katsch,gemeinde,Steiermark,,,,,,
AT-G-61611,Krottendorf-Gaisfeld,gemeinde,Steiermark,,,,,,
AT-G-61612,Ligist,gemeinde,Steiermark,"Ligist 22, 8563 Ligist",+43 3143 2229-0,gde@ligist.steiermark.at,way/176674450,Gemeindeamt Ligist,8.2
AT-G-61615,Mooskirchen,gemeinde,Steiermark,,,,,,
AT-G-61618,Rosental an der Kainach,gemeinde,Steiermark,"Sankt Martin am Wöllmißberg 64, 8580",+43 3140 202,,way/147949187,Gemeindeamt,3.1
AT-G-61621,Sankt Martin am Wöllmißberg,gemeinde,Steiermark,"Sankt Martin am Wöllmißberg 64, 8580",+43 3140 202,,way/147949187,Gemeindeamt,3.4
AT-G-61624,Stallhofen,gemeinde,Steiermark,"Stallhofen 113, 8152 Stallhofen",+43 3142 220380,,way/198152792,Marktgemeindeamt Stallhofen,8.8
AT-G-61625,Voitsberg,gemeinde,Steiermark,"Hauptplatz 1, 8570",+43 3142 22170,,way/181288099,Rathaus Voitsberg,5.2
AT-G-61626,Bärnbach,gemeinde,Steiermark,"Hauptplatz 1, 8572 Bärnbach",+43 3142 61550-0,stadtgemeinde@baernbach.at,node/6019753962,Stadtamt,6.7
AT-G-61627,Edelschrott,gemeinde,Steiermark,"Packer Straße 17, 8583 Edelschrott",+43 3145 802,gde@edelschrott.gv.at,node/6046393241,Gemeindeamt Edelschrott,8.4
AT-G-61628,Geistthal-Södingberg,gemeinde,Steiermark,"Geistthal 83, 8153 Geistthal-Södingberg",,,node/9732574289,Gemeindeamt Geistthal-Södingberg,7.7
AT-G-61629,Hirschegg-Pack,gemeinde,Steiermark,"Pack 42, 8583 Hirschegg-Pack",,,way/117923201,Gemeindeamt,5.7
AT-G-61630,Kainach bei Voitsberg,gemeinde,Steiermark,,,,,,
AT-G-61631,Köflach,gemeinde,Steiermark,,+43 3144 2519,stadtgemeinde@koeflach.at,way/30560263,Rathaus Köflach,8.1
AT-G-61632,Maria Lankowitz,gemeinde,Steiermark,,,,,,
AT-G-61633,Söding-Sankt Johann,gemeinde,Steiermark,"Packerstraße 181b, 8561 Söding-Sankt Johann",+43 3137 6130,gde@soeding-st-johann.gv.at,way/1113259798,Gemeindeamt Söding-Sankt Johann,9.0
AT-G-61701,Albersdorf-Prebuch,gemeinde,Steiermark,,,,,,
AT-G-61708,Fischbach,gemeinde,Steiermark,"Dorfstraße 36, 8654 Fischbach",+43 3170 206,gde@fischbach.steiermark.at,node/14017872037,Gemeindeamt Fischbach,8.9
AT-G-61710,Floing,gemeinde,Steiermark,,,,,,
AT-G-61711,Gasen,gemeinde,Steiermark,,+43 3171 201,,node/8988197383,Gemeindeamt Gasen,8.4
AT-G-61716,Markt Hartmannsdorf,gemeinde,Steiermark,"Hauptstraße 157, 8311 Markt Hartmannsdorf",,,node/3402615854,Gemeindeservicezentrum Markt Hartmannsdorf,8.4
AT-G-61719,Hofstätten an der Raab,gemeinde,Steiermark,"Pirching 80, 8200 Hofstätten an der Raab",,,way/984220133,Gemeindeamt Hofstätten an der Raab,8.4
AT-G-61727,Ludersdorf-Wilfersdorf,gemeinde,Steiermark,,,,,,
AT-G-61728,Miesenbach bei Birkfeld,gemeinde,Steiermark,"Dorfviertel 6, 8190 Miesenbach bei Birkfeld",,,way/176382073,Gemeindeamt,6.0
AT-G-61729,Mitterdorf an der Raab,gemeinde,Steiermark,"Mitterdorf an der Raab 5, 8181 Mitterdorf an der Raab",,,node/4206878534,Gemeindeamt,5.9
AT-G-61730,Mortantsch,gemeinde,Steiermark,"Göttelsberg 160, 8160 Mortantsch",,,way/262678078,Gemeinde Mortantsch,7.9
AT-G-61731,Naas,gemeinde,Steiermark,,,,,,
AT-G-61740,Puch bei Weiz,gemeinde,Steiermark,,,,,,
AT-G-61741,Ratten,gemeinde,Steiermark,"Kirchenviertel 211, 8673 Ratten",,,node/12413914033,Gemeindeamt Ratten,8.0
AT-G-61743,Rettenegg,gemeinde,Steiermark,,,,,,
AT-G-61744,St. Kathrein am Hauenstein,gemeinde,Steiermark,,,,,,
AT-G-61745,Sankt Kathrein am Offenegg,gemeinde,Steiermark,"Dorf 2, 8171 Sankt Kathrein am Offenegg",,,way/278795347,Gemeindeamt,5.9
AT-G-61746,St. Margarethen an der Raab,gemeinde,Steiermark,"St. Margarethen an der Raab 163, 8321 Sankt Margarethen an der Raab",,,way/219505908,,5.9
AT-G-61748,Sinabelkirchen,gemeinde,Steiermark,"Sinabelkirchen 8, 8261 Sinabelkirchen",,,way/147597161,Gemeindeamt,5.8
AT-G-61750,Strallegg,gemeinde,Steiermark,,,,,,
AT-G-61751,Thannhausen,gemeinde,Steiermark,"Thannhausen 1, 8160 Thannhausen",+43 3172 2015,,way/219392126,Gemeindeamt Thannhausen,8.5
AT-G-61756,Anger,gemeinde,Steiermark,"Südtiroler Platz 3, 8184 Anger",+43 3175 2211-0,gde@anger.st,node/3002556062,Gemeindeamt Anger,8.6
AT-G-61757,Birkfeld,gemeinde,Steiermark,"Dorfviertel 6, 8190 Miesenbach bei Birkfeld",,,way/176382073,Gemeindeamt,5.3
AT-G-61758,Fladnitz an der Teichalm,gemeinde,Steiermark,"Fladnitz an der Teichalm 100, 8163 Fladnitz an der Teichalm",,,way/955346884,Pfarrsaal Fladnitz an der Teichalm,7.7
AT-G-61759,Gersdorf an der Feistritz,gemeinde,Steiermark,"Gersdorf an der Feistritz 78, 8213 Gersdorf an der Feistritz",,,way/450861406,,5.8
AT-G-61760,Gleisdorf,gemeinde,Steiermark,"Rathausplatz 1, 8200 Gleisdorf",,gemeinde@gleisdorf.at,way/171936704,Rathaus,6.4
AT-G-61761,Gutenberg,gemeinde,Steiermark,"Dorfplatz 2, 8164 Gutenberg",,,way/164592501,Gemeindeamt Gutenberg,8.2
AT-G-61762,Ilztal,gemeinde,Steiermark,"Prebensdorf 170, 8211 Ilztal",,,way/331996282,Gemeindeamt Ilztal,7.8
AT-G-61763,Passail,gemeinde,Steiermark,,,,,,
AT-G-61764,Pischelsdorf am Kulm,gemeinde,Steiermark,"Pischelsdorf 85, 8212 Pischelsdorf am Kulm",+43 3113 2212,gde@pischelsdorf-kulm.gv.at,way/166119238,Gemeindeamt Pischelsdorf am Kulm,8.3
AT-G-61765,Sankt Ruprecht an der Raab,gemeinde,Steiermark,"Untere Hauptstraße 27, 8181 St. Ruprecht an der Raab",+43 3178 2218-0,,way/225566390,Marktgemeindeamt St. Ruprecht an der Raab,8.7
AT-G-61766,Weiz,gemeinde,Steiermark,"Hauptplatz 7, 8160 Weiz",+43 3172 2319-0,,way/179006162,Rathaus Weiz,8.3
AT-G-62007,Fohnsdorf,gemeinde,Steiermark,"Hauptplatz 3, 8753 Fohnsdorf",,,way/190015580,Gemeindeamt Fohnsdorf,8.3
AT-G-62008,Gaal,gemeinde,Steiermark,,,,,,
AT-G-62010,Hohentauern,gemeinde,Steiermark,,,,,,
AT-G-62014,Kobenz,gemeinde,Steiermark,,,,,,
AT-G-62021,Pusterwald,gemeinde,Steiermark,"Pusterwald 51, 8764 Pusterwald",,,node/10669051231,Gemeindeamt Pusterwald,8.0
AT-G-62026,Sankt Georgen ob Judenburg,gemeinde,Steiermark,"Sankt Georgen ob Judenburg 11, 8756 Sankt Georgen ob Judenburg",+43 3583 2376,gde@st-georgen-judenburg.steiermark.at,way/313358654,Gemeindeamt,6.3
AT-G-62032,Sankt Peter ob Judenburg,gemeinde,Steiermark,,,,,,
AT-G-62034,Seckau,gemeinde,Steiermark,"Marienplatz 4, 8732 Seckau",+43 3514 5205,gde@seckau.gv.at,way/162828129,Marktgemeinde Seckau,8.7
AT-G-62036,Unzmarkt-Frauenburg,gemeinde,Steiermark,"Simon Hafnerplatz 2, 8800 Unzmarkt-Frauenburg",+43 3583 2204,gde@unzmarkt-frauenburg.at,node/4241518442,Marktgemeinde Unzmarkt-Frauenburg,8.9
AT-G-62038,Zeltweg,gemeinde,Steiermark,"Schulgasse 8, 8740 Zeltweg",,,way/149031070,Stadtamt Zeltweg,8.4
AT-G-62039,Lobmingtal,gemeinde,Steiermark,"Hauptstraße 22, 8734 Lobmingtal",+43 3512 82923,gemeinde@lobmingtal.gv.at,node/6542850360,Gemeinde Lobmingtal,8.4
AT-G-62040,Judenburg,gemeinde,Steiermark,"Hauptplatz 1, 8750",,,way/30380736,Rathaus,3.3
AT-G-62041,Knittelfeld,gemeinde,Steiermark,"Dorfstraße 19, 8720 Sankt Margarethen bei Knittelfeld",+43 3512 82432,gde@st-margarethen-knittelfeld.gv.at,way/173773038,Gemeindeamt Sankt Margarethen bei Knittelfeld,8.7
AT-G-62042,Obdach,gemeinde,Steiermark,"Hauptstraße 31, 8742 Obdach",+433578 4030,,way/376813646,Marktgemeindeamt Obdach,8.9
AT-G-62043,Pöls-Oberkurzheim,gemeinde,Steiermark,"Hauptplatz 7, 8761 Pöls-Oberkurzheim",+43 3579 8316,gemeinde@poels-oberkurzheim.gv.at,node/6174659458,Marktgemeinde Pöls-Oberkurzheim,9.0
AT-G-62044,Pölstal,gemeinde,Steiermark,"Sonnseite 138, 8765 Pölstal",,,way/188392606,Gemeindeamt,5.6
AT-G-62045,Sankt Marein-Feistritz,gemeinde,Steiermark,,,,,,
AT-G-62046,Sankt Margarethen bei Knittelfeld,gemeinde,Steiermark,"Dorfstraße 19, 8720 Sankt Margarethen bei Knittelfeld",+43 3512 82432,gde@st-margarethen-knittelfeld.gv.at,way/173773038,Gemeindeamt Sankt Margarethen bei Knittelfeld,8.3
AT-G-62047,Spielberg,gemeinde,Steiermark,,,,,,
AT-G-62048,Weißkirchen in Steiermark,gemeinde,Steiermark,,,,,,
AT-G-62105,Breitenau am Hochlantsch,gemeinde,Steiermark,"St. Jakob 9, 8614 Breitenau am Hochlantsch",,,way/156903833,Gemeindeamt,5.7
AT-G-62115,Krieglach,gemeinde,Steiermark,"Waldheimatstraße 1, 8670 Krieglach",,,way/30364828,Gemeindeamt Krieglach,8.4
AT-G-62116,Langenwang,gemeinde,Steiermark,"Wiener Straße 2, 8665 Langenwang",+43 3854 6155 0,gde@langenwang.gv.at,way/173934590,Marktgemeindeamt Langenwang,8.8
AT-G-62125,Pernegg an der Mur,gemeinde,Steiermark,,,,,,
AT-G-62128,Sankt Lorenzen im Mürztal,gemeinde,Steiermark,,,,,,
AT-G-62131,Spital am Semmering,gemeinde,Steiermark,"Bundesstraße 16, 8684 Spital am Semmering",,,way/204103491,Rathaus,6.3
AT-G-62132,Stanz im Mürztal,gemeinde,Steiermark,,,,,,
AT-G-62135,Turnau,gemeinde,Steiermark,"Turnau 18, 8625 Turnau",,,way/87827988,Marktgemeindeamt Turnau,7.8
AT-G-62138,Aflenz,gemeinde,Steiermark,,,,,,
AT-G-62139,Bruck an der Mur,gemeinde,Steiermark,,,,,,
AT-G-62140,Kapfenberg,gemeinde,Steiermark,"Koloman-Wallisch-Platz 1, 8605",,,node/1099614655,Rathaus,3.3
AT-G-62141,Kindberg,gemeinde,Steiermark,"Hauptstraße 44, 8650",,,way/152708022,Rathaus,3.2
AT-G-62142,Mariazell,gemeinde,Steiermark,"Pater Hermann Geist-Platz 1, 8630 Mariazell",,,way/204266720,Stadtamt,5.6
AT-G-62143,Mürzzuschlag,gemeinde,Steiermark,"Wiener Straße 9, 8680 Mürzzuschlag",,,way/210443275,Rathaus,6.1
AT-G-62144,Neuberg an der Mürz,gemeinde,Steiermark,"Hauptplatz 8, 8692 Neuberg an der Mürz",,,node/3655838295,Marktgemeindeamt Neuberg an der Mürz,8.1
AT-G-62145,Sankt Barbara im Mürztal,gemeinde,Steiermark,"Obere Hauptstraße 18, 8663 Sankt Barbara im Mürztal",,,way/650027916,Gemeindeamt Sankt Barbara im Mürztal – Außenstelle Veitsch,4.3
AT-G-62146,Sankt Marein im Mürztal,gemeinde,Steiermark,"Hauptplatz 1, 8641 Sankt Marein im Mürztal",,,way/163002176,Gemeindeamt St. Marein im Mürztal,8.2
AT-G-62147,Thörl,gemeinde,Steiermark,"Palbersdorf 73, 8621 Thörl",+43 3861 230 712,,way/334005404,Marktgemeindeamt,5.8
AT-G-62148,Tragöß-Sankt Katharein,gemeinde,Steiermark,,,,,,
AT-G-62202,Bad Blumau,gemeinde,Steiermark,"Bad Blumau 65, 8283 Bad Blumau",,,node/3810176080,Gemeindeamt Bad Blumau,7.8
AT-G-62205,Buch-St. Magdalena,gemeinde,Steiermark,,,,,,
AT-G-62206,Burgau,gemeinde,Steiermark,,,,,,
AT-G-62209,Ebersdorf,gemeinde,Steiermark,"Ebersdorf 222, 8273 Ebersdorf",+43 3333 2341-0,gde@ebersdorf.steiermark.at,way/360717171,Gemeindeamt Ebersdorf,8.4
AT-G-62211,Friedberg,gemeinde,Steiermark,"Hauptplatz 20, 8240 Friedberg",,,way/187099714,,5.9
AT-G-62214,Greinbach,gemeinde,Steiermark,"Penzendorf 26, 8230 Greinbach",,,way/105568172,Gemeindeamt Greinbach,7.7
AT-G-62216,Großsteinbach,gemeinde,Steiermark,,,,,,
AT-G-62219,Hartberg,gemeinde,Steiermark,"Hauptplatz 10, 8230 Hartberg",,,way/92482413,Rathaus Hartberg,7.9
AT-G-62220,Hartberg Umgebung,gemeinde,Steiermark,"Schildbach 200, 8230 Hartberg Umgebung",,,way/189713047,Gemeindeamt Hartberg Umgebung,7.8
AT-G-62226,Lafnitz,gemeinde,Steiermark,"Lafnitz 31, 8233 Lafnitz",,,way/83013738,Gemeindezentrum Lafnitz,7.7
AT-G-62232,Ottendorf an der Rittschein,gemeinde,Steiermark,,,,,,
AT-G-62233,Pinggau,gemeinde,Steiermark,"Hauptplatz 1, 8243 Pinggau",,,node/1783539160,,6.2
AT-G-62235,Pöllauberg,gemeinde,Steiermark,,,,,,
AT-G-62242,Sankt Jakob im Walde,gemeinde,Steiermark,"Kirchenviertel 24, 8255 St. Jakob im Walde",,,way/255576016,Gemeindeamt,5.8
AT-G-62244,Sankt Johann in der Haide,gemeinde,Steiermark,"Sankt Johann in der Haide 100, 8295 Sankt Johann in der Haide",,,way/755305854,Gemeindeamt,5.8
AT-G-62245,Sankt Lorenzen am Wechsel,gemeinde,Steiermark,"Lorenzen 23, 8242 Sankt Lorenzen am Wechsel",+433331 3100,,node/2085783170,Gemeindeamt,6.3
AT-G-62247,Schäffern,gemeinde,Steiermark,,,,,,
AT-G-62256,Stubenberg,gemeinde,Steiermark,"Stubenberg 5, 8223 Stubenberg am See",+43 3176 8822,,way/804169875,Gemeindeamt Stubenberg am See,8.2
AT-G-62262,Wenigzell,gemeinde,Steiermark,"Pittermann 222, 8254 Wenigzell",,,way/393056092,Gemeindeamt,5.9
AT-G-62264,Bad Waltersdorf,gemeinde,Steiermark,,,,,,
AT-G-62265,Dechantskirchen,gemeinde,Steiermark,,,,,,
AT-G-62266,Feistritztal,gemeinde,Steiermark,,,,,,
AT-G-62268,Grafendorf bei Hartberg,gemeinde,Steiermark,,,,,,
AT-G-62269,Großwilfersdorf,gemeinde,Steiermark,,,,,,
AT-G-62270,Hartl,gemeinde,Steiermark,,,,,,
AT-G-62271,Ilz,gemeinde,Steiermark,"Ilz 58, 8262 Ilz",+43 3385 377-310,,way/219154130,Rathaus Ilz,8.1
AT-G-62272,Kaindorf,gemeinde,Steiermark,"Kaindorf 29, 8224 Kaindorf",,,way/194450816,Gemeindeamt Kaindorf,7.9
AT-G-62273,Bad Loipersdorf,gemeinde,Steiermark,,,,,,
AT-G-62274,Neudau,gemeinde,Steiermark,"Hauptplatz 1, 8292 Neudau",,,way/343462541,Gemeindeamt Neudau,7.8
AT-G-62275,Pöllau,gemeinde,Steiermark,"Hauptplatz 3, 8225 Pöllau",+43 3335 2038,gde@poellau.gv.at,way/149417888,,6.7
AT-G-62276,Rohr bei Hartberg,gemeinde,Steiermark,,,,,,
AT-G-62277,Rohrbach an der Lafnitz,gemeinde,Steiermark,,,,,,
AT-G-62278,Vorau,gemeinde,Steiermark,"Rathausplatz 43, 8250 Vorau",+43 3337 2228,,way/89845586,Marktgemeindeamt Vorau,8.3
AT-G-62279,Waldbach-Mönichwald,gemeinde,Steiermark,,,,,,
AT-G-62280,Fürstenfeld,gemeinde,Steiermark,"Augustinerplatz 1, 8280 Fürstenfeld",+43 3382 524010,,way/195187183,Rathaus Fürstenfeld,8.9
AT-G-62311,Edelsbach bei Feldbach,gemeinde,Steiermark,,,,,,
AT-G-62314,Eichkögl,gemeinde,Steiermark,"Eichkögl 30, 8322 Eichkögl",,,way/352269607,Gemeindeamt Eichkögl,7.9
AT-G-62326,Halbenrain,gemeinde,Steiermark,,,,,,
AT-G-62330,Jagerberg,gemeinde,Steiermark,,,,,,
AT-G-62332,Kapfenstein,gemeinde,Steiermark,,,,,,
AT-G-62335,Klöch,gemeinde,Steiermark,"Klöch 110, 8493 Klöch",+43 3475 2203,,way/238712054,Gemeindeamt Klöch,8.3
AT-G-62343,Mettersdorf am Saßbach,gemeinde,Steiermark,"Mettersdorf 85, 8092 Mettersdorf am Saßbach",+43 3477 2301,,way/175789562,Marktgemeindeamt Mettersdorf am Saßbach,8.4
AT-G-62368,Tieschen,gemeinde,Steiermark,,,,,,
AT-G-62372,Unterlamm,gemeinde,Steiermark,,,,,,
AT-G-62375,Bad Gleichenberg,gemeinde,Steiermark,"Trautmannsdorf 3, 8343 Bad Gleichenberg",,,way/921163907,Gemeindeamt,6.3
AT-G-62376,Bad Radkersburg,gemeinde,Steiermark,"Hauptplatz 1, 8490 Bad Radkersburg",+43 3476 2509,gde@bad-radkersburg.gv.at,way/108374775,Rathaus Bad Radkersburg,8.8
AT-G-62377,Deutsch Goritz,gemeinde,Steiermark,,,,,,
AT-G-62378,Fehring,gemeinde,Steiermark,"Grazerstraße 1, 8350 Fehring",+43 3155 2303-0,,way/348396277,Rathaus Fehring,8.7
AT-G-62379,Feldbach,gemeinde,Steiermark,,,,,,
AT-G-62380,Gnas,gemeinde,Steiermark,"Gnas 46, 8342 Gnas",+43 3151 2260,,way/238081843,Marktgemeindeamt Gnas,8.4
AT-G-62381,Kirchbach-Zerlach,gemeinde,Steiermark,"Kirchbach in Steiermark 11, 8082 Kirchbach-Zerlach",+43 3116 2313,,way/330067508,Marktgemeindeamt Kirchbach-Zerlach,8.4
AT-G-62382,Kirchberg an der Raab,gemeinde,Steiermark,"Kirchberg an der Raab 212, 8324",,,way/249344777,Gemeindeamt Kirchberg an der Raab,4.9
AT-G-62383,Mureck,gemeinde,Steiermark,"Hauptplatz 30, 8480 Mureck",+43 3472 2105,,way/165352904,Rathaus Mureck,8.6
AT-G-62384,Paldau,gemeinde,Steiermark,"Paldauerstraße 41, 8341 Paldau",+43 3150 5110,gde@paldau.gv.at,node/12334708757,Gemeindeamt Paldau,8.9
AT-G-62385,Pirching am Traubenberg,gemeinde,Steiermark,,,,,,
AT-G-62386,Riegersburg,gemeinde,Steiermark,,,,,,
AT-G-62387,Sankt Anna am Aigen,gemeinde,Steiermark,"Marktstraße 7, 8354 Sankt Anna am Aigen",,,way/254712398,Marktgemeindeamt St. Anna am Aigen,8.3
AT-G-62388,Sankt Peter am Ottersbach,gemeinde,Steiermark,,,,,,
AT-G-62389,Sankt Stefan im Rosental,gemeinde,Steiermark,"Feldbacherstraße 24, 8083 Sankt Stefan im Rosental",+43 3116 8303-0,gemeinde@st.stefan.at,way/353850557,Marktgemeindeamt Sankt Stefan im Rosental,8.8
AT-G-62390,Straden,gemeinde,Steiermark,,,,,,
AT-G-70101,Innsbruck,gemeinde,Tirol,"Maria-Theresien-Straße 18, 6020 Innsbruck",,,way/96323194,Rathaus,6.3
AT-G-70201,Arzl im Pitztal,gemeinde,Tirol,,,,,,
AT-G-70202,Haiming,gemeinde,Tirol,"Siedlungsstraße 2, 6425 Haiming",,,way/174461420,Gemeindeamt,6.3
AT-G-70203,Imst,gemeinde,Tirol,"Rathausstraße 9, 6460 Imst",,,way/29197481,Rathaus,5.8
AT-G-70204,Imsterberg,gemeinde,Tirol,,,,,,
AT-G-70205,Jerzens,gemeinde,Tirol,"Jerzens 220, 6474 Jerzens",,,node/11711506479,Gemeindeamt Jerzens,7.7
AT-G-70206,Karres,gemeinde,Tirol,,,,,,
AT-G-70207,Karrösten,gemeinde,Tirol,,,,,,
AT-G-70208,Längenfeld,gemeinde,Tirol,,,,,,
AT-G-70209,Mieming,gemeinde,Tirol,"Obermieming 175, 6414 Mieming",,,way/190983774,Gemeindeamt,5.7
AT-G-70210,Mils bei Imst,gemeinde,Tirol,,,,,,
AT-G-70211,Mötz,gemeinde,Tirol,,,,,,
AT-G-70212,Nassereith,gemeinde,Tirol,"Karl-Mayr-Straße 116a, 6465 Nassereith",,,node/10885823322,Gemeindeamt Nassereith,8.3
AT-G-70213,Obsteig,gemeinde,Tirol,,,,,,
AT-G-70214,Oetz,gemeinde,Tirol,,,,,,
AT-G-70215,Rietz,gemeinde,Tirol,,,,,,
AT-G-70216,Roppen,gemeinde,Tirol,"Mairhof 33, 6426 Roppen",+4354175210,amtsleiter@roppen.tirol.gv.at,node/2451340969,Gemeindeamt,6.7
AT-G-70217,St. Leonhard im Pitztal,gemeinde,Tirol,"Sankt Leonhard im Pitztal 115, 6481 St. Leonhard im Pitztal",,,way/224489417,Gemeindeamt St. Leonhard im Pitztal,7.6
AT-G-70218,Sautens,gemeinde,Tirol,,,,,,
AT-G-70219,Silz,gemeinde,Tirol,,,,,,
AT-G-70220,Sölden,gemeinde,Tirol,,,,,,
AT-G-70221,Stams,gemeinde,Tirol,"Wengeweg 4, 6422 Stams",,,way/194668404,Gemeindeamt Stams,8.2
AT-G-70222,Tarrenz,gemeinde,Tirol,,,,,,
AT-G-70223,Umhausen,gemeinde,Tirol,"Dorf 30, 6441 Umhausen",,,way/90582452,Gemeindeamt Umhausen,8.4
AT-G-70224,Wenns,gemeinde,Tirol,"Unterdorf 7, 6473 Wenns",,,node/2177279832,Gemeindeamt,6.1
AT-G-70301,Absam,gemeinde,Tirol,"Dörferstraße 32, 6067 Absam",+43 5223 56489,sekretariat@absam.at,way/118218624,Absam,8.6
AT-G-70302,Aldrans,gemeinde,Tirol,,,,,,
AT-G-70303,Ampass,gemeinde,Tirol,"Römerstraße 21, 6070 Ampass",+43 512 345454,gemeinde@ampass.tirol.gv.at,node/3066823585,Ampass,8.9
AT-G-70304,Axams,gemeinde,Tirol,"Sylvester-Jordan-Straße 12, 6094 Axams",+43 5234 68110,gemeinde@axams.gv.at,node/312885663,Gemeindeamt Axams,8.9
AT-G-70305,Baumkirchen,gemeinde,Tirol,,,,,,
AT-G-70306,Birgitz,gemeinde,Tirol,,,,,,
AT-G-70307,Ellbögen,gemeinde,Tirol,,,,,,
AT-G-70308,Flaurling,gemeinde,Tirol,,,,,,
AT-G-70309,Fritzens,gemeinde,Tirol,,,,,,
AT-G-70310,Fulpmes,gemeinde,Tirol,"Bahnstraße 9, 6166 Fulpmes",+43 5225 62251,gemeinde@fulpmes.gv.at,way/130095124,Fulpmes,8.8
AT-G-70311,Gnadenwald,gemeinde,Tirol,,,,,,
AT-G-70312,Götzens,gemeinde,Tirol,"Burgstraße 3, 6091 Götzens",+43 5234 32202,gemeinde@goetzens.gv.at,node/3068619600,Gemeindeamt Götzens,8.9
AT-G-70313,Gries am Brenner,gemeinde,Tirol,"Gries 73, 6156 Gries am Brenner",+43 5274 87237,gemeinde@griesambrenner.tirol.gv.at,node/3068695363,Gries am Brenner,8.8
AT-G-70314,Gries im Sellrain,gemeinde,Tirol,"Gries 18a, 6182 Gries im Sellrain",+43 5236 290,gemeinde@gries-im-sellrain.tirol.gv.at,node/3068695364,Gries im Sellrain,8.2
AT-G-70315,Grinzens,gemeinde,Tirol,,,,,,
AT-G-70317,Gschnitz,gemeinde,Tirol,,,,,,
AT-G-70318,Hatting,gemeinde,Tirol,,,,,,
AT-G-70319,Inzing,gemeinde,Tirol,"Kohlstatt 2, 6401 Inzing",+43 5238 88110,meldeamt@inzing.gv.at,node/3068695369,Inzing,8.8
AT-G-70320,Kematen in Tirol,gemeinde,Tirol,,,,,,
AT-G-70322,Kolsass,gemeinde,Tirol,"Fiechterweg 2, 6114 Kolsass",+43 5224 68203,gemeindeamt@kolsass.gv.at,node/3068695371,Kolsass,8.9
AT-G-70323,Kolsassberg,gemeinde,Tirol,,,,,,
AT-G-70325,Lans,gemeinde,Tirol,"Lans Dorf 43, 6072 Lans",+43 512 377378,gemeinde@gemeinde-lans.at,node/3068695373,Lans,8.8
AT-G-70326,Leutasch,gemeinde,Tirol,"Kirchplatzl 128a, 6105 Leutasch",+43 5214 6205,gemeinde@leutasch.gv.at,node/1244825389,Leutasch,8.9
AT-G-70328,Mieders,gemeinde,Tirol,"Dorfstraße 15, 6142 Mieders",,,way/129580402,Gemeindeamt Mieders,8.2
AT-G-70329,Mils,gemeinde,Tirol,,,,,,
AT-G-70331,Mutters,gemeinde,Tirol,"Schulgasse 4, 6162 Mutters",+43 512 548400,gemeinde@mutters.gv.at,way/118809920,Gemeindeamt Mutters,9.0
AT-G-70332,Natters,gemeinde,Tirol,"Innsbrucker Straße 4, 6161 Natters",+43 512 546170,gemeinde@natters.gv.at,node/3074786295,Gemeindeamt Natters,8.8
AT-G-70333,Navis,gemeinde,Tirol,"Unterweg 39, 6145 Navis",+43 5278 6211,gemeinde@navis.tirol.gv.at,way/94578610,Gemeindeamt Navis,9.0
AT-G-70334,Neustift im Stubaital,gemeinde,Tirol,,,,,,
AT-G-70335,Oberhofen im Inntal,gemeinde,Tirol,"Franz-Mader-Straße 26, 6406 Oberhofen im Inntal",+43 5262 62747,gemeinde@oberhofen-inntal.gv.at,node/3074786298,Oberhofen im Inntal,8.7
AT-G-70336,Obernberg am Brenner,gemeinde,Tirol,"Außertal 34a, 6157 Obernberg am Brenner",+43 5274 87462-10,gemeinde@obernberg-brenner.tirol.gv.at,node/3074786299,Gemeindeamt Obernberg am Brenner,8.3
AT-G-70337,Oberperfuss,gemeinde,Tirol,,,,,,
AT-G-70338,Patsch,gemeinde,Tirol,"Dorfstraße 22, 6082 Patsch",+43 512 378757,gemeinde@patsch.tirol.gv.at,way/124669218,Gemeindezentrum Patsch,8.9
AT-G-70339,Pettnau,gemeinde,Tirol,,,,,,
AT-G-70340,Pfaffenhofen,gemeinde,Tirol,,,,,,
AT-G-70342,Polling in Tirol,gemeinde,Tirol,,,,,,
AT-G-70343,Ranggen,gemeinde,Tirol,,,,,,
AT-G-70344,Reith bei Seefeld,gemeinde,Tirol,"Römerstraße 16, 6103 Reith bei Seefeld",+43 5212 3116,gemeinde@reith-seefeld.at,way/166585114,Reith bei Seefeld,8.8
AT-G-70345,Rinn,gemeinde,Tirol,,,,,,
AT-G-70346,Rum,gemeinde,Tirol,"Rathausplatz 1, 6063 Rum",+43 512 24511-0,marktgemeinde@rum.gv.at,way/111448145,Rum,8.8
AT-G-70347,St. Sigmund im Sellrain,gemeinde,Tirol,,,,,,
AT-G-70348,Scharnitz,gemeinde,Tirol,"Adolf-Klinge-Platz 72, 6108 Scharnitz",+43 5213 5204,gemeinde@scharnitz.gv.at,way/78605445,Scharnitz,8.4
AT-G-70349,Schmirn,gemeinde,Tirol,,,,,,
AT-G-70350,Schönberg im Stubaital,gemeinde,Tirol,"Römerstraße 1, 6141 Schönberg im Stubaital",+43 5225 62570,gemeinde@schoenberg.tirol.gv.at,node/3077094286,Schönberg im Stubaital,8.9
AT-G-70351,Seefeld in Tirol,gemeinde,Tirol,,,,,,
AT-G-70352,Sellrain,gemeinde,Tirol,"Gries 18a, 6182 Gries im Sellrain",+43 5236 290,gemeinde@gries-im-sellrain.tirol.gv.at,node/3068695364,Gries im Sellrain,5.0
AT-G-70353,Sistrans,gemeinde,Tirol,,,,,,
AT-G-70354,Hall in Tirol,gemeinde,Tirol,,,,,,
AT-G-70355,Steinach am Brenner,gemeinde,Tirol,"Rathausplatz 1, 6150 Steinach am Brenner",+43 5272 6251,gemeinde@steinach-am-brenner.tirol.gv.at,way/495747599,Rathaus Steinach am Brenner,8.9
AT-G-70356,Telfes im Stubai,gemeinde,Tirol,,,,,,
AT-G-70357,Telfs,gemeinde,Tirol,"Untermarktstraße 5, 6410 Telfs",+43 5262 6961,info@telfs.gv.at,node/3077131809,Telfs,8.7
AT-G-70358,Thaur,gemeinde,Tirol,"Dorfplatz 4, 6065 Thaur",+43 5223 492861,amtsleitung@thaur.co.at,node/3077131810,Gemeindeamt Thaur,8.8
AT-G-70359,Trins,gemeinde,Tirol,,,,,,
AT-G-70360,Tulfes,gemeinde,Tirol,,,,,,
AT-G-70361,Unterperfuss,gemeinde,Tirol,,,,,,
AT-G-70362,Vals,gemeinde,Tirol,"St. Jodok 2, 6154 Vals",+43 5279 5209,gemeinde@vals.tirol.gv.at,node/3077131813,Vals,7.9
AT-G-70364,Völs,gemeinde,Tirol,,,,,,
AT-G-70365,Volders,gemeinde,Tirol,"Bundesstraße 23, 6111 Volders",+43 5224 52311,gemeinde@volders.tirol.gv.at,node/1812150346,Gemeindeamt Volders,8.1
AT-G-70366,Wattenberg,gemeinde,Tirol,"Wattenberg 23a, 6113 Wattenberg",+43 5224 52230,buchhaltung@wattenberg.tirol.gv.at,node/3077172150,Wattenberg,7.9
AT-G-70367,Wattens,gemeinde,Tirol,,,,,,
AT-G-70368,Wildermieming,gemeinde,Tirol,"Dorfstraße 2, 6413 Wildermieming",+43 5264 5206,gemeinde@wildermieming.gv.at,node/3077172151,Wildermieming,8.8
AT-G-70369,Zirl,gemeinde,Tirol,,,,,,
AT-G-70370,Matrei am Brenner,gemeinde,Tirol,"Matrei am Brenner 59, 6143 Matrei am Brenner",+43 5273 6230,gemeinde@matrei-brenner.tirol.gv.at,way/135609057,Gemeinde Matrei am Brenner,9.0
AT-G-70401,Aurach bei Kitzbühel,gemeinde,Tirol,,,,,,
AT-G-70402,Brixen im Thale,gemeinde,Tirol,"Dorfstraße 93, 6364 Brixen im Thale",+43 5334 8110,gemeinde@brixen-im-thale.tirol.gv.at,way/198811445,Brixen im Thale,8.8
AT-G-70403,Fieberbrunn,gemeinde,Tirol,"Dorfplatz 1, 6391 Fieberbrunn",+43 5354 56203,gemeinde@fieberbrunn.tirol.gv.at,node/3050218045,Fieberbrunn,8.9
AT-G-70404,Going am Wilden Kaiser,gemeinde,Tirol,,,,,,
AT-G-70405,Hochfilzen,gemeinde,Tirol,,,,,,
AT-G-70406,Hopfgarten im Brixental,gemeinde,Tirol,,,,,,
AT-G-70407,Itter,gemeinde,Tirol,,,,,,
AT-G-70408,Jochberg,gemeinde,Tirol,"Dorf 22, 6373 Jochberg",+43 5355 5202,gemeinde@jochberg.tirol.gv.at,way/224876790,Jochberg,8.7
AT-G-70409,Kirchberg in Tirol,gemeinde,Tirol,,,,,,
AT-G-70410,Kirchdorf in Tirol,gemeinde,Tirol,"Dorfplatz 4, 6382 Kirchdorf in Tirol",,,way/101374462,Gemeindeamt,6.2
AT-G-70411,Kitzbühel,gemeinde,Tirol,,,,,,
AT-G-70412,Kössen,gemeinde,Tirol,,,,,,
AT-G-70413,Oberndorf in Tirol,gemeinde,Tirol,,,,,,
AT-G-70414,Reith bei Kitzbühel,gemeinde,Tirol,,,,,,
AT-G-70415,St. Jakob in Haus,gemeinde,Tirol,"Dorf 11, 6392 St. Jakob in Haus",+43 5354 88150,gemeinde@st-jakob-haus.tirol.gv.at,node/3050268653,St. Jakob in Haus,8.9
AT-G-70416,St. Johann in Tirol,gemeinde,Tirol,"Bahnhofstraße 5, 6380 St. Johann in Tirol",+43 5352 6900-0,gemeinde@st.johann.tirol,node/3050268654,,6.7
AT-G-70417,St. Ulrich am Pillersee,gemeinde,Tirol,,,,,,
AT-G-70418,Schwendt,gemeinde,Tirol,"Dorf 2, 6385 Schwendt",+43 5375 6715,gemeinde@schwendt.tirol.gv.at,way/176917076,Gemeindeamt Schwendt,8.7
AT-G-70419,Waidring,gemeinde,Tirol,,,,,,
AT-G-70420,Westendorf,gemeinde,Tirol,"Dorfplatz 1, 6363 Westendorf",,,way/156888806,Gemeindeamt Westendorf,8.1
AT-G-70501,Alpbach,gemeinde,Tirol,"Alpbach 168, 6236 Alpbach",+43 5336 5224,gemeinde@alpbach.gv.at,node/3036926603,Gemeindeamt Alpbach,8.4
AT-G-70502,Angath,gemeinde,Tirol,"Dorfplatz 1, 6321 Angath",+43 5332 74326,gemeindeamt@angath.at,node/3036926604,Gemeindeamt Angath,8.9
AT-G-70503,Bad Häring,gemeinde,Tirol,"Obere Dorfstraße 7, 6323 Bad Häring",+43 5332 76158,gemeinde@bad-haering.gv.at,node/3036926606,Gemeindeamt Bad Häring,8.8
AT-G-70504,Brandenberg,gemeinde,Tirol,"Brandenberg 8b, 6234 Brandenberg",+43 5331 5215,gemeinde@brandenberg.gv.at,node/3036971916,Gemeindeamt Brandenberg,7.8
AT-G-70505,Breitenbach am Inn,gemeinde,Tirol,"Dorf 94, 6252 Breitenbach am Inn",+43 5338 7274,gemeinde@breitenbach.tirol.gv.at,node/3036971917,Gemeindeamt Breitenbach am Inn,8.8
AT-G-70506,Brixlegg,gemeinde,Tirol,,,,,,
AT-G-70508,Ebbs,gemeinde,Tirol,,,,,,
AT-G-70509,Ellmau,gemeinde,Tirol,,,,,,
AT-G-70510,Erl,gemeinde,Tirol,,,,,,
AT-G-70511,Kirchbichl,gemeinde,Tirol,,,,,,
AT-G-70512,Kramsach,gemeinde,Tirol,,,,,,
AT-G-70513,Kufstein,gemeinde,Tirol,,,,,,
AT-G-70514,Kundl,gemeinde,Tirol,,,,,,
AT-G-70515,Langkampfen,gemeinde,Tirol,,,,,,
AT-G-70516,Mariastein,gemeinde,Tirol,"Mariastein 29, 6324 Mariastein",+43 5332 56476,gemeinde@mariastein.tirol.gv.at,node/3039602514,Mariastein,8.9
AT-G-70517,Münster,gemeinde,Tirol,,,,,,
AT-G-70518,Niederndorf,gemeinde,Tirol,,,,,,
AT-G-70519,Niederndorferberg,gemeinde,Tirol,,,,,,
AT-G-70520,Radfeld,gemeinde,Tirol,,,,,,
AT-G-70521,Rattenberg,gemeinde,Tirol,,,,,,
AT-G-70522,Reith im Alpbachtal,gemeinde,Tirol,,,,,,
AT-G-70523,Rettenschöss,gemeinde,Tirol,"Rettenschöss 66, 6347 Rettenschöss",+43 5373 61812,verwaltung@rettenschoess.tirol.gv.at,node/3039645647,Rettenschöss,8.4
AT-G-70524,Scheffau am Wilden Kaiser,gemeinde,Tirol,,,,,,
AT-G-70525,Schwoich,gemeinde,Tirol,,,,,,
AT-G-70526,Söll,gemeinde,Tirol,"Dorf 84, 6306 Söll",+43 5333 52100,gemeinde@soell.tirol.gv.at,node/316125890,Gemeindeamt Söll,8.4
AT-G-70527,Thiersee,gemeinde,Tirol,"Vorderthiersee 44, 6335 Thiersee",+43 5376 5231,gemeinde@thiersee.tirol.gv.at,node/3039645650,Gemeindeamt Thiersee,8.1
AT-G-70528,Angerberg,gemeinde,Tirol,"Linden 5, 6320 Angerberg",+43 5332 56323,gemeinde@angerberg.gv.at,node/3036926605,Gemeindeamt Angerberg,8.5
AT-G-70529,Walchsee,gemeinde,Tirol,"Alleestraße 24, 6344 Walchsee",+43 5374 5210,amtsleiter@walchsee.tirol.gv.at,node/3035624535,Gemeindeamt Walchsee,8.6
AT-G-70530,Wildschönau,gemeinde,Tirol,"Kirchen 116, 6311 Wildschönau",+43 5339 8110,gemeinde@wildschoenau.gv.at,node/3039645651,Gemeindeamt Wildschönau,7.9
AT-G-70531,Wörgl,gemeinde,Tirol,,,,,,
AT-G-70601,Faggen,gemeinde,Tirol,,,,,,
AT-G-70602,Fendels,gemeinde,Tirol,,,,,,
AT-G-70603,Fiss,gemeinde,Tirol,,,,,,
AT-G-70604,Fließ,gemeinde,Tirol,,,,,,
AT-G-70605,Flirsch,gemeinde,Tirol,,,,,,
AT-G-70606,Galtür,gemeinde,Tirol,,,,,,
AT-G-70607,Grins,gemeinde,Tirol,,,,,,
AT-G-70608,Ischgl,gemeinde,Tirol,"Dorfstraße 24, 6561 Ischgl",+43 5444 5222,gemeinde@ischgl.tirol.gv.at,node/4348647060,Gemeindeamt Ischgl,8.6
AT-G-70609,Kappl,gemeinde,Tirol,,,,,,
AT-G-70610,Kaunerberg,gemeinde,Tirol,,,,,,
AT-G-70611,Kaunertal,gemeinde,Tirol,,,,,,
AT-G-70612,Kauns,gemeinde,Tirol,,,,,,
AT-G-70613,Ladis,gemeinde,Tirol,,,,,,
AT-G-70614,Landeck,gemeinde,Tirol,,,,,,
AT-G-70615,Nauders,gemeinde,Tirol,"Nauders 221, 6543 Nauders",+43 5473 87213,gemeinde@nauders.gv.at,node/3051993082,Nauders,8.2
AT-G-70616,Pettneu am Arlberg,gemeinde,Tirol,,,,,,
AT-G-70617,Pfunds,gemeinde,Tirol,,,,,,
AT-G-70618,Pians,gemeinde,Tirol,,,,,,
AT-G-70619,Prutz,gemeinde,Tirol,,,,,,
AT-G-70620,Ried im Oberinntal,gemeinde,Tirol,,,,,,
AT-G-70621,St. Anton am Arlberg,gemeinde,Tirol,"Dorfstraße 46, 6580 St. Anton am Arlberg",+43 5446 2362,gemeinde@st-anton.at,node/1039461223,Sankt Anton am Arlberg,8.2
AT-G-70622,Schönwies,gemeinde,Tirol,,,,,,
AT-G-70623,See,gemeinde,Tirol,,,,,,
AT-G-70624,Serfaus,gemeinde,Tirol,,,,,,
AT-G-70625,Spiss,gemeinde,Tirol,,,,,,
AT-G-70626,Stanz bei Landeck,gemeinde,Tirol,,,,,,
AT-G-70627,Strengen,gemeinde,Tirol,,,,,,
AT-G-70628,Tobadill,gemeinde,Tirol,,,,,,
AT-G-70629,Tösens,gemeinde,Tirol,,,,,,
AT-G-70630,Zams,gemeinde,Tirol,"Hauptstraße 53, 6511 Zams",+43 5442 62288,gemeinde@zams.gv.at,node/3054198279,Zams,8.3
AT-G-70701,Abfaltersbach,gemeinde,Tirol,"Abfaltersbach 183, 9913 Abfaltersbach",+43 4846 6210,verwaltung@abfaltersbach.at,node/3059335902,Gemeindeamt Abfaltersbach,8.4
AT-G-70702,Ainet,gemeinde,Tirol,"Unterdörfl 90, 9951 Ainet",+43 4853 6300,gemeinde@ainet.gv.at,node/3059335903,Gemeindeamt Ainet,7.9
AT-G-70703,Amlach,gemeinde,Tirol,,,,,,
AT-G-70704,Anras,gemeinde,Tirol,,,,,,
AT-G-70705,Assling,gemeinde,Tirol,"Unterassling 28, 9911 Assling",+434855 8209 0,info@assling.at,way/149753874,Gemeindeamt Assling,8.3
AT-G-70706,Außervillgraten,gemeinde,Tirol,"Dorf 136, 9931 Außervillgraten",+43 4843 5522,gemeinde@ausservillgraten.gv.at,node/3059335907,Gemeindeamt Außervillgraten,8.5
AT-G-70707,Dölsach,gemeinde,Tirol,"Wenzel Platz 1, 9991 Dölsach",+43 4852 64333,gemeindeverwaltung@doelsach.at,node/3059335908,Dölsach,8.8
AT-G-70708,Gaimberg,gemeinde,Tirol,,,,,,
AT-G-70709,Hopfgarten in Defereggen,gemeinde,Tirol,"Dorf 46, 9961 Hopfgarten in Defereggen",+43 4872 5346,gde.hopfgarten@defnet.at,way/149607646,Hopfgarten in Defereggen,8.2
AT-G-70710,Innervillgraten,gemeinde,Tirol,"Gasse 78, 9932 Innervillgraten",+43 4843 53170,gemeinde@innervillgraten.at,way/126552329,Gemeindeamt Innervillgraten,8.3
AT-G-70711,Iselsberg-Stronach,gemeinde,Tirol,"Iselsberg 30, 9992 Iselsberg-Stronach",+43 4852 65300,office@gemeinde-iselsberg.at,node/3060956436,Gemeindeamt Iselsberg-Stronach,8.4
AT-G-70712,Kals am Großglockner,gemeinde,Tirol,,,,,,
AT-G-70713,Kartitsch,gemeinde,Tirol,"Kartitsch 80, 9941 Kartitsch",+43 4848 5248,gemeindeamt@kartitsch.at,node/3060956438,Gemeindeamt Kartitsch,8.2
AT-G-70714,Lavant,gemeinde,Tirol,,,,,,
AT-G-70715,Leisach,gemeinde,Tirol,,,,,,
AT-G-70716,Lienz,gemeinde,Tirol,"Hauptplatz 7, 9900 Lienz",+43 4852 600,rathaus@stadt-lienz.at,node/2063695093,Rathaus Stadtgemeinde Lienz,8.9
AT-G-70717,Matrei in Osttirol,gemeinde,Tirol,"Rauterplatz 1, 9971 Matrei in Osttirol",+43 4875 6805-0,gemeinde@matrei-ost.tirol.gv.at,way/151207789,Matrei in Osttirol,8.6
AT-G-70718,Nikolsdorf,gemeinde,Tirol,,,,,,
AT-G-70719,Nußdorf-Debant,gemeinde,Tirol,"Marktstraße 4, 9990 Nußdorf-Debant",+43 4852 62222,marktgemeinde@nussdorf-debant.at,node/1482828851,Nußdorf-Debant,8.4
AT-G-70720,Oberlienz,gemeinde,Tirol,,,,,,
AT-G-70721,Obertilliach,gemeinde,Tirol,"Dorf 4, 9942 Obertilliach",+43 4847 5210,gemeinde@obertilliach.gv.at,node/3046530086,Gemeindeamt Obertilliach,8.8
AT-G-70723,Prägraten am Großvenediger,gemeinde,Tirol,"St. Andrä 35a, 9974 Prägraten am Großvenediger",+43 4877 6363,gemeinde@praegraten.info,way/125145079,Prägraten am Großvenediger,7.9
AT-G-70724,St. Jakob in Defereggen,gemeinde,Tirol,,,,,,
AT-G-70725,St. Johann im Walde,gemeinde,Tirol,,,,,,
AT-G-70726,St. Veit in Defereggen,gemeinde,Tirol,,,,,,
AT-G-70727,Schlaiten,gemeinde,Tirol,,,,,,
AT-G-70728,Sillian,gemeinde,Tirol,"Sillian 86, 9920 Sillian",+43 4842 6321,gemeindeamt@marktgemeinde-sillian.at,node/1375855616,Gemeindeamt Sillian,8.3
AT-G-70729,Strassen,gemeinde,Tirol,"Dorfstraße 15, 9918 Strassen",+43 4846 6336,info@gemeinde-strassen.at,node/3062835814,Gemeindeamt Strassen,8.8
AT-G-70731,Thurn,gemeinde,Tirol,"Dorf 56, 9904 Thurn",+43 4852 64007,gemeinde-thurn@aon.at,node/3062835815,Gemeindeamt Thurn,8.4
AT-G-70732,Tristach,gemeinde,Tirol,,,,,,
AT-G-70733,Untertilliach,gemeinde,Tirol,"Kirchberg 62a, 9943 Untertilliach",+43 4847 5150,gemeinde@untertilliach.at,node/3062835817,Gemeindeamt Untertilliach,8.9
AT-G-70734,Virgen,gemeinde,Tirol,,,,,,
AT-G-70735,Heinfels,gemeinde,Tirol,"Panzendorf 126, 9919 Heinfels",+43 4842 6326,gemeinde@heinfels.at,node/3060956433,Gemeindeamt Heinfels,8.4
AT-G-70801,Bach,gemeinde,Tirol,"Oberbach 90, 6653 Bach",+43 5634 6355,gemeinde@bach.tirol.gv.at,node/1211057751,Bach,8.7
AT-G-70802,Berwang,gemeinde,Tirol,,,,,,
AT-G-70803,Biberwier,gemeinde,Tirol,"Fernpaßstraße 27, 6633 Biberwier",+43 5673 5305,amtsleiter@biberwier.tirol.gv.at,node/3062846290,Biberwier,8.8
AT-G-70804,Bichlbach,gemeinde,Tirol,"Kirchhof 58, 6621 Bichlbach",+43 5674 5205,gemeinde@bichlbach.gv.at,node/3062846291,Bichlbach,8.8
AT-G-70805,Breitenwang,gemeinde,Tirol,,,,,,
AT-G-70806,Ehenbichl,gemeinde,Tirol,"Schulweg 10, 6600 Ehenbichl",+43 5672 62083,gemeinde@ehenbichl.tirol.gv.at,node/3064841035,Gemeindeamt Ehenbichl,8.9
AT-G-70807,Ehrwald,gemeinde,Tirol,,,,,,
AT-G-70808,Elbigenalp,gemeinde,Tirol,,,,,,
AT-G-70809,Elmen,gemeinde,Tirol,,,,,,
AT-G-70810,Forchach,gemeinde,Tirol,,,,,,
AT-G-70811,Grän,gemeinde,Tirol,,,,,,
AT-G-70812,Gramais,gemeinde,Tirol,"Dorf 16, 6650 Gramais",+43 5634 6422,gemeinde@gramais.gv.at,node/3064841039,Gemeindeamt Gramais,8.9
AT-G-70813,Häselgehr,gemeinde,Tirol,,,,,,
AT-G-70814,Heiterwang,gemeinde,Tirol,,,,,,
AT-G-70815,Hinterhornbach,gemeinde,Tirol,,,,,,
AT-G-70816,Höfen,gemeinde,Tirol,,,,,,
AT-G-70817,Holzgau,gemeinde,Tirol,"Holzgau 45, 6654 Holzgau",+43 5633 5283,gemeinde@holzgau.tirol.gv.at,node/3065506245,Holzgau,8.8
AT-G-70818,Jungholz,gemeinde,Tirol,,,,,,
AT-G-70819,Kaisers,gemeinde,Tirol,,,,,,
AT-G-70820,Lechaschau,gemeinde,Tirol,,,,,,
AT-G-70821,Lermoos,gemeinde,Tirol,,,,,,
AT-G-70822,Musau,gemeinde,Tirol,"Hofstatt 85, 6600 Musau",+43 5677 8392,gemeinde@musau.tirol.gv.at,node/3065506248,Gemeindeamt Musau,8.8
AT-G-70823,Namlos,gemeinde,Tirol,,,,,,
AT-G-70824,Nesselwängle,gemeinde,Tirol,,,,,,
AT-G-70825,Pfafflar,gemeinde,Tirol,"Bschlabs 30, 6647 Pfafflar",+43 5635 20450,gemeinde@pfafflar.tirol.gv.at,node/3065506251,Pfafflar,9.0
AT-G-70826,Pflach,gemeinde,Tirol,,,,,,
AT-G-70827,Pinswang,gemeinde,Tirol,"Unterpinswang 1 b, 6600 Pinswang",+43 5677 8613,amtsleiter@pinswang.tirol.gv.at,node/3066806232,Gemeindeamt Pinswang,8.9
AT-G-70828,Reutte,gemeinde,Tirol,"Obermarkt 1, 6600 Reutte",+43 5672 72300,reutte@reutte.at,way/85586215,Reutte,8.7
AT-G-70829,Schattwald,gemeinde,Tirol,,,,,,
AT-G-70830,Stanzach,gemeinde,Tirol,,,,,,
AT-G-70831,Steeg,gemeinde,Tirol,,,,,,
AT-G-70832,Tannheim,gemeinde,Tirol,"Höf 36, 6675 Tannheim",+43 5675 6203,gemeinde@tannheim.tirol.gv.at,node/3066807058,Tannheim,8.9
AT-G-70833,Vils,gemeinde,Tirol,,,,,,
AT-G-70834,Vorderhornbach,gemeinde,Tirol,,,,,,
AT-G-70835,Wängle,gemeinde,Tirol,,,,,,
AT-G-70836,Weißenbach am Lech,gemeinde,Tirol,,,,,,
AT-G-70837,Zöblen,gemeinde,Tirol,,,,,,
AT-G-70901,Achenkirch,gemeinde,Tirol,,,,,,
AT-G-70902,Aschau im Zillertal,gemeinde,Tirol,,,,,,
AT-G-70903,Brandberg,gemeinde,Tirol,,,,,,
AT-G-70904,Bruck am Ziller,gemeinde,Tirol,,,,,,
AT-G-70905,Buch in Tirol,gemeinde,Tirol,"St. Margarethen 108, 6220 Buch in Tirol",+43 5244 62496,gemeinde@buch.tirol.gv.at,node/3055954740,Gemeindeamt Buch in Tirol,8.9
AT-G-70907,Eben am Achensee,gemeinde,Tirol,,,,,,
AT-G-70908,Finkenberg,gemeinde,Tirol,,,,,,
AT-G-70909,Fügen,gemeinde,Tirol,,,,,,
AT-G-70910,Fügenberg,gemeinde,Tirol,,,,,,
AT-G-70911,Gallzein,gemeinde,Tirol,"Gallzein 58a, 6222 Gallzein",+43 5244 63283,gemeinde@gallzein.tirol.gv.at,node/3056109436,Gallzein,8.7
AT-G-70912,Gerlos,gemeinde,Tirol,,,,,,
AT-G-70913,Gerlosberg,gemeinde,Tirol,,,,,,
AT-G-70914,Hainzenberg,gemeinde,Tirol,"Dörfl 360, 6278 Hainzenberg",+43 5282 2518,gemeinde@hainzenberg.tirol.gv.at,node/3056109439,Hainzenberg,8.2
AT-G-70915,Hart im Zillertal,gemeinde,Tirol,,,,,,
AT-G-70916,Hippach,gemeinde,Tirol,,,,,,
AT-G-70917,Jenbach,gemeinde,Tirol,"Südtiroler Platz 2, 6200 Jenbach",+43 5244 6930,gemeinde@jenbach.at,way/35840030,Marktgemeindeamt,6.8
AT-G-70918,Kaltenbach,gemeinde,Tirol,"Schmiedau 17, 6272 Kaltenbach",+43 5283 2210,gemeinde@kaltenbach.tirol.gv.at,node/3059131720,Kaltenbach,8.6
AT-G-70920,Mayrhofen,gemeinde,Tirol,,,,,,
AT-G-70921,Pill,gemeinde,Tirol,"Dorf 9, 6136 Pill",+43 5242 64191,gemeinde@pill.tirol.gv.at,way/224121086,Gemeindeamt Pill,8.6
AT-G-70922,Ramsau im Zillertal,gemeinde,Tirol,"Ramsau 265, 6284 Ramsau im Zillertal",+43 5282 3662,gemeinde@ramsau.tirol.gv.at,node/3059134843,Ramsau im Zillertal,8.4
AT-G-70923,Ried im Zillertal,gemeinde,Tirol,,,,,,
AT-G-70924,Rohrberg,gemeinde,Tirol,,,,,,
AT-G-70925,Schlitters,gemeinde,Tirol,,,,,,
AT-G-70926,Schwaz,gemeinde,Tirol,"Franz-Josef-Straße 2, 6130 Schwaz",+43 5242 6960,stadtamt@schwaz.at,node/3059261371,Stadtgemeinde Schwaz,8.9
AT-G-70927,Schwendau,gemeinde,Tirol,,,,,,
AT-G-70928,Stans,gemeinde,Tirol,"Unterdorf 62, 6135 Stans",+43 5242 63578,gemeinde@stans.co.at,way/186155430,Gemeindeamt,6.9
AT-G-70929,Steinberg am Rofan,gemeinde,Tirol,,,,,,
AT-G-70930,Strass im Zillertal,gemeinde,Tirol,,,,,,
AT-G-70931,Stumm,gemeinde,Tirol,,,,,,
AT-G-70932,Stummerberg,gemeinde,Tirol,,,,,,
AT-G-70933,Terfens,gemeinde,Tirol,,,,,,
AT-G-70934,Tux,gemeinde,Tirol,,,,,,
AT-G-70935,Uderns,gemeinde,Tirol,,,,,,
AT-G-70936,Vomp,gemeinde,Tirol,,,,,,
AT-G-70937,Weer,gemeinde,Tirol,,,,,,
AT-G-70938,Weerberg,gemeinde,Tirol,,,,,,
AT-G-70939,Wiesing,gemeinde,Tirol,,,,,,
AT-G-70940,Zell am Ziller,gemeinde,Tirol,,,,,,
AT-G-70941,Zellberg,gemeinde,Tirol,,,,,,
AT-G-80101,Bartholomäberg,gemeinde,Vorarlberg,"Luttweg 1, 6781 Bartholomäberg",,,way/127321896,Gemeindeamt Bartholomäberg,8.3
AT-G-80102,Blons,gemeinde,Vorarlberg,,,,,,
AT-G-80103,Bludenz,gemeinde,Vorarlberg,"Werdenbergerstraße 42, 6700 Bludenz",+43 5552 63621,stadt@bludenz.at,way/204548569,Rathaus Bludenz,8.7
AT-G-80104,Bludesch,gemeinde,Vorarlberg,"Hauptstraße 9, 6719",,,way/293012355,Gemeindeamt Bludesch,5.4
AT-G-80105,Brand,gemeinde,Vorarlberg,"Mühledörfle 40, 6708 Brand",,,way/183247307,Gemeindeamt,6.1
AT-G-80106,Bürs,gemeinde,Vorarlberg,"Dorfplatz 5, 6706 Bürs",+43 5552 62812,gemeinde@buers.at,way/377619101,Gemeindeamt Bürs,8.8
AT-G-80107,Bürserberg,gemeinde,Vorarlberg,"Boden 1, 6707 Bürserberg",,,way/293015142,Gemeindeamt Bürserberg,8.3
AT-G-80108,Dalaas,gemeinde,Vorarlberg,,,,,,
AT-G-80109,Fontanella,gemeinde,Vorarlberg,"Kirchberg 25, 6733 Fontanella",+43 5554 521511,,way/257759686,Gemeindeamt Fontanella,8.9
AT-G-80110,Gaschurn,gemeinde,Vorarlberg,"Dorfstraße 2, 6793 Gaschurn",+43 5558 8202 0,gemeinde@gaschurn.at,node/6833978090,,6.6
AT-G-80111,Innerbraz,gemeinde,Vorarlberg,"Arlbergstraße 90, 6751 Innerbraz",+43 5552 28111,gemeinde@innerbraz.at,way/438210652,Gemeindehaus Innerbraz,8.9
AT-G-80112,Klösterle,gemeinde,Vorarlberg,,,,,,
AT-G-80113,Lech,gemeinde,Vorarlberg,,,,,,
AT-G-80114,Lorüns,gemeinde,Vorarlberg,"Lorüns 1, 6700 Lorüns",,,way/293036872,Gemeindeamt Lorüns,7.9
AT-G-80115,Ludesch,gemeinde,Vorarlberg,"Raiffeisenstraße 56, 6713 Ludesch",,,node/2965916671,Gemeindeamt Ludesch,8.5
AT-G-80116,Nenzing,gemeinde,Vorarlberg,"Landstraße 1, 6710 Nenzing",,,way/211426202,Rathaus Marktgemeinde Nenzing,8.0
AT-G-80117,Nüziders,gemeinde,Vorarlberg,,,,,,
AT-G-80118,Raggal,gemeinde,Vorarlberg,"Raggal 220, 6741 Raggal",+43 5553 201,,node/2966004876,Gemeindehaus Raggal,8.6
AT-G-80119,St. Anton im Montafon,gemeinde,Vorarlberg,"Montafonerstraße 64, 6771 St. Anton im Montafon",+43555267191,,way/308586338,Gemeindeamt Sankt Anton im Montafon,9.0
AT-G-80120,St. Gallenkirch,gemeinde,Vorarlberg,"Montafonerstraße 4, 6791 St. Gallenkirch",+43 5557 6205 0,gemeindeamt@st.gallenkirch.at,node/2967291831,Gemeindeamt St. Gallenkirch,8.6
AT-G-80121,St. Gerold,gemeinde,Vorarlberg,,,,,,
AT-G-80122,Schruns,gemeinde,Vorarlberg,"Kirchplatz 2, 6780 Schruns",+43 5556 724 35,gemeinde@schruns.at,way/51149928,Gemeindeamt Schruns,8.9
AT-G-80123,Silbertal,gemeinde,Vorarlberg,"Dorfstraße 8, 6782 Silbertal",,,way/131743503,Gemeindeamt Silbertal,7.9
AT-G-80124,Sonntag,gemeinde,Vorarlberg,"Boden 57, 6731 Sonntag",,,node/340515046,6731 Sonntag,8.1
AT-G-80125,Stallehr,gemeinde,Vorarlberg,"Stallehr 19, 6700 Stallehr",+43 5552 65750,gemeinde@stallehr.at,way/135904456,Gemeindeamt Stallehr,9.0
AT-G-80126,Thüringen,gemeinde,Vorarlberg,"Walgaustraße 20, 6712",,,node/2967296572,Gemeindeamt Thüringen,5.4
AT-G-80127,Thüringerberg,gemeinde,Vorarlberg,,,,,,
AT-G-80128,Tschagguns,gemeinde,Vorarlberg,"Latschaustraße 1, 6774",,,node/2967300436,Gemeindeamt Tschagguns,5.0
AT-G-80129,Vandans,gemeinde,Vorarlberg,"Dorfstraße 26, 6773 Vandans",,,node/2967338809,Gemeindeamt Vandans,8.0
AT-G-80201,Alberschwende,gemeinde,Vorarlberg,"Hof 3, 6861 Alberschwende",,,way/193299695,Gemeindeamt Alberschwende,7.8
AT-G-80202,Andelsbuch,gemeinde,Vorarlberg,"Hof 351, 6866 Andelsbuch",,,way/150726152,Gemeindeamt Andelsbuch,7.8
AT-G-80203,Au,gemeinde,Vorarlberg,"Argenau 376, 6883 Au",,,way/229065019,Gemeindeamt Au,8.2
AT-G-80204,Bezau,gemeinde,Vorarlberg,,,,,,
AT-G-80205,Bildstein,gemeinde,Vorarlberg,"Dorf 83, 6858 Bildstein",+43 5572 58384,gemeinde.bildstein@cnv.at,way/188277004,Gemeindeamt Bildstein,8.3
AT-G-80206,Bizau,gemeinde,Vorarlberg,"Kirchdorf 340, 6874 Bizau",,,way/259272509,Gemeindeamt Bizau,7.8
AT-G-80207,Bregenz,gemeinde,Vorarlberg,,,,,,
AT-G-80208,Buch,gemeinde,Vorarlberg,"Heimen 67, 6960",+43 5579 8212,gemeindeamt@buch.cnv.at,node/2965713616,Gemeindeamt Buch,5.9
AT-G-80209,Damüls,gemeinde,Vorarlberg,"Damüls 136, 6884 Damüls",,,way/293017481,Gemeindeamt Damüls,7.8
AT-G-80210,Doren,gemeinde,Vorarlberg,,,,,,
AT-G-80211,Egg,gemeinde,Vorarlberg,"Loco 873, 6863 Egg",,,way/280029695,Gemeindeamt Egg,7.2
AT-G-80212,Eichenberg,gemeinde,Vorarlberg,"Dorf 53, 6911 Eichenberg",+43 5574 426 95,gemeindeamt.eichenberg@cnv.at,node/2965816164,Gemeindeamt Eichenberg,8.3
AT-G-80213,Fußach,gemeinde,Vorarlberg,"Baumgarten 2, 6972 Fußach",,,way/86277687,Gemeindeamt Fussach,8.3
AT-G-80214,Gaißau,gemeinde,Vorarlberg,,,,,,
AT-G-80215,Hard,gemeinde,Vorarlberg,"Marktstraße 18, 6971 Hard",+43 5574 6970,,way/67301192,,6.8
AT-G-80216,Hittisau,gemeinde,Vorarlberg,"Platz 370, 6952 Hittisau",,,way/180155570,Gemeindeamt,6.2
AT-G-80217,Höchst,gemeinde,Vorarlberg,"Hauptstraße 15, 6973 Höchst",,,way/129951416,Gemeindeamt Höchst,8.1
AT-G-80218,Hörbranz,gemeinde,Vorarlberg,"Lindauer Straße 58, 6912 Hörbranz",,,way/86251664,Gemeindeamt Hörbranz,8.4
AT-G-80219,Hohenweiler,gemeinde,Vorarlberg,"Dorf 41, 6914",,,node/2965854593,Gemeindeamt Hohenweiler,5.4
AT-G-80220,Kennelbach,gemeinde,Vorarlberg,"Friedrich-Schindler-Straße 1, 6921",+43 5574 71898 0,info@kennelbach.at,way/151411198,Gemeindeamt Kennelbach,5.9
AT-G-80221,Krumbach,gemeinde,Vorarlberg,"Dorf 2, 6942 Krumbach",,,way/293033983,Gemeindeamt Krumbach,8.3
AT-G-80222,Langen bei Bregenz,gemeinde,Vorarlberg,"Dorf 150a, 6932",+43 5575 4415,gemeinde@langen.at,node/2965889645,Gemeindeamt Langen bei Bregenz,5.8
AT-G-80223,Langenegg,gemeinde,Vorarlberg,"Bach 127, 6941 Langenegg",+435513 41 01 0,,node/455226153,Gemeindeamt Langenegg,9.0
AT-G-80224,Lauterach,gemeinde,Vorarlberg,"Hofsteigstraße 2a, 6923 Lauterach",+43 5574 6802 0,marktgemeinde@lauterach.at,node/3716324250,Rathaus Lauterach,8.7
AT-G-80225,Lingenau,gemeinde,Vorarlberg,"Hof 258, 6951 Lingenau",,gemeinde@lingenau.at,way/251596009,Gemeindeamt Lingenau,7.9
AT-G-80226,Lochau,gemeinde,Vorarlberg,,,,,,
AT-G-80227,Mellau,gemeinde,Vorarlberg,,,,,,
AT-G-80228,Mittelberg,gemeinde,Vorarlberg,,,,,,
AT-G-80229,Möggers,gemeinde,Vorarlberg,"Weienried 80, 6900",,,node/2966000247,Gemeindeamt Möggers,5.4
AT-G-80230,Reuthe,gemeinde,Vorarlberg,"Reuthe 139, 6870",,,node/2966003605,Gemeindehaus Reuthe,5.3
AT-G-80231,Riefensberg,gemeinde,Vorarlberg,"Dorf 147, 6943",,,way/293045075,Gemeindeamt Riefensberg,5.4
AT-G-80232,Schnepfau,gemeinde,Vorarlberg,"Kirchdorf 38, 6882 Schnepfau",,,way/293151836,Gemeindeamt Schnepfau,7.9
AT-G-80233,Schoppernau,gemeinde,Vorarlberg,"Unterdorf 2b, 6886",,,node/2967256120,Gemeindeamt Schoppernau,5.3
AT-G-80234,Schröcken,gemeinde,Vorarlberg,"Heimboden 2, 6888 Schröcken",,,node/329994080,Gemeindeverwaltung,6.4
AT-G-80235,Schwarzach,gemeinde,Vorarlberg,"Am Dorfplatz 2, 6858",+43 5572 58115 0,gemeinde@schwarzach.at,node/2967252504,Gemeindeamt Schwarzach,5.9
AT-G-80236,Schwarzenberg,gemeinde,Vorarlberg,"Hof 454, 6867 Schwarzenberg",,,way/263671429,Gemeindeamt Schwarzenberg,8.3
AT-G-80237,Sibratsgfäll,gemeinde,Vorarlberg,,,,,,
AT-G-80238,Sulzberg,gemeinde,Vorarlberg,"Dorf 1a, 6934 Sulzberg",+43 5516 2213 0,gemeinde@sulzberg.at,way/133756297,Gemeindeamt Sulzberg,8.9
AT-G-80239,Warth,gemeinde,Vorarlberg,,,,,,
AT-G-80240,Wolfurt,gemeinde,Vorarlberg,"Schulstraße 1, 6922 Wolfurt",+43 5574 6840 0,gemeinde@wolfurt.at,way/155170396,Gemeindeamt Wolfurt,9.0
AT-G-80301,Dornbirn,gemeinde,Vorarlberg,,,,,,
AT-G-80302,Hohenems,gemeinde,Vorarlberg,"Radetzkystraße 5, 6845 Hohenems",,,way/1111857740,Rathaus,6.4
AT-G-80303,Lustenau,gemeinde,Vorarlberg,"Rathausstraße 1, 6890 Lustenau",,,way/93524929,Rathaus Lustenau,8.4
AT-G-80401,Altach,gemeinde,Vorarlberg,"Berkmannweg 2, 6844 Altach",+43 5576 7178 0,gemeinde@altach.at,way/292829768,Gemeindeamt Altach,8.9
AT-G-80402,Düns,gemeinde,Vorarlberg,"Dorfstraße 11, 6822 Düns",+43 5524 2311 14,direktion@vs.duens.at,way/360773266,Gemeindeamt Düns,8.8
AT-G-80403,Dünserberg,gemeinde,Vorarlberg,"Montanast 22, 6822 Dünserberg",,,way/361020924,Gemeindeamt Dünserberg,8.5
AT-G-80404,Feldkirch,gemeinde,Vorarlberg,"Schmiedgasse 1, 6800 Feldkirch",+43 5522 3041113,,way/164580805,Rathaus Feldkirch,8.7
AT-G-80405,Frastanz,gemeinde,Vorarlberg,,,,,,
AT-G-80406,Fraxern,gemeinde,Vorarlberg,"Im Dorf 3, 6833 Fraxern",+43 5523 64511,gemeinde@fraxern.at,way/609111433,Gemeindeamt Fraxern,8.7
AT-G-80407,Göfis,gemeinde,Vorarlberg,"Kirchstraße 2, 6811 Göfis",,,way/161308789,Gemeindeamt Göfis,8.5
AT-G-80408,Götzis,gemeinde,Vorarlberg,"Bahnhofstraße 15, 6840 Götzis",+43 5523 5986,marktgemeinde@goetzis.at,way/29452897,Rathaus,6.9
AT-G-80409,Klaus,gemeinde,Vorarlberg,"Anna-Henslerstraße 15, 6833 Klaus",+43 5523 62536 0,gemeinde@klaus.cnv.at,way/123267227,Gemeindeamt Klaus,8.9
AT-G-80410,Koblach,gemeinde,Vorarlberg,"Werben 9, 6842 Koblach",,,way/207500402,Gemeindeamt Koblach,8.4
AT-G-80411,Laterns,gemeinde,Vorarlberg,"Laternserstraße 6, 6830 Laterns",,,way/293035227,Gemeindeamt Laterns,7.9
AT-G-80412,Mäder,gemeinde,Vorarlberg,"Alte Schulstraße 7, 6841 Mäder",,,way/177868239,Gemeindeamt Mäder,8.4
AT-G-80413,Meiningen,gemeinde,Vorarlberg,"Schweizer Straße 58, 6812 Meiningen",,,way/293037757,Gemeindeamt Meiningen,8.4
AT-G-80414,Rankweil,gemeinde,Vorarlberg,"Am Marktplatz 1, 6830 Rankweil",,,way/78255384,Rathaus Rankweil,8.4
AT-G-80415,Röns,gemeinde,Vorarlberg,"Magnusplatz 1, 6822 Röns",+43 5524 8144,gemeinde@roens.at,node/2966012003,Gemeindeamt Röns,8.9
AT-G-80416,Röthis,gemeinde,Vorarlberg,,,,,,
AT-G-80417,Satteins,gemeinde,Vorarlberg,"Kirchstraße 15, Satteins",,,way/108948503,Gemeindeamt Satteins,5.4
AT-G-80418,Schlins,gemeinde,Vorarlberg,"Hauptstraße 47, 6824 Schlins",,,way/127325008,Gemeindeamt,6.5
AT-G-80419,Schnifis,gemeinde,Vorarlberg,"Jagdbergstraße 200, 6822 Schnifis",,,way/293151943,Gemeindeamt Schnifis,8.4
AT-G-80420,Sulz,gemeinde,Vorarlberg,"Hummelbergstraße 9, 6832 Sulz",,,way/128912398,Gemeindeamt Sulz,8.5
AT-G-80421,Übersaxen,gemeinde,Vorarlberg,"Dorfstraße 2, 6834 Übersaxen",,,way/293157978,Gemeindeamt Übersaxen,8.4
AT-G-80422,Viktorsberg,gemeinde,Vorarlberg,"Hauptstraße 36, 6836 Viktorsberg",+43 5523 64712,gemeinde@viktorsberg.at,way/293161404,Gemeindeamt Viktorsberg,8.6
AT-G-80423,Weiler,gemeinde,Vorarlberg,"Johann-Georg-Seyfried-Weg 1, 6837 Weiler",+43 5523 51100,gemeindeamt@gemeinde-weiler.at,node/9793365374,Gemeindeamt Weiler,8.9
AT-G-80424,Zwischenwasser,gemeinde,Vorarlberg,"Hauptstraße 14, 6835 Zwischenwasser",+43 5522 4915,gemeinde@zwischenwasser.at,way/293162156,Gemeindeamt Zwischenwasser,8.7
AT-G-90001,Wien,gemeinde,Wien,"Rathausplatz 1, 1010 Wien",,,relation/11101,Rathaus,6.4
