key,name,level,state,domain,website,source
DE-G-01001000,Flensburg,gemeinde,Schleswig-Holstein,flensburg.de,https://www.flensburg.de/,wikidata
DE-G-01002000,Kiel,gemeinde,Schleswig-Holstein,kiel.de,https://www.kiel.de/,wikidata
DE-G-01003000,Lübeck,gemeinde,Schleswig-Holstein,luebeck.de,https://www.luebeck.de/,wikidata
DE-G-01004000,Neumünster,gemeinde,Schleswig-Holstein,neumuenster.de,https://www.neumuenster.de/,wikidata
DE-G-01051011,Brunsbüttel,gemeinde,Schleswig-Holstein,brunsbuettel.de,https://www.stadt.brunsbuettel.de/,wikidata
DE-G-01051044,Heide,gemeinde,Schleswig-Holstein,heide.de,https://www.heide.de/,wikidata
DE-G-01053032,Geesthacht,gemeinde,Schleswig-Holstein,geesthacht.de,https://www.geesthacht.de/,wikidata
DE-G-01053083,Lauenburg/ Elbe,gemeinde,Schleswig-Holstein,lauenburg.de,https://www.lauenburg.de/,wikidata
DE-G-01053090,Mölln,gemeinde,Schleswig-Holstein,moelln.de,https://www.moelln.de/,wikidata
DE-G-01053100,Ratzeburg,gemeinde,Schleswig-Holstein,ratzeburg.de,https://www.ratzeburg.de/,wikidata
DE-G-01053116,Schwarzenbek,gemeinde,Schleswig-Holstein,schwarzenbek.de,https://www.schwarzenbek.de/,wikidata
DE-G-01053129,Wentorf bei Hamburg,gemeinde,Schleswig-Holstein,wentorf.de,https://www.wentorf.de/,wikidata
DE-G-01054033,Friedrichstadt,gemeinde,Schleswig-Holstein,friedrichstadt.de,https://www.friedrichstadt.de/,wikidata
DE-G-01054056,Husum,gemeinde,Schleswig-Holstein,husum.org,https://www.husum.org/,wikidata
DE-G-01054108,Reußenköge,gemeinde,Schleswig-Holstein,reussenkoege.de,https://www.reussenkoege.de/,wikidata
DE-G-01054138,Tönning,gemeinde,Schleswig-Holstein,toenning.de,https://www.toenning.de/,wikidata
DE-G-01054168,Sylt,gemeinde,Schleswig-Holstein,gemeinde-sylt.de,https://gemeinde-sylt.de/,wikidata
DE-G-01055001,Ahrensbök,gemeinde,Schleswig-Holstein,ahrensboek.de,https://www.ahrensboek.de/,wikidata
DE-G-01055004,Bad Schwartau,gemeinde,Schleswig-Holstein,bad-schwartau.de,https://www.bad-schwartau.de/,wikidata
DE-G-01055007,Bosau,gemeinde,Schleswig-Holstein,gemeinde-bosau.de,https://www.gemeinde-bosau.de/,wikidata
DE-G-01055010,Dahme,gemeinde,Schleswig-Holstein,groemitz.eu,https://www.groemitz.eu/dahme/,wikidata
DE-G-01055012,Eutin,gemeinde,Schleswig-Holstein,vg-eutin-suesel.de,https://www.vg-eutin-suesel.de/Stadt-Eutin/Stadt/,wikidata
DE-G-01055016,Grömitz,gemeinde,Schleswig-Holstein,groemitz.eu,https://www.groemitz.eu/,wikidata
DE-G-01055018,Grube,gemeinde,Schleswig-Holstein,gemeinde-grube.de,https://www.gemeinde-grube.de/,wikidata
DE-G-01055021,Heiligenhafen,gemeinde,Schleswig-Holstein,heiligenhafen.de,https://www.heiligenhafen.de/,wikidata
DE-G-01055025,Kellenhusen (Ostsee),gemeinde,Schleswig-Holstein,gemeinde-kellenhusen.de,https://www.gemeinde-kellenhusen.de/,wikidata
DE-G-01055028,Malente,gemeinde,Schleswig-Holstein,malente.de,https://www.malente.de/,wikidata
DE-G-01055032,Neustadt in Holstein,gemeinde,Schleswig-Holstein,stadt-neustadt.de,https://www.stadt-neustadt.de/,wikidata
DE-G-01055033,Oldenburg in Holstein,gemeinde,Schleswig-Holstein,oldenburg-holstein.de,https://www.oldenburg-holstein.de/,wikidata
DE-G-01055035,Ratekau,gemeinde,Schleswig-Holstein,ratekau.de,https://www.ratekau.de/,wikidata
DE-G-01055040,Stockelsdorf,gemeinde,Schleswig-Holstein,stockelsdorf.de,https://stockelsdorf.de/,wikidata
DE-G-01055041,Süsel,gemeinde,Schleswig-Holstein,suesel.de,http://www.suesel.de,wikidata
DE-G-01055042,Timmendorfer Strand,gemeinde,Schleswig-Holstein,timmendorfer-strand.org,https://www.timmendorfer-strand.org/,wikidata
DE-G-01055044,Scharbeutz,gemeinde,Schleswig-Holstein,gemeinde-scharbeutz.de,https://www.gemeinde-scharbeutz.de/,wikidata
DE-G-01055046,Fehmarn,gemeinde,Schleswig-Holstein,stadtfehmarn.de,https://www.stadtfehmarn.de/,wikidata
DE-G-01056002,Barmstedt,gemeinde,Schleswig-Holstein,barmstedt.de,http://www.barmstedt.de/,wikidata
DE-G-01056005,Bönningstedt,gemeinde,Schleswig-Holstein,boenningstedt.de,https://www.boenningstedt.de/,wikidata
DE-G-01056015,Elmshorn,gemeinde,Schleswig-Holstein,elmshorn.de,https://www.elmshorn.de/,wikidata
DE-G-01056018,Halstenbek,gemeinde,Schleswig-Holstein,halstenbek.de,https://www.halstenbek.de/,wikidata
DE-G-01056021,Hasloh,gemeinde,Schleswig-Holstein,hasloh.de,https://www.hasloh.de/,wikidata
DE-G-01056025,Helgoland,gemeinde,Schleswig-Holstein,helgoland.de,https://www.helgoland.de/rathaus,wikidata
DE-G-01056039,Pinneberg,gemeinde,Schleswig-Holstein,pinneberg.de,https://www.pinneberg.de/,wikidata
DE-G-01056041,Quickborn,gemeinde,Schleswig-Holstein,quickborn.de,https://www.quickborn.de/,wikidata
DE-G-01056043,Rellingen,gemeinde,Schleswig-Holstein,rellingen.de,https://www.rellingen.de/,wikidata
DE-G-01056044,Schenefeld,gemeinde,Schleswig-Holstein,stadt-schenefeld.de,https://www.stadt-schenefeld.de/,wikidata
DE-G-01056048,Tornesch,gemeinde,Schleswig-Holstein,tornesch.de,https://www.tornesch.de/,wikidata
DE-G-01056049,Uetersen,gemeinde,Schleswig-Holstein,uetersen.de,https://uetersen.de/,wikidata
DE-G-01056050,Wedel,gemeinde,Schleswig-Holstein,wedel.de,https://www.wedel.de/,wikidata
DE-G-01057001,Ascheberg (Holstein),gemeinde,Schleswig-Holstein,ascheberg-holstein.de,https://ascheberg-holstein.de/,wikidata
DE-G-01057008,Bönebüttel,gemeinde,Schleswig-Holstein,gemeinde-boenebuettel.de,https://www.gemeinde-boenebuettel.de/,wikidata
DE-G-01057009,Bösdorf,gemeinde,Schleswig-Holstein,boesdorf-holstein.de,https://www.boesdorf-holstein.de/,wikidata
DE-G-01057057,Plön,gemeinde,Schleswig-Holstein,ploen.de,https://www.ploen.de/,wikidata
DE-G-01057062,Preetz,gemeinde,Schleswig-Holstein,preetz.de,https://www.preetz.de/,wikidata
DE-G-01057091,Schwentinental,gemeinde,Schleswig-Holstein,schwentinental.de,https://www.schwentinental.de/,wikidata
DE-G-01058005,Altenholz,gemeinde,Schleswig-Holstein,altenholz.de,https://www.altenholz.de/,wikidata
DE-G-01058034,Büdelsdorf,gemeinde,Schleswig-Holstein,buedelsdorf.de,https://www.buedelsdorf.de/,wikidata
DE-G-01058043,Eckernförde,gemeinde,Schleswig-Holstein,eckernfoerde.de,https://www.eckernfoerde.de/,wikidata
DE-G-01058092,Kronshagen,gemeinde,Schleswig-Holstein,kronshagen.de,https://www.kronshagen.de/,wikidata
DE-G-01058135,Rendsburg,gemeinde,Schleswig-Holstein,rendsburg.de,https://www.rendsburg.de/,wikidata
DE-G-01058169,Wasbek,gemeinde,Schleswig-Holstein,wasbek.de,https://www.wasbek.de/,wikidata
DE-G-01059045,Kappeln,gemeinde,Schleswig-Holstein,kappeln.de,https://www.kappeln.de/,wikidata
DE-G-01059075,Schleswig,gemeinde,Schleswig-Holstein,schleswig.de,https://www.schleswig.de,wikidata
DE-G-01059113,Glücksburg (Ostsee),gemeinde,Schleswig-Holstein,gluecksburg.de,https://stadt.gluecksburg.de/,wikidata
DE-G-01059120,Harrislee,gemeinde,Schleswig-Holstein,harrislee.de,https://www.harrislee.de/,wikidata
DE-G-01059183,Handewitt,gemeinde,Schleswig-Holstein,gemeinde-handewitt.de,https://www.gemeinde-handewitt.de/,wikidata
DE-G-01060004,Bad Bramstedt,gemeinde,Schleswig-Holstein,bad-bramstedt.de,https://www.bad-bramstedt.de/,wikidata
DE-G-01060005,Bad Segeberg,gemeinde,Schleswig-Holstein,bad-segeberg.de,https://www.bad-segeberg.de/,wikidata
DE-G-01060019,Ellerau,gemeinde,Schleswig-Holstein,ellerau.de,https://ellerau.de/,wikidata
DE-G-01060039,Henstedt-Ulzburg,gemeinde,Schleswig-Holstein,henstedt-ulzburg.de,https://www.henstedt-ulzburg.de/,wikidata
DE-G-01060044,Kaltenkirchen,gemeinde,Schleswig-Holstein,kaltenkirchen.de,https://www.kaltenkirchen.de/,wikidata
DE-G-01060063,Norderstedt,gemeinde,Schleswig-Holstein,norderstedt.de,https://www.norderstedt.de/,wikidata
DE-G-01060092,Wahlstedt,gemeinde,Schleswig-Holstein,wahlstedt.de,https://www.wahlstedt.de/,wikidata
DE-G-01061029,Glückstadt,gemeinde,Schleswig-Holstein,glueckstadt.de,https://www.glueckstadt.de/,wikidata
DE-G-01061046,Itzehoe,gemeinde,Schleswig-Holstein,itzehoe.de,https://www.itzehoe.de/,wikidata
DE-G-01061113,Wilster,gemeinde,Schleswig-Holstein,wilster.de,https://www.wilster.de/,wikidata
DE-G-01062001,Ahrensburg,gemeinde,Schleswig-Holstein,ahrensburg.de,https://www.ahrensburg.de/,wikidata
DE-G-01062004,Bad Oldesloe,gemeinde,Schleswig-Holstein,badoldesloe.de,https://www.badoldesloe.de/,wikidata
DE-G-01062006,Bargteheide,gemeinde,Schleswig-Holstein,bargteheide.de,https://www.bargteheide.de/,wikidata
DE-G-01062009,Barsbüttel,gemeinde,Schleswig-Holstein,barsbuettel.de,https://www.barsbuettel.de/,wikidata
DE-G-01062018,Glinde,gemeinde,Schleswig-Holstein,glinde.de,https://www.glinde.de/,wikidata
DE-G-01062023,Großhansdorf,gemeinde,Schleswig-Holstein,grosshansdorf.de,https://www.grosshansdorf.de/,wikidata
DE-G-01062053,Oststeinbek,gemeinde,Schleswig-Holstein,oststeinbek.de,https://www.oststeinbek.de/,wikidata
DE-G-01062060,Reinbek,gemeinde,Schleswig-Holstein,reinbek.de,https://www.reinbek.de/,wikidata
DE-G-01062061,Reinfeld (Holstein),gemeinde,Schleswig-Holstein,reinfeld.de,https://www.reinfeld.de/,wikidata
DE-G-01062076,Tangstedt,gemeinde,Schleswig-Holstein,tangstedt-stormarn.de,https://www.tangstedt-stormarn.de/,wikidata
DE-G-01062090,Ammersbek,gemeinde,Schleswig-Holstein,ammersbek.de,https://www.ammersbek.de/,wikidata
DE-G-02000000,Hamburg,gemeinde,Hamburg,hamburg.de,https://www.hamburg.de/,wikidata
DE-G-03101000,Braunschweig,gemeinde,Niedersachsen,braunschweig.de,https://www.braunschweig.de/,wikidata
DE-G-03102000,Salzgitter,gemeinde,Niedersachsen,salzgitter.de,https://www.salzgitter.de/,wikidata
DE-G-03103000,Wolfsburg,gemeinde,Niedersachsen,wolfsburg.de,https://www.wolfsburg.de/,wikidata
DE-G-03151009,Gifhorn,gemeinde,Niedersachsen,stadt-gifhorn.de,https://www.stadt-gifhorn.de/,wikidata
DE-G-03151025,Sassenburg,gemeinde,Niedersachsen,sassenburg.de,https://www.sassenburg.de/,wikidata
DE-G-03151040,Wittingen,gemeinde,Niedersachsen,wittingen.eu,https://www.wittingen.eu/,wikidata
DE-G-03153002,Bad Harzburg,gemeinde,Niedersachsen,stadt-bad-harzburg.de,https://www.stadt-bad-harzburg.de/,wikidata
DE-G-03153008,Liebenburg,gemeinde,Niedersachsen,liebenburg.de,https://www.liebenburg.de/,wikidata
DE-G-03153012,Seesen,gemeinde,Niedersachsen,stadtverwaltung-seesen.de,https://www.stadtverwaltung-seesen.de/,wikidata
DE-G-03153016,Braunlage,gemeinde,Niedersachsen,braunlage.city,https://www.braunlage.city/,wikidata
DE-G-03153017,Goslar,gemeinde,Niedersachsen,goslar.de,https://www.goslar.de/,wikidata
DE-G-03153018,Clausthal-Zellerfeld,gemeinde,Niedersachsen,clausthal-zellerfeld.de,https://www.clausthal-zellerfeld.de/,wikidata
DE-G-03153019,Langelsheim,gemeinde,Niedersachsen,langelsheim.de,https://www.langelsheim.de/,wikidata
DE-G-03154013,Königslutter am Elm,gemeinde,Niedersachsen,koenigslutter.de,https://www.koenigslutter.de/,wikidata
DE-G-03154014,Lehre,gemeinde,Niedersachsen,lehre.de,http://www.lehre.de,wikidata
DE-G-03154019,Schöningen,gemeinde,Niedersachsen,schoeningen.de,https://www.schoeningen.de/,wikidata
DE-G-03154028,Helmstedt,gemeinde,Niedersachsen,stadt-helmstedt.de,https://www.stadt-helmstedt.de/,wikidata
DE-G-03155001,Bad Gandersheim,gemeinde,Niedersachsen,bad-gandersheim.de,https://www.bad-gandersheim.de/,wikidata
DE-G-03155002,Bodenfelde,gemeinde,Niedersachsen,bodenfelde.de,https://www.bodenfelde.de/,wikidata
DE-G-03155003,Dassel,gemeinde,Niedersachsen,stadt-dassel.de,http://www.stadt-dassel.de/,wikidata
DE-G-03155005,Hardegsen,gemeinde,Niedersachsen,hardegsen.de,https://www.hardegsen.de/,wikidata
DE-G-03155006,Kalefeld,gemeinde,Niedersachsen,kalefeld.de,https://www.kalefeld.de/,wikidata
DE-G-03155007,Katlenburg-Lindau,gemeinde,Niedersachsen,katlenburglindau.de,https://www.katlenburglindau.de/,wikidata
DE-G-03155009,Moringen,gemeinde,Niedersachsen,moringen.de,http://www.moringen.de,wikidata
DE-G-03155010,Nörten-Hardenberg,gemeinde,Niedersachsen,noerten-hardenberg.de,https://www.noerten-hardenberg.de/,wikidata
DE-G-03155011,Northeim,gemeinde,Niedersachsen,northeim.de,https://www.northeim.de/,wikidata
DE-G-03155012,Uslar,gemeinde,Niedersachsen,uslar.de,https://www.uslar.de/,wikidata
DE-G-03155013,Einbeck,gemeinde,Niedersachsen,einbeck.de,https://www.einbeck.de/,wikidata
DE-G-03157001,Edemissen,gemeinde,Niedersachsen,edemissen.de,https://www.edemissen.de/,wikidata
DE-G-03157002,Hohenhameln,gemeinde,Niedersachsen,hohenhameln.de,https://www.hohenhameln.de/,wikidata
DE-G-03157005,Lengede,gemeinde,Niedersachsen,lengede.de,https://www.lengede.de/,wikidata
DE-G-03157006,Peine,gemeinde,Niedersachsen,peine.de,https://www.peine.de/,wikidata
DE-G-03157007,Vechelde,gemeinde,Niedersachsen,vechelde.de,https://www.vechelde.de/,wikidata
DE-G-03157008,Wendeburg,gemeinde,Niedersachsen,wendeburg.de,https://www.wendeburg.de/,wikidata
DE-G-03157009,Ilsede,gemeinde,Niedersachsen,gemeinde-ilsede.de,https://www.gemeinde-ilsede.de/,wikidata
DE-G-03158006,Cremlingen,gemeinde,Niedersachsen,cremlingen.de,https://www.cremlingen.de/,wikidata
DE-G-03158037,Wolfenbüttel,gemeinde,Niedersachsen,wolfenbuettel.de,https://www.wolfenbuettel.de/,wikidata
DE-G-03158039,Schladen-Werla,gemeinde,Niedersachsen,schladen-werla.de,https://www.schladen-werla.de/,wikidata
DE-G-03159001,Adelebsen,gemeinde,Niedersachsen,adelebsen.de,https://www.adelebsen.de/,wikidata
DE-G-03159002,Bad Grund (Harz),gemeinde,Niedersachsen,gemeinde-bad-grund.de,https://www.gemeinde-bad-grund.de/,wikidata
DE-G-03159003,Bad Lauterberg im Harz,gemeinde,Niedersachsen,badlauterberg.de,https://www.badlauterberg.de/,wikidata
DE-G-03159004,Bad Sachsa,gemeinde,Niedersachsen,bad-sachsa.com,https://www.bad-sachsa.com/,wikidata
DE-G-03159007,Bovenden,gemeinde,Niedersachsen,bovenden.de,https://www.bovenden.de/,wikidata
DE-G-03159010,Duderstadt,gemeinde,Niedersachsen,duderstadt.de,https://www.duderstadt.de/,wikidata
DE-G-03159013,Friedland,gemeinde,Niedersachsen,friedland.de,https://www.friedland.de/,wikidata
DE-G-03159015,Gleichen,gemeinde,Niedersachsen,gleichen.de,https://www.gleichen.de/,wikidata
DE-G-03159016,Göttingen,gemeinde,Niedersachsen,goettingen.de,https://www.goettingen.de/,wikidata
DE-G-03159017,Hann. Münden,gemeinde,Niedersachsen,hann.muenden.de,https://www.hann.muenden.de/,wikidata
DE-G-03159019,Herzberg am Harz,gemeinde,Niedersachsen,herzberg.de,https://www.herzberg.de/,wikidata
DE-G-03159026,Osterode am Harz,gemeinde,Niedersachsen,osterode.de,https://www.osterode.de/,wikidata
DE-G-03159029,Rosdorf,gemeinde,Niedersachsen,rosdorf.de,https://www.rosdorf.de/,wikidata
DE-G-03159034,Staufenberg,gemeinde,Niedersachsen,staufenberg-nds.de,https://www.staufenberg-nds.de/,wikidata
DE-G-03159036,Walkenried,gemeinde,Niedersachsen,walkenried.de,https://rathaus.walkenried.de/,wikidata
DE-G-03241001,Hannover,gemeinde,Niedersachsen,hannover.de,https://www.hannover.de/,wikidata
DE-G-03241002,Barsinghausen,gemeinde,Niedersachsen,barsinghausen.de,https://www.barsinghausen.de/,wikidata
DE-G-03241003,Burgdorf,gemeinde,Niedersachsen,burgdorf.de,https://www.burgdorf.de/,wikidata
DE-G-03241004,Burgwedel,gemeinde,Niedersachsen,burgwedel.de,https://www.burgwedel.de/,wikidata
DE-G-03241005,Garbsen,gemeinde,Niedersachsen,garbsen.de,https://www.garbsen.de/,wikidata
DE-G-03241006,Gehrden,gemeinde,Niedersachsen,gehrden.de,https://www.gehrden.de/,wikidata
DE-G-03241007,Hemmingen,gemeinde,Niedersachsen,stadthemmingen.de,https://www.stadthemmingen.de/,wikidata
DE-G-03241008,Isernhagen,gemeinde,Niedersachsen,isernhagen.de,https://www.isernhagen.de/,wikidata
DE-G-03241009,Laatzen,gemeinde,Niedersachsen,laatzen.de,https://www.laatzen.de/,wikidata
DE-G-03241010,Langenhagen,gemeinde,Niedersachsen,langenhagen.de,https://www.langenhagen.de/,wikidata
DE-G-03241011,Lehrte,gemeinde,Niedersachsen,lehrte.de,https://www.lehrte.de/,wikidata
DE-G-03241012,Neustadt am Rübenberge,gemeinde,Niedersachsen,neustadt-a-rbge.de,https://www.neustadt-a-rbge.de/,wikidata
DE-G-03241013,Pattensen,gemeinde,Niedersachsen,pattensen.de,https://www.pattensen.de/,wikidata
DE-G-03241014,Ronnenberg,gemeinde,Niedersachsen,ronnenberg.de,https://www.ronnenberg.de/,wikidata
DE-G-03241015,Seelze,gemeinde,Niedersachsen,seelze.de,https://www.seelze.de/,wikidata
DE-G-03241016,Sehnde,gemeinde,Niedersachsen,sehnde.de,https://www.sehnde.de/,wikidata
DE-G-03241017,Springe,gemeinde,Niedersachsen,springe.de,https://www.springe.de/,wikidata
DE-G-03241018,Uetze,gemeinde,Niedersachsen,uetze.de,https://www.uetze.de/,wikidata
DE-G-03241019,Wedemark,gemeinde,Niedersachsen,wedemark.de,https://www.wedemark.de/,wikidata
DE-G-03241020,Wennigsen (Deister),gemeinde,Niedersachsen,wennigsen.de,https://www.wennigsen.de/,wikidata
DE-G-03241021,Wunstorf,gemeinde,Niedersachsen,wunstorf.de,https://www.wunstorf.de/,wikidata
DE-G-03251007,Bassum,gemeinde,Niedersachsen,bassum.de,https://www.bassum.de/,wikidata
DE-G-03251012,Diepholz,gemeinde,Niedersachsen,stadt-diepholz.de,https://www.stadt-diepholz.de/,wikidata
DE-G-03251037,Stuhr,gemeinde,Niedersachsen,stuhr.de,https://www.stuhr.de/,wikidata
DE-G-03251040,Sulingen,gemeinde,Niedersachsen,sulingen.de,https://www.sulingen.de/,wikidata
DE-G-03251041,Syke,gemeinde,Niedersachsen,syke.de,https://www.syke.de/,wikidata
DE-G-03251042,Twistringen,gemeinde,Niedersachsen,twistringen.de,https://www.twistringen.de/,wikidata
DE-G-03251044,Wagenfeld,gemeinde,Niedersachsen,wagenfeld.de,https://www.wagenfeld.de/,wikidata
DE-G-03251047,Weyhe,gemeinde,Niedersachsen,weyhe.de,https://www.weyhe.de/,wikidata
DE-G-03252001,Aerzen,gemeinde,Niedersachsen,aerzen.de,https://www.aerzen.de/,wikidata
DE-G-03252002,Bad Münder am Deister,gemeinde,Niedersachsen,bad-muender.de,https://www.bad-muender.de/,wikidata
DE-G-03252003,Bad Pyrmont,gemeinde,Niedersachsen,stadt-badpyrmont.de,https://www.stadt-badpyrmont.de/,wikidata
DE-G-03252004,Coppenbrügge,gemeinde,Niedersachsen,coppenbruegge.de,https://www.coppenbruegge.de/,wikidata
DE-G-03252005,Emmerthal,gemeinde,Niedersachsen,emmerthal.de,https://www.emmerthal.de/,wikidata
DE-G-03252006,Hameln,gemeinde,Niedersachsen,hameln.de,https://www.hameln.de/,wikidata
DE-G-03252007,Hessisch Oldendorf,gemeinde,Niedersachsen,hessisch-oldendorf.de,https://www.hessisch-oldendorf.de,wikidata
DE-G-03252008,Salzhemmendorf,gemeinde,Niedersachsen,salzhemmendorf.de,https://www.salzhemmendorf.de/,wikidata
DE-G-03254002,Alfeld (Leine),gemeinde,Niedersachsen,alfeld.de,https://www.alfeld.de/,wikidata
DE-G-03254003,Algermissen,gemeinde,Niedersachsen,algermissen.de,https://www.algermissen.de/,wikidata
DE-G-03254005,Bad Salzdetfurth,gemeinde,Niedersachsen,bad-salzdetfurth.de,https://www.bad-salzdetfurth.de/,wikidata
DE-G-03254008,Bockenem,gemeinde,Niedersachsen,bockenem.de,https://www.bockenem.de/,wikidata
DE-G-03254011,Diekholzen,gemeinde,Niedersachsen,diekholzen.de,https://www.diekholzen.de/,wikidata
DE-G-03254014,Elze,gemeinde,Niedersachsen,elze.de,https://www.elze.de/,wikidata
DE-G-03254017,Giesen,gemeinde,Niedersachsen,giesen.de,https://www.giesen.de/,wikidata
DE-G-03254020,Harsum,gemeinde,Niedersachsen,harsum.de,https://www.harsum.de/,wikidata
DE-G-03254021,Hildesheim,gemeinde,Niedersachsen,stadt-hildesheim.de,https://www.stadt-hildesheim.de/,wikidata
DE-G-03254022,Holle,gemeinde,Niedersachsen,holle.de,https://www.holle.de/,wikidata
DE-G-03254026,Nordstemmen,gemeinde,Niedersachsen,nordstemmen.de,https://www.nordstemmen.de/,wikidata
DE-G-03254028,Sarstedt,gemeinde,Niedersachsen,sarstedt.de,https://www.sarstedt.de/,wikidata
DE-G-03254029,Schellerten,gemeinde,Niedersachsen,schellerten.info,https://www.schellerten.info/,wikidata
DE-G-03254032,Söhlde,gemeinde,Niedersachsen,soehlde.de,http://www.soehlde.de,wikidata
DE-G-03254042,Freden (Leine),gemeinde,Niedersachsen,freden.de,https://freden.de/,wikidata
DE-G-03254044,Lamspringe,gemeinde,Niedersachsen,lamspringe.de,https://www.lamspringe.de/,wikidata
DE-G-03254045,Sibbesse,gemeinde,Niedersachsen,sibbesse.de,https://www.sibbesse.de/,wikidata
DE-G-03255008,Delligsen,gemeinde,Niedersachsen,delligsen.de,https://www.delligsen.de/,wikidata
DE-G-03255023,Holzminden,gemeinde,Niedersachsen,holzminden.de,https://www.holzminden.de/,wikidata
DE-G-03256022,Nienburg (Weser),gemeinde,Niedersachsen,nienburg.de,https://www.nienburg.de/,wikidata
DE-G-03256025,Rehburg-Loccum,gemeinde,Niedersachsen,rehburg-loccum.de,https://www.rehburg-loccum.de/,wikidata
DE-G-03256030,Steyerberg,gemeinde,Niedersachsen,steyerberg.de,https://www.steyerberg.de/,wikidata
DE-G-03257003,Auetal,gemeinde,Niedersachsen,auetal.de,http://www.auetal.de/,wikidata
DE-G-03257009,Bückeburg,gemeinde,Niedersachsen,bueckeburg.de,https://www.bueckeburg.de/,wikidata
DE-G-03257028,Obernkirchen,gemeinde,Niedersachsen,obernkirchen.de,https://www.obernkirchen.de/,wikidata
DE-G-03257031,Rinteln,gemeinde,Niedersachsen,rinteln.de,https://www.rinteln.de/,wikidata
DE-G-03257035,Stadthagen,gemeinde,Niedersachsen,stadthagen.de,https://www.stadthagen.de/,wikidata
DE-G-03351004,Bergen,gemeinde,Niedersachsen,bergen-online.de,https://www.bergen-online.de/,wikidata
DE-G-03351006,Celle,gemeinde,Niedersachsen,celle.de,https://www.celle.de/,wikidata
DE-G-03351010,Faßberg,gemeinde,Niedersachsen,fassberg.de,https://www.fassberg.de/,wikidata
DE-G-03351012,Hambühren,gemeinde,Niedersachsen,hambuehren.de,https://www.hambuehren.de/,wikidata
DE-G-03351023,Wietze,gemeinde,Niedersachsen,wietze.de,https://www.wietze.de/,wikidata
DE-G-03351024,Winsen (Aller),gemeinde,Niedersachsen,winsen-aller.de,https://winsen-aller.de/,wikidata
DE-G-03351025,Eschede,gemeinde,Niedersachsen,eschede.de,https://www.eschede.de/,wikidata
DE-G-03351026,Südheide,gemeinde,Niedersachsen,gemeinde-suedheide.de,https://www.gemeinde-suedheide.de/,wikidata
DE-G-03351501,Lohheide,gemeinde,Niedersachsen,lohheide.de,http://www.lohheide.de/,wikidata
DE-G-03352011,Cuxhaven,gemeinde,Niedersachsen,cuxhaven.de,https://www.cuxhaven.de/,wikidata
DE-G-03352032,Loxstedt,gemeinde,Niedersachsen,loxstedt.de,https://www.loxstedt.de/,wikidata
DE-G-03352050,Schiffdorf,gemeinde,Niedersachsen,schiffdorf.de,https://www.schiffdorf.de/,wikidata
DE-G-03352059,Beverstedt,gemeinde,Niedersachsen,beverstedt.de,https://www.beverstedt.de/,wikidata
DE-G-03352060,Hagen im Bremischen,gemeinde,Niedersachsen,hagen-cux.de,https://www.hagen-cux.de/,wikidata
DE-G-03352061,Wurster Nordseeküste,gemeinde,Niedersachsen,gwnk.de,https://www.gwnk.de/,wikidata
DE-G-03352062,Geestland,gemeinde,Niedersachsen,geestland.eu,https://www.geestland.eu/,wikidata
DE-G-03353005,Buchholz in der Nordheide,gemeinde,Niedersachsen,buchholz.de,https://www.buchholz.de/,wikidata
DE-G-03353026,Neu Wulmstorf,gemeinde,Niedersachsen,neu-wulmstorf.de,https://www.neu-wulmstorf.de/,wikidata
DE-G-03353029,Rosengarten,gemeinde,Niedersachsen,gemeinde-rosengarten.de,https://www.gemeinde-rosengarten.de/,wikidata
DE-G-03353031,Seevetal,gemeinde,Niedersachsen,seevetal.de,https://www.seevetal.de/,wikidata
DE-G-03353032,Stelle,gemeinde,Niedersachsen,gemeinde-stelle.de,https://www.gemeinde-stelle.de/,wikidata
DE-G-03353040,Winsen (Luhe),gemeinde,Niedersachsen,winsen.de,https://www.winsen.de/,wikidata
DE-G-03355001,Adendorf,gemeinde,Niedersachsen,adendorf.de,http://www.adendorf.de/,wikidata
DE-G-03355009,Bleckede,gemeinde,Niedersachsen,bleckede.de,https://www.bleckede.de/,wikidata
DE-G-03355022,Lüneburg,gemeinde,Niedersachsen,hansestadtlueneburg.de,https://www.hansestadtlueneburg.de/,wikidata
DE-G-03355049,Amt Neuhaus,gemeinde,Niedersachsen,amt-neuhaus.de,https://www.amt-neuhaus.de/,wikidata
DE-G-03356002,Grasberg,gemeinde,Niedersachsen,grasberg.de,http://www.grasberg.de,wikidata
DE-G-03356005,Lilienthal,gemeinde,Niedersachsen,lilienthal.de,https://www.lilienthal.de/,wikidata
DE-G-03356007,Osterholz-Scharmbeck,gemeinde,Niedersachsen,osterholz-scharmbeck.de,https://www.osterholz-scharmbeck.de/,wikidata
DE-G-03356008,Ritterhude,gemeinde,Niedersachsen,ritterhude.de,https://www.ritterhude.de/,wikidata
DE-G-03356009,Schwanewede,gemeinde,Niedersachsen,schwanewede.de,https://www.schwanewede.de/,wikidata
DE-G-03356011,Worpswede,gemeinde,Niedersachsen,gemeinde-worpswede.de,https://www.gemeinde-worpswede.de/,wikidata
DE-G-03357008,Bremervörde,gemeinde,Niedersachsen,bremervoerde.de,https://www.bremervoerde.de/,wikidata
DE-G-03357016,Gnarrenburg,gemeinde,Niedersachsen,gnarrenburg.de,https://www.gnarrenburg.de/,wikidata
DE-G-03357039,Rotenburg (Wümme),gemeinde,Niedersachsen,rotenburg-wuemme.de,https://www.rotenburg-wuemme.de/,wikidata
DE-G-03357041,Scheeßel,gemeinde,Niedersachsen,scheessel.de,https://www.scheessel.de/,wikidata
DE-G-03357051,Visselhövede,gemeinde,Niedersachsen,visselhoevede.de,https://www.visselhoevede.de/,wikidata
DE-G-03358002,Bispingen,gemeinde,Niedersachsen,bispingen.de,https://www.bispingen.de/,wikidata
DE-G-03358008,Bad Fallingbostel,gemeinde,Niedersachsen,badfallingbostel.de,https://www.badfallingbostel.de/,wikidata
DE-G-03358016,Munster,gemeinde,Niedersachsen,munster.de,https://www.munster.de/,wikidata
DE-G-03358017,Neuenkirchen,gemeinde,Niedersachsen,dasneuenkirchen.de,https://www.dasneuenkirchen.de/,wikidata
DE-G-03358019,Schneverdingen,gemeinde,Niedersachsen,schneverdingen.de,https://www.schneverdingen.de/,wikidata
DE-G-03358021,Soltau,gemeinde,Niedersachsen,soltau.de,https://www.soltau.de/,wikidata
DE-G-03358023,Wietzendorf,gemeinde,Niedersachsen,wietzendorf.de,https://www.wietzendorf.de/,wikidata
DE-G-03358024,Walsrode,gemeinde,Niedersachsen,stadt-walsrode.de,https://www.stadt-walsrode.de/,wikidata
DE-G-03358501,Osterheide,gemeinde,Niedersachsen,osterheide.bundesimmobilien.de,http://osterheide.bundesimmobilien.de,wikidata
DE-G-03359010,Buxtehude,gemeinde,Niedersachsen,buxtehude.de,https://www.buxtehude.de/,wikidata
DE-G-03359013,Drochtersen,gemeinde,Niedersachsen,drochtersen.de,https://www.drochtersen.de/,wikidata
DE-G-03359028,Jork,gemeinde,Niedersachsen,jork.de,https://www.jork.de/,wikidata
DE-G-03359038,Stade,gemeinde,Niedersachsen,stade.de,https://www.stade.de/,wikidata
DE-G-03360004,Bienenbüttel,gemeinde,Niedersachsen,bienenbuettel.de,http://www.bienenbuettel.de,wikidata
DE-G-03360025,Uelzen,gemeinde,Niedersachsen,hansestadt-uelzen.de,https://www.hansestadt-uelzen.de/,wikidata
DE-G-03361001,Achim,gemeinde,Niedersachsen,achim.de,https://www.achim.de/,wikidata
DE-G-03361003,Dörverden,gemeinde,Niedersachsen,doerverden.de,https://www.doerverden.de/,wikidata
DE-G-03361005,Kirchlinteln,gemeinde,Niedersachsen,kirchlinteln.de,https://www.kirchlinteln.de/,wikidata
DE-G-03361006,Langwedel,gemeinde,Niedersachsen,langwedel.de,https://www.langwedel.de/,wikidata
DE-G-03361008,Ottersberg,gemeinde,Niedersachsen,flecken-ottersberg.de,https://www.flecken-ottersberg.de/,wikidata
DE-G-03361009,Oyten,gemeinde,Niedersachsen,oyten.de,https://www.oyten.de/,wikidata
DE-G-03361012,Verden (Aller),gemeinde,Niedersachsen,verden.de,https://www.verden.de/,wikidata
DE-G-03401000,Delmenhorst,gemeinde,Niedersachsen,delmenhorst.de,https://www.delmenhorst.de/,wikidata
DE-G-03402000,Emden,gemeinde,Niedersachsen,emden.de,https://www.emden.de/,wikidata
DE-G-03403000,Oldenburg (Oldenburg),gemeinde,Niedersachsen,oldenburg.de,https://www.oldenburg.de/,wikidata
DE-G-03404000,Osnabrück,gemeinde,Niedersachsen,osnabrueck.de,https://www.osnabrueck.de/,wikidata
DE-G-03405000,Wilhelmshaven,gemeinde,Niedersachsen,wilhelmshaven.de,https://www.wilhelmshaven.de/,wikidata
DE-G-03451001,Apen,gemeinde,Niedersachsen,apen.de,https://www.apen.de/,wikidata
DE-G-03451002,Bad Zwischenahn,gemeinde,Niedersachsen,bad-zwischenahn.de,https://www.bad-zwischenahn.de/,wikidata
DE-G-03451004,Edewecht,gemeinde,Niedersachsen,edewecht.de,https://edewecht.de/,wikidata
DE-G-03451005,Rastede,gemeinde,Niedersachsen,rastede.de,https://www.rastede.de/,wikidata
DE-G-03451007,Westerstede,gemeinde,Niedersachsen,westerstede.de,https://www.westerstede.de/,wikidata
DE-G-03451008,Wiefelstede,gemeinde,Niedersachsen,wiefelstede.de,https://www.wiefelstede.de/,wikidata
DE-G-03452001,Aurich,gemeinde,Niedersachsen,aurich.de,https://www.aurich.de/,wikidata
DE-G-03452002,Baltrum,gemeinde,Niedersachsen,baltrum.de,https://www.baltrum.de/,wikidata
DE-G-03452006,Großefehn,gemeinde,Niedersachsen,grossefehn.de,https://www.grossefehn.de/,wikidata
DE-G-03452007,Großheide,gemeinde,Niedersachsen,grossheide.de,https://www.grossheide.de/,wikidata
DE-G-03452011,Hinte,gemeinde,Niedersachsen,hinte.de,https://www.hinte.de/,wikidata
DE-G-03452012,Ihlow,gemeinde,Niedersachsen,ihlow.de,https://www.ihlow.de/,wikidata
DE-G-03452013,Juist,gemeinde,Niedersachsen,gemeinde-juist.de,https://www.gemeinde-juist.de/,wikidata
DE-G-03452014,Krummhörn,gemeinde,Niedersachsen,krummhoern.de,https://www.krummhoern.de/,wikidata
DE-G-03452019,Norden,gemeinde,Niedersachsen,norden.de,https://www.norden.de/,wikidata
DE-G-03452020,Norderney,gemeinde,Niedersachsen,stadt-norderney.de,https://www.stadt-norderney.de/,wikidata
DE-G-03452023,Südbrookmerland,gemeinde,Niedersachsen,suedbrookmerland.de,https://www.suedbrookmerland.de/,wikidata
DE-G-03452025,Wiesmoor,gemeinde,Niedersachsen,wiesmoor.de,https://www.wiesmoor.de/,wikidata
DE-G-03452027,Dornum,gemeinde,Niedersachsen,gemeinde-dornum.de,https://www.gemeinde-dornum.de/,wikidata
DE-G-03453001,Barßel,gemeinde,Niedersachsen,barssel.de,https://barssel.de/,wikidata
DE-G-03453002,Bösel,gemeinde,Niedersachsen,boesel.de,https://www.boesel.de/,wikidata
DE-G-03453003,Cappeln (Oldenburg),gemeinde,Niedersachsen,cappeln.de,https://www.cappeln.de/,wikidata
DE-G-03453004,Cloppenburg,gemeinde,Niedersachsen,cloppenburg.de,https://www.cloppenburg.de/,wikidata
DE-G-03453005,Emstek,gemeinde,Niedersachsen,emstek.de,https://www.emstek.de/,wikidata
DE-G-03453006,Essen (Oldenburg),gemeinde,Niedersachsen,essen-oldb.de,https://www.essen-oldb.de/,wikidata
DE-G-03453007,Friesoythe,gemeinde,Niedersachsen,friesoythe.de,https://www.friesoythe.de/,wikidata
DE-G-03453008,Garrel,gemeinde,Niedersachsen,garrel.de,https://www.garrel.de/,wikidata
DE-G-03453009,Lastrup,gemeinde,Niedersachsen,lastrup.de,https://www.lastrup.de/,wikidata
DE-G-03453010,Lindern (Oldenburg),gemeinde,Niedersachsen,lindern.de,https://www.lindern.de/,wikidata
DE-G-03453011,Löningen,gemeinde,Niedersachsen,loeningen.de,https://www.loeningen.de/,wikidata
DE-G-03453012,Molbergen,gemeinde,Niedersachsen,molbergen.de,https://www.molbergen.de/,wikidata
DE-G-03453013,Saterland,gemeinde,Niedersachsen,saterland.de,https://www.saterland.de/,wikidata
DE-G-03454010,Emsbüren,gemeinde,Niedersachsen,emsbueren.de,https://www.emsbueren.de/,wikidata
DE-G-03454014,Geeste,gemeinde,Niedersachsen,geeste.de,https://www.geeste.de/,wikidata
DE-G-03454018,Haren (Ems),gemeinde,Niedersachsen,haren.de,https://www.haren.de/,wikidata
DE-G-03454019,Haselünne,gemeinde,Niedersachsen,haseluenne.de,https://www.haseluenne.de/,wikidata
DE-G-03454032,Lingen (Ems),gemeinde,Niedersachsen,lingen.de,https://www.lingen.de/,wikidata
DE-G-03454035,Meppen,gemeinde,Niedersachsen,meppen.de,https://www.meppen.de/,wikidata
DE-G-03454041,Papenburg,gemeinde,Niedersachsen,papenburg.de,https://www.papenburg.de/,wikidata
DE-G-03454044,Rhede (Ems),gemeinde,Niedersachsen,rhede-ems.de,https://www.rhede-ems.de/,wikidata
DE-G-03454045,Salzbergen,gemeinde,Niedersachsen,salzbergen.de,https://www.salzbergen.de/,wikidata
DE-G-03454054,Twist,gemeinde,Niedersachsen,twist-emsland.de,https://www.twist-emsland.de/,wikidata
DE-G-03455007,Jever,gemeinde,Niedersachsen,stadt-jever.de,https://www.stadt-jever.de/,wikidata
DE-G-03455014,Sande,gemeinde,Niedersachsen,sande.de,https://www.sande.de/,wikidata
DE-G-03455015,Schortens,gemeinde,Niedersachsen,schortens.de,https://www.schortens.de/,wikidata
DE-G-03455020,Wangerland,gemeinde,Niedersachsen,wangerland.org,https://www.wangerland.org/,wikidata
DE-G-03455021,Wangerooge,gemeinde,Niedersachsen,wangerooge.de,https://gemeinde.wangerooge.de/,wikidata
DE-G-03455025,Bockhorn,gemeinde,Niedersachsen,bockhorn.de,https://www.bockhorn.de/,wikidata
DE-G-03455026,Varel,gemeinde,Niedersachsen,varel.de,https://www.varel.de/,wikidata
DE-G-03455027,Zetel,gemeinde,Niedersachsen,zetel.de,https://www.zetel.de/,wikidata
DE-G-03456001,Bad Bentheim,gemeinde,Niedersachsen,stadt-badbentheim.de,https://www.stadt-badbentheim.de/,wikidata
DE-G-03456015,Nordhorn,gemeinde,Niedersachsen,nordhorn.de,https://www.nordhorn.de/,wikidata
DE-G-03456025,Wietmarschen,gemeinde,Niedersachsen,wietmarschen.de,https://www.wietmarschen.de/,wikidata
DE-G-03457002,Borkum,gemeinde,Niedersachsen,stadt-borkum.de,https://www.stadt-borkum.de/,wikidata
DE-G-03457012,Jemgum,gemeinde,Niedersachsen,jemgum.de,https://www.jemgum.de/,wikidata
DE-G-03457013,Leer (Ostfriesland),gemeinde,Niedersachsen,leer.de,https://www.leer.de/,wikidata
DE-G-03457014,Moormerland,gemeinde,Niedersachsen,moormerland.de,https://www.moormerland.de/,wikidata
DE-G-03457017,Ostrhauderfehn,gemeinde,Niedersachsen,ostrhauderfehn.de,https://www.ostrhauderfehn.de/,wikidata
DE-G-03457018,Rhauderfehn,gemeinde,Niedersachsen,rhauderfehn.de,https://www.rhauderfehn.de/,wikidata
DE-G-03457020,Uplengen,gemeinde,Niedersachsen,uplengen.de,https://uplengen.de/,wikidata
DE-G-03457021,Weener,gemeinde,Niedersachsen,weener.de,https://www.weener.de/,wikidata
DE-G-03457022,Westoverledingen,gemeinde,Niedersachsen,westoverledingen.de,https://www.westoverledingen.de/,wikidata
DE-G-03457024,Bunde,gemeinde,Niedersachsen,gemeinde-bunde.de,https://www.gemeinde-bunde.de/,wikidata
DE-G-03458003,Dötlingen,gemeinde,Niedersachsen,doetlingen.de,https://www.doetlingen.de/,wikidata
DE-G-03458005,Ganderkesee,gemeinde,Niedersachsen,ganderkesee.de,https://www.ganderkesee.de/,wikidata
DE-G-03458007,Großenkneten,gemeinde,Niedersachsen,grossenkneten.de,https://www.grossenkneten.de/,wikidata
DE-G-03458009,Hatten,gemeinde,Niedersachsen,hatten.de,https://hatten.de/,wikidata
DE-G-03458010,Hude (Oldb),gemeinde,Niedersachsen,hude.de,https://www.hude.de/,wikidata
DE-G-03458013,Wardenburg,gemeinde,Niedersachsen,wardenburg.de,https://www.wardenburg.de/,wikidata
DE-G-03458014,Wildeshausen,gemeinde,Niedersachsen,wildeshausen.de,https://www.wildeshausen.de/,wikidata
DE-G-03459003,Bad Essen,gemeinde,Niedersachsen,badessen.de,https://www.badessen.de/,wikidata
DE-G-03459004,Bad Iburg,gemeinde,Niedersachsen,badiburg.de,https://www.badiburg.de/,wikidata
DE-G-03459005,Bad Laer,gemeinde,Niedersachsen,bad-laer.de,https://www.bad-laer.de/,wikidata
DE-G-03459006,Bad Rothenfelde,gemeinde,Niedersachsen,bad-rothenfelde.de,https://gemeinde.bad-rothenfelde.de/,wikidata
DE-G-03459008,Belm,gemeinde,Niedersachsen,belm.de,https://www.belm.de/,wikidata
DE-G-03459012,Bissendorf,gemeinde,Niedersachsen,bissendorf.de,https://www.bissendorf.de/,wikidata
DE-G-03459013,Bohmte,gemeinde,Niedersachsen,bohmte.de,https://www.bohmte.de/,wikidata
DE-G-03459014,Bramsche,gemeinde,Niedersachsen,bramsche.de,https://www.bramsche.de/,wikidata
DE-G-03459015,Dissen am Teutoburger Wald,gemeinde,Niedersachsen,dissen.de,https://www.dissen.de/,wikidata
DE-G-03459019,Georgsmarienhütte,gemeinde,Niedersachsen,georgsmarienhuette.de,https://www.georgsmarienhuette.de/,wikidata
DE-G-03459020,Hagen am Teutoburger Wald,gemeinde,Niedersachsen,hagen-atw.de,http://www.hagen-atw.de,wikidata
DE-G-03459021,Hasbergen,gemeinde,Niedersachsen,hasbergen.de,https://www.hasbergen.de/,wikidata
DE-G-03459022,Hilter am Teutoburger Wald,gemeinde,Niedersachsen,hilter.de,https://www.hilter.de/,wikidata
DE-G-03459024,Melle,gemeinde,Niedersachsen,melle.info,https://www.melle.info/,wikidata
DE-G-03459029,Ostercappeln,gemeinde,Niedersachsen,ostercappeln.de,https://www.ostercappeln.de/,wikidata
DE-G-03459033,Wallenhorst,gemeinde,Niedersachsen,wallenhorst.de,https://www.wallenhorst.de/,wikidata
DE-G-03459034,Glandorf,gemeinde,Niedersachsen,glandorf.de,https://www.glandorf.de/,wikidata
DE-G-03460001,Bakum,gemeinde,Niedersachsen,bakum.de,http://www.bakum.de/,wikidata
DE-G-03460002,Damme,gemeinde,Niedersachsen,damme.de,https://www.damme.de/,wikidata
DE-G-03460003,Dinklage,gemeinde,Niedersachsen,dinklage.de,https://www.dinklage.de/,wikidata
DE-G-03460004,Goldenstedt,gemeinde,Niedersachsen,goldenstedt.de,https://www.goldenstedt.de/,wikidata
DE-G-03460005,Holdorf,gemeinde,Niedersachsen,holdorf.de,https://www.holdorf.de/,wikidata
DE-G-03460006,Lohne (Oldenburg),gemeinde,Niedersachsen,lohne.de,https://www.lohne.de/,wikidata
DE-G-03460007,Neuenkirchen-Vörden,gemeinde,Niedersachsen,neuenkirchen-voerden.de,https://www.neuenkirchen-voerden.de/,wikidata
DE-G-03460008,Steinfeld (Oldenburg),gemeinde,Niedersachsen,steinfeld.de,https://www.steinfeld.de/,wikidata
DE-G-03460009,Vechta,gemeinde,Niedersachsen,vechta.de,https://www.vechta.de/,wikidata
DE-G-03460010,Visbek,gemeinde,Niedersachsen,visbek.de,https://www.visbek.de/,wikidata
DE-G-03461001,Berne,gemeinde,Niedersachsen,berne.de,https://www.berne.de/,wikidata
DE-G-03461002,Brake (Unterweser),gemeinde,Niedersachsen,brake.de,https://brake.de/,wikidata
DE-G-03461003,Butjadingen,gemeinde,Niedersachsen,gemeinde-butjadingen.de,https://www.gemeinde-butjadingen.de/,wikidata
DE-G-03461004,Elsfleth,gemeinde,Niedersachsen,elsfleth.de,https://www.elsfleth.de/,wikidata
DE-G-03461005,Jade,gemeinde,Niedersachsen,gemeinde-jade.de,https://gemeinde-jade.de/,wikidata
DE-G-03461006,Lemwerder,gemeinde,Niedersachsen,lemwerder.de,https://www.lemwerder.de/,wikidata
DE-G-03461007,Nordenham,gemeinde,Niedersachsen,nordenham.de,https://www.nordenham.de/,wikidata
DE-G-03461008,Ovelgönne,gemeinde,Niedersachsen,gemeinde-ovelgoenne.de,https://www.gemeinde-ovelgoenne.de/,wikidata
DE-G-03461009,Stadland,gemeinde,Niedersachsen,stadland.de,https://www.stadland.de/,wikidata
DE-G-03462005,Friedeburg,gemeinde,Niedersachsen,gemeindefriedeburg.de,https://www.gemeindefriedeburg.de/,wikidata
DE-G-03462007,Langeoog,gemeinde,Niedersachsen,langeoog.de,https://gemeinde.langeoog.de/,wikidata
DE-G-03462014,Spiekeroog,gemeinde,Niedersachsen,gemeinde-spiekeroog.de,https://www.gemeinde-spiekeroog.de/,wikidata
DE-G-03462019,Wittmund,gemeinde,Niedersachsen,wittmund.de,https://www.wittmund.de/,wikidata
DE-G-04011000,Bremen,gemeinde,Bremen,bremen.de,https://www.bremen.de/,wikidata
DE-G-04012000,Bremerhaven,gemeinde,Bremen,bremerhaven.de,https://www.bremerhaven.de/,wikidata
DE-G-05111000,Düsseldorf,gemeinde,Nordrhein-Westfalen,duesseldorf.de,https://www.duesseldorf.de/,wikidata
DE-G-05112000,Duisburg,gemeinde,Nordrhein-Westfalen,duisburg.de,https://duisburg.de,wikidata
DE-G-05113000,Essen,gemeinde,Nordrhein-Westfalen,essen.de,https://www.essen.de/,wikidata
DE-G-05114000,Krefeld,gemeinde,Nordrhein-Westfalen,krefeld.de,https://www.krefeld.de/,wikidata
DE-G-05116000,Mönchengladbach,gemeinde,Nordrhein-Westfalen,moenchengladbach.de,https://www.moenchengladbach.de/,wikidata
DE-G-05117000,Mülheim an der Ruhr,gemeinde,Nordrhein-Westfalen,muelheim-ruhr.de,https://www.muelheim-ruhr.de/,wikidata
DE-G-05119000,Oberhausen,gemeinde,Nordrhein-Westfalen,oberhausen.de,https://www.oberhausen.de/,wikidata
DE-G-05120000,Remscheid,gemeinde,Nordrhein-Westfalen,remscheid.de,https://www.remscheid.de/,wikidata
DE-G-05122000,Solingen,gemeinde,Nordrhein-Westfalen,solingen.de,https://www.solingen.de/,wikidata
DE-G-05124000,Wuppertal,gemeinde,Nordrhein-Westfalen,wuppertal.de,https://www.wuppertal.de/,wikidata
DE-G-05154004,Bedburg-Hau,gemeinde,Nordrhein-Westfalen,bedburg-hau.de,https://www.bedburg-hau.de/,wikidata
DE-G-05154008,Emmerich am Rhein,gemeinde,Nordrhein-Westfalen,emmerich.de,https://www.emmerich.de/,wikidata
DE-G-05154012,Geldern,gemeinde,Nordrhein-Westfalen,geldern.de,https://www.geldern.de/,wikidata
DE-G-05154016,Goch,gemeinde,Nordrhein-Westfalen,goch.de,https://www.goch.de/,wikidata
DE-G-05154020,Issum,gemeinde,Nordrhein-Westfalen,issum.de,https://www.issum.de/,wikidata
DE-G-05154024,Kalkar,gemeinde,Nordrhein-Westfalen,kalkar.de,https://www.kalkar.de/,wikidata
DE-G-05154028,Kerken,gemeinde,Nordrhein-Westfalen,kerken.de,https://www.kerken.de/,wikidata
DE-G-05154032,Kevelaer,gemeinde,Nordrhein-Westfalen,kevelaer.de,https://www.kevelaer.de/,wikidata
DE-G-05154036,Kleve,gemeinde,Nordrhein-Westfalen,kleve.de,https://www.kleve.de/,wikidata
DE-G-05154040,Kranenburg,gemeinde,Nordrhein-Westfalen,kranenburg.de,https://www.kranenburg.de/,wikidata
DE-G-05154044,Rees,gemeinde,Nordrhein-Westfalen,stadt-rees.de,https://www.stadt-rees.de/,wikidata
DE-G-05154048,Rheurdt,gemeinde,Nordrhein-Westfalen,rheurdt.de,https://www.rheurdt.de/,wikidata
DE-G-05154052,Straelen,gemeinde,Nordrhein-Westfalen,straelen.de,https://www.straelen.de/,wikidata
DE-G-05154056,Uedem,gemeinde,Nordrhein-Westfalen,uedem.de,https://www.uedem.de/,wikidata
DE-G-05154060,Wachtendonk,gemeinde,Nordrhein-Westfalen,wachtendonk.de,https://www.wachtendonk.de/,wikidata
DE-G-05154064,Weeze,gemeinde,Nordrhein-Westfalen,weeze.de,https://www.weeze.de/,wikidata
DE-G-05158004,Erkrath,gemeinde,Nordrhein-Westfalen,erkrath.de,https://www.erkrath.de/,wikidata
DE-G-05158008,Haan,gemeinde,Nordrhein-Westfalen,haan.de,https://www.haan.de/,wikidata
DE-G-05158012,Heiligenhaus,gemeinde,Nordrhein-Westfalen,heiligenhaus.de,https://www.heiligenhaus.de/,wikidata
DE-G-05158016,Hilden,gemeinde,Nordrhein-Westfalen,hilden.de,https://www.hilden.de/,wikidata
DE-G-05158020,Langenfeld (Rheinland),gemeinde,Nordrhein-Westfalen,langenfeld.de,https://www.langenfeld.de/,wikidata
DE-G-05158024,Mettmann,gemeinde,Nordrhein-Westfalen,mettmann.de,https://www.mettmann.de/,wikidata
DE-G-05158026,Monheim am Rhein,gemeinde,Nordrhein-Westfalen,monheim.de,https://www.monheim.de/,wikidata
DE-G-05158028,Ratingen,gemeinde,Nordrhein-Westfalen,stadt-ratingen.de,https://www.stadt-ratingen.de/,wikidata
DE-G-05158032,Velbert,gemeinde,Nordrhein-Westfalen,velbert.de,https://www.velbert.de/,wikidata
DE-G-05158036,Wülfrath,gemeinde,Nordrhein-Westfalen,wuelfrath.net,https://www.wuelfrath.net/,wikidata
DE-G-05162004,Dormagen,gemeinde,Nordrhein-Westfalen,dormagen.de,https://www.dormagen.de/,wikidata
DE-G-05162008,Grevenbroich,gemeinde,Nordrhein-Westfalen,grevenbroich.de,https://www.grevenbroich.de/,wikidata
DE-G-05162012,Jüchen,gemeinde,Nordrhein-Westfalen,juechen.de,https://www.juechen.de/,wikidata
DE-G-05162016,Kaarst,gemeinde,Nordrhein-Westfalen,kaarst.de,https://www.kaarst.de/,wikidata
DE-G-05162020,Korschenbroich,gemeinde,Nordrhein-Westfalen,korschenbroich.de,https://korschenbroich.de/,wikidata
DE-G-05162022,Meerbusch,gemeinde,Nordrhein-Westfalen,meerbusch.de,https://meerbusch.de/,wikidata
DE-G-05162024,Neuss,gemeinde,Nordrhein-Westfalen,neuss.de,https://www.neuss.de/,wikidata
DE-G-05162028,Rommerskirchen,gemeinde,Nordrhein-Westfalen,rommerskirchen.de,https://www.rommerskirchen.de/,wikidata
DE-G-05166004,Brüggen,gemeinde,Nordrhein-Westfalen,brueggen.de,https://www.brueggen.de/,wikidata
DE-G-05166008,Grefrath,gemeinde,Nordrhein-Westfalen,grefrath.de,https://www.grefrath.de/,wikidata
DE-G-05166012,Kempen,gemeinde,Nordrhein-Westfalen,kempen.de,https://www.kempen.de/,wikidata
DE-G-05166016,Nettetal,gemeinde,Nordrhein-Westfalen,nettetal.de,https://www.nettetal.de/,wikidata
DE-G-05166020,Niederkrüchten,gemeinde,Nordrhein-Westfalen,niederkruechten.de,https://www.niederkruechten.de/,wikidata
DE-G-05166024,Schwalmtal,gemeinde,Nordrhein-Westfalen,schwalmtal.de,https://www.schwalmtal.de/,wikidata
DE-G-05166028,Tönisvorst,gemeinde,Nordrhein-Westfalen,toenisvorst.de,https://www.toenisvorst.de/,wikidata
DE-G-05166032,Viersen,gemeinde,Nordrhein-Westfalen,viersen.de,https://www.viersen.de/,wikidata
DE-G-05166036,Willich,gemeinde,Nordrhein-Westfalen,stadt-willich.de,https://www.stadt-willich.de/,wikidata
DE-G-05170004,Alpen,gemeinde,Nordrhein-Westfalen,alpen.de,https://www.alpen.de/,wikidata
DE-G-05170008,Dinslaken,gemeinde,Nordrhein-Westfalen,dinslaken.de,https://www.dinslaken.de/,wikidata
DE-G-05170012,Hamminkeln,gemeinde,Nordrhein-Westfalen,hamminkeln.de,https://www.hamminkeln.de/,wikidata
DE-G-05170016,Hünxe,gemeinde,Nordrhein-Westfalen,huenxe.de,https://www.huenxe.de/,wikidata
DE-G-05170020,Kamp-Lintfort,gemeinde,Nordrhein-Westfalen,kamp-lintfort.de,https://www.kamp-lintfort.de/,wikidata
DE-G-05170024,Moers,gemeinde,Nordrhein-Westfalen,moers.de,https://www.moers.de/,wikidata
DE-G-05170028,Neukirchen-Vluyn,gemeinde,Nordrhein-Westfalen,neukirchen-vluyn.de,https://www.neukirchen-vluyn.de/,wikidata
DE-G-05170032,Rheinberg,gemeinde,Nordrhein-Westfalen,rheinberg.de,https://www.rheinberg.de/,wikidata
DE-G-05170036,Schermbeck,gemeinde,Nordrhein-Westfalen,schermbeck.de,https://www.schermbeck.de/,wikidata
DE-G-05170040,Sonsbeck,gemeinde,Nordrhein-Westfalen,sonsbeck.de,https://www.sonsbeck.de/,wikidata
DE-G-05170044,Voerde (Niederrhein),gemeinde,Nordrhein-Westfalen,voerde.de,https://www.voerde.de/,wikidata
DE-G-05170048,Wesel,gemeinde,Nordrhein-Westfalen,wesel.de,https://www.wesel.de/,wikidata
DE-G-05170052,Xanten,gemeinde,Nordrhein-Westfalen,xanten.de,https://www.xanten.de/,wikidata
DE-G-05314000,Bonn,gemeinde,Nordrhein-Westfalen,bonn.de,https://www.bonn.de/,wikidata
DE-G-05315000,Köln,gemeinde,Nordrhein-Westfalen,stadt-koeln.de,https://www.stadt-koeln.de/,wikidata
DE-G-05316000,Leverkusen,gemeinde,Nordrhein-Westfalen,leverkusen.de,https://www.leverkusen.de/,wikidata
DE-G-05334002,Aachen,gemeinde,Nordrhein-Westfalen,aachen.de,https://www.aachen.de/,wikidata
DE-G-05334004,Alsdorf,gemeinde,Nordrhein-Westfalen,alsdorf.de,https://alsdorf.de/,wikidata
DE-G-05334008,Baesweiler,gemeinde,Nordrhein-Westfalen,baesweiler.de,https://www.baesweiler.de/,wikidata
DE-G-05334012,Eschweiler,gemeinde,Nordrhein-Westfalen,eschweiler.de,https://www.eschweiler.de/,wikidata
DE-G-05334016,Herzogenrath,gemeinde,Nordrhein-Westfalen,herzogenrath.de,https://www.herzogenrath.de/,wikidata
DE-G-05334020,Monschau,gemeinde,Nordrhein-Westfalen,monschau.de,https://www.monschau.de/,wikidata
DE-G-05334024,Roetgen,gemeinde,Nordrhein-Westfalen,roetgen.de,https://roetgen.de/,wikidata
DE-G-05334028,Simmerath,gemeinde,Nordrhein-Westfalen,simmerath.de,https://www.simmerath.de/,wikidata
DE-G-05334032,Stolberg (Rhld.),gemeinde,Nordrhein-Westfalen,stolberg.de,https://www.stolberg.de/,wikidata
DE-G-05334036,Würselen,gemeinde,Nordrhein-Westfalen,wuerselen.de,https://wuerselen.de/,wikidata
DE-G-05358004,Aldenhoven,gemeinde,Nordrhein-Westfalen,aldenhoven.de,https://aldenhoven.de/,wikidata
DE-G-05358008,Düren,gemeinde,Nordrhein-Westfalen,dueren.de,https://www.dueren.de/,wikidata
DE-G-05358012,Heimbach,gemeinde,Nordrhein-Westfalen,heimbach-eifel.de,https://www.heimbach-eifel.de/,wikidata
DE-G-05358016,Hürtgenwald,gemeinde,Nordrhein-Westfalen,huertgenwald.de,https://www.huertgenwald.de/,wikidata
DE-G-05358020,Inden,gemeinde,Nordrhein-Westfalen,gemeinde-inden.de,https://www.gemeinde-inden.de/,wikidata
DE-G-05358024,Jülich,gemeinde,Nordrhein-Westfalen,juelich.de,https://www.juelich.de/,wikidata
DE-G-05358028,Kreuzau,gemeinde,Nordrhein-Westfalen,kreuzau.de,https://kreuzau.de/,wikidata
DE-G-05358032,Langerwehe,gemeinde,Nordrhein-Westfalen,langerwehe.de,https://www.langerwehe.de/,wikidata
DE-G-05358036,Linnich,gemeinde,Nordrhein-Westfalen,linnich.de,https://www.linnich.de/,wikidata
DE-G-05358040,Merzenich,gemeinde,Nordrhein-Westfalen,gemeinde-merzenich.de,https://www.gemeinde-merzenich.de/,wikidata
DE-G-05358044,Nideggen,gemeinde,Nordrhein-Westfalen,nideggen.de,https://www.nideggen.de/,wikidata
DE-G-05358048,Niederzier,gemeinde,Nordrhein-Westfalen,niederzier.de,https://www.niederzier.de/,wikidata
DE-G-05358052,Nörvenich,gemeinde,Nordrhein-Westfalen,noervenich.de,https://www.noervenich.de/,wikidata
DE-G-05358056,Titz,gemeinde,Nordrhein-Westfalen,landgemeinde.de,https://landgemeinde.de/,wikidata
DE-G-05358060,Vettweiß,gemeinde,Nordrhein-Westfalen,vettweiss.de,https://www.vettweiss.de/,wikidata
DE-G-05362004,Bedburg,gemeinde,Nordrhein-Westfalen,bedburg.de,https://www.bedburg.de/,wikidata
DE-G-05362008,Bergheim,gemeinde,Nordrhein-Westfalen,bergheim.de,https://www.bergheim.de/,wikidata
DE-G-05362012,Brühl,gemeinde,Nordrhein-Westfalen,bruehl.de,https://bruehl.de,wikidata
DE-G-05362016,Elsdorf,gemeinde,Nordrhein-Westfalen,elsdorf.de,https://www.elsdorf.de/,wikidata
DE-G-05362020,Erftstadt,gemeinde,Nordrhein-Westfalen,erftstadt.de,https://www.erftstadt.de/,wikidata
DE-G-05362024,Frechen,gemeinde,Nordrhein-Westfalen,stadt-frechen.de,https://www.stadt-frechen.de/,wikidata
DE-G-05362028,Hürth,gemeinde,Nordrhein-Westfalen,huerth.de,https://www.huerth.de/,wikidata
DE-G-05362032,Kerpen,gemeinde,Nordrhein-Westfalen,stadt-kerpen.de,https://www.stadt-kerpen.de/,wikidata
DE-G-05362036,Pulheim,gemeinde,Nordrhein-Westfalen,pulheim.de,https://www.pulheim.de/,wikidata
DE-G-05362040,Wesseling,gemeinde,Nordrhein-Westfalen,wesseling.de,https://www.wesseling.de/,wikidata
DE-G-05366004,Bad Münstereifel,gemeinde,Nordrhein-Westfalen,bad-muenstereifel.de,https://www.bad-muenstereifel.de/,wikidata
DE-G-05366008,Blankenheim,gemeinde,Nordrhein-Westfalen,blankenheim.de,https://www.blankenheim.de/,wikidata
DE-G-05366012,Dahlem,gemeinde,Nordrhein-Westfalen,dahlem.de,https://www.dahlem.de/,wikidata
DE-G-05366016,Euskirchen,gemeinde,Nordrhein-Westfalen,euskirchen.de,https://www.euskirchen.de/,wikidata
DE-G-05366020,Hellenthal,gemeinde,Nordrhein-Westfalen,hellenthal.de,https://www.hellenthal.de/,wikidata
DE-G-05366024,Kall,gemeinde,Nordrhein-Westfalen,kall.de,https://www.kall.de/,wikidata
DE-G-05366028,Mechernich,gemeinde,Nordrhein-Westfalen,mechernich.de,https://www.mechernich.de/,wikidata
DE-G-05366032,Nettersheim,gemeinde,Nordrhein-Westfalen,nettersheim.de,https://www.nettersheim.de/,wikidata
DE-G-05366036,Schleiden,gemeinde,Nordrhein-Westfalen,schleiden.de,https://www.schleiden.de/,wikidata
DE-G-05366040,Weilerswist,gemeinde,Nordrhein-Westfalen,weilerswist.de,https://www.weilerswist.de/,wikidata
DE-G-05366044,Zülpich,gemeinde,Nordrhein-Westfalen,zuelpich.de,https://www.zuelpich.de/,wikidata
DE-G-05370004,Erkelenz,gemeinde,Nordrhein-Westfalen,erkelenz.de,https://www.erkelenz.de/,wikidata
DE-G-05370008,Gangelt,gemeinde,Nordrhein-Westfalen,gangelt.de,https://www.gangelt.de/,wikidata
DE-G-05370012,Geilenkirchen,gemeinde,Nordrhein-Westfalen,geilenkirchen.de,https://www.geilenkirchen.de/,wikidata
DE-G-05370016,Heinsberg,gemeinde,Nordrhein-Westfalen,heinsberg.de,https://www.heinsberg.de/,wikidata
DE-G-05370020,Hückelhoven,gemeinde,Nordrhein-Westfalen,hueckelhoven.de,https://www.hueckelhoven.de/,wikidata
DE-G-05370024,Selfkant,gemeinde,Nordrhein-Westfalen,selfkant.de,https://selfkant.de/,wikidata
DE-G-05370028,Übach-Palenberg,gemeinde,Nordrhein-Westfalen,uebach-palenberg.de,https://www.uebach-palenberg.de/,wikidata
DE-G-05370032,Waldfeucht,gemeinde,Nordrhein-Westfalen,waldfeucht.de,https://www.waldfeucht.de/,wikidata
DE-G-05370036,Wassenberg,gemeinde,Nordrhein-Westfalen,wassenberg.de,https://www.wassenberg.de/,wikidata
DE-G-05370040,Wegberg,gemeinde,Nordrhein-Westfalen,wegberg.de,https://www.wegberg.de/,wikidata
DE-G-05374004,Bergneustadt,gemeinde,Nordrhein-Westfalen,bergneustadt.de,https://www.bergneustadt.de/,wikidata
DE-G-05374008,Engelskirchen,gemeinde,Nordrhein-Westfalen,engelskirchen.de,https://www.engelskirchen.de/,wikidata
DE-G-05374012,Gummersbach,gemeinde,Nordrhein-Westfalen,gummersbach.de,https://www.gummersbach.de/,wikidata
DE-G-05374016,Hückeswagen,gemeinde,Nordrhein-Westfalen,hueckeswagen.de,https://www.hueckeswagen.de/,wikidata
DE-G-05374020,Lindlar,gemeinde,Nordrhein-Westfalen,lindlar.de,https://www.lindlar.de/,wikidata
DE-G-05374024,Marienheide,gemeinde,Nordrhein-Westfalen,marienheide.de,https://www.marienheide.de/,wikidata
DE-G-05374028,Morsbach,gemeinde,Nordrhein-Westfalen,morsbach.de,https://www.morsbach.de/,wikidata
DE-G-05374032,Nümbrecht,gemeinde,Nordrhein-Westfalen,nuembrecht.de,https://www.nuembrecht.de/,wikidata
DE-G-05374036,Radevormwald,gemeinde,Nordrhein-Westfalen,radevormwald.de,https://www.radevormwald.de/,wikidata
DE-G-05374040,Reichshof,gemeinde,Nordrhein-Westfalen,reichshof.org,https://www.reichshof.org/,wikidata
DE-G-05374044,Waldbröl,gemeinde,Nordrhein-Westfalen,waldbroel.de,https://www.waldbroel.de/,wikidata
DE-G-05374048,Wiehl,gemeinde,Nordrhein-Westfalen,wiehl.de,https://www.wiehl.de/,wikidata
DE-G-05374052,Wipperfürth,gemeinde,Nordrhein-Westfalen,wipperfuerth.de,https://www.wipperfuerth.de/,wikidata
DE-G-05378004,Bergisch Gladbach,gemeinde,Nordrhein-Westfalen,bergischgladbach.de,https://www.bergischgladbach.de/,wikidata
DE-G-05378008,Burscheid,gemeinde,Nordrhein-Westfalen,burscheid.de,https://www.burscheid.de/,wikidata
DE-G-05378012,Kürten,gemeinde,Nordrhein-Westfalen,kuerten.de,http://www.kuerten.de,wikidata
DE-G-05378016,Leichlingen (Rheinland),gemeinde,Nordrhein-Westfalen,leichlingen.de,https://www.leichlingen.de/,wikidata
DE-G-05378020,Odenthal,gemeinde,Nordrhein-Westfalen,odenthal.de,https://www.odenthal.de/,wikidata
DE-G-05378024,Overath,gemeinde,Nordrhein-Westfalen,overath.de,https://www.overath.de/,wikidata
DE-G-05378028,Rösrath,gemeinde,Nordrhein-Westfalen,roesrath.de,https://www.roesrath.de/,wikidata
DE-G-05378032,Wermelskirchen,gemeinde,Nordrhein-Westfalen,wermelskirchen.de,https://www.wermelskirchen.de/,wikidata
DE-G-05382004,Alfter,gemeinde,Nordrhein-Westfalen,alfter.de,https://www.alfter.de/,wikidata
DE-G-05382008,Bad Honnef,gemeinde,Nordrhein-Westfalen,meinbadhonnef.de,https://meinbadhonnef.de/,wikidata
DE-G-05382012,Bornheim,gemeinde,Nordrhein-Westfalen,bornheim.de,https://www.bornheim.de/,wikidata
DE-G-05382016,Eitorf,gemeinde,Nordrhein-Westfalen,eitorf.de,https://www.eitorf.de/,wikidata
DE-G-05382020,Hennef (Sieg),gemeinde,Nordrhein-Westfalen,hennef.de,https://www.hennef.de/,wikidata
DE-G-05382024,Königswinter,gemeinde,Nordrhein-Westfalen,koenigswinter.de,https://www.koenigswinter.de/,wikidata
DE-G-05382028,Lohmar,gemeinde,Nordrhein-Westfalen,lohmar.de,https://www.lohmar.de/,wikidata
DE-G-05382032,Meckenheim,gemeinde,Nordrhein-Westfalen,meckenheim.de,https://www.meckenheim.de/,wikidata
DE-G-05382036,Much,gemeinde,Nordrhein-Westfalen,much.de,https://www.much.de/,wikidata
DE-G-05382040,Neunkirchen-Seelscheid,gemeinde,Nordrhein-Westfalen,nk-se.de,https://www.nk-se.de/,wikidata
DE-G-05382044,Niederkassel,gemeinde,Nordrhein-Westfalen,niederkassel.de,https://www.niederkassel.de/,wikidata
DE-G-05382048,Rheinbach,gemeinde,Nordrhein-Westfalen,rheinbach.de,https://www.rheinbach.de/,wikidata
DE-G-05382052,Ruppichteroth,gemeinde,Nordrhein-Westfalen,ruppichteroth.de,https://www.ruppichteroth.de/,wikidata
DE-G-05382056,Sankt Augustin,gemeinde,Nordrhein-Westfalen,sankt-augustin.de,https://www.sankt-augustin.de/,wikidata
DE-G-05382060,Siegburg,gemeinde,Nordrhein-Westfalen,siegburg.de,https://siegburg.de/,wikidata
DE-G-05382064,Swisttal,gemeinde,Nordrhein-Westfalen,swisttal.de,https://www.swisttal.de/,wikidata
DE-G-05382068,Troisdorf,gemeinde,Nordrhein-Westfalen,troisdorf.de,https://www.troisdorf.de/,wikidata
DE-G-05382072,Wachtberg,gemeinde,Nordrhein-Westfalen,wachtberg.de,https://www.wachtberg.de/,wikidata
DE-G-05382076,Windeck,gemeinde,Nordrhein-Westfalen,gemeinde-windeck.de,https://gemeinde-windeck.de/,wikidata
DE-G-05512000,Bottrop,gemeinde,Nordrhein-Westfalen,bottrop.de,https://www.bottrop.de/,wikidata
DE-G-05513000,Gelsenkirchen,gemeinde,Nordrhein-Westfalen,gelsenkirchen.de,https://www.gelsenkirchen.de/,wikidata
DE-G-05515000,Münster,gemeinde,Nordrhein-Westfalen,stadt-muenster.de,https://www.stadt-muenster.de/,wikidata
DE-G-05554004,Ahaus,gemeinde,Nordrhein-Westfalen,stadt-ahaus.de,https://www.stadt-ahaus.de/,wikidata
DE-G-05554008,Bocholt,gemeinde,Nordrhein-Westfalen,bocholt.de,https://www.bocholt.de/,wikidata
DE-G-05554012,Borken,gemeinde,Nordrhein-Westfalen,borken.de,https://www.borken.de/,wikidata
DE-G-05554016,Gescher,gemeinde,Nordrhein-Westfalen,gescher.de,https://www.gescher.de/,wikidata
DE-G-05554020,Gronau (Westf.),gemeinde,Nordrhein-Westfalen,gronau.de,https://www.gronau.de/,wikidata
DE-G-05554024,Heek,gemeinde,Nordrhein-Westfalen,heek.de,https://www.heek.de/,wikidata
DE-G-05554028,Heiden,gemeinde,Nordrhein-Westfalen,heiden.de,https://www.heiden.de/,wikidata
DE-G-05554032,Isselburg,gemeinde,Nordrhein-Westfalen,isselburg.de,https://www.isselburg.de/,wikidata
DE-G-05554036,Legden,gemeinde,Nordrhein-Westfalen,legden.de,https://www.legden.de/,wikidata
DE-G-05554040,Raesfeld,gemeinde,Nordrhein-Westfalen,raesfeld.de,https://www.raesfeld.de/,wikidata
DE-G-05554044,Reken,gemeinde,Nordrhein-Westfalen,reken.de,https://www.reken.de/,wikidata
DE-G-05554048,Rhede,gemeinde,Nordrhein-Westfalen,rhede.de,https://www.rhede.de/,wikidata
DE-G-05554052,Schöppingen,gemeinde,Nordrhein-Westfalen,schoeppingen.de,https://www.schoeppingen.de/,wikidata
DE-G-05554056,Stadtlohn,gemeinde,Nordrhein-Westfalen,stadtlohn.de,https://www.stadtlohn.de/,wikidata
DE-G-05554060,Südlohn,gemeinde,Nordrhein-Westfalen,suedlohn.de,https://www.suedlohn.de/,wikidata
DE-G-05554064,Velen,gemeinde,Nordrhein-Westfalen,velen.de,https://www.velen.de/,wikidata
DE-G-05554068,Vreden,gemeinde,Nordrhein-Westfalen,vreden.de,https://www.vreden.de/,wikidata
DE-G-05558004,Ascheberg,gemeinde,Nordrhein-Westfalen,ascheberg.de,https://www.ascheberg.de/,wikidata
DE-G-05558008,Billerbeck,gemeinde,Nordrhein-Westfalen,billerbeck.de,https://www.billerbeck.de/,wikidata
DE-G-05558012,Coesfeld,gemeinde,Nordrhein-Westfalen,coesfeld.de,https://www.coesfeld.de/,wikidata
DE-G-05558016,Dülmen,gemeinde,Nordrhein-Westfalen,duelmen.de,https://www.duelmen.de/,wikidata
DE-G-05558020,Havixbeck,gemeinde,Nordrhein-Westfalen,havixbeck.de,https://www.havixbeck.de/,wikidata
DE-G-05558024,Lüdinghausen,gemeinde,Nordrhein-Westfalen,luedinghausen.de,https://www.luedinghausen.de/,wikidata
DE-G-05558028,Nordkirchen,gemeinde,Nordrhein-Westfalen,nordkirchen.de,https://www.nordkirchen.de/,wikidata
DE-G-05558032,Nottuln,gemeinde,Nordrhein-Westfalen,nottuln.de,https://www.nottuln.de/,wikidata
DE-G-05558036,Olfen,gemeinde,Nordrhein-Westfalen,olfen.de,https://www.olfen.de/,wikidata
DE-G-05558040,Rosendahl,gemeinde,Nordrhein-Westfalen,rosendahl.de,https://www.rosendahl.de/,wikidata
DE-G-05558044,Senden,gemeinde,Nordrhein-Westfalen,senden-westfalen.de,https://www.senden-westfalen.de/,wikidata
DE-G-05562004,Castrop-Rauxel,gemeinde,Nordrhein-Westfalen,castrop-rauxel.de,https://www.castrop-rauxel.de/,wikidata
DE-G-05562008,Datteln,gemeinde,Nordrhein-Westfalen,datteln.de,https://www.datteln.de/,wikidata
DE-G-05562012,Dorsten,gemeinde,Nordrhein-Westfalen,dorsten.de,https://www.dorsten.de/,wikidata
DE-G-05562014,Gladbeck,gemeinde,Nordrhein-Westfalen,gladbeck.de,https://www.gladbeck.de/,wikidata
DE-G-05562016,Haltern am See,gemeinde,Nordrhein-Westfalen,haltern-am-see.de,https://www.haltern-am-see.de/,wikidata
DE-G-05562020,Herten,gemeinde,Nordrhein-Westfalen,herten.de,https://www.herten.de/,wikidata
DE-G-05562024,Marl,gemeinde,Nordrhein-Westfalen,marl.de,https://www.marl.de/,wikidata
DE-G-05562028,Oer-Erkenschwick,gemeinde,Nordrhein-Westfalen,oer-erkenschwick.de,https://www.oer-erkenschwick.de/,wikidata
DE-G-05562032,Recklinghausen,gemeinde,Nordrhein-Westfalen,recklinghausen.de,https://www.recklinghausen.de/,wikidata
DE-G-05562036,Waltrop,gemeinde,Nordrhein-Westfalen,waltrop.de,https://www.waltrop.de/,wikidata
DE-G-05566004,Altenberge,gemeinde,Nordrhein-Westfalen,altenberge.de,https://altenberge.de/,wikidata
DE-G-05566008,Emsdetten,gemeinde,Nordrhein-Westfalen,emsdetten.de,https://www.emsdetten.de/,wikidata
DE-G-05566012,Greven,gemeinde,Nordrhein-Westfalen,greven.net,https://www.greven.net/,wikidata
DE-G-05566016,Hörstel,gemeinde,Nordrhein-Westfalen,hoerstel.de,https://www.hoerstel.de/,wikidata
DE-G-05566020,Hopsten,gemeinde,Nordrhein-Westfalen,hopsten.de,https://www.hopsten.de/,wikidata
DE-G-05566024,Horstmar,gemeinde,Nordrhein-Westfalen,horstmar.de,https://www.horstmar.de/,wikidata
DE-G-05566028,Ibbenbüren,gemeinde,Nordrhein-Westfalen,ibbenbueren.de,https://www.ibbenbueren.de/,wikidata
DE-G-05566032,Ladbergen,gemeinde,Nordrhein-Westfalen,ladbergen.de,https://www.ladbergen.de/,wikidata
DE-G-05566036,Laer,gemeinde,Nordrhein-Westfalen,laer.de,https://www.laer.de/,wikidata
DE-G-05566040,Lengerich,gemeinde,Nordrhein-Westfalen,lengerich.de,https://www.lengerich.de/,wikidata
DE-G-05566044,Lienen,gemeinde,Nordrhein-Westfalen,lienen.de,https://www.lienen.de/,wikidata
DE-G-05566048,Lotte,gemeinde,Nordrhein-Westfalen,lotte.de,https://www.lotte.de/,wikidata
DE-G-05566052,Metelen,gemeinde,Nordrhein-Westfalen,metelen.de,https://www.metelen.de/,wikidata
DE-G-05566056,Mettingen,gemeinde,Nordrhein-Westfalen,mettingen.de,https://www.mettingen.de/,wikidata
DE-G-05566060,Neuenkirchen,gemeinde,Nordrhein-Westfalen,neuenkirchen.de,https://www.neuenkirchen.de/,wikidata
DE-G-05566064,Nordwalde,gemeinde,Nordrhein-Westfalen,nordwalde.de,https://www.nordwalde.de/,wikidata
DE-G-05566068,Ochtrup,gemeinde,Nordrhein-Westfalen,ochtrup.de,https://www.ochtrup.de/,wikidata
DE-G-05566072,Recke,gemeinde,Nordrhein-Westfalen,recke.de,https://www.recke.de/,wikidata
DE-G-05566076,Rheine,gemeinde,Nordrhein-Westfalen,rheine.de,https://www.rheine.de/,wikidata
DE-G-05566080,Saerbeck,gemeinde,Nordrhein-Westfalen,saerbeck.de,https://www.saerbeck.de/,wikidata
DE-G-05566084,Steinfurt,gemeinde,Nordrhein-Westfalen,steinfurt.de,https://www.steinfurt.de/,wikidata
DE-G-05566088,Tecklenburg,gemeinde,Nordrhein-Westfalen,tecklenburg.de,https://tecklenburg.de/,wikidata
DE-G-05566092,Westerkappeln,gemeinde,Nordrhein-Westfalen,gemeinde-westerkappeln.de,https://www.gemeinde-westerkappeln.de/,wikidata
DE-G-05566096,Wettringen,gemeinde,Nordrhein-Westfalen,wettringen.de,https://www.wettringen.de/,wikidata
DE-G-05570004,Ahlen,gemeinde,Nordrhein-Westfalen,ahlen.de,https://www.ahlen.de/,wikidata
DE-G-05570008,Beckum,gemeinde,Nordrhein-Westfalen,beckum.de,https://www.beckum.de/,wikidata
DE-G-05570012,Beelen,gemeinde,Nordrhein-Westfalen,beelen.de,https://www.beelen.de/,wikidata
DE-G-05570016,Drensteinfurt,gemeinde,Nordrhein-Westfalen,drensteinfurt.de,https://www.drensteinfurt.de/,wikidata
DE-G-05570020,Ennigerloh,gemeinde,Nordrhein-Westfalen,stadt-ennigerloh.de,https://www.stadt-ennigerloh.de/,wikidata
DE-G-05570024,Everswinkel,gemeinde,Nordrhein-Westfalen,everswinkel.de,https://www.everswinkel.de/,wikidata
DE-G-05570028,Oelde,gemeinde,Nordrhein-Westfalen,oelde.de,https://www.oelde.de/,wikidata
DE-G-05570032,Ostbevern,gemeinde,Nordrhein-Westfalen,ostbevern.de,https://www.ostbevern.de/,wikidata
DE-G-05570036,Sassenberg,gemeinde,Nordrhein-Westfalen,sassenberg.de,https://www.sassenberg.de/,wikidata
DE-G-05570040,Sendenhorst,gemeinde,Nordrhein-Westfalen,sendenhorst.de,https://www.sendenhorst.de/,wikidata
DE-G-05570044,Telgte,gemeinde,Nordrhein-Westfalen,telgte.de,https://www.telgte.de/,wikidata
DE-G-05570048,Wadersloh,gemeinde,Nordrhein-Westfalen,wadersloh.de,https://www.wadersloh.de/,wikidata
DE-G-05570052,Warendorf,gemeinde,Nordrhein-Westfalen,warendorf.de,https://www.warendorf.de/,wikidata
DE-G-05711000,Bielefeld,gemeinde,Nordrhein-Westfalen,bielefeld.de,https://www.bielefeld.de/,wikidata
DE-G-05754004,Borgholzhausen,gemeinde,Nordrhein-Westfalen,borgholzhausen.de,https://www.borgholzhausen.de/,wikidata
DE-G-05754008,Gütersloh,gemeinde,Nordrhein-Westfalen,guetersloh.de,https://www.guetersloh.de/,wikidata
DE-G-05754012,Halle (Westf.),gemeinde,Nordrhein-Westfalen,hallewestfalen.de,https://www.hallewestfalen.de/,wikidata
DE-G-05754016,Harsewinkel,gemeinde,Nordrhein-Westfalen,harsewinkel.de,https://www.harsewinkel.de/,wikidata
DE-G-05754020,Herzebrock-Clarholz,gemeinde,Nordrhein-Westfalen,herzebrock-clarholz.de,https://www.herzebrock-clarholz.de/,wikidata
DE-G-05754024,Langenberg,gemeinde,Nordrhein-Westfalen,langenberg.de,https://www.langenberg.de/,wikidata
DE-G-05754028,Rheda-Wiedenbrück,gemeinde,Nordrhein-Westfalen,rheda-wiedenbrueck.de,https://www.rheda-wiedenbrueck.de/,wikidata
DE-G-05754032,Rietberg,gemeinde,Nordrhein-Westfalen,rietberg.de,https://www.rietberg.de/,wikidata
DE-G-05754036,Schloß Holte-Stukenbrock,gemeinde,Nordrhein-Westfalen,schloss-holte-stukenbrock.de,http://www.schloss-holte-stukenbrock.de,wikidata
DE-G-05754040,Steinhagen,gemeinde,Nordrhein-Westfalen,steinhagen.de,https://www.steinhagen.de/,wikidata
DE-G-05754044,Verl,gemeinde,Nordrhein-Westfalen,verl.de,https://www.verl.de/,wikidata
DE-G-05754048,Versmold,gemeinde,Nordrhein-Westfalen,versmold.de,https://www.versmold.de/,wikidata
DE-G-05754052,Werther (Westf.),gemeinde,Nordrhein-Westfalen,stadt-werther.de,https://www.stadt-werther.de/,wikidata
DE-G-05758004,Bünde,gemeinde,Nordrhein-Westfalen,buende.de,https://www.buende.de/,wikidata
DE-G-05758008,Enger,gemeinde,Nordrhein-Westfalen,enger.de,https://www.enger.de/,wikidata
DE-G-05758012,Herford,gemeinde,Nordrhein-Westfalen,herford.de,https://www.herford.de/,wikidata
DE-G-05758016,Hiddenhausen,gemeinde,Nordrhein-Westfalen,hiddenhausen.de,https://www.hiddenhausen.de/,wikidata
DE-G-05758020,Kirchlengern,gemeinde,Nordrhein-Westfalen,kirchlengern.de,https://www.kirchlengern.de/,wikidata
DE-G-05758024,Löhne,gemeinde,Nordrhein-Westfalen,loehne.de,https://www.loehne.de/,wikidata
DE-G-05758028,Rödinghausen,gemeinde,Nordrhein-Westfalen,roedinghausen.de,https://www.roedinghausen.de/,wikidata
DE-G-05758032,Spenge,gemeinde,Nordrhein-Westfalen,spenge.de,https://www.spenge.de/,wikidata
DE-G-05758036,Vlotho,gemeinde,Nordrhein-Westfalen,vlotho.de,https://www.vlotho.de/,wikidata
DE-G-05762004,Bad Driburg,gemeinde,Nordrhein-Westfalen,bad-driburg.de,https://www.bad-driburg.de/,wikidata
DE-G-05762008,Beverungen,gemeinde,Nordrhein-Westfalen,beverungen.de,https://www.beverungen.de/,wikidata
DE-G-05762012,Borgentreich,gemeinde,Nordrhein-Westfalen,borgentreich.de,https://www.borgentreich.de/,wikidata
DE-G-05762016,Brakel,gemeinde,Nordrhein-Westfalen,brakel.de,https://www.brakel.de/,wikidata
DE-G-05762020,Höxter,gemeinde,Nordrhein-Westfalen,hoexter.de,https://www.hoexter.de/,wikidata
DE-G-05762024,Marienmünster,gemeinde,Nordrhein-Westfalen,marienmuenster.de,https://www.marienmuenster.de/,wikidata
DE-G-05762028,Nieheim,gemeinde,Nordrhein-Westfalen,nieheim.de,https://www.nieheim.de/,wikidata
DE-G-05762032,Steinheim,gemeinde,Nordrhein-Westfalen,steinheim.de,https://www.steinheim.de/,wikidata
DE-G-05762036,Warburg,gemeinde,Nordrhein-Westfalen,warburg.de,https://www.warburg.de/,wikidata
DE-G-05762040,Willebadessen,gemeinde,Nordrhein-Westfalen,willebadessen.de,https://www.willebadessen.de/,wikidata
DE-G-05766004,Augustdorf,gemeinde,Nordrhein-Westfalen,augustdorf.de,https://www.augustdorf.de/,wikidata
DE-G-05766008,Bad Salzuflen,gemeinde,Nordrhein-Westfalen,stadt-bad-salzuflen.de,https://www.stadt-bad-salzuflen.de/,wikidata
DE-G-05766012,Barntrup,gemeinde,Nordrhein-Westfalen,barntrup.de,https://www.barntrup.de/,wikidata
DE-G-05766016,Blomberg,gemeinde,Nordrhein-Westfalen,blomberg-lippe.de,https://www.blomberg-lippe.de/,wikidata
DE-G-05766020,Detmold,gemeinde,Nordrhein-Westfalen,detmold.de,https://www.detmold.de/,wikidata
DE-G-05766024,Dörentrup,gemeinde,Nordrhein-Westfalen,doerentrup-lippe.de,https://www.doerentrup-lippe.de/,wikidata
DE-G-05766028,Extertal,gemeinde,Nordrhein-Westfalen,extertal.de,https://www.extertal.de/,wikidata
DE-G-05766032,Horn-Bad Meinberg,gemeinde,Nordrhein-Westfalen,horn-badmeinberg.de,https://www.horn-badmeinberg.de/,wikidata
DE-G-05766036,Kalletal,gemeinde,Nordrhein-Westfalen,kalletal.de,https://www.kalletal.de/,wikidata
DE-G-05766040,Lage,gemeinde,Nordrhein-Westfalen,lage.de,https://www.lage.de/,wikidata
DE-G-05766044,Lemgo,gemeinde,Nordrhein-Westfalen,lemgo.de,https://www.lemgo.de/,wikidata
DE-G-05766048,Leopoldshöhe,gemeinde,Nordrhein-Westfalen,leopoldshoehe.de,https://www.leopoldshoehe.de/,wikidata
DE-G-05766052,Lügde,gemeinde,Nordrhein-Westfalen,luegde.de,https://luegde.de/,wikidata
DE-G-05766056,Oerlinghausen,gemeinde,Nordrhein-Westfalen,oerlinghausen.de,https://www.oerlinghausen.de/,wikidata
DE-G-05766060,Schieder-Schwalenberg,gemeinde,Nordrhein-Westfalen,schieder-schwalenberg.de,https://www.schieder-schwalenberg.de/,wikidata
DE-G-05766064,Schlangen,gemeinde,Nordrhein-Westfalen,gemeinde-schlangen.de,https://www.gemeinde-schlangen.de/,wikidata
DE-G-05770004,Bad Oeynhausen,gemeinde,Nordrhein-Westfalen,badoeynhausen.de,https://www.badoeynhausen.de/,wikidata
DE-G-05770008,Espelkamp,gemeinde,Nordrhein-Westfalen,espelkamp.de,https://www.espelkamp.de/,wikidata
DE-G-05770012,Hille,gemeinde,Nordrhein-Westfalen,hille.de,https://www.hille.de/,wikidata
DE-G-05770016,Hüllhorst,gemeinde,Nordrhein-Westfalen,huellhorst.de,https://www.huellhorst.de/,wikidata
DE-G-05770020,Lübbecke,gemeinde,Nordrhein-Westfalen,luebbecke.de,https://www.luebbecke.de/,wikidata
DE-G-05770024,Minden,gemeinde,Nordrhein-Westfalen,minden.de,https://www.minden.de/,wikidata
DE-G-05770028,Petershagen,gemeinde,Nordrhein-Westfalen,petershagen.de,https://www.petershagen.de/,wikidata
DE-G-05770032,Porta Westfalica,gemeinde,Nordrhein-Westfalen,portawestfalica.de,https://www.portawestfalica.de/,wikidata
DE-G-05770036,Preußisch Oldendorf,gemeinde,Nordrhein-Westfalen,preussischoldendorf.de,https://www.preussischoldendorf.de/,wikidata
DE-G-05770040,Rahden,gemeinde,Nordrhein-Westfalen,rahden.de,https://www.rahden.de/,wikidata
DE-G-05770044,Stemwede,gemeinde,Nordrhein-Westfalen,stemwede.de,https://www.stemwede.de/,wikidata
DE-G-05774004,Altenbeken,gemeinde,Nordrhein-Westfalen,altenbeken.de,https://www.altenbeken.de/,wikidata
DE-G-05774008,Bad Lippspringe,gemeinde,Nordrhein-Westfalen,bad-lippspringe.de,https://www.bad-lippspringe.de/,wikidata
DE-G-05774012,Borchen,gemeinde,Nordrhein-Westfalen,borchen.de,https://www.borchen.de/,wikidata
DE-G-05774016,Büren,gemeinde,Nordrhein-Westfalen,bueren.de,https://www.bueren.de/,wikidata
DE-G-05774020,Delbrück,gemeinde,Nordrhein-Westfalen,stadt-delbrueck.de,https://www.stadt-delbrueck.de/,wikidata
DE-G-05774024,Hövelhof,gemeinde,Nordrhein-Westfalen,hoevelhof.de,https://www.hoevelhof.de/,wikidata
DE-G-05774028,Lichtenau,gemeinde,Nordrhein-Westfalen,lichtenau.de,https://www.lichtenau.de/,wikidata
DE-G-05774032,Paderborn,gemeinde,Nordrhein-Westfalen,paderborn.de,https://www.paderborn.de/,wikidata
DE-G-05774036,Salzkotten,gemeinde,Nordrhein-Westfalen,salzkotten.de,https://www.salzkotten.de/,wikidata
DE-G-05774040,Bad Wünnenberg,gemeinde,Nordrhein-Westfalen,bad-wuennenberg.de,https://www.bad-wuennenberg.de/,wikidata
DE-G-05911000,Bochum,gemeinde,Nordrhein-Westfalen,bochum.de,https://www.bochum.de/,wikidata
DE-G-05913000,Dortmund,gemeinde,Nordrhein-Westfalen,dortmund.de,https://www.dortmund.de/,wikidata
DE-G-05914000,Hagen,gemeinde,Nordrhein-Westfalen,hagen.de,https://www.hagen.de/,wikidata
DE-G-05915000,Hamm,gemeinde,Nordrhein-Westfalen,hamm.de,https://www.hamm.de/,wikidata
DE-G-05916000,Herne,gemeinde,Nordrhein-Westfalen,herne.de,https://www.herne.de/,wikidata
DE-G-05954004,Breckerfeld,gemeinde,Nordrhein-Westfalen,breckerfeld.de,https://www.breckerfeld.de/,wikidata
DE-G-05954008,Ennepetal,gemeinde,Nordrhein-Westfalen,ennepetal.de,http://www.ennepetal.de/,wikidata
DE-G-05954012,Gevelsberg,gemeinde,Nordrhein-Westfalen,gevelsberg.de,https://www.gevelsberg.de/,wikidata
DE-G-05954016,Hattingen,gemeinde,Nordrhein-Westfalen,hattingen.de,https://www.hattingen.de/,wikidata
DE-G-05954020,Herdecke,gemeinde,Nordrhein-Westfalen,herdecke.de,https://www.herdecke.de/,wikidata
DE-G-05954024,Schwelm,gemeinde,Nordrhein-Westfalen,schwelm.de,https://www.schwelm.de/,wikidata
DE-G-05954028,Sprockhövel,gemeinde,Nordrhein-Westfalen,enkreis.de,https://www.enkreis.de/ennepe-ruhr-kreis-staedte/staedte/sprockhoevel,wikidata
DE-G-05954032,Wetter (Ruhr),gemeinde,Nordrhein-Westfalen,stadt-wetter.de,https://www.stadt-wetter.de/,wikidata
DE-G-05954036,Witten,gemeinde,Nordrhein-Westfalen,witten.de,https://www.witten.de/,wikidata
DE-G-05958004,Arnsberg,gemeinde,Nordrhein-Westfalen,arnsberg.de,https://www.arnsberg.de/,wikidata
DE-G-05958008,Bestwig,gemeinde,Nordrhein-Westfalen,bestwig.de,https://bestwig.de/,wikidata
DE-G-05958012,Brilon,gemeinde,Nordrhein-Westfalen,brilon.de,https://www.brilon.de/,wikidata
DE-G-05958016,Eslohe (Sauerland),gemeinde,Nordrhein-Westfalen,eslohe.de,https://www.eslohe.de/,wikidata
DE-G-05958020,Hallenberg,gemeinde,Nordrhein-Westfalen,stadt-hallenberg.de,https://www.stadt-hallenberg.de/,wikidata
DE-G-05958024,Marsberg,gemeinde,Nordrhein-Westfalen,marsberg.de,https://www.marsberg.de/,wikidata
DE-G-05958028,Medebach,gemeinde,Nordrhein-Westfalen,medebach.de,https://www.medebach.de/,wikidata
DE-G-05958032,Meschede,gemeinde,Nordrhein-Westfalen,meschede.de,https://www.meschede.de/,wikidata
DE-G-05958036,Olsberg,gemeinde,Nordrhein-Westfalen,olsberg.de,https://www.olsberg.de/,wikidata
DE-G-05958040,Schmallenberg,gemeinde,Nordrhein-Westfalen,schmallenberg.de,https://www.schmallenberg.de/,wikidata
DE-G-05958044,Sundern (Sauerland),gemeinde,Nordrhein-Westfalen,sundern.de,https://www.sundern.de/,wikidata
DE-G-05958048,Winterberg,gemeinde,Nordrhein-Westfalen,winterberg.de,https://www.winterberg.de/,wikidata
DE-G-05962004,Altena,gemeinde,Nordrhein-Westfalen,altena.de,http://www.altena.de/,wikidata
DE-G-05962008,Balve,gemeinde,Nordrhein-Westfalen,balve.de,https://www.balve.de/,wikidata
DE-G-05962012,Halver,gemeinde,Nordrhein-Westfalen,halver.de,https://www.halver.de/,wikidata
DE-G-05962016,Hemer,gemeinde,Nordrhein-Westfalen,hemer.de,https://www.hemer.de/,wikidata
DE-G-05962020,Herscheid,gemeinde,Nordrhein-Westfalen,herscheid.de,https://www.herscheid.de/,wikidata
DE-G-05962024,Iserlohn,gemeinde,Nordrhein-Westfalen,iserlohn.de,https://www.iserlohn.de/,wikidata
DE-G-05962028,Kierspe,gemeinde,Nordrhein-Westfalen,kierspe.de,https://www.kierspe.de/,wikidata
DE-G-05962032,Lüdenscheid,gemeinde,Nordrhein-Westfalen,luedenscheid.de,https://www.luedenscheid.de/,wikidata
DE-G-05962036,Meinerzhagen,gemeinde,Nordrhein-Westfalen,meinerzhagen.de,https://www.meinerzhagen.de/,wikidata
DE-G-05962040,Menden (Sauerland),gemeinde,Nordrhein-Westfalen,menden.de,https://www.menden.de/,wikidata
DE-G-05962044,Nachrodt-Wiblingwerde,gemeinde,Nordrhein-Westfalen,nachrodt-wiblingwerde.de,https://www.nachrodt-wiblingwerde.de/,wikidata
DE-G-05962048,Neuenrade,gemeinde,Nordrhein-Westfalen,neuenrade.de,https://www.neuenrade.de/,wikidata
DE-G-05962052,Plettenberg,gemeinde,Nordrhein-Westfalen,plettenberg.de,https://www.plettenberg.de/,wikidata
DE-G-05962056,Schalksmühle,gemeinde,Nordrhein-Westfalen,schalksmuehle.de,https://www.schalksmuehle.de/,wikidata
DE-G-05962060,Werdohl,gemeinde,Nordrhein-Westfalen,werdohl.de,https://www.werdohl.de/,wikidata
DE-G-05966004,Attendorn,gemeinde,Nordrhein-Westfalen,attendorn.de,https://www.attendorn.de/,wikidata
DE-G-05966008,Drolshagen,gemeinde,Nordrhein-Westfalen,drolshagen.de,https://www.drolshagen.de/,wikidata
DE-G-05966012,Finnentrop,gemeinde,Nordrhein-Westfalen,finnentrop.de,https://www.finnentrop.de/,wikidata
DE-G-05966016,Kirchhundem,gemeinde,Nordrhein-Westfalen,kirchhundem.de,https://www.kirchhundem.de/,wikidata
DE-G-05966020,Lennestadt,gemeinde,Nordrhein-Westfalen,lennestadt.de,https://www.lennestadt.de/,wikidata
DE-G-05966024,Olpe,gemeinde,Nordrhein-Westfalen,olpe.de,https://olpe.de/,wikidata
DE-G-05966028,Wenden,gemeinde,Nordrhein-Westfalen,wenden.de,https://www.wenden.de/,wikidata
DE-G-05970004,Bad Berleburg,gemeinde,Nordrhein-Westfalen,bad-berleburg.de,https://www.bad-berleburg.de/,wikidata
DE-G-05970008,Burbach,gemeinde,Nordrhein-Westfalen,burbach-siegerland.de,https://www.burbach-siegerland.de/,wikidata
DE-G-05970012,Erndtebrück,gemeinde,Nordrhein-Westfalen,erndtebrueck.de,https://www.erndtebrueck.de/,wikidata
DE-G-05970016,Freudenberg,gemeinde,Nordrhein-Westfalen,freudenberg-stadt.de,https://www.freudenberg-stadt.de/,wikidata
DE-G-05970020,Hilchenbach,gemeinde,Nordrhein-Westfalen,hilchenbach.de,https://hilchenbach.de/,wikidata
DE-G-05970024,Kreuztal,gemeinde,Nordrhein-Westfalen,kreuztal.de,https://www.kreuztal.de/,wikidata
DE-G-05970028,Bad Laasphe,gemeinde,Nordrhein-Westfalen,stadt-badlaasphe.de,https://www.stadt-badlaasphe.de/,wikidata
DE-G-05970032,Netphen,gemeinde,Nordrhein-Westfalen,netphen.de,https://www.netphen.de/,wikidata
DE-G-05970036,Neunkirchen,gemeinde,Nordrhein-Westfalen,neunkirchen-siegerland.de,https://www.neunkirchen-siegerland.de/,wikidata
DE-G-05970040,Siegen,gemeinde,Nordrhein-Westfalen,siegen.de,https://www.siegen.de/,wikidata
DE-G-05970044,Wilnsdorf,gemeinde,Nordrhein-Westfalen,wilnsdorf.de,https://www.wilnsdorf.de/,wikidata
DE-G-05974004,Anröchte,gemeinde,Nordrhein-Westfalen,anroechte.de,https://www.anroechte.de/,wikidata
DE-G-05974008,Bad Sassendorf,gemeinde,Nordrhein-Westfalen,bad-sassendorf.de,https://rathaus.bad-sassendorf.de/,wikidata
DE-G-05974012,Ense,gemeinde,Nordrhein-Westfalen,gemeinde-ense.de,https://www.gemeinde-ense.de/,wikidata
DE-G-05974016,Erwitte,gemeinde,Nordrhein-Westfalen,erwitte.de,https://www.erwitte.de/,wikidata
DE-G-05974020,Geseke,gemeinde,Nordrhein-Westfalen,geseke.de,https://www.geseke.de/,wikidata
DE-G-05974024,Lippetal,gemeinde,Nordrhein-Westfalen,lippetal.de,http://www.lippetal.de,wikidata
DE-G-05974028,Lippstadt,gemeinde,Nordrhein-Westfalen,lippstadt.de,https://www.lippstadt.de/,wikidata
DE-G-05974032,Möhnesee,gemeinde,Nordrhein-Westfalen,gemeinde-moehnesee.de,https://www.gemeinde-moehnesee.de/,wikidata
DE-G-05974036,Rüthen,gemeinde,Nordrhein-Westfalen,ruethen.de,https://www.ruethen.de/,wikidata
DE-G-05974040,Soest,gemeinde,Nordrhein-Westfalen,soest.de,https://www.soest.de/,wikidata
DE-G-05974044,Warstein,gemeinde,Nordrhein-Westfalen,warstein.de,https://warstein.de/,wikidata
DE-G-05974048,Welver,gemeinde,Nordrhein-Westfalen,welver.de,https://www.welver.de/,wikidata
DE-G-05974052,Werl,gemeinde,Nordrhein-Westfalen,werl.de,https://www.werl.de/,wikidata
DE-G-05974056,Wickede (Ruhr),gemeinde,Nordrhein-Westfalen,wickede.de,https://www.wickede.de/,wikidata
DE-G-05978004,Bergkamen,gemeinde,Nordrhein-Westfalen,bergkamen.de,https://www.bergkamen.de/,wikidata
DE-G-05978008,Bönen,gemeinde,Nordrhein-Westfalen,boenen.de,https://www.boenen.de/,wikidata
DE-G-05978012,Fröndenberg/Ruhr,gemeinde,Nordrhein-Westfalen,froendenberg.de,https://www.froendenberg.de/,wikidata
DE-G-05978016,Holzwickede,gemeinde,Nordrhein-Westfalen,holzwickede.de,https://www.holzwickede.de/,wikidata
DE-G-05978020,Kamen,gemeinde,Nordrhein-Westfalen,stadt-kamen.de,https://www.stadt-kamen.de/,wikidata
DE-G-05978024,Lünen,gemeinde,Nordrhein-Westfalen,luenen.de,https://www.luenen.de/,wikidata
DE-G-05978028,Schwerte,gemeinde,Nordrhein-Westfalen,schwerte.de,https://www.schwerte.de/,wikidata
DE-G-05978032,Selm,gemeinde,Nordrhein-Westfalen,selm.de,https://www.selm.de/,wikidata
DE-G-05978036,Unna,gemeinde,Nordrhein-Westfalen,unna.de,https://www.unna.de/,wikidata
DE-G-05978040,Werne,gemeinde,Nordrhein-Westfalen,werne.de,https://www.werne.de/,wikidata
DE-G-06411000,Darmstadt,gemeinde,Hessen,darmstadt.de,https://www.darmstadt.de/,wikidata
DE-G-06412000,Frankfurt am Main,gemeinde,Hessen,frankfurt.de,https://frankfurt.de,wikidata
DE-G-06413000,Offenbach am Main,gemeinde,Hessen,offenbach.de,https://www.offenbach.de/,wikidata
DE-G-06414000,Wiesbaden,gemeinde,Hessen,wiesbaden.de,https://www.wiesbaden.de/,wikidata
DE-G-06431001,Abtsteinach,gemeinde,Hessen,abtsteinach.de,https://www.abtsteinach.de/,wikidata
DE-G-06431002,Bensheim,gemeinde,Hessen,bensheim.de,https://bensheim.de/,wikidata
DE-G-06431003,Biblis,gemeinde,Hessen,biblis.eu,https://www.biblis.eu/,wikidata
DE-G-06431004,Birkenau,gemeinde,Hessen,birkenau.de,https://www.birkenau.de/,wikidata
DE-G-06431005,Bürstadt,gemeinde,Hessen,buerstadt.de,https://www.buerstadt.de/,wikidata
DE-G-06431006,Einhausen,gemeinde,Hessen,einhausen.de,https://www.einhausen.de/,wikidata
DE-G-06431007,Fürth,gemeinde,Hessen,gemeinde-fuerth.de,https://www.gemeinde-fuerth.de/,wikidata
DE-G-06431008,Gorxheimertal,gemeinde,Hessen,gorxheimertal.de,https://www.gorxheimertal.de/,wikidata
DE-G-06431009,Grasellenbach,gemeinde,Hessen,gemeinde-grasellenbach.de,https://www.gemeinde-grasellenbach.de/,wikidata
DE-G-06431010,Groß-Rohrheim,gemeinde,Hessen,gross-rohrheim.de,https://www.gross-rohrheim.de/,wikidata
DE-G-06431011,Heppenheim (Bergstraße),gemeinde,Hessen,heppenheim.de,https://www.heppenheim.de/,wikidata
DE-G-06431012,Hirschhorn (Neckar),gemeinde,Hessen,hirschhorn.de,https://www.hirschhorn.de/,wikidata
DE-G-06431013,Lampertheim,gemeinde,Hessen,lampertheim.de,https://www.lampertheim.de/,wikidata
DE-G-06431014,Lautertal (Odenwald),gemeinde,Hessen,lautertal.de,https://www.lautertal.de/,wikidata
DE-G-06431015,Lindenfels,gemeinde,Hessen,lindenfels.de,https://www.lindenfels.de/,wikidata
DE-G-06431016,Lorsch,gemeinde,Hessen,lorsch.de,https://lorsch.de/,wikidata
DE-G-06431017,Mörlenbach,gemeinde,Hessen,moerlenbach.de,https://www.moerlenbach.de/,wikidata
DE-G-06431018,Neckarsteinach,gemeinde,Hessen,neckarsteinach.com,https://www.neckarsteinach.com/,wikidata
DE-G-06431019,Rimbach,gemeinde,Hessen,lagis-hessen.de,https://www.lagis-hessen.de/de/subjects/gsrec/current/1/sn/ol?q=Ringgau,wikidata
DE-G-06431020,Viernheim,gemeinde,Hessen,viernheim.de,https://www.viernheim.de/,wikidata
DE-G-06431021,Wald-Michelbach,gemeinde,Hessen,wald-michelbach.de,https://www.wald-michelbach.de/,wikidata
DE-G-06431022,Zwingenberg,gemeinde,Hessen,zwingenberg.de,https://zwingenberg.de/,wikidata
DE-G-06432001,Alsbach-Hähnlein,gemeinde,Hessen,alsbach-haehnlein.de,https://www.alsbach-haehnlein.de/,wikidata
DE-G-06432002,Babenhausen,gemeinde,Hessen,babenhausen.de,https://www.babenhausen.de/,wikidata
DE-G-06432003,Bickenbach,gemeinde,Hessen,bickenbach-bergstrasse.de,https://www.bickenbach-bergstrasse.de/,wikidata
DE-G-06432004,Dieburg,gemeinde,Hessen,dieburg.de,https://www.dieburg.de/,wikidata
DE-G-06432005,Eppertshausen,gemeinde,Hessen,eppertshausen.de,https://www.eppertshausen.de/,wikidata
DE-G-06432006,Erzhausen,gemeinde,Hessen,erzhausen.de,https://www.erzhausen.de/,wikidata
DE-G-06432007,Fischbachtal,gemeinde,Hessen,fischbachtal.de,https://www.fischbachtal.de/,wikidata
DE-G-06432008,Griesheim,gemeinde,Hessen,griesheim.de,https://www.griesheim.de/,wikidata
DE-G-06432009,Groß-Bieberau,gemeinde,Hessen,gross-bieberau.de,https://www.gross-bieberau.de/,wikidata
DE-G-06432010,Groß-Umstadt,gemeinde,Hessen,gross-umstadt.de,https://www.gross-umstadt.de/,wikidata
DE-G-06432011,Groß-Zimmern,gemeinde,Hessen,gross-zimmern.de,https://www.gross-zimmern.de/,wikidata
DE-G-06432012,Messel,gemeinde,Hessen,messel.de,https://www.messel.de/,wikidata
DE-G-06432013,Modautal,gemeinde,Hessen,modautal.de,https://www.modautal.de/,wikidata
DE-G-06432014,Mühltal,gemeinde,Hessen,muehltal.de,https://www.muehltal.de/,wikidata
DE-G-06432015,Münster (Hessen),gemeinde,Hessen,muenster-hessen.de,https://www.muenster-hessen.de/,wikidata
DE-G-06432016,Ober-Ramstadt,gemeinde,Hessen,ober-ramstadt.de,https://www.ober-ramstadt.de/,wikidata
DE-G-06432017,Otzberg,gemeinde,Hessen,otzberg.de,https://www.otzberg.de/,wikidata
DE-G-06432018,Pfungstadt,gemeinde,Hessen,pfungstadt.de,https://www.pfungstadt.de/,wikidata
DE-G-06432019,Reinheim,gemeinde,Hessen,reinheim.de,https://www.reinheim.de/,wikidata
DE-G-06432020,Roßdorf,gemeinde,Hessen,rossdorf.de,https://rossdorf.de/,wikidata
DE-G-06432021,Schaafheim,gemeinde,Hessen,schaafheim.de,https://www.schaafheim.de/,wikidata
DE-G-06432022,Seeheim-Jugenheim,gemeinde,Hessen,seeheim-jugenheim.de,https://www.seeheim-jugenheim.de/,wikidata
DE-G-06432023,Weiterstadt,gemeinde,Hessen,weiterstadt.de,https://www.weiterstadt.de/,wikidata
DE-G-06433001,Biebesheim am Rhein,gemeinde,Hessen,biebesheim-am-rhein.de,https://www.biebesheim-am-rhein.de/,wikidata
DE-G-06433002,Bischofsheim,gemeinde,Hessen,bischofsheim.de,https://bischofsheim.de/,wikidata
DE-G-06433003,Büttelborn,gemeinde,Hessen,buettelborn.de,https://www.buettelborn.de/,wikidata
DE-G-06433004,Gernsheim,gemeinde,Hessen,gernsheim.de,https://www.gernsheim.de/,wikidata
DE-G-06433005,Ginsheim-Gustavsburg,gemeinde,Hessen,gigu.de,https://www.gigu.de/,wikidata
DE-G-06433006,Groß-Gerau,gemeinde,Hessen,gross-gerau.de,https://www.gross-gerau.de/,wikidata
DE-G-06433007,Kelsterbach,gemeinde,Hessen,kelsterbach.de,https://kelsterbach.de/,wikidata
DE-G-06433008,Mörfelden-Walldorf,gemeinde,Hessen,moerfelden-walldorf.de,https://www.moerfelden-walldorf.de/,wikidata
DE-G-06433009,Nauheim,gemeinde,Hessen,nauheim.de,https://www.nauheim.de/,wikidata
DE-G-06433010,Raunheim,gemeinde,Hessen,raunheim.de,https://www.raunheim.de/,wikidata
DE-G-06433011,Riedstadt,gemeinde,Hessen,riedstadt.de,https://www.riedstadt.de/,wikidata
DE-G-06433012,Rüsselsheim am Main,gemeinde,Hessen,ruesselsheim.de,https://www.ruesselsheim.de/,wikidata
DE-G-06433013,Stockstadt am Rhein,gemeinde,Hessen,stockstadt.de,https://stockstadt.de/,wikidata
DE-G-06433014,Trebur,gemeinde,Hessen,trebur.de,https://trebur.de/,wikidata
DE-G-06434001,Bad Homburg v. d. Höhe,gemeinde,Hessen,bad-homburg.de,https://www.bad-homburg.de/,wikidata
DE-G-06434002,Friedrichsdorf,gemeinde,Hessen,friedrichsdorf.de,https://www.friedrichsdorf.de/,wikidata
DE-G-06434003,Glashütten,gemeinde,Hessen,gemeinde-glashuetten.de,https://www.gemeinde-glashuetten.de/,wikidata
DE-G-06434004,Grävenwiesbach,gemeinde,Hessen,graevenwiesbach.de,https://www.graevenwiesbach.de/,wikidata
DE-G-06434005,Königstein im Taunus,gemeinde,Hessen,koenigstein.de,https://www.koenigstein.de/,wikidata
DE-G-06434006,Kronberg im Taunus,gemeinde,Hessen,kronberg.de,https://www.kronberg.de/,wikidata
DE-G-06434007,Neu-Anspach,gemeinde,Hessen,neu-anspach.de,https://www.neu-anspach.de/,wikidata
DE-G-06434008,Oberursel (Taunus),gemeinde,Hessen,oberursel.de,https://www.oberursel.de/,wikidata
DE-G-06434009,Schmitten im Taunus,gemeinde,Hessen,schmitten.de,https://www.schmitten.de/,wikidata
DE-G-06434010,Steinbach (Taunus),gemeinde,Hessen,stadt-steinbach.de,https://www.stadt-steinbach.de/,wikidata
DE-G-06434011,Usingen,gemeinde,Hessen,usingen.de,https://www.usingen.de/,wikidata
DE-G-06434012,Wehrheim,gemeinde,Hessen,wehrheim.de,https://www.wehrheim.de/,wikidata
DE-G-06434013,Weilrod,gemeinde,Hessen,weilrod.de,https://www.weilrod.de/,wikidata
DE-G-06435001,Bad Orb,gemeinde,Hessen,stadt-bad-orb.de,https://stadt-bad-orb.de/,wikidata
DE-G-06435002,Bad Soden-Salmünster,gemeinde,Hessen,badsoden-salmuenster.de,https://www.badsoden-salmuenster.de/,wikidata
DE-G-06435003,Biebergemünd,gemeinde,Hessen,biebergemuend.de,https://www.biebergemuend.de/,wikidata
DE-G-06435004,Birstein,gemeinde,Hessen,birstein.de,https://www.birstein.de/,wikidata
DE-G-06435005,Brachttal,gemeinde,Hessen,brachttal.de,https://www.brachttal.de/,wikidata
DE-G-06435006,Bruchköbel,gemeinde,Hessen,bruchkoebel.de,https://www.bruchkoebel.de/,wikidata
DE-G-06435007,Erlensee,gemeinde,Hessen,erlensee.de,https://www.erlensee.de/,wikidata
DE-G-06435008,Flörsbachtal,gemeinde,Hessen,floersbachtal.de,https://www.floersbachtal.de/,wikidata
DE-G-06435009,Freigericht,gemeinde,Hessen,freigericht.de,https://www.freigericht.de/,wikidata
DE-G-06435010,Gelnhausen,gemeinde,Hessen,gelnhausen.de,https://www.gelnhausen.de/,wikidata
DE-G-06435011,Großkrotzenburg,gemeinde,Hessen,grosskrotzenburg.de,https://www.grosskrotzenburg.de/,wikidata
DE-G-06435012,Gründau,gemeinde,Hessen,gruendau.info,https://www.gruendau.info/,wikidata
DE-G-06435013,Hammersbach,gemeinde,Hessen,hammersbach.eu,https://hammersbach.eu/,wikidata
DE-G-06435014,Hanau,gemeinde,Hessen,hanau.de,https://www.hanau.de/,wikidata
DE-G-06435015,Hasselroth,gemeinde,Hessen,hasselroth.de,https://www.hasselroth.de/,wikidata
DE-G-06435016,Jossgrund,gemeinde,Hessen,jossgrund.de,https://www.jossgrund.de/,wikidata
DE-G-06435017,Langenselbold,gemeinde,Hessen,langenselbold.de,https://langenselbold.de/,wikidata
DE-G-06435018,Linsengericht,gemeinde,Hessen,linsengericht.de,https://www.linsengericht.de/,wikidata
DE-G-06435019,Maintal,gemeinde,Hessen,maintal.de,https://www.maintal.de/,wikidata
DE-G-06435020,Neuberg,gemeinde,Hessen,neuberg.eu,https://neuberg.eu/,wikidata
DE-G-06435021,Nidderau,gemeinde,Hessen,nidderau.de,https://www.nidderau.de/,wikidata
DE-G-06435022,Niederdorfelden,gemeinde,Hessen,niederdorfelden.de,https://www.niederdorfelden.de/,wikidata
DE-G-06435023,Rodenbach,gemeinde,Hessen,rodenbach.de,https://www.rodenbach.de/,wikidata
DE-G-06435024,Ronneburg,gemeinde,Hessen,ronneburg.eu,https://www.ronneburg.eu/,wikidata
DE-G-06435025,Schlüchtern,gemeinde,Hessen,schluechtern.de,https://www.schluechtern.de/,wikidata
DE-G-06435026,Schöneck,gemeinde,Hessen,schoeneck.de,https://www.schoeneck.de/,wikidata
DE-G-06435027,Sinntal,gemeinde,Hessen,sinntal.de,https://www.sinntal.de/,wikidata
DE-G-06435028,Steinau an der Straße,gemeinde,Hessen,steinau.eu,https://www.steinau.eu/,wikidata
DE-G-06435029,Wächtersbach,gemeinde,Hessen,stadt-waechtersbach.de,https://www.stadt-waechtersbach.de/,wikidata
DE-G-06436001,Bad Soden am Taunus,gemeinde,Hessen,bad-soden.de,https://www.bad-soden.de/,wikidata
DE-G-06436002,Eppstein,gemeinde,Hessen,eppstein.de,https://www.eppstein.de/,wikidata
DE-G-06436003,Eschborn,gemeinde,Hessen,eschborn.de,https://www.eschborn.de/,wikidata
DE-G-06436004,Flörsheim am Main,gemeinde,Hessen,floersheim-main.de,https://www.floersheim-main.de/,wikidata
DE-G-06436005,Hattersheim am Main,gemeinde,Hessen,hattersheim.de,https://www.hattersheim.de/,wikidata
DE-G-06436006,Hochheim am Main,gemeinde,Hessen,hochheim.de,https://www.hochheim.de/,wikidata
DE-G-06436007,Hofheim am Taunus,gemeinde,Hessen,hofheim.de,https://www.hofheim.de/,wikidata
DE-G-06436008,Kelkheim (Taunus),gemeinde,Hessen,kelkheim.de,https://www.kelkheim.de/,wikidata
DE-G-06436009,Kriftel,gemeinde,Hessen,kriftel.de,https://www.kriftel.de/,wikidata
DE-G-06436010,Liederbach am Taunus,gemeinde,Hessen,liederbach.eu,https://www.liederbach.eu/,wikidata
DE-G-06436011,Schwalbach am Taunus,gemeinde,Hessen,schwalbach.de,https://www.schwalbach.de/,wikidata
DE-G-06436012,Sulzbach (Taunus),gemeinde,Hessen,sulzbach-taunus.de,https://www.sulzbach-taunus.de/,wikidata
DE-G-06437001,Bad König,gemeinde,Hessen,badkoenig.de,https://www.badkoenig.de/,wikidata
DE-G-06437003,Brensbach,gemeinde,Hessen,brensbach.de,https://www.brensbach.de/,wikidata
DE-G-06437004,Breuberg,gemeinde,Hessen,breuberg.de,https://www.breuberg.de/,wikidata
DE-G-06437005,Brombachtal,gemeinde,Hessen,brombachtal.de,https://www.brombachtal.de/,wikidata
DE-G-06437006,Erbach,gemeinde,Hessen,erbach.de,https://www.erbach.de/,wikidata
DE-G-06437007,Fränkisch-Crumbach,gemeinde,Hessen,fraenkisch-crumbach.de,https://www.fraenkisch-crumbach.de/,wikidata
DE-G-06437009,Höchst i. Odw.,gemeinde,Hessen,hoechst-i-odw.de,https://www.hoechst-i-odw.de/,wikidata
DE-G-06437010,Lützelbach,gemeinde,Hessen,luetzelbach.de,https://www.luetzelbach.de/,wikidata
DE-G-06437011,Michelstadt,gemeinde,Hessen,michelstadt.de,https://www.michelstadt.de/,wikidata
DE-G-06437012,Mossautal,gemeinde,Hessen,mossautal.de,https://mossautal.de/,wikidata
DE-G-06437013,Reichelsheim (Odenwald),gemeinde,Hessen,reichelsheim.de,https://www.reichelsheim.de/,wikidata
DE-G-06437016,Oberzent,gemeinde,Hessen,stadt-oberzent.de,https://www.stadt-oberzent.de/,wikidata
DE-G-06438001,Dietzenbach,gemeinde,Hessen,dietzenbach.de,https://www.dietzenbach.de/,wikidata
DE-G-06438002,Dreieich,gemeinde,Hessen,dreieich.de,https://www.dreieich.de/,wikidata
DE-G-06438003,Egelsbach,gemeinde,Hessen,egelsbach.de,https://www.egelsbach.de/,wikidata
DE-G-06438004,Hainburg,gemeinde,Hessen,hainburg.de,https://www.hainburg.de/,wikidata
DE-G-06438005,Heusenstamm,gemeinde,Hessen,heusenstamm.de,https://www.heusenstamm.de/,wikidata
DE-G-06438006,Langen (Hessen),gemeinde,Hessen,langen.de,https://www.langen.de/,wikidata
DE-G-06438007,Mainhausen,gemeinde,Hessen,mainhausen.de,https://www.mainhausen.de/,wikidata
DE-G-06438008,Mühlheim am Main,gemeinde,Hessen,muehlheim.de,https://www.muehlheim.de/,wikidata
DE-G-06438009,Neu-Isenburg,gemeinde,Hessen,neu-isenburg.de,https://neu-isenburg.de/,wikidata
DE-G-06438010,Obertshausen,gemeinde,Hessen,obertshausen.de,https://www.obertshausen.de/,wikidata
DE-G-06438011,Rodgau,gemeinde,Hessen,rodgau.de,https://www.rodgau.de/,wikidata
DE-G-06438012,Rödermark,gemeinde,Hessen,roedermark.de,https://roedermark.de/,wikidata
DE-G-06438013,Seligenstadt,gemeinde,Hessen,seligenstadt.de,https://www.seligenstadt.de/,wikidata
DE-G-06439001,Aarbergen,gemeinde,Hessen,aarbergen.de,https://www.aarbergen.de/,wikidata
DE-G-06439002,Bad Schwalbach,gemeinde,Hessen,bad-schwalbach.de,https://www.bad-schwalbach.de/,wikidata
DE-G-06439003,Eltville am Rhein,gemeinde,Hessen,eltville.de,https://www.eltville.de/,wikidata
DE-G-06439004,Geisenheim,gemeinde,Hessen,geisenheim.de,https://www.geisenheim.de/,wikidata
DE-G-06439005,Heidenrod,gemeinde,Hessen,heidenrod.de,https://www.heidenrod.de/,wikidata
DE-G-06439006,Hohenstein,gemeinde,Hessen,hohenstein-hessen.de,https://hohenstein-hessen.de/,wikidata
DE-G-06439007,Hünstetten,gemeinde,Hessen,huenstetten.de,https://www.huenstetten.de/,wikidata
DE-G-06439008,Idstein,gemeinde,Hessen,idstein.de,https://www.idstein.de/,wikidata
DE-G-06439009,Kiedrich,gemeinde,Hessen,kiedrich.de,https://www.kiedrich.de/,wikidata
DE-G-06439010,Lorch,gemeinde,Hessen,lorch-rhein.de,https://www.lorch-rhein.de/,wikidata
DE-G-06439011,Niedernhausen,gemeinde,Hessen,niedernhausen.de,https://www.niedernhausen.de/,wikidata
DE-G-06439012,Oestrich-Winkel,gemeinde,Hessen,oestrich-winkel.de,https://www.oestrich-winkel.de/,wikidata
DE-G-06439013,Rüdesheim am Rhein,gemeinde,Hessen,stadt-ruedesheim.de,https://www.stadt-ruedesheim.de/,wikidata
DE-G-06439014,Schlangenbad,gemeinde,Hessen,schlangenbad.de,https://www.schlangenbad.de/,wikidata
DE-G-06439015,Taunusstein,gemeinde,Hessen,taunusstein.de,https://www.taunusstein.de/,wikidata
DE-G-06439016,Waldems,gemeinde,Hessen,gemeinde-waldems.de,https://gemeinde-waldems.de/,wikidata
DE-G-06439017,Walluf,gemeinde,Hessen,walluf.de,https://www.walluf.de/,wikidata
DE-G-06440001,Altenstadt,gemeinde,Hessen,altenstadt.de,https://www.altenstadt.de/,wikidata
DE-G-06440002,Bad Nauheim,gemeinde,Hessen,bad-nauheim.de,https://www.bad-nauheim.de/,wikidata
DE-G-06440003,Bad Vilbel,gemeinde,Hessen,bad-vilbel.de,https://www.bad-vilbel.de/,wikidata
DE-G-06440004,Büdingen,gemeinde,Hessen,stadt-buedingen.de,https://www.stadt-buedingen.de/,wikidata
DE-G-06440005,Butzbach,gemeinde,Hessen,stadt-butzbach.de,https://stadt-butzbach.de/,wikidata
DE-G-06440006,Echzell,gemeinde,Hessen,echzell.de,https://www.echzell.de/,wikidata
DE-G-06440007,Florstadt,gemeinde,Hessen,florstadt.de,https://www.florstadt.de/,wikidata
DE-G-06440008,Friedberg (Hessen),gemeinde,Hessen,friedberg-hessen.de,https://www.friedberg-hessen.de/,wikidata
DE-G-06440009,Gedern,gemeinde,Hessen,gedern.de,https://www.gedern.de/,wikidata
DE-G-06440010,Glauburg,gemeinde,Hessen,glauburg.de,https://www.glauburg.de/,wikidata
DE-G-06440011,Hirzenhain,gemeinde,Hessen,hirzenhain.de,https://www.hirzenhain.de/,wikidata
DE-G-06440012,Karben,gemeinde,Hessen,karben.de,https://www.karben.de/,wikidata
DE-G-06440013,Kefenrod,gemeinde,Hessen,gemeinde-kefenrod.de,https://www.gemeinde-kefenrod.de/,wikidata
DE-G-06440014,Limeshain,gemeinde,Hessen,limeshain.de,https://www.limeshain.de/,wikidata
DE-G-06440015,Münzenberg,gemeinde,Hessen,muenzenberg.de,https://www.muenzenberg.de/,wikidata
DE-G-06440016,Nidda,gemeinde,Hessen,nidda.de,https://www.nidda.de/,wikidata
DE-G-06440017,Niddatal,gemeinde,Hessen,niddatal.de,https://www.niddatal.de/,wikidata
DE-G-06440018,Ober-Mörlen,gemeinde,Hessen,ober-moerlen.de,https://www.ober-moerlen.de/,wikidata
DE-G-06440019,Ortenberg,gemeinde,Hessen,ortenberg.net,https://www.ortenberg.net/,wikidata
DE-G-06440020,Ranstadt,gemeinde,Hessen,ranstadt.de,https://ranstadt.de/,wikidata
DE-G-06440021,Reichelsheim (Wetterau),gemeinde,Hessen,stadt-reichelsheim.de,https://www.stadt-reichelsheim.de/,wikidata
DE-G-06440022,Rockenberg,gemeinde,Hessen,rockenberg.de,https://www.rockenberg.de/,wikidata
DE-G-06440023,Rosbach v. d. Höhe,gemeinde,Hessen,rosbach-hessen.de,https://www.rosbach-hessen.de/,wikidata
DE-G-06440024,Wölfersheim,gemeinde,Hessen,woelfersheim.de,https://www.woelfersheim.de/,wikidata
DE-G-06440025,Wöllstadt,gemeinde,Hessen,woellstadt.de,https://www.woellstadt.de/,wikidata
DE-G-06531001,Allendorf (Lumda),gemeinde,Hessen,allendorf-lda.de,https://www.allendorf-lda.de/,wikidata
DE-G-06531002,Biebertal,gemeinde,Hessen,biebertal.de,https://www.biebertal.de/,wikidata
DE-G-06531003,Buseck,gemeinde,Hessen,buseck.de,https://www.buseck.de/,wikidata
DE-G-06531004,Fernwald,gemeinde,Hessen,fernwald.de,https://www.fernwald.de/,wikidata
DE-G-06531005,Gießen,gemeinde,Hessen,giessen.de,https://www.giessen.de/,wikidata
DE-G-06531006,Grünberg,gemeinde,Hessen,gruenberg.de,https://www.gruenberg.de/,wikidata
DE-G-06531007,Heuchelheim a. d. Lahn,gemeinde,Hessen,heuchelheim.de,https://www.heuchelheim.de/,wikidata
DE-G-06531008,Hungen,gemeinde,Hessen,hungen.de,https://www.hungen.de/,wikidata
DE-G-06531009,Langgöns,gemeinde,Hessen,langgoens.de,https://www.langgoens.de/,wikidata
DE-G-06531010,Laubach,gemeinde,Hessen,laubach-online.de,https://laubach-online.de/,wikidata
DE-G-06531011,Lich,gemeinde,Hessen,lich.de,https://www.lich.de/,wikidata
DE-G-06531012,Linden,gemeinde,Hessen,linden.de,https://www.linden.de/,wikidata
DE-G-06531013,Lollar,gemeinde,Hessen,lollar.de,https://www.lollar.de/,wikidata
DE-G-06531014,Pohlheim,gemeinde,Hessen,pohlheim.de,https://www.pohlheim.de/,wikidata
DE-G-06531015,Rabenau,gemeinde,Hessen,gemeinde-rabenau.de,https://www.gemeinde-rabenau.de/,wikidata
DE-G-06531016,Reiskirchen,gemeinde,Hessen,gemeinde-reiskirchen.de,https://www.gemeinde-reiskirchen.de/,wikidata
DE-G-06531017,Staufenberg,gemeinde,Hessen,staufenberg.de,https://www.staufenberg.de/,wikidata
DE-G-06531018,Wettenberg,gemeinde,Hessen,wettenberg.de,https://www.wettenberg.de/,wikidata
DE-G-06532001,Aßlar,gemeinde,Hessen,asslar.de,https://www.asslar.de/,wikidata
DE-G-06532002,Bischoffen,gemeinde,Hessen,bischoffen.de,https://www.bischoffen.de/,wikidata
DE-G-06532003,Braunfels,gemeinde,Hessen,braunfels.de,https://www.braunfels.de/,wikidata
DE-G-06532004,Breitscheid,gemeinde,Hessen,gemeinde-breitscheid.de,https://www.gemeinde-breitscheid.de/,wikidata
DE-G-06532005,Dietzhölztal,gemeinde,Hessen,dietzhoelztal.de,https://www.dietzhoelztal.de/,wikidata
DE-G-06532006,Dillenburg,gemeinde,Hessen,dillenburg.de,https://www.dillenburg.de/,wikidata
DE-G-06532007,Driedorf,gemeinde,Hessen,driedorf.de,https://www.driedorf.de/,wikidata
DE-G-06532008,Ehringshausen,gemeinde,Hessen,ehringshausen.de,https://www.ehringshausen.de/,wikidata
DE-G-06532009,Eschenburg,gemeinde,Hessen,gemeinde-eschenburg.de,https://www.gemeinde-eschenburg.de/,wikidata
DE-G-06532010,Greifenstein,gemeinde,Hessen,greifenstein.de,https://www.greifenstein.de/,wikidata
DE-G-06532011,Haiger,gemeinde,Hessen,haiger.de,https://www.haiger.de/,wikidata
DE-G-06532012,Herborn,gemeinde,Hessen,herborn.de,https://www.herborn.de/,wikidata
DE-G-06532013,Hohenahr,gemeinde,Hessen,hohenahr.de,https://www.hohenahr.de/,wikidata
DE-G-06532014,Hüttenberg,gemeinde,Hessen,huettenberg.de,https://huettenberg.de/,wikidata
DE-G-06532015,Lahnau,gemeinde,Hessen,lahnau.de,https://www.lahnau.de/,wikidata
DE-G-06532016,Leun,gemeinde,Hessen,leun.de,https://www.leun.de/,wikidata
DE-G-06532017,Mittenaar,gemeinde,Hessen,mittenaar.de,https://www.mittenaar.de/,wikidata
DE-G-06532018,Schöffengrund,gemeinde,Hessen,schoeffengrund.de,https://www.schoeffengrund.de/,wikidata
DE-G-06532019,Siegbach,gemeinde,Hessen,siegbach.de,https://www.siegbach.de/,wikidata
DE-G-06532020,Sinn,gemeinde,Hessen,gemeindesinn.de,https://www.gemeindesinn.de/,wikidata
DE-G-06532021,Solms,gemeinde,Hessen,solms.de,https://www.solms.de/,wikidata
DE-G-06532022,Waldsolms,gemeinde,Hessen,waldsolms.de,https://www.waldsolms.de/,wikidata
DE-G-06532023,Wetzlar,gemeinde,Hessen,wetzlar.de,https://www.wetzlar.de/,wikidata
DE-G-06533001,Beselich,gemeinde,Hessen,beselich.de,https://www.beselich.de/,wikidata
DE-G-06533002,Brechen,gemeinde,Hessen,gemeinde-brechen.de,https://www.gemeinde-brechen.de/,wikidata
DE-G-06533003,Bad Camberg,gemeinde,Hessen,bad-camberg.de,https://www.bad-camberg.de/,wikidata
DE-G-06533004,Dornburg,gemeinde,Hessen,gemeinde-dornburg.de,https://www.gemeinde-dornburg.de/,wikidata
DE-G-06533005,Elbtal,gemeinde,Hessen,gemeinde-elbtal.de,https://www.gemeinde-elbtal.de/,wikidata
DE-G-06533006,Elz,gemeinde,Hessen,elz.de,https://www.elz.de/,wikidata
DE-G-06533007,Hadamar,gemeinde,Hessen,hadamar.de,https://www.hadamar.de/,wikidata
DE-G-06533008,Hünfelden,gemeinde,Hessen,huenfelden.de,https://www.huenfelden.de/,wikidata
DE-G-06533009,Limburg a. d. Lahn,gemeinde,Hessen,limburg.de,https://www.limburg.de/,wikidata
DE-G-06533010,Löhnberg,gemeinde,Hessen,gemeinde-loehnberg.de,https://www.gemeinde-loehnberg.de/,wikidata
DE-G-06533011,Mengerskirchen,gemeinde,Hessen,mengerskirchen.de,https://www.mengerskirchen.de/,wikidata
DE-G-06533012,Merenberg,gemeinde,Hessen,merenberg.de,https://merenberg.de/,wikidata
DE-G-06533013,Runkel,gemeinde,Hessen,runkel-lahn.de,https://www.runkel-lahn.de/,wikidata
DE-G-06533014,Selters (Taunus),gemeinde,Hessen,selters-taunus.de,https://www.selters-taunus.de/,wikidata
DE-G-06533015,Villmar,gemeinde,Hessen,marktflecken-villmar.de,https://www.marktflecken-villmar.de/,wikidata
DE-G-06533016,Waldbrunn (Westerwald),gemeinde,Hessen,waldbrunn.de,https://www.waldbrunn.de/,wikidata
DE-G-06533017,Weilburg,gemeinde,Hessen,weilburg.de,https://www.weilburg.de/,wikidata
DE-G-06533018,Weilmünster,gemeinde,Hessen,weilmuenster.de,https://www.weilmuenster.de/,wikidata
DE-G-06533019,Weinbach,gemeinde,Hessen,gemeinde-weinbach.de,https://www.gemeinde-weinbach.de/,wikidata
DE-G-06534001,Amöneburg,gemeinde,Hessen,amoeneburg.de,https://www.amoeneburg.de/,wikidata
DE-G-06534002,Angelburg,gemeinde,Hessen,angelburg.de,https://www.angelburg.de/,wikidata
DE-G-06534003,Bad Endbach,gemeinde,Hessen,bad-endbach.de,https://bad-endbach.de/,wikidata
DE-G-06534004,Biedenkopf,gemeinde,Hessen,biedenkopf.de,https://www.biedenkopf.de/,wikidata
DE-G-06534005,Breidenbach,gemeinde,Hessen,breidenbach.de,https://www.breidenbach.de/,wikidata
DE-G-06534006,Cölbe,gemeinde,Hessen,coelbe.de,https://www.coelbe.de/,wikidata
DE-G-06534007,Dautphetal,gemeinde,Hessen,dautphetal.de,https://www.dautphetal.de/,wikidata
DE-G-06534008,Ebsdorfergrund,gemeinde,Hessen,ebsdorfergrund.de,https://ebsdorfergrund.de/,wikidata
DE-G-06534009,Fronhausen,gemeinde,Hessen,fronhausen.de,https://barrierefrei.fronhausen.de/,wikidata
DE-G-06534010,Gladenbach,gemeinde,Hessen,gladenbach.de,https://www.gladenbach.de/,wikidata
DE-G-06534011,Kirchhain,gemeinde,Hessen,kirchhain.de,https://www.kirchhain.de/,wikidata
DE-G-06534012,Lahntal,gemeinde,Hessen,lahntal.de,https://www.lahntal.de/,wikidata
DE-G-06534013,Lohra,gemeinde,Hessen,lohra.de,https://www.lohra.de/,wikidata
DE-G-06534014,Marburg,gemeinde,Hessen,marburg.de,https://www.marburg.de/,wikidata
DE-G-06534015,Münchhausen,gemeinde,Hessen,gemeinde-muenchhausen.de,https://www.gemeinde-muenchhausen.de/,wikidata
DE-G-06534016,Neustadt (Hessen),gemeinde,Hessen,neustadt-hessen.de,https://www.neustadt-hessen.de/,wikidata
DE-G-06534017,Rauschenberg,gemeinde,Hessen,rauschenberg.de,https://www.rauschenberg.de/,wikidata
DE-G-06534018,Stadtallendorf,gemeinde,Hessen,stadtallendorf.de,https://stadtallendorf.de/,wikidata
DE-G-06534019,Steffenberg,gemeinde,Hessen,steffenberg.de,https://www.steffenberg.de/,wikidata
DE-G-06534020,Weimar (Lahn),gemeinde,Hessen,gemeinde-weimar.de,https://www.gemeinde-weimar.de/,wikidata
DE-G-06534021,Wetter (Hessen),gemeinde,Hessen,wetter-hessen.de,https://www.wetter-hessen.de/,wikidata
DE-G-06534022,Wohratal,gemeinde,Hessen,wohratal.de,https://www.wohratal.de/,wikidata
DE-G-06535001,Alsfeld,gemeinde,Hessen,alsfeld.de,https://www.alsfeld.de/,wikidata
DE-G-06535002,Antrifttal,gemeinde,Hessen,antrifttal.de,https://www.antrifttal.de/,wikidata
DE-G-06535003,Feldatal,gemeinde,Hessen,feldatal.de,https://www.feldatal.de/,wikidata
DE-G-06535004,Freiensteinau,gemeinde,Hessen,freiensteinau.de,https://www.freiensteinau.de/,wikidata
DE-G-06535005,Gemünden (Felda),gemeinde,Hessen,gemuenden-felda.de,https://www.gemuenden-felda.de/,wikidata
DE-G-06535006,Grebenau,gemeinde,Hessen,grebenau.org,https://www.grebenau.org/,wikidata
DE-G-06535007,Grebenhain,gemeinde,Hessen,grebenhain.de,https://www.grebenhain.de/,wikidata
DE-G-06535008,Herbstein,gemeinde,Hessen,herbstein.de,https://www.herbstein.de/,wikidata
DE-G-06535009,Homberg (Ohm),gemeinde,Hessen,homberg.de,https://www.homberg.de/,wikidata
DE-G-06535010,Kirtorf,gemeinde,Hessen,stadt-kirtorf.de,https://www.stadt-kirtorf.de/,wikidata
DE-G-06535011,Lauterbach (Hessen),gemeinde,Hessen,lauterbach-hessen.de,https://www.lauterbach-hessen.de/,wikidata
DE-G-06535012,Lautertal (Vogelsberg),gemeinde,Hessen,lautertal-vogelsberg.de,https://www.lautertal-vogelsberg.de/,wikidata
DE-G-06535013,Mücke,gemeinde,Hessen,gemeinde-muecke.de,https://gemeinde-muecke.de/,wikidata
DE-G-06535014,Romrod,gemeinde,Hessen,romrod.de,https://www.romrod.de/,wikidata
DE-G-06535015,Schlitz,gemeinde,Hessen,schlitz.de,https://www.schlitz.de/,wikidata
DE-G-06535016,Schotten,gemeinde,Hessen,schotten.de,https://www.schotten.de/,wikidata
DE-G-06535017,Schwalmtal,gemeinde,Hessen,schwalmtal-hessen.de,https://schwalmtal-hessen.de/,wikidata
DE-G-06535018,Ulrichstein,gemeinde,Hessen,ulrichstein.de,https://www.ulrichstein.de/,wikidata
DE-G-06535019,Wartenberg,gemeinde,Hessen,gemeinde-wartenberg.de,https://www.gemeinde-wartenberg.de/,wikidata
DE-G-06611000,Kassel,gemeinde,Hessen,kassel.de,https://www.kassel.de/,wikidata
DE-G-06631001,Bad Salzschlirf,gemeinde,Hessen,badsalzschlirf.de,https://www.badsalzschlirf.de/,wikidata
DE-G-06631002,Burghaun,gemeinde,Hessen,burghaun.de,https://www.burghaun.de/,wikidata
DE-G-06631003,Dipperz,gemeinde,Hessen,dipperz.de,https://www.dipperz.de/,wikidata
DE-G-06631004,Ebersburg,gemeinde,Hessen,ebersburg.de,https://www.ebersburg.de/,wikidata
DE-G-06631005,Ehrenberg (Rhön),gemeinde,Hessen,ehrenberg-rhoen.de,https://ehrenberg-rhoen.de/,wikidata
DE-G-06631006,Eichenzell,gemeinde,Hessen,eichenzell.de,https://www.eichenzell.de/,wikidata
DE-G-06631007,Eiterfeld,gemeinde,Hessen,eiterfeld.de,https://www.eiterfeld.de/,wikidata
DE-G-06631008,Flieden,gemeinde,Hessen,flieden.de,https://www.flieden.de/,wikidata
DE-G-06631009,Fulda,gemeinde,Hessen,fulda.de,https://www.fulda.de/,wikidata
DE-G-06631010,Gersfeld (Rhön),gemeinde,Hessen,gersfeld.de,https://www.gersfeld.de/,wikidata
DE-G-06631011,Großenlüder,gemeinde,Hessen,grossenlueder.de,https://www.grossenlueder.de/,wikidata
DE-G-06631012,Hilders,gemeinde,Hessen,hilders.de,https://www.hilders.de/,wikidata
DE-G-06631013,Hofbieber,gemeinde,Hessen,hofbieber.de,https://www.hofbieber.de/,wikidata
DE-G-06631014,Hosenfeld,gemeinde,Hessen,gemeinde-hosenfeld.de,https://www.gemeinde-hosenfeld.de/,wikidata
DE-G-06631015,Hünfeld,gemeinde,Hessen,huenfeld.de,https://www.huenfeld.de/,wikidata
DE-G-06631016,Kalbach,gemeinde,Hessen,gemeinde-kalbach.de,https://www.gemeinde-kalbach.de/,wikidata
DE-G-06631017,Künzell,gemeinde,Hessen,kuenzell.de,https://www.kuenzell.de/,wikidata
DE-G-06631018,Neuhof,gemeinde,Hessen,neuhof-fulda.de,https://www.neuhof-fulda.de/,wikidata
DE-G-06631019,Nüsttal,gemeinde,Hessen,nuesttal.de,https://www.nuesttal.de/,wikidata
DE-G-06631020,Petersberg,gemeinde,Hessen,petersberg.de,https://www.petersberg.de/,wikidata
DE-G-06631021,Poppenhausen (Wasserkuppe),gemeinde,Hessen,poppenhausen-wasserkuppe.de,https://www.poppenhausen-wasserkuppe.de/,wikidata
DE-G-06631022,Rasdorf,gemeinde,Hessen,rasdorf.de,https://www.rasdorf.de/,wikidata
DE-G-06631023,Tann (Rhön),gemeinde,Hessen,tann-rhoen.de,https://tann-rhoen.de/,wikidata
DE-G-06632001,Alheim,gemeinde,Hessen,alheim.de,https://www.alheim.de/,wikidata
DE-G-06632002,Bad Hersfeld,gemeinde,Hessen,bad-hersfeld.de,https://www.bad-hersfeld.de/,wikidata
DE-G-06632003,Bebra,gemeinde,Hessen,bebra.de,https://www.bebra.de/,wikidata
DE-G-06632004,Breitenbach a. Herzberg,gemeinde,Hessen,breitenbach-am-herzberg.de,https://www.breitenbach-am-herzberg.de/,wikidata
DE-G-06632005,Cornberg,gemeinde,Hessen,cornberg.de,https://www.cornberg.de/,wikidata
DE-G-06632006,Friedewald,gemeinde,Hessen,gemeinde-friedewald.de,https://www.gemeinde-friedewald.de/,wikidata
DE-G-06632007,Hauneck,gemeinde,Hessen,hauneck.de,https://www.hauneck.de/,wikidata
DE-G-06632008,Haunetal,gemeinde,Hessen,haunetal.de,https://www.haunetal.de/,wikidata
DE-G-06632009,Heringen (Werra),gemeinde,Hessen,heringen.de,https://www.heringen.de/,wikidata
DE-G-06632010,Hohenroda,gemeinde,Hessen,hohenroda.de,https://www.hohenroda.de/,wikidata
DE-G-06632011,Kirchheim,gemeinde,Hessen,kirchheim.de,https://www.kirchheim.de/,wikidata
DE-G-06632012,Ludwigsau,gemeinde,Hessen,gemeinde-ludwigsau.de,https://www.gemeinde-ludwigsau.de/,wikidata
DE-G-06632013,Nentershausen,gemeinde,Hessen,nentershausen.de,https://www.nentershausen.de/,wikidata
DE-G-06632014,Neuenstein,gemeinde,Hessen,neuenstein.net,https://www.neuenstein.net/,wikidata
DE-G-06632015,Niederaula,gemeinde,Hessen,niederaula.de,https://www.niederaula.de/,wikidata
DE-G-06632016,Philippsthal (Werra),gemeinde,Hessen,philippsthal.de,https://www.philippsthal.de/,wikidata
DE-G-06632017,Ronshausen,gemeinde,Hessen,ronshausen.de,https://www.ronshausen.de/,wikidata
DE-G-06632018,Rotenburg a. d. Fulda,gemeinde,Hessen,rotenburg.de,https://www.rotenburg.de/,wikidata
DE-G-06632019,Schenklengsfeld,gemeinde,Hessen,schenklengsfeld.de,https://www.schenklengsfeld.de/,wikidata
DE-G-06632020,Wildeck,gemeinde,Hessen,wildeck.de,https://www.wildeck.de/,wikidata
DE-G-06633001,Ahnatal,gemeinde,Hessen,ahnatal.de,https://www.ahnatal.de/,wikidata
DE-G-06633002,Bad Karlshafen,gemeinde,Hessen,bad-karlshafen.de,https://www.bad-karlshafen.de/,wikidata
DE-G-06633003,Baunatal,gemeinde,Hessen,baunatal.de,https://www.baunatal.de/,wikidata
DE-G-06633004,Breuna,gemeinde,Hessen,breuna.de,https://www.breuna.de/,wikidata
DE-G-06633005,Calden,gemeinde,Hessen,calden.de,https://www.calden.de/,wikidata
DE-G-06633006,Bad Emstal,gemeinde,Hessen,bad-emstal.de,https://www.bad-emstal.de/,wikidata
DE-G-06633007,Espenau,gemeinde,Hessen,espenau.de,https://www.espenau.de/,wikidata
DE-G-06633008,Fuldabrück,gemeinde,Hessen,fuldabrueck.de,https://www.fuldabrueck.de/,wikidata
DE-G-06633009,Fuldatal,gemeinde,Hessen,fuldatal.de,https://www.fuldatal.de/,wikidata
DE-G-06633010,Grebenstein,gemeinde,Hessen,grebenstein.de,https://www.grebenstein.de/,wikidata
DE-G-06633011,Habichtswald,gemeinde,Hessen,habichtswald.de,https://www.habichtswald.de/,wikidata
DE-G-06633012,Helsa,gemeinde,Hessen,gemeinde-helsa.de,https://www.gemeinde-helsa.de/,wikidata
DE-G-06633013,Hofgeismar,gemeinde,Hessen,hofgeismar.de,https://www.hofgeismar.de/,wikidata
DE-G-06633014,Immenhausen,gemeinde,Hessen,immenhausen.de,https://www.immenhausen.de/,wikidata
DE-G-06633015,Kaufungen,gemeinde,Hessen,kaufungen.eu,https://www.kaufungen.eu/,wikidata
DE-G-06633016,Liebenau,gemeinde,Hessen,stadt-liebenau.de,https://stadt-liebenau.de/,wikidata
DE-G-06633017,Lohfelden,gemeinde,Hessen,lohfelden.de,https://www.lohfelden.de/,wikidata
DE-G-06633018,Naumburg,gemeinde,Hessen,naumburg.eu,https://www.naumburg.eu/,wikidata
DE-G-06633019,Nieste,gemeinde,Hessen,nieste.de,https://www.nieste.de/,wikidata
DE-G-06633020,Niestetal,gemeinde,Hessen,niestetal.de,https://www.niestetal.de/,wikidata
DE-G-06633022,Reinhardshagen,gemeinde,Hessen,reinhardshagen.de,https://www.reinhardshagen.de/,wikidata
DE-G-06633023,Schauenburg,gemeinde,Hessen,gemeinde-schauenburg.de,https://www.gemeinde-schauenburg.de/,wikidata
DE-G-06633024,Söhrewald,gemeinde,Hessen,soehrewald.eu,https://www.soehrewald.eu/,wikidata
DE-G-06633025,Trendelburg,gemeinde,Hessen,trendelburg.de,https://www.trendelburg.de/,wikidata
DE-G-06633026,Vellmar,gemeinde,Hessen,vellmar.de,https://www.vellmar.de/,wikidata
DE-G-06633028,Wolfhagen,gemeinde,Hessen,wolfhagen.de,https://wolfhagen.de/,wikidata
DE-G-06633029,Zierenberg,gemeinde,Hessen,stadt-zierenberg.de,https://www.stadt-zierenberg.de/,wikidata
DE-G-06633030,Wesertal,gemeinde,Hessen,gemeinde-wesertal.de,https://www.gemeinde-wesertal.de/,wikidata
DE-G-06634001,Borken (Hessen),gemeinde,Hessen,borken-hessen.de,https://www.borken-hessen.de/,wikidata
DE-G-06634002,Edermünde,gemeinde,Hessen,edermuende.de,https://edermuende.de/,wikidata
DE-G-06634003,Felsberg,gemeinde,Hessen,felsberg.de,https://www.felsberg.de/,wikidata
DE-G-06634004,Frielendorf,gemeinde,Hessen,frielendorf.de,https://www.frielendorf.de/,wikidata
DE-G-06634005,Fritzlar,gemeinde,Hessen,fritzlar.de,https://www.fritzlar.de/,wikidata
DE-G-06634006,Gilserberg,gemeinde,Hessen,gilserberg.de,https://www.gilserberg.de/,wikidata
DE-G-06634007,Gudensberg,gemeinde,Hessen,gudensberg.de,https://www.gudensberg.de/,wikidata
DE-G-06634008,Guxhagen,gemeinde,Hessen,guxhagen.de,https://guxhagen.de/,wikidata
DE-G-06634009,Homberg (Efze),gemeinde,Hessen,homberg-efze.de,https://www.homberg-efze.de/,wikidata
DE-G-06634010,Jesberg,gemeinde,Hessen,gemeinde-jesberg.de,https://www.gemeinde-jesberg.de/,wikidata
DE-G-06634011,Knüllwald,gemeinde,Hessen,knuellwald.de,http://www.knuellwald.de,wikidata
DE-G-06634012,Körle,gemeinde,Hessen,koerle.de,https://koerle.de/,wikidata
DE-G-06634013,Malsfeld,gemeinde,Hessen,malsfeld.net,https://www.malsfeld.net/,wikidata
DE-G-06634014,Melsungen,gemeinde,Hessen,melsungen.de,https://www.melsungen.de/,wikidata
DE-G-06634015,Morschen,gemeinde,Hessen,morschen.de,https://www.morschen.de/,wikidata
DE-G-06634016,Neuental,gemeinde,Hessen,neuental.de,https://www.neuental.de/,wikidata
DE-G-06634017,Neukirchen,gemeinde,Hessen,neukirchen.de,https://www.neukirchen.de/,wikidata
DE-G-06634018,Niedenstein,gemeinde,Hessen,niedenstein.de,https://www.niedenstein.de/,wikidata
DE-G-06634019,Oberaula,gemeinde,Hessen,oberaula.de,https://www.oberaula.de/,wikidata
DE-G-06634020,Ottrau,gemeinde,Hessen,ottrau.de,https://www.ottrau.de/,wikidata
DE-G-06634021,Schrecksbach,gemeinde,Hessen,schrecksbach.info,https://www.schrecksbach.info/,wikidata
DE-G-06634022,Schwalmstadt,gemeinde,Hessen,schwalmstadt.de,https://schwalmstadt.de/,wikidata
DE-G-06634023,Schwarzenborn,gemeinde,Hessen,schwarzenborn.de,https://www.schwarzenborn.de/,wikidata
DE-G-06634024,Spangenberg,gemeinde,Hessen,spangenberg.de,https://www.spangenberg.de/,wikidata
DE-G-06634025,Wabern,gemeinde,Hessen,wabern.de,https://www.wabern.de/,wikidata
DE-G-06634026,Willingshausen,gemeinde,Hessen,willingshausen.de,https://www.willingshausen.de/,wikidata
DE-G-06634027,Bad Zwesten,gemeinde,Hessen,badzwesten.de,https://www.badzwesten.de/,wikidata
DE-G-06635001,Allendorf (Eder),gemeinde,Hessen,allendorf-eder.de,https://www.allendorf-eder.de/,wikidata
DE-G-06635002,Bad Arolsen,gemeinde,Hessen,bad-arolsen.de,https://www.bad-arolsen.de/,wikidata
DE-G-06635003,Bad Wildungen,gemeinde,Hessen,bad-wildungen.de,https://www.bad-wildungen.de/,wikidata
DE-G-06635004,Battenberg (Eder),gemeinde,Hessen,battenberg-eder.de,https://www.battenberg-eder.de/,wikidata
DE-G-06635006,Burgwald,gemeinde,Hessen,burgwald.de,https://www.burgwald.de/,wikidata
DE-G-06635007,Diemelsee,gemeinde,Hessen,gemeinde-diemelsee.de,https://gemeinde-diemelsee.de/,wikidata
DE-G-06635008,Diemelstadt,gemeinde,Hessen,diemelstadt.de,https://www.diemelstadt.de/,wikidata
DE-G-06635009,Edertal,gemeinde,Hessen,edertal.de,https://edertal.de/,wikidata
DE-G-06635010,Frankenau,gemeinde,Hessen,frankenau.de,https://www.frankenau.de/,wikidata
DE-G-06635011,Frankenberg (Eder),gemeinde,Hessen,frankenberg.de,https://www.frankenberg.de/,wikidata
DE-G-06635012,Gemünden (Wohra),gemeinde,Hessen,gemuenden-wohra.de,https://www.gemuenden-wohra.de/,wikidata
DE-G-06635013,Haina (Kloster),gemeinde,Hessen,haina.de,https://www.haina.de/,wikidata
DE-G-06635014,Hatzfeld (Eder),gemeinde,Hessen,hatzfeldeder.de,https://www.hatzfeldeder.de/,wikidata
DE-G-06635015,Korbach,gemeinde,Hessen,korbach.de,https://www.korbach.de/,wikidata
DE-G-06635016,Lichtenfels,gemeinde,Hessen,stadt-lichtenfels.de,https://www.stadt-lichtenfels.de/,wikidata
DE-G-06635017,Rosenthal,gemeinde,Hessen,rosenthaler.de,https://www.rosenthaler.de/,wikidata
DE-G-06635018,Twistetal,gemeinde,Hessen,gemeinde-twistetal.de,https://www.gemeinde-twistetal.de/,wikidata
DE-G-06635019,Vöhl,gemeinde,Hessen,voehl.de,https://www.voehl.de/,wikidata
DE-G-06635020,Volkmarsen,gemeinde,Hessen,volkmarsen.de,https://www.volkmarsen.de/,wikidata
DE-G-06635021,Waldeck,gemeinde,Hessen,waldeck-stadt.de,https://www.waldeck-stadt.de/,wikidata
DE-G-06635022,Willingen (Upland),gemeinde,Hessen,rathaus-willingen.de,https://www.rathaus-willingen.de/,wikidata
DE-G-06636001,Bad Sooden-Allendorf,gemeinde,Hessen,bad-sooden-allendorf.de,https://www.bad-sooden-allendorf.de/,wikidata
DE-G-06636002,Berkatal,gemeinde,Hessen,berkatal.de,https://www.berkatal.de/,wikidata
DE-G-06636003,Eschwege,gemeinde,Hessen,eschwege.de,https://www.eschwege.de/,wikidata
DE-G-06636004,Großalmerode,gemeinde,Hessen,grossalmerode.de,https://www.grossalmerode.de/,wikidata
DE-G-06636005,Herleshausen,gemeinde,Hessen,herleshausen.de,https://www.herleshausen.de/,wikidata
DE-G-06636006,Hessisch Lichtenau,gemeinde,Hessen,hessisch-lichtenau.de,https://www.hessisch-lichtenau.de/,wikidata
DE-G-06636007,Meinhard,gemeinde,Hessen,meinhard.de,http://www.meinhard.de/,wikidata
DE-G-06636008,Meißner,gemeinde,Hessen,gemeinde-meissner.de,https://www.gemeinde-meissner.de/,wikidata
DE-G-06636009,Neu-Eichenberg,gemeinde,Hessen,neu-eichenberg.de,https://www.neu-eichenberg.de/,wikidata
DE-G-06636010,Ringgau,gemeinde,Hessen,ringgau.de,https://www.ringgau.de/,wikidata
DE-G-06636011,Sontra,gemeinde,Hessen,sontra.de,https://www.sontra.de/,wikidata
DE-G-06636012,Waldkappel,gemeinde,Hessen,waldkappel.de,https://www.waldkappel.de/,wikidata
DE-G-06636013,Wanfried,gemeinde,Hessen,wanfried.de,https://www.wanfried.de/,wikidata
DE-G-06636014,Wehretal,gemeinde,Hessen,wehretal.de,https://www.wehretal.de/,wikidata
DE-G-06636015,Weißenborn,gemeinde,Hessen,gemeinde-weissenborn.de,https://www.gemeinde-weissenborn.de/,wikidata
DE-G-06636016,Witzenhausen,gemeinde,Hessen,witzenhausen.eu,https://www.witzenhausen.eu/,wikidata
DE-G-07111000,Koblenz,gemeinde,Rheinland-Pfalz,koblenz.de,https://www.koblenz.de/,wikidata
DE-G-07131007,Bad Neuenahr-Ahrweiler,gemeinde,Rheinland-Pfalz,bad-neuenahr-ahrweiler.de,https://www.bad-neuenahr-ahrweiler.de/,wikidata
DE-G-07131070,Remagen,gemeinde,Rheinland-Pfalz,remagen.de,https://www.remagen.de/,wikidata
DE-G-07131077,Sinzig,gemeinde,Rheinland-Pfalz,sinzig.de,https://www.sinzig.de/,wikidata
DE-G-07131090,Grafschaft,gemeinde,Rheinland-Pfalz,gemeinde-grafschaft.de,https://www.gemeinde-grafschaft.de,wikidata
DE-G-07133006,Bad Kreuznach,gemeinde,Rheinland-Pfalz,bad-kreuznach.de,https://www.bad-kreuznach.de/,wikidata
DE-G-07134045,Idar-Oberstein,gemeinde,Rheinland-Pfalz,idar-oberstein.de,https://www.idar-oberstein.de/,wikidata
DE-G-07137003,Andernach,gemeinde,Rheinland-Pfalz,andernach.de,https://www.andernach.de/,wikidata
DE-G-07137068,Mayen,gemeinde,Rheinland-Pfalz,mayen.de,https://www.mayen.de/,wikidata
DE-G-07137203,Bendorf,gemeinde,Rheinland-Pfalz,bendorf.de,https://www.bendorf.de/,wikidata
DE-G-07138045,Neuwied,gemeinde,Rheinland-Pfalz,neuwied.de,https://www.neuwied.de/,wikidata
DE-G-07140501,Boppard,gemeinde,Rheinland-Pfalz,boppard.de,https://www.boppard.de/,wikidata
DE-G-07141075,Lahnstein,gemeinde,Rheinland-Pfalz,lahnstein.de,https://www.lahnstein.de/,wikidata
DE-G-07211000,Trier,gemeinde,Rheinland-Pfalz,trier.de,https://www.trier.de/,wikidata
DE-G-07231134,Wittlich,gemeinde,Rheinland-Pfalz,wittlich.de,http://www.wittlich.de,wikidata
DE-G-07231502,Morbach,gemeinde,Rheinland-Pfalz,morbach.de,https://www.morbach.de/,wikidata
DE-G-07232018,Bitburg,gemeinde,Rheinland-Pfalz,bitburg.de,https://www.bitburg.de/,wikidata
DE-G-07311000,Frankenthal (Pfalz),gemeinde,Rheinland-Pfalz,frankenthal.de,http://www.frankenthal.de,wikidata
DE-G-07312000,Kaiserslautern,gemeinde,Rheinland-Pfalz,kaiserslautern.de,https://www.kaiserslautern.de/,wikidata
DE-G-07313000,Landau in der Pfalz,gemeinde,Rheinland-Pfalz,landau.de,https://www.landau.de/,wikidata
DE-G-07314000,Ludwigshafen am Rhein,gemeinde,Rheinland-Pfalz,ludwigshafen.de,https://ludwigshafen.de,wikidata
DE-G-07315000,Mainz,gemeinde,Rheinland-Pfalz,mainz.de,https://www.mainz.de/,wikidata
DE-G-07316000,Neustadt an der Weinstraße,gemeinde,Rheinland-Pfalz,neustadt.eu,https://www.neustadt.eu/,wikidata
DE-G-07317000,Pirmasens,gemeinde,Rheinland-Pfalz,pirmasens.de,https://www.pirmasens.de/,wikidata
DE-G-07318000,Speyer,gemeinde,Rheinland-Pfalz,speyer.de,https://www.speyer.de/,wikidata
DE-G-07319000,Worms,gemeinde,Rheinland-Pfalz,worms.de,https://www.worms.de/neu-de/index.php,wikidata
DE-G-07320000,Zweibrücken,gemeinde,Rheinland-Pfalz,zweibruecken.de,https://www.zweibruecken.de/,wikidata
DE-G-07331003,Alzey,gemeinde,Rheinland-Pfalz,alzey.de,https://www.alzey.de/,wikidata
DE-G-07332002,Bad Dürkheim,gemeinde,Rheinland-Pfalz,bad-duerkheim.de,https://www.bad-duerkheim.de/,wikidata
DE-G-07332024,Grünstadt,gemeinde,Rheinland-Pfalz,stadt-gruenstadt.de,http://www.stadt-gruenstadt.de,wikidata
DE-G-07332025,Haßloch,gemeinde,Rheinland-Pfalz,hassloch.de,http://www.hassloch.de,wikidata
DE-G-07334007,Germersheim,gemeinde,Rheinland-Pfalz,germersheim.eu,https://www.germersheim.eu/,wikidata
DE-G-07334501,Wörth am Rhein,gemeinde,Rheinland-Pfalz,woerth.de,https://www.woerth.de/,wikidata
DE-G-07338004,Bobenheim-Roxheim,gemeinde,Rheinland-Pfalz,bobenheim-roxheim.de,https://www.bobenheim-roxheim.de/,wikidata
DE-G-07338005,Böhl-Iggelheim,gemeinde,Rheinland-Pfalz,boehl-iggelheim.de,https://www.boehl-iggelheim.de/,wikidata
DE-G-07338017,Limburgerhof,gemeinde,Rheinland-Pfalz,limburgerhof.de,https://www.limburgerhof.de/,wikidata
DE-G-07338019,Mutterstadt,gemeinde,Rheinland-Pfalz,mutterstadt.de,https://www.mutterstadt.de/,wikidata
DE-G-07338025,Schifferstadt,gemeinde,Rheinland-Pfalz,schifferstadt.de,https://www.schifferstadt.de/,wikidata
DE-G-07339005,Bingen am Rhein,gemeinde,Rheinland-Pfalz,bingen.de,https://www.bingen.de/,wikidata
DE-G-07339009,Budenheim,gemeinde,Rheinland-Pfalz,budenheim.de,https://www.budenheim.de/,wikidata
DE-G-07339030,Ingelheim am Rhein,gemeinde,Rheinland-Pfalz,ingelheim.de,https://www.ingelheim.de/,wikidata
DE-G-08111000,Stuttgart,gemeinde,Baden-Württemberg,stuttgart.de,https://www.stuttgart.de/,wikidata
DE-G-08115003,Böblingen,gemeinde,Baden-Württemberg,boeblingen.de,https://www.boeblingen.de/,wikidata
DE-G-08115028,Leonberg,gemeinde,Baden-Württemberg,leonberg.de,https://www.leonberg.de/,wikidata
DE-G-08115029,Magstadt,gemeinde,Baden-Württemberg,magstadt.de,https://www.magstadt.de/,wikidata
DE-G-08115041,Renningen,gemeinde,Baden-Württemberg,renningen.de,https://www.renningen.de/,wikidata
DE-G-08115042,Rutesheim,gemeinde,Baden-Württemberg,rutesheim.de,http://www.rutesheim.de,wikidata
DE-G-08115044,Schönaich,gemeinde,Baden-Württemberg,schoenaich.de,https://schoenaich.de,wikidata
DE-G-08115045,Sindelfingen,gemeinde,Baden-Württemberg,sindelfingen.de,https://www.sindelfingen.de/,wikidata
DE-G-08115050,Weil der Stadt,gemeinde,Baden-Württemberg,weil-der-stadt.de,https://www.weil-der-stadt.de/,wikidata
DE-G-08115051,Weil im Schönbuch,gemeinde,Baden-Württemberg,weil-im-schoenbuch.de,https://www.weil-im-schoenbuch.de/,wikidata
DE-G-08115052,Weissach,gemeinde,Baden-Württemberg,weissach.de,http://www.weissach.de,wikidata
DE-G-08115001,Aidlingen,gemeinde,Baden-Württemberg,aidlingen.de,https://www.aidlingen.de/,wikidata
DE-G-08115054,Grafenau,gemeinde,Baden-Württemberg,gemeindegrafenau.de,https://www.gemeindegrafenau.de/,wikidata
DE-G-08115013,Ehningen,gemeinde,Baden-Württemberg,ehningen.de,http://www.ehningen.de/,wikidata
DE-G-08115015,Gärtringen,gemeinde,Baden-Württemberg,gaertringen.de,http://www.gaertringen.de,wikidata
DE-G-08115010,Deckenpfronn,gemeinde,Baden-Württemberg,deckenpfronn.de,https://www.deckenpfronn.de/,wikidata
DE-G-08115021,Herrenberg,gemeinde,Baden-Württemberg,herrenberg.de,https://herrenberg.de/,wikidata
DE-G-08115037,Nufringen,gemeinde,Baden-Württemberg,nufringen.de,http://www.nufringen.de,wikidata
DE-G-08115002,Altdorf,gemeinde,Baden-Württemberg,altdorf-boeblingen.de,https://www.altdorf-boeblingen.de,wikidata
DE-G-08115022,Hildrizhausen,gemeinde,Baden-Württemberg,hildrizhausen.de,http://www.hildrizhausen.de,wikidata
DE-G-08115024,Holzgerlingen,gemeinde,Baden-Württemberg,holzgerlingen.de,https://www.holzgerlingen.de/,wikidata
DE-G-08115004,Bondorf,gemeinde,Baden-Württemberg,bondorf.de,https://www.bondorf.de/,wikidata
DE-G-08115016,Gäufelden,gemeinde,Baden-Württemberg,gaeufelden.de,https://www.gaeufelden.de/,wikidata
DE-G-08115034,Mötzingen,gemeinde,Baden-Württemberg,moetzingen.de,https://www.moetzingen.de/,wikidata
DE-G-08115053,Jettingen,gemeinde,Baden-Württemberg,jettingen.de,https://www.jettingen.de/,wikidata
DE-G-08115046,Steinenbronn,gemeinde,Baden-Württemberg,steinenbronn.de,http://www.steinenbronn.de,wikidata
DE-G-08115048,Waldenbuch,gemeinde,Baden-Württemberg,waldenbuch.de,http://www.waldenbuch.de,wikidata
DE-G-08116015,Denkendorf,gemeinde,Baden-Württemberg,denkendorf.de,http://www.denkendorf.de/,wikidata
DE-G-08116019,Esslingen am Neckar,gemeinde,Baden-Württemberg,esslingen.de,https://www.esslingen.de/,wikidata
DE-G-08116047,Neuhausen auf den Fildern,gemeinde,Baden-Württemberg,neuhausen-fildern.de,https://neuhausen-fildern.de,wikidata
DE-G-08116072,Wernau (Neckar),gemeinde,Baden-Württemberg,wernau.de,https://www.wernau.de/,wikidata
DE-G-08116076,Aichwald,gemeinde,Baden-Württemberg,gemeinde-aichwald.de,http://www.gemeinde-aichwald.de/,wikidata
DE-G-08116077,Filderstadt,gemeinde,Baden-Württemberg,filderstadt.de,http://www.filderstadt.de/,wikidata
DE-G-08116078,Leinfelden-Echterdingen,gemeinde,Baden-Württemberg,leinfelden-echterdingen.de,https://www.leinfelden-echterdingen.de,wikidata
DE-G-08116080,Ostfildern,gemeinde,Baden-Württemberg,ostfildern.de,https://www.ostfildern.de/,wikidata
DE-G-08116081,Aichtal,gemeinde,Baden-Württemberg,aichtal.de,https://www.aichtal.de/,wikidata
DE-G-08116016,Dettingen unter Teck,gemeinde,Baden-Württemberg,dettingen-teck.de,https://www.dettingen-teck.de/,wikidata
DE-G-08116033,Kirchheim unter Teck,gemeinde,Baden-Württemberg,kirchheim-teck.de,https://www.kirchheim-teck.de/,wikidata
DE-G-08116048,Notzingen,gemeinde,Baden-Württemberg,notzingen.de,https://www.notzingen.de,wikidata
DE-G-08116018,Erkenbrechtsweiler,gemeinde,Baden-Württemberg,erkenbrechtsweiler.de,https://erkenbrechtsweiler.de,wikidata
DE-G-08116054,Owen,gemeinde,Baden-Württemberg,owen.de,https://www.owen.de,wikidata
DE-G-08116079,Lenningen,gemeinde,Baden-Württemberg,lenningen.de,http://www.lenningen.de,wikidata
DE-G-08116005,Altdorf,gemeinde,Baden-Württemberg,altdorf-es.de,https://altdorf-es.de/,wikidata
DE-G-08116006,Altenriet,gemeinde,Baden-Württemberg,altenriet.de,http://www.altenriet.de/,wikidata
DE-G-08116008,Bempflingen,gemeinde,Baden-Württemberg,bempflingen.de,http://www.bempflingen.de/,wikidata
DE-G-08116041,Neckartailfingen,gemeinde,Baden-Württemberg,neckartailfingen.de,http://www.neckartailfingen.de,wikidata
DE-G-08116042,Neckartenzlingen,gemeinde,Baden-Württemberg,neckartenzlingen.de,https://www.neckartenzlingen.de/,wikidata
DE-G-08116063,Schlaitdorf,gemeinde,Baden-Württemberg,schlaitdorf.de,https://www.schlaitdorf.de,wikidata
DE-G-08116011,Beuren,gemeinde,Baden-Württemberg,beuren.de,https://www.beuren.de/,wikidata
DE-G-08116036,Kohlberg,gemeinde,Baden-Württemberg,kohlberg.de,http://www.kohlberg.de,wikidata
DE-G-08116046,Neuffen,gemeinde,Baden-Württemberg,neuffen.de,http://www.neuffen.de,wikidata
DE-G-08116020,Frickenhausen,gemeinde,Baden-Württemberg,frickenhausen.de,http://www.frickenhausen.de,wikidata
DE-G-08116022,Großbettlingen,gemeinde,Baden-Württemberg,grossbettlingen.de,http://www.grossbettlingen.de,wikidata
DE-G-08116049,Nürtingen,gemeinde,Baden-Württemberg,nuertingen.de,https://nuertingen.de,wikidata
DE-G-08116050,Oberboihingen,gemeinde,Baden-Württemberg,oberboihingen.de,http://www.oberboihingen.de,wikidata
DE-G-08116068,Unterensingen,gemeinde,Baden-Württemberg,unterensingen.de,https://unterensingen.de,wikidata
DE-G-08116073,Wolfschlugen,gemeinde,Baden-Württemberg,wolfschlugen.de,https://www.wolfschlugen.de/,wikidata
DE-G-08116004,Altbach,gemeinde,Baden-Württemberg,altbach.de,https://www.altbach.de/,wikidata
DE-G-08116014,Deizisau,gemeinde,Baden-Württemberg,deizisau.de,http://www.deizisau.de/,wikidata
DE-G-08116056,Plochingen,gemeinde,Baden-Württemberg,plochingen.de,http://www.plochingen.de,wikidata
DE-G-08116007,Baltmannsweiler,gemeinde,Baden-Württemberg,baltmannsweiler.de,https://www.baltmannsweiler.de/,wikidata
DE-G-08116027,Hochdorf,gemeinde,Baden-Württemberg,hochdorf.de,http://www.hochdorf.de,wikidata
DE-G-08116037,Lichtenwald,gemeinde,Baden-Württemberg,lichtenwald.de,https://www.lichtenwald.de/,wikidata
DE-G-08116058,Reichenbach an der Fils,gemeinde,Baden-Württemberg,reichenbach-fils.de,http://www.reichenbach-fils.de,wikidata
DE-G-08116012,Bissingen an der Teck,gemeinde,Baden-Württemberg,bissingen-teck.de,http://www.bissingen-teck.de/,wikidata
DE-G-08116029,Holzmaden,gemeinde,Baden-Württemberg,holzmaden.de,http://www.holzmaden.de,wikidata
DE-G-08116043,Neidlingen,gemeinde,Baden-Württemberg,neidlingen.de,https://www.neidlingen.de,wikidata
DE-G-08116053,Ohmden,gemeinde,Baden-Württemberg,ohmden.de,http://www.ohmden.de,wikidata
DE-G-08116070,Weilheim an der Teck,gemeinde,Baden-Württemberg,weilheim-teck.de,http://www.weilheim-teck.de,wikidata
DE-G-08116035,Köngen,gemeinde,Baden-Württemberg,koengen.de,http://www.koengen.de,wikidata
DE-G-08116071,Wendlingen am Neckar,gemeinde,Baden-Württemberg,wendlingen.de,https://www.wendlingen.de/,wikidata
DE-G-08117010,Böhmenkirch,gemeinde,Baden-Württemberg,boehmenkirch.de,http://www.boehmenkirch.de/,wikidata
DE-G-08117006,Bad Ditzenbach,gemeinde,Baden-Württemberg,bad-ditzenbach.de,http://www.bad-ditzenbach.de/,wikidata
DE-G-08117014,Deggingen,gemeinde,Baden-Württemberg,deggingen.de,https://www.deggingen.de/,wikidata
DE-G-08117018,Ebersbach an der Fils,gemeinde,Baden-Württemberg,ebersbach.de,https://www.ebersbach.de/,wikidata
DE-G-08117044,Schlierbach,gemeinde,Baden-Württemberg,schlierbach.de,http://www.schlierbach.de,wikidata
DE-G-08117019,Eislingen/Fils,gemeinde,Baden-Württemberg,eislingen.de,https://www.eislingen.de/,wikidata
DE-G-08117037,Ottenbach,gemeinde,Baden-Württemberg,ottenbach.de,http://www.ottenbach.de,wikidata
DE-G-08117042,Salach,gemeinde,Baden-Württemberg,salach.de,https://www.salach.de/,wikidata
DE-G-08117007,Bad Überkingen,gemeinde,Baden-Württemberg,bad-ueberkingen.de,http://www.bad-ueberkingen.de/,wikidata
DE-G-08117024,Geislingen an der Steige,gemeinde,Baden-Württemberg,geislingen.de,https://www.geislingen.de,wikidata
DE-G-08117033,Kuchen,gemeinde,Baden-Württemberg,kuchen.de,https://www.kuchen.de/,wikidata
DE-G-08117026,Göppingen,gemeinde,Baden-Württemberg,goeppingen.de,https://www.goeppingen.de/,wikidata
DE-G-08117043,Schlat,gemeinde,Baden-Württemberg,schlat.de,https://www.schlat.de/,wikidata
DE-G-08117053,Wäschenbeuren,gemeinde,Baden-Württemberg,waeschenbeuren.de,http://www.waeschenbeuren.de,wikidata
DE-G-08117055,Wangen,gemeinde,Baden-Württemberg,gemeinde-wangen.de,http://www.gemeinde-wangen.de,wikidata
DE-G-08117015,Donzdorf,gemeinde,Baden-Württemberg,donzdorf.de,http://www.donzdorf.de/,wikidata
DE-G-08117025,Gingen an der Fils,gemeinde,Baden-Württemberg,gingen.de,https://www.gingen.de/,wikidata
DE-G-08117049,Süßen,gemeinde,Baden-Württemberg,suessen.de,http://www.suessen.de,wikidata
DE-G-08117061,Lauterstein,gemeinde,Baden-Württemberg,lauterstein.de,http://www.lauterstein.de,wikidata
DE-G-08117016,Drackenstein,gemeinde,Baden-Württemberg,drackenstein.de,http://www.drackenstein.de/,wikidata
DE-G-08117028,Gruibingen,gemeinde,Baden-Württemberg,gruibingen.de,http://www.gruibingen.de,wikidata
DE-G-08117031,Hohenstadt,gemeinde,Baden-Württemberg,hohenstadt-alb.de,http://www.hohenstadt-alb.de,wikidata
DE-G-08117035,Mühlhausen im Täle,gemeinde,Baden-Württemberg,muehlhausen-taele.de,https://www.muehlhausen-taele.de/,wikidata
DE-G-08117058,Wiesensteig,gemeinde,Baden-Württemberg,wiesensteig.de,http://www.wiesensteig.de,wikidata
DE-G-08117001,Adelberg,gemeinde,Baden-Württemberg,adelberg.de,https://www.adelberg.de/,wikidata
DE-G-08117009,Birenbach,gemeinde,Baden-Württemberg,birenbach.de,http://www.birenbach.de/,wikidata
DE-G-08117011,Börtlingen,gemeinde,Baden-Württemberg,boertlingen.de,https://www.boertlingen.de/,wikidata
DE-G-08117038,Rechberghausen,gemeinde,Baden-Württemberg,rechberghausen.de,http://www.rechberghausen.de,wikidata
DE-G-08117002,Aichelberg,gemeinde,Baden-Württemberg,aichelberg.de,http://www.aichelberg.de/,wikidata
DE-G-08117012,Bad Boll,gemeinde,Baden-Württemberg,bad-boll.de,http://www.bad-boll.de/,wikidata
DE-G-08117017,Dürnau,gemeinde,Baden-Württemberg,duernau.de,http://www.duernau.de/,wikidata
DE-G-08117023,Gammelshausen,gemeinde,Baden-Württemberg,gammelshausen.net,http://www.gammelshausen.net,wikidata
DE-G-08117029,Hattenhofen,gemeinde,Baden-Württemberg,hattenhofen.de,http://www.hattenhofen.de,wikidata
DE-G-08117060,Zell unter Aichelberg,gemeinde,Baden-Württemberg,zell-u-a.de,http://www.zell-u-a.de,wikidata
DE-G-08117003,Albershausen,gemeinde,Baden-Württemberg,albershausen.de,http://www.albershausen.de/,wikidata
DE-G-08117051,Uhingen,gemeinde,Baden-Württemberg,uhingen.de,https://www.uhingen.de/,wikidata
DE-G-08117020,Eschenbach,gemeinde,Baden-Württemberg,gemeinde-eschenbach.de,http://www.gemeinde-eschenbach.de/,wikidata
DE-G-08117030,Heiningen,gemeinde,Baden-Württemberg,heiningen-online.de,https://www.heiningen-online.de/,wikidata
DE-G-08118003,Asperg,gemeinde,Baden-Württemberg,asperg.de,http://www.asperg.de/,wikidata
DE-G-08118011,Ditzingen,gemeinde,Baden-Württemberg,ditzingen.de,https://www.ditzingen.de/,wikidata
DE-G-08118019,Gerlingen,gemeinde,Baden-Württemberg,gerlingen.de,https://www.gerlingen.de/,wikidata
DE-G-08118021,Großbottwar,gemeinde,Baden-Württemberg,grossbottwar.de,https://www.grossbottwar.de/,wikidata
DE-G-08118046,Kornwestheim,gemeinde,Baden-Württemberg,kornwestheim.de,http://www.kornwestheim.de,wikidata
DE-G-08118048,Ludwigsburg,gemeinde,Baden-Württemberg,ludwigsburg.de,https://www.ludwigsburg.de,wikidata
DE-G-08118050,Markgröningen,gemeinde,Baden-Württemberg,markgroeningen.de,http://www.markgroeningen.de,wikidata
DE-G-08118051,Möglingen,gemeinde,Baden-Württemberg,moeglingen.de,http://www.moeglingen.de,wikidata
DE-G-08118060,Oberstenfeld,gemeinde,Baden-Württemberg,oberstenfeld.de,https://www.oberstenfeld.de,wikidata
DE-G-08118076,Sachsenheim,gemeinde,Baden-Württemberg,sachsenheim.de,https://www.sachsenheim.de/,wikidata
DE-G-08118080,Korntal-Münchingen,gemeinde,Baden-Württemberg,korntal-muenchingen.de,https://www.korntal-muenchingen.de/,wikidata
DE-G-08118081,Remseck am Neckar,gemeinde,Baden-Württemberg,stadt-remseck.de,https://www.stadt-remseck.de,wikidata
DE-G-08118007,Besigheim,gemeinde,Baden-Württemberg,besigheim.de,http://www.besigheim.de/,wikidata
DE-G-08118016,Freudental,gemeinde,Baden-Württemberg,freudental.de,https://www.freudental.de,wikidata
DE-G-08118018,Gemmrigheim,gemeinde,Baden-Württemberg,gemmrigheim.de,http://www.gemmrigheim.de,wikidata
DE-G-08118028,Hessigheim,gemeinde,Baden-Württemberg,hessigheim.de,http://www.hessigheim.de,wikidata
DE-G-08118047,Löchgau,gemeinde,Baden-Württemberg,loechgau.de,http://www.loechgau.de,wikidata
DE-G-08118053,Mundelsheim,gemeinde,Baden-Württemberg,mundelsheim.de,http://www.mundelsheim.de,wikidata
DE-G-08118074,Walheim,gemeinde,Baden-Württemberg,walheim.de,http://www.walheim.de,wikidata
DE-G-08118071,Tamm,gemeinde,Baden-Württemberg,tamm.org,http://www.tamm.org/,wikidata
DE-G-08118077,Ingersheim,gemeinde,Baden-Württemberg,ingersheim.de,http://www.ingersheim.de,wikidata
DE-G-08118079,Bietigheim-Bissingen,gemeinde,Baden-Württemberg,bietigheim-bissingen.de,https://www.bietigheim-bissingen.de/,wikidata
DE-G-08118010,Bönnigheim,gemeinde,Baden-Württemberg,boennigheim.de,http://www.boennigheim.de/,wikidata
DE-G-08118015,Erligheim,gemeinde,Baden-Württemberg,erligheim.de,http://www.erligheim.de/,wikidata
DE-G-08118040,Kirchheim am Neckar,gemeinde,Baden-Württemberg,kirchheim-am-neckar.de,http://www.kirchheim-am-neckar.de,wikidata
DE-G-08118063,Pleidelsheim,gemeinde,Baden-Württemberg,pleidelsheim.de,http://www.pleidelsheim.de,wikidata
DE-G-08118078,Freiberg am Neckar,gemeinde,Baden-Württemberg,freiberg-an.de,https://www.freiberg-an.de,wikidata
DE-G-08118001,Affalterbach,gemeinde,Baden-Württemberg,affalterbach.de,http://www.affalterbach.de/,wikidata
DE-G-08118006,Benningen am Neckar,gemeinde,Baden-Württemberg,benningen.de,http://www.benningen.de/,wikidata
DE-G-08118014,Erdmannhausen,gemeinde,Baden-Württemberg,erdmannhausen.de,https://www.erdmannhausen.de/,wikidata
DE-G-08118049,Marbach am Neckar,gemeinde,Baden-Württemberg,schillerstadt-marbach.de,http://www.schillerstadt-marbach.de,wikidata
DE-G-08118027,Hemmingen,gemeinde,Baden-Württemberg,hemmingen.de,https://www.hemmingen.de/,wikidata
DE-G-08118067,Schwieberdingen,gemeinde,Baden-Württemberg,schwieberdingen.de,http://www.schwieberdingen.de,wikidata
DE-G-08118054,Murr,gemeinde,Baden-Württemberg,gemeinde-murr.de,http://www.gemeinde-murr.de,wikidata
DE-G-08118070,Steinheim an der Murr,gemeinde,Baden-Württemberg,stadt-steinheim.de,http://www.stadt-steinheim.de,wikidata
DE-G-08118012,Eberdingen,gemeinde,Baden-Württemberg,eberdingen.de,https://www.eberdingen.de/,wikidata
DE-G-08118059,Oberriexingen,gemeinde,Baden-Württemberg,oberriexingen.de,https://www.oberriexingen.de/,wikidata
DE-G-08118068,Sersheim,gemeinde,Baden-Württemberg,sersheim.de,http://www.sersheim.de,wikidata
DE-G-08118073,Vaihingen an der Enz,gemeinde,Baden-Württemberg,vaihingen.de,https://www.vaihingen.de,wikidata
DE-G-08119001,Alfdorf,gemeinde,Baden-Württemberg,alfdorf.de,https://www.alfdorf.de/,wikidata
DE-G-08119020,Fellbach,gemeinde,Baden-Württemberg,fellbach.de,https://www.fellbach.de/,wikidata
DE-G-08119041,Korb,gemeinde,Baden-Württemberg,korb.de,https://www.korb.de/,wikidata
DE-G-08119044,Murrhardt,gemeinde,Baden-Württemberg,murrhardt.de,https://www.murrhardt.de/,wikidata
DE-G-08119061,Rudersberg,gemeinde,Baden-Württemberg,rudersberg.de,http://www.rudersberg.de,wikidata
DE-G-08119079,Waiblingen,gemeinde,Baden-Württemberg,waiblingen.de,https://www.waiblingen.de/,wikidata
DE-G-08119089,Berglen,gemeinde,Baden-Württemberg,berglen.de,https://www.berglen.de/,wikidata
DE-G-08119090,Remshalden,gemeinde,Baden-Württemberg,remshalden.de,http://www.remshalden.de,wikidata
DE-G-08119091,Weinstadt,gemeinde,Baden-Württemberg,weinstadt.de,https://www.weinstadt.de/,wikidata
DE-G-08119093,Kernen im Remstal,gemeinde,Baden-Württemberg,kernen.de,http://www.kernen.de,wikidata
DE-G-08119003,Allmersbach im Tal,gemeinde,Baden-Württemberg,allmersbach.de,https://www.allmersbach.de/,wikidata
DE-G-08119004,Althütte,gemeinde,Baden-Württemberg,althuette.de,http://www.althuette.de/,wikidata
DE-G-08119006,Auenwald,gemeinde,Baden-Württemberg,auenwald.de,http://www.auenwald.de/,wikidata
DE-G-08119008,Backnang,gemeinde,Baden-Württemberg,backnang.de,https://www.backnang.de/,wikidata
DE-G-08119018,Burgstetten,gemeinde,Baden-Württemberg,burgstetten.de,http://www.burgstetten.de/,wikidata
DE-G-08119038,Kirchberg an der Murr,gemeinde,Baden-Württemberg,kirchberg-murr.de,https://www.kirchberg-murr.de/,wikidata
DE-G-08119053,Oppenweiler,gemeinde,Baden-Württemberg,oppenweiler.de,https://www.oppenweiler.de,wikidata
DE-G-08119083,Weissach im Tal,gemeinde,Baden-Württemberg,weissach-im-tal.de,https://www.weissach-im-tal.de/,wikidata
DE-G-08119087,Aspach,gemeinde,Baden-Württemberg,aspach.de,http://www.aspach.de/,wikidata
DE-G-08119055,Plüderhausen,gemeinde,Baden-Württemberg,pluederhausen.de,https://www.pluederhausen.de/,wikidata
DE-G-08119076,Urbach,gemeinde,Baden-Württemberg,urbach.de,https://www.urbach.de/,wikidata
DE-G-08119067,Schorndorf,gemeinde,Baden-Württemberg,schorndorf.de,https://www.schorndorf.de/,wikidata
DE-G-08119086,Winterbach,gemeinde,Baden-Württemberg,winterbach.de,https://www.winterbach.de/,wikidata
DE-G-08119024,Großerlach,gemeinde,Baden-Württemberg,grosserlach.de,http://www.grosserlach.de,wikidata
DE-G-08119069,Spiegelberg,gemeinde,Baden-Württemberg,gemeinde-spiegelberg.de,http://www.gemeinde-spiegelberg.de,wikidata
DE-G-08119075,Sulzbach an der Murr,gemeinde,Baden-Württemberg,sulzbach-murr.de,http://www.sulzbach-murr.de,wikidata
DE-G-08119037,Kaisersbach,gemeinde,Baden-Württemberg,kaisersbach.de,http://www.kaisersbach.de,wikidata
DE-G-08119084,Welzheim,gemeinde,Baden-Württemberg,welzheim.de,https://www.welzheim.de,wikidata
DE-G-08119042,Leutenbach,gemeinde,Baden-Württemberg,leutenbach.de,http://www.leutenbach.de,wikidata
DE-G-08119068,Schwaikheim,gemeinde,Baden-Württemberg,schwaikheim.de,http://www.schwaikheim.de,wikidata
DE-G-08119085,Winnenden,gemeinde,Baden-Württemberg,winnenden.de,https://www.winnenden.de,wikidata
DE-G-08121000,Heilbronn,gemeinde,Baden-Württemberg,heilbronn.de,https://www.heilbronn.de/,wikidata
DE-G-08125007,Bad Wimpfen,gemeinde,Baden-Württemberg,badwimpfen.de,https://www.badwimpfen.de/,wikidata
DE-G-08125039,Gundelsheim,gemeinde,Baden-Württemberg,gundelsheim.de,https://www.gundelsheim.de/,wikidata
DE-G-08125058,Leingarten,gemeinde,Baden-Württemberg,leingarten.de,http://www.leingarten.de,wikidata
DE-G-08125068,Neudenau,gemeinde,Baden-Württemberg,neudenau.de,http://www.neudenau.de,wikidata
DE-G-08125107,Wüstenrot,gemeinde,Baden-Württemberg,gemeinde-wuestenrot.de,http://www.gemeinde-wuestenrot.de,wikidata
DE-G-08125005,Bad Friedrichshall,gemeinde,Baden-Württemberg,friedrichshall.de,http://www.friedrichshall.de/,wikidata
DE-G-08125078,Oedheim,gemeinde,Baden-Württemberg,oedheim.de,http://www.oedheim.de,wikidata
DE-G-08125079,Offenau,gemeinde,Baden-Württemberg,offenau.de,http://www.offenau.de,wikidata
DE-G-08125006,Bad Rappenau,gemeinde,Baden-Württemberg,badrappenau.de,https://www.badrappenau.de/,wikidata
DE-G-08125049,Kirchardt,gemeinde,Baden-Württemberg,kirchardt.de,http://www.kirchardt.de,wikidata
DE-G-08125087,Siegelsbach,gemeinde,Baden-Württemberg,siegelsbach.de,http://www.siegelsbach.de,wikidata
DE-G-08125013,Brackenheim,gemeinde,Baden-Württemberg,brackenheim.de,https://www.brackenheim.de/,wikidata
DE-G-08125017,Cleebronn,gemeinde,Baden-Württemberg,cleebronn.de,http://www.cleebronn.de/,wikidata
DE-G-08125026,Eppingen,gemeinde,Baden-Württemberg,eppingen.de,http://www.eppingen.de/,wikidata
DE-G-08125034,Gemmingen,gemeinde,Baden-Württemberg,gemmingen.eu,http://www.gemmingen.eu/,wikidata
DE-G-08125047,Ittlingen,gemeinde,Baden-Württemberg,ittlingen.de,http://www.ittlingen.de,wikidata
DE-G-08125030,Flein,gemeinde,Baden-Württemberg,flein.de,http://www.flein.de,wikidata
DE-G-08125094,Talheim,gemeinde,Baden-Württemberg,talheim.de,https://www.talheim.de/,wikidata
DE-G-08125056,Lauffen am Neckar,gemeinde,Baden-Württemberg,lauffen.de,https://www.lauffen.de/,wikidata
DE-G-08125066,Neckarwestheim,gemeinde,Baden-Württemberg,neckarwestheim.de,https://www.neckarwestheim.de/,wikidata
DE-G-08125074,Nordheim,gemeinde,Baden-Württemberg,nordheim.de,https://www.nordheim.de/,wikidata
DE-G-08125048,Jagsthausen,gemeinde,Baden-Württemberg,jagsthausen.de,https://www.jagsthausen.de/,wikidata
DE-G-08125063,Möckmühl,gemeinde,Baden-Württemberg,moeckmuehl.de,http://www.moeckmuehl.de,wikidata
DE-G-08125084,Roigheim,gemeinde,Baden-Württemberg,roigheim.de,http://www.roigheim.de,wikidata
DE-G-08125103,Widdern,gemeinde,Baden-Württemberg,widdern.de,http://www.widdern.de,wikidata
DE-G-08125027,Erlenbach,gemeinde,Baden-Württemberg,erlenbach-hn.de,https://www.erlenbach-hn.de/,wikidata
DE-G-08125065,Neckarsulm,gemeinde,Baden-Württemberg,neckarsulm.de,http://www.neckarsulm.de,wikidata
DE-G-08125096,Untereisesheim,gemeinde,Baden-Württemberg,untereisesheim.de,http://www.untereisesheim.de,wikidata
DE-G-08125069,Neuenstadt am Kocher,gemeinde,Baden-Württemberg,neuenstadt.de,http://www.neuenstadt.de,wikidata
DE-G-08125111,Hardthausen am Kocher,gemeinde,Baden-Württemberg,hardthausen.de,http://www.hardthausen.de,wikidata
DE-G-08125113,Langenbrettach,gemeinde,Baden-Württemberg,langenbrettach.de,https://www.langenbrettach.de/,wikidata
DE-G-08125038,Güglingen,gemeinde,Baden-Württemberg,gueglingen.de,http://www.gueglingen.de,wikidata
DE-G-08125081,Pfaffenhofen,gemeinde,Baden-Württemberg,pfaffenhofen-wuertt.de,https://www.pfaffenhofen-wuertt.de/,wikidata
DE-G-08125108,Zaberfeld,gemeinde,Baden-Württemberg,zaberfeld.de,https://www.zaberfeld.de/,wikidata
DE-G-08125059,Löwenstein,gemeinde,Baden-Württemberg,stadt-loewenstein.de,https://www.stadt-loewenstein.de/,wikidata
DE-G-08125110,Obersulm,gemeinde,Baden-Württemberg,obersulm.de,http://www.obersulm.de,wikidata
DE-G-08125001,Abstatt,gemeinde,Baden-Württemberg,abstatt.de,https://www.abstatt.de/,wikidata
DE-G-08125008,Beilstein,gemeinde,Baden-Württemberg,beilstein.de,http://www.beilstein.de/,wikidata
DE-G-08125046,Ilsfeld,gemeinde,Baden-Württemberg,ilsfeld.de,https://www.ilsfeld.de/,wikidata
DE-G-08125098,Untergruppenbach,gemeinde,Baden-Württemberg,untergruppenbach.de,https://www.untergruppenbach.de/,wikidata
DE-G-08125061,Massenbachhausen,gemeinde,Baden-Württemberg,massenbachhausen.de,http://www.massenbachhausen.de,wikidata
DE-G-08125086,Schwaigern,gemeinde,Baden-Württemberg,schwaigern.de,https://www.schwaigern.de/,wikidata
DE-G-08125021,Eberstadt,gemeinde,Baden-Württemberg,eberstadt.de,https://www.eberstadt.de/,wikidata
DE-G-08125024,Ellhofen,gemeinde,Baden-Württemberg,ellhofen.de,https://www.ellhofen.de/,wikidata
DE-G-08125057,Lehrensteinsfeld,gemeinde,Baden-Württemberg,lehrensteinsfeld.de,http://www.lehrensteinsfeld.de,wikidata
DE-G-08125102,Weinsberg,gemeinde,Baden-Württemberg,weinsberg.de,http://www.weinsberg.de,wikidata
DE-G-08126011,Bretzfeld,gemeinde,Baden-Württemberg,bretzfeld.de,https://www.bretzfeld.de/,wikidata
DE-G-08126072,Schöntal,gemeinde,Baden-Württemberg,schoental.de,http://www.schoental.de,wikidata
DE-G-08126047,Kupferzell,gemeinde,Baden-Württemberg,kupferzell.de,https://www.kupferzell.de/,wikidata
DE-G-08126058,Neuenstein,gemeinde,Baden-Württemberg,neuenstein.de,https://www.neuenstein.de/,wikidata
DE-G-08126085,Waldenburg,gemeinde,Baden-Württemberg,waldenburg-hohenlohe.de,https://www.waldenburg-hohenlohe.de/,wikidata
DE-G-08126020,Dörzbach,gemeinde,Baden-Württemberg,doerzbach.de,https://www.doerzbach.de/,wikidata
DE-G-08126045,Krautheim,gemeinde,Baden-Württemberg,krautheim.de,http://www.krautheim.de,wikidata
DE-G-08126056,Mulfingen,gemeinde,Baden-Württemberg,mulfingen.de,http://www.mulfingen.de,wikidata
DE-G-08126039,Ingelfingen,gemeinde,Baden-Württemberg,ingelfingen.de,https://www.ingelfingen.de,wikidata
DE-G-08126046,Künzelsau,gemeinde,Baden-Württemberg,kuenzelsau.de,https://www.kuenzelsau.de/,wikidata
DE-G-08126028,Forchtenberg,gemeinde,Baden-Württemberg,forchtenberg.de,http://www.forchtenberg.de,wikidata
DE-G-08126060,Niedernhall,gemeinde,Baden-Württemberg,niedernhall.de,http://www.niedernhall.de,wikidata
DE-G-08126086,Weißbach,gemeinde,Baden-Württemberg,gemeinde-weissbach.de,http://www.gemeinde-weissbach.de,wikidata
DE-G-08126066,Öhringen,gemeinde,Baden-Württemberg,oehringen.de,http://www.oehringen.de,wikidata
DE-G-08126069,Pfedelbach,gemeinde,Baden-Württemberg,pfedelbach.de,http://www.pfedelbach.de,wikidata
DE-G-08126094,Zweiflingen,gemeinde,Baden-Württemberg,zweiflingen.de,https://www.zweiflingen.de/,wikidata
DE-G-08127008,Blaufelden,gemeinde,Baden-Württemberg,blaufelden.de,http://www.blaufelden.de,wikidata
DE-G-08127052,Mainhardt,gemeinde,Baden-Württemberg,mainhardt.de,https://www.mainhardt.de/,wikidata
DE-G-08127075,Schrozberg,gemeinde,Baden-Württemberg,stadt-schrozberg.de,https://www.stadt-schrozberg.de/,wikidata
DE-G-08127009,Braunsbach,gemeinde,Baden-Württemberg,braunsbach.de,http://www.braunsbach.de/,wikidata
DE-G-08127086,Untermünkheim,gemeinde,Baden-Württemberg,untermuenkheim.de,https://www.untermuenkheim.de/,wikidata
DE-G-08127014,Crailsheim,gemeinde,Baden-Württemberg,crailsheim.de,https://www.crailsheim.de/,wikidata
DE-G-08127073,Satteldorf,gemeinde,Baden-Württemberg,satteldorf.de,https://www.satteldorf.de/,wikidata
DE-G-08127103,Frankenhardt,gemeinde,Baden-Württemberg,frankenhardt.de,https://www.frankenhardt.de/,wikidata
DE-G-08127104,Stimpfach,gemeinde,Baden-Württemberg,stimpfach.de,http://www.stimpfach.de,wikidata
DE-G-08127101,Kreßberg,gemeinde,Baden-Württemberg,kressberg.de,http://www.kressberg.de,wikidata
DE-G-08127102,Fichtenau,gemeinde,Baden-Württemberg,fichtenau.de,http://www.fichtenau.de,wikidata
DE-G-08127032,Gerabronn,gemeinde,Baden-Württemberg,gerabronn.de,http://www.gerabronn.de,wikidata
DE-G-08127047,Langenburg,gemeinde,Baden-Württemberg,langenburg.de,http://www.langenburg.de,wikidata
DE-G-08127043,Ilshofen,gemeinde,Baden-Württemberg,ilshofen.de,http://www.ilshofen.de,wikidata
DE-G-08127089,Vellberg,gemeinde,Baden-Württemberg,vellberg.de,http://www.vellberg.de,wikidata
DE-G-08127099,Wolpertshausen,gemeinde,Baden-Württemberg,wolpertshausen.de,https://www.wolpertshausen.de/,wikidata
DE-G-08127023,Fichtenberg,gemeinde,Baden-Württemberg,fichtenberg.de,http://www.fichtenberg.de,wikidata
DE-G-08127025,Gaildorf,gemeinde,Baden-Württemberg,gaildorf.de,https://www.gaildorf.de/,wikidata
DE-G-08127062,Oberrot,gemeinde,Baden-Württemberg,oberrot.de,http://www.oberrot.de,wikidata
DE-G-08127079,Sulzbach-Laufen,gemeinde,Baden-Württemberg,sulzbach-laufen.de,http://www.sulzbach-laufen.de,wikidata
DE-G-08127012,Bühlertann,gemeinde,Baden-Württemberg,buehlertann.de,http://www.buehlertann.de/,wikidata
DE-G-08127013,Bühlerzell,gemeinde,Baden-Württemberg,buehlerzell.de,https://www.buehlerzell.de/,wikidata
DE-G-08127063,Obersontheim,gemeinde,Baden-Württemberg,obersontheim.de,https://www.obersontheim.de/,wikidata
DE-G-08127046,Kirchberg an der Jagst,gemeinde,Baden-Württemberg,kirchberg-jagst.de,http://www.kirchberg-jagst.de,wikidata
DE-G-08127071,Rot am See,gemeinde,Baden-Württemberg,rotamsee.de,https://www.rotamsee.de,wikidata
DE-G-08127091,Wallhausen,gemeinde,Baden-Württemberg,gemeinde-wallhausen.de,http://www.gemeinde-wallhausen.de,wikidata
DE-G-08127056,Michelbach an der Bilz,gemeinde,Baden-Württemberg,michelbach-bilz.de,https://www.michelbach-bilz.de/,wikidata
DE-G-08127059,Michelfeld,gemeinde,Baden-Württemberg,michelfeld.de,https://www.michelfeld.de/,wikidata
DE-G-08127076,Schwäbisch Hall,gemeinde,Baden-Württemberg,schwaebischhall.de,http://www.schwaebischhall.de,wikidata
DE-G-08127100,Rosengarten,gemeinde,Baden-Württemberg,rosengarten.de,https://www.rosengarten.de/,wikidata
DE-G-08128020,Creglingen,gemeinde,Baden-Württemberg,creglingen.de,https://www.creglingen.de/,wikidata
DE-G-08128039,Freudenberg,gemeinde,Baden-Württemberg,freudenberg-main.de,https://www.freudenberg-main.de/,wikidata
DE-G-08128064,Külsheim,gemeinde,Baden-Württemberg,kuelsheim.de,http://www.kuelsheim.de,wikidata
DE-G-08128082,Niederstetten,gemeinde,Baden-Württemberg,niederstetten.de,https://www.niederstetten.de/,wikidata
DE-G-08128126,Weikersheim,gemeinde,Baden-Württemberg,weikersheim.de,https://www.weikersheim.de/,wikidata
DE-G-08128131,Wertheim,gemeinde,Baden-Württemberg,wertheim.de,https://www.wertheim.de/,wikidata
DE-G-08128139,Lauda-Königshofen,gemeinde,Baden-Württemberg,lauda-koenigshofen.de,https://www.lauda-koenigshofen.de/,wikidata
DE-G-08128006,Assamstadt,gemeinde,Baden-Württemberg,assamstadt.de,http://www.assamstadt.de/,wikidata
DE-G-08128007,Bad Mergentheim,gemeinde,Baden-Württemberg,bad-mergentheim.de,https://www.bad-mergentheim.de/,wikidata
DE-G-08128058,Igersheim,gemeinde,Baden-Württemberg,igersheim.de,https://www.igersheim.de/,wikidata
DE-G-08128014,Boxberg,gemeinde,Baden-Württemberg,boxberg.de,http://www.boxberg.de/,wikidata
DE-G-08128138,Ahorn,gemeinde,Baden-Württemberg,gemeindeahorn.de,http://www.gemeindeahorn.de,wikidata
DE-G-08128047,Grünsfeld,gemeinde,Baden-Württemberg,gruensfeld.de,http://www.gruensfeld.de,wikidata
DE-G-08128137,Wittighausen,gemeinde,Baden-Württemberg,wittighausen.de,http://www.wittighausen.de,wikidata
DE-G-08128045,Großrinderfeld,gemeinde,Baden-Württemberg,grossrinderfeld.de,http://www.grossrinderfeld.de,wikidata
DE-G-08128061,Königheim,gemeinde,Baden-Württemberg,koenigheim.de,http://www.koenigheim.de,wikidata
DE-G-08128115,Tauberbischofsheim,gemeinde,Baden-Württemberg,tauberbischofsheim.de,https://www.tauberbischofsheim.de,wikidata
DE-G-08128128,Werbach,gemeinde,Baden-Württemberg,werbach.de,http://www.werbach.de,wikidata
DE-G-08135010,Dischingen,gemeinde,Baden-Württemberg,dischingen.de,https://www.dischingen.de/,wikidata
DE-G-08135015,Gerstetten,gemeinde,Baden-Württemberg,gerstetten.de,https://www.gerstetten.de/,wikidata
DE-G-08135020,Herbrechtingen,gemeinde,Baden-Württemberg,herbrechtingen.de,http://www.herbrechtingen.de,wikidata
DE-G-08135025,Königsbronn,gemeinde,Baden-Württemberg,koenigsbronn.de,https://www.koenigsbronn.de/,wikidata
DE-G-08135032,Steinheim am Albuch,gemeinde,Baden-Württemberg,steinheim.com,http://www.steinheim.com,wikidata
DE-G-08135016,Giengen an der Brenz,gemeinde,Baden-Württemberg,giengen.de,http://www.giengen.de,wikidata
DE-G-08135021,Hermaringen,gemeinde,Baden-Württemberg,hermaringen.de,https://www.hermaringen.de,wikidata
DE-G-08135019,Heidenheim an der Brenz,gemeinde,Baden-Württemberg,heidenheim.de,https://www.heidenheim.de,wikidata
DE-G-08135026,Nattheim,gemeinde,Baden-Württemberg,nattheim.de,https://www.nattheim.de/,wikidata
DE-G-08135027,Niederstotzingen,gemeinde,Baden-Württemberg,niederstotzingen.de,http://www.niederstotzingen.de,wikidata
DE-G-08135031,Sontheim an der Brenz,gemeinde,Baden-Württemberg,sontheim-brenz.de,http://www.sontheim-brenz.de,wikidata
DE-G-08136002,Abtsgmünd,gemeinde,Baden-Württemberg,abtsgmuend.de,http://www.abtsgmuend.de/,wikidata
DE-G-08136027,Gschwend,gemeinde,Baden-Württemberg,gschwend.de,http://www.gschwend.de,wikidata
DE-G-08136042,Lorch,gemeinde,Baden-Württemberg,stadt-lorch.de,http://www.stadt-lorch.de,wikidata
DE-G-08136045,Neresheim,gemeinde,Baden-Württemberg,neresheim.de,https://www.neresheim.de/,wikidata
DE-G-08136050,Oberkochen,gemeinde,Baden-Württemberg,oberkochen.de,http://www.oberkochen.de,wikidata
DE-G-08136021,Essingen,gemeinde,Baden-Württemberg,essingen.de,http://www.essingen.de/,wikidata
DE-G-08136033,Hüttlingen,gemeinde,Baden-Württemberg,huettlingen.de,http://www.huettlingen.de,wikidata
DE-G-08136088,Aalen,gemeinde,Baden-Württemberg,aalen.de,https://www.aalen.de/,wikidata
DE-G-08136010,Bopfingen,gemeinde,Baden-Württemberg,bopfingen.de,http://www.bopfingen.de/,wikidata
DE-G-08136037,Kirchheim am Ries,gemeinde,Baden-Württemberg,kirchheim-am-ries.de,http://www.kirchheim-am-ries.de,wikidata
DE-G-08136087,Riesbürg,gemeinde,Baden-Württemberg,riesbuerg.de,http://www.riesbuerg.de,wikidata
DE-G-08136003,Adelmannsfelden,gemeinde,Baden-Württemberg,adelmannsfelden.de,http://www.adelmannsfelden.de/,wikidata
DE-G-08136018,Ellenberg,gemeinde,Baden-Württemberg,ellenberg.de,http://www.ellenberg.de/,wikidata
DE-G-08136019,Ellwangen (Jagst),gemeinde,Baden-Württemberg,ellwangen.de,http://www.ellwangen.de/,wikidata
DE-G-08136035,Jagstzell,gemeinde,Baden-Württemberg,jagstzell.de,https://www.jagstzell.de/,wikidata
DE-G-08136046,Neuler,gemeinde,Baden-Württemberg,neuler.de,http://www.neuler.de,wikidata
DE-G-08136060,Rosenberg,gemeinde,Baden-Württemberg,gemeinde-rosenberg.de,http://www.gemeinde-rosenberg.de,wikidata
DE-G-08136084,Wört,gemeinde,Baden-Württemberg,gemeinde-woert.de,http://www.gemeinde-woert.de,wikidata
DE-G-08136089,Rainau,gemeinde,Baden-Württemberg,rainau.de,https://www.rainau.de/,wikidata
DE-G-08136038,Lauchheim,gemeinde,Baden-Württemberg,lauchheim.de,https://www.lauchheim.de/,wikidata
DE-G-08136082,Westhausen,gemeinde,Baden-Württemberg,westhausen.de,http://www.westhausen.de/,wikidata
DE-G-08136020,Eschach,gemeinde,Baden-Württemberg,eschach.de,http://www.eschach.de/,wikidata
DE-G-08136024,Göggingen,gemeinde,Baden-Württemberg,gemeinde-goeggingen.de,http://www.gemeinde-goeggingen.de,wikidata
DE-G-08136034,Iggingen,gemeinde,Baden-Württemberg,iggingen.de,https://www.iggingen.de/,wikidata
DE-G-08136040,Leinzell,gemeinde,Baden-Württemberg,leinzell.de,https://www.leinzell.de/,wikidata
DE-G-08136049,Obergröningen,gemeinde,Baden-Württemberg,obergroeningen.de,https://www.obergroeningen.de/,wikidata
DE-G-08136062,Schechingen,gemeinde,Baden-Württemberg,schechingen.de,http://www.schechingen.de,wikidata
DE-G-08136007,Bartholomä,gemeinde,Baden-Württemberg,bartholomae.de,http://www.bartholomae.de/,wikidata
DE-G-08136009,Böbingen an der Rems,gemeinde,Baden-Württemberg,boebingen.de,https://www.boebingen.de/,wikidata
DE-G-08136028,Heubach,gemeinde,Baden-Württemberg,heubach.de,http://www.heubach.de,wikidata
DE-G-08136029,Heuchlingen,gemeinde,Baden-Württemberg,heuchlingen.de,http://www.heuchlingen.de,wikidata
DE-G-08136043,Mögglingen,gemeinde,Baden-Württemberg,moegglingen.de,http://www.moegglingen.de,wikidata
DE-G-08136065,Schwäbisch Gmünd,gemeinde,Baden-Württemberg,schwaebisch-gmuend.de,https://www.schwaebisch-gmuend.de/,wikidata
DE-G-08136079,Waldstetten,gemeinde,Baden-Württemberg,waldstetten.de,https://www.waldstetten.de/,wikidata
DE-G-08136015,Durlangen,gemeinde,Baden-Württemberg,durlangen.de,http://www.durlangen.de/,wikidata
DE-G-08136044,Mutlangen,gemeinde,Baden-Württemberg,mutlangen.de,http://www.mutlangen.de,wikidata
DE-G-08136061,Ruppertshofen,gemeinde,Baden-Württemberg,ruppertshofen.de,http://www.ruppertshofen.de,wikidata
DE-G-08136066,Spraitbach,gemeinde,Baden-Württemberg,spraitbach.de,http://www.spraitbach.de,wikidata
DE-G-08136070,Täferrot,gemeinde,Baden-Württemberg,taeferrot.de,http://www.taeferrot.de,wikidata
DE-G-08136068,Stödtlen,gemeinde,Baden-Württemberg,stoedtlen.de,https://www.stoedtlen.de/,wikidata
DE-G-08136071,Tannhausen,gemeinde,Baden-Württemberg,tannhausen.de,http://www.tannhausen.de,wikidata
DE-G-08136075,Unterschneidheim,gemeinde,Baden-Württemberg,unterschneidheim.de,http://www.unterschneidheim.de,wikidata
DE-G-08211000,Baden-Baden,gemeinde,Baden-Württemberg,baden-baden.de,https://www.baden-baden.de/,wikidata
DE-G-08212000,Karlsruhe,gemeinde,Baden-Württemberg,karlsruhe.de,https://www.karlsruhe.de/,wikidata
DE-G-08215017,Ettlingen,gemeinde,Baden-Württemberg,ettlingen.de,https://ettlingen.de,wikidata
DE-G-08215046,Malsch,gemeinde,Baden-Württemberg,malsch.de,http://www.malsch.de,wikidata
DE-G-08215047,Marxzell,gemeinde,Baden-Württemberg,marxzell.de,http://www.marxzell.de,wikidata
DE-G-08215064,Östringen,gemeinde,Baden-Württemberg,oestringen.de,https://www.oestringen.de/,wikidata
DE-G-08215084,Ubstadt-Weiher,gemeinde,Baden-Württemberg,ubstadt-weiher.de,https://www.ubstadt-weiher.de,wikidata
DE-G-08215089,Walzbachtal,gemeinde,Baden-Württemberg,walzbachtal.de,http://www.walzbachtal.de,wikidata
DE-G-08215090,Weingarten (Baden),gemeinde,Baden-Württemberg,weingarten-baden.de,https://www.weingarten-baden.de/,wikidata
DE-G-08215096,Karlsbad,gemeinde,Baden-Württemberg,karlsbad.de,https://www.karlsbad.de/,wikidata
DE-G-08215097,Kraichtal,gemeinde,Baden-Württemberg,kraichtal.de,https://www.kraichtal.de/,wikidata
DE-G-08215101,Pfinztal,gemeinde,Baden-Württemberg,pfinztal.de,http://www.pfinztal.de,wikidata
DE-G-08215102,Eggenstein-Leopoldshafen,gemeinde,Baden-Württemberg,egg-leo.de,http://www.egg-leo.de,wikidata
DE-G-08215105,Linkenheim-Hochstetten,gemeinde,Baden-Württemberg,linkenheim-hochstetten.de,http://www.linkenheim-hochstetten.de,wikidata
DE-G-08215106,Waghäusel,gemeinde,Baden-Württemberg,waghaeusel.de,https://www.waghaeusel.de/,wikidata
DE-G-08215108,Rheinstetten,gemeinde,Baden-Württemberg,rheinstetten.de,https://www.rheinstetten.de/,wikidata
DE-G-08215109,Stutensee,gemeinde,Baden-Württemberg,stutensee.de,https://www.stutensee.de/,wikidata
DE-G-08215110,Waldbronn,gemeinde,Baden-Württemberg,waldbronn.de,https://www.waldbronn.de/,wikidata
DE-G-08215039,Kronau,gemeinde,Baden-Württemberg,kronau.de,http://www.kronau.de,wikidata
DE-G-08215100,Bad Schönborn,gemeinde,Baden-Württemberg,bad-schoenborn.de,https://www.bad-schoenborn.de/,wikidata
DE-G-08215007,Bretten,gemeinde,Baden-Württemberg,bretten.de,https://www.bretten.de/,wikidata
DE-G-08215025,Gondelsheim,gemeinde,Baden-Württemberg,gondelsheim.de,https://www.gondelsheim.de/,wikidata
DE-G-08215009,Bruchsal,gemeinde,Baden-Württemberg,bruchsal.de,https://www.bruchsal.de/,wikidata
DE-G-08215021,Forst,gemeinde,Baden-Württemberg,forst-baden.de,http://www.forst-baden.de,wikidata
DE-G-08215029,Hambrücken,gemeinde,Baden-Württemberg,hambruecken.de,http://www.hambruecken.de,wikidata
DE-G-08215103,Karlsdorf-Neuthard,gemeinde,Baden-Württemberg,karlsdorf-neuthard.de,https://www.karlsdorf-neuthard.de,wikidata
DE-G-08215099,Graben-Neudorf,gemeinde,Baden-Württemberg,graben-neudorf.de,https://www.graben-neudorf.de/,wikidata
DE-G-08215111,Dettenheim,gemeinde,Baden-Württemberg,dettenheim.de,https://www.dettenheim.de/,wikidata
DE-G-08215040,Kürnbach,gemeinde,Baden-Württemberg,kuernbach.de,http://www.kuernbach.de,wikidata
DE-G-08215059,Oberderdingen,gemeinde,Baden-Württemberg,oberderdingen.de,http://www.oberderdingen.de,wikidata
DE-G-08215066,Philippsburg,gemeinde,Baden-Württemberg,philippsburg.de,https://www.philippsburg.de,wikidata
DE-G-08215107,Oberhausen-Rheinhausen,gemeinde,Baden-Württemberg,oberhausen-rheinhausen.de,http://www.oberhausen-rheinhausen.de,wikidata
DE-G-08215082,Sulzfeld,gemeinde,Baden-Württemberg,sulzfeld.de,http://www.sulzfeld.de,wikidata
DE-G-08215094,Zaisenhausen,gemeinde,Baden-Württemberg,zaisenhausen.de,http://www.zaisenhausen.de,wikidata
DE-G-08216008,Bühlertal,gemeinde,Baden-Württemberg,buehlertal.de,https://www.buehlertal.de/,wikidata
DE-G-08216013,Forbach,gemeinde,Baden-Württemberg,forbach.de,https://www.forbach.de/,wikidata
DE-G-08216015,Gaggenau,gemeinde,Baden-Württemberg,gaggenau.de,https://www.gaggenau.de/,wikidata
DE-G-08216006,Bischweier,gemeinde,Baden-Württemberg,bischweier.de,http://www.bischweier.de,wikidata
DE-G-08216024,Kuppenheim,gemeinde,Baden-Württemberg,kuppenheim.de,http://www.kuppenheim.de,wikidata
DE-G-08216007,Bühl,gemeinde,Baden-Württemberg,buehl.de,https://buehl.de,wikidata
DE-G-08216041,Ottersweier,gemeinde,Baden-Württemberg,ottersweier.de,http://www.ottersweier.de,wikidata
DE-G-08216002,Au am Rhein,gemeinde,Baden-Württemberg,auamrhein.de,http://www.auamrhein.de/,wikidata
DE-G-08216005,Bietigheim,gemeinde,Baden-Württemberg,bietigheim.de,http://www.bietigheim.de/,wikidata
DE-G-08216009,Durmersheim,gemeinde,Baden-Württemberg,durmersheim.de,http://www.durmersheim.de/,wikidata
DE-G-08216012,Elchesheim-Illingen,gemeinde,Baden-Württemberg,elchesheim-illingen.de,http://www.elchesheim-illingen.de/,wikidata
DE-G-08216017,Gernsbach,gemeinde,Baden-Württemberg,gernsbach.de,https://gernsbach.de,wikidata
DE-G-08216029,Loffenau,gemeinde,Baden-Württemberg,loffenau.de,http://www.loffenau.de,wikidata
DE-G-08216059,Weisenbach,gemeinde,Baden-Württemberg,weisenbach.de,http://www.weisenbach.de,wikidata
DE-G-08216023,Iffezheim,gemeinde,Baden-Württemberg,iffezheim.de,http://www.iffezheim.de,wikidata
DE-G-08216033,Muggensturm,gemeinde,Baden-Württemberg,muggensturm.de,https://www.muggensturm.de/,wikidata
DE-G-08216039,Ötigheim,gemeinde,Baden-Württemberg,oetigheim.de,http://www.oetigheim.de,wikidata
DE-G-08216043,Rastatt,gemeinde,Baden-Württemberg,rastatt.de,https://www.rastatt.de,wikidata
DE-G-08216052,Steinmauern,gemeinde,Baden-Württemberg,steinmauern.de,https://www.steinmauern.de/,wikidata
DE-G-08216028,Lichtenau,gemeinde,Baden-Württemberg,lichtenau-baden.de,http://www.lichtenau-baden.de,wikidata
DE-G-08216063,Rheinmünster,gemeinde,Baden-Württemberg,rheinmuenster.de,http://www.rheinmuenster.de,wikidata
DE-G-08216022,Hügelsheim,gemeinde,Baden-Württemberg,huegelsheim.de,https://www.huegelsheim.de,wikidata
DE-G-08216049,Sinzheim,gemeinde,Baden-Württemberg,sinzheim.de,https://www.sinzheim.de/,wikidata
DE-G-08221000,Heidelberg,gemeinde,Baden-Württemberg,heidelberg.de,https://www.heidelberg.de/,wikidata
DE-G-08222000,Mannheim,gemeinde,Baden-Württemberg,mannheim.de,https://www.mannheim.de/,wikidata
DE-G-08225014,Buchen (Odenwald),gemeinde,Baden-Württemberg,buchen.de,https://www.buchen.de/,wikidata
DE-G-08225060,Mudau,gemeinde,Baden-Württemberg,mudau.de,https://www.mudau.de/,wikidata
DE-G-08225032,Hardheim,gemeinde,Baden-Württemberg,hardheim.de,https://www.hardheim.de/,wikidata
DE-G-08225039,Höpfingen,gemeinde,Baden-Württemberg,hoepfingen.de,http://www.hoepfingen.de,wikidata
DE-G-08225109,Walldürn,gemeinde,Baden-Württemberg,wallduern.de,https://www.wallduern.de/,wikidata
DE-G-08225033,Haßmersheim,gemeinde,Baden-Württemberg,hassmersheim.de,http://www.hassmersheim.de,wikidata
DE-G-08225042,Hüffenhardt,gemeinde,Baden-Württemberg,hueffenhardt.de,http://www.hueffenhardt.de,wikidata
DE-G-08225002,Aglasterhausen,gemeinde,Baden-Württemberg,aglasterhausen.de,http://www.aglasterhausen.de/,wikidata
DE-G-08225068,Neunkirchen,gemeinde,Baden-Württemberg,neunkirchen-baden.de,http://www.neunkirchen-baden.de,wikidata
DE-G-08225116,Schwarzach,gemeinde,Baden-Württemberg,schwarzach-online.de,http://www.schwarzach-online.de,wikidata
DE-G-08225024,Fahrenbach,gemeinde,Baden-Württemberg,fahrenbach.de,https://www.fahrenbach.de/,wikidata
DE-G-08225052,Limbach,gemeinde,Baden-Württemberg,limbach.de,https://www.limbach.de/,wikidata
DE-G-08225058,Mosbach,gemeinde,Baden-Württemberg,mosbach.de,https://www.mosbach.de,wikidata
DE-G-08225067,Neckarzimmern,gemeinde,Baden-Württemberg,neckarzimmern.de,http://www.neckarzimmern.de,wikidata
DE-G-08225074,Obrigheim,gemeinde,Baden-Württemberg,obrigheim.de,http://www.obrigheim.de,wikidata
DE-G-08225117,Elztal,gemeinde,Baden-Württemberg,elztal.de,http://www.elztal.de/,wikidata
DE-G-08225010,Binau,gemeinde,Baden-Württemberg,binau.de,https://www.binau.de,wikidata
DE-G-08225064,Neckargerach,gemeinde,Baden-Württemberg,neckargerach.de,http://www.neckargerach.de,wikidata
DE-G-08225113,Zwingenberg,gemeinde,Baden-Württemberg,zwingenberg-neckar.de,http://www.zwingenberg-neckar.de,wikidata
DE-G-08225118,Waldbrunn,gemeinde,Baden-Württemberg,waldbrunn-odenwald.de,http://www.waldbrunn-odenwald.de,wikidata
DE-G-08225075,Osterburken,gemeinde,Baden-Württemberg,osterburken.de,http://www.osterburken.de,wikidata
DE-G-08225082,Rosenberg,gemeinde,Baden-Württemberg,rosenberg-baden.de,http://www.rosenberg-baden.de,wikidata
DE-G-08225114,Ravenstein,gemeinde,Baden-Württemberg,ravenstein.de,http://www.ravenstein.de,wikidata
DE-G-08225009,Billigheim,gemeinde,Baden-Württemberg,billigheim.de,http://www.billigheim.de/,wikidata
DE-G-08225115,Schefflenz,gemeinde,Baden-Württemberg,schefflenz.de,http://www.schefflenz.de,wikidata
DE-G-08225001,Adelsheim,gemeinde,Baden-Württemberg,adelsheim.de,http://www.adelsheim.de/,wikidata
DE-G-08225091,Seckach,gemeinde,Baden-Württemberg,seckach.de,http://www.seckach.de,wikidata
DE-G-08226009,Brühl,gemeinde,Baden-Württemberg,bruehl-baden.de,https://www.bruehl-baden.de/,wikidata
DE-G-08226012,Dossenheim,gemeinde,Baden-Württemberg,dossenheim.de,http://www.dossenheim.de/,wikidata
DE-G-08226018,Eppelheim,gemeinde,Baden-Württemberg,eppelheim.de,https://www.eppelheim.de/,wikidata
DE-G-08226028,Heddesheim,gemeinde,Baden-Württemberg,heddesheim.de,https://www.heddesheim.de/,wikidata
DE-G-08226036,Ilvesheim,gemeinde,Baden-Württemberg,ilvesheim.de,http://www.ilvesheim.de,wikidata
DE-G-08226037,Ketsch,gemeinde,Baden-Württemberg,ketsch.de,http://www.ketsch.de,wikidata
DE-G-08226038,Ladenburg,gemeinde,Baden-Württemberg,ladenburg.de,https://www.ladenburg.de/,wikidata
DE-G-08226041,Leimen,gemeinde,Baden-Württemberg,leimen.de,https://www.leimen.de/,wikidata
DE-G-08226060,Nußloch,gemeinde,Baden-Württemberg,nussloch.de,http://www.nussloch.de,wikidata
DE-G-08226062,Oftersheim,gemeinde,Baden-Württemberg,oftersheim.de,https://www.oftersheim.de/,wikidata
DE-G-08226063,Plankstadt,gemeinde,Baden-Württemberg,plankstadt.de,https://www.plankstadt.de/,wikidata
DE-G-08226076,Sandhausen,gemeinde,Baden-Württemberg,sandhausen.de,https://www.sandhausen.de/,wikidata
DE-G-08226082,Schriesheim,gemeinde,Baden-Württemberg,schriesheim.de,https://www.schriesheim.de/,wikidata
DE-G-08226084,Schwetzingen,gemeinde,Baden-Württemberg,schwetzingen.de,https://www.schwetzingen.de,wikidata
DE-G-08226095,Walldorf,gemeinde,Baden-Württemberg,walldorf.de,https://www.walldorf.de/,wikidata
DE-G-08226096,Weinheim,gemeinde,Baden-Württemberg,weinheim.de,http://www.weinheim.de,wikidata
DE-G-08226103,St. Leon-Rot,gemeinde,Baden-Württemberg,st-leon-rot.de,http://www.st-leon-rot.de,wikidata
DE-G-08226105,Edingen-Neckarhausen,gemeinde,Baden-Württemberg,edingen-neckarhausen.de,http://www.edingen-neckarhausen.de/,wikidata
DE-G-08226107,Hirschberg an der Bergstraße,gemeinde,Baden-Württemberg,hirschberg-bergstrasse.de,http://www.hirschberg-bergstrasse.de,wikidata
DE-G-08226013,Eberbach,gemeinde,Baden-Württemberg,eberbach.de,http://www.eberbach.de/,wikidata
DE-G-08226081,Schönbrunn,gemeinde,Baden-Württemberg,gemeinde-schoenbrunn.de,https://www.gemeinde-schoenbrunn.de,wikidata
DE-G-08226020,Eschelbronn,gemeinde,Baden-Württemberg,eschelbronn.de,http://www.eschelbronn.de/,wikidata
DE-G-08226048,Mauer,gemeinde,Baden-Württemberg,gemeinde-mauer.de,http://www.gemeinde-mauer.de,wikidata
DE-G-08226049,Meckesheim,gemeinde,Baden-Württemberg,meckesheim.de,https://www.meckesheim.de/,wikidata
DE-G-08226086,Spechbach,gemeinde,Baden-Württemberg,spechbach.de,http://www.spechbach.de,wikidata
DE-G-08226104,Lobbach,gemeinde,Baden-Württemberg,lobbach.de,http://www.lobbach.de,wikidata
DE-G-08226031,Hemsbach,gemeinde,Baden-Württemberg,hemsbach.de,http://www.hemsbach.de,wikidata
DE-G-08226040,Laudenbach,gemeinde,Baden-Württemberg,gemeinde-laudenbach.de,http://www.gemeinde-laudenbach.de,wikidata
DE-G-08226003,Altlußheim,gemeinde,Baden-Württemberg,altlussheim.de,http://www.altlussheim.de/,wikidata
DE-G-08226032,Hockenheim,gemeinde,Baden-Württemberg,hockenheim.de,https://www.hockenheim.de/,wikidata
DE-G-08226059,Neulußheim,gemeinde,Baden-Württemberg,neulussheim.de,http://www.neulussheim.de,wikidata
DE-G-08226068,Reilingen,gemeinde,Baden-Württemberg,reilingen.de,https://www.reilingen.de/,wikidata
DE-G-08226006,Bammental,gemeinde,Baden-Württemberg,bammental.de,https://www.bammental.de/,wikidata
DE-G-08226022,Gaiberg,gemeinde,Baden-Württemberg,gaiberg.de,http://www.gaiberg.de,wikidata
DE-G-08226056,Neckargemünd,gemeinde,Baden-Württemberg,neckargemuend.de,http://www.neckargemuend.de,wikidata
DE-G-08226097,Wiesenbach,gemeinde,Baden-Württemberg,wiesenbach.eu,http://www.wiesenbach.eu,wikidata
DE-G-08226046,Malsch,gemeinde,Baden-Württemberg,malsch-weinort.de,http://www.malsch-weinort.de,wikidata
DE-G-08226054,Mühlhausen,gemeinde,Baden-Württemberg,muehlhausen-kraichgau.de,https://www.muehlhausen-kraichgau.de,wikidata
DE-G-08226065,Rauenberg,gemeinde,Baden-Württemberg,rauenberg.de,http://www.rauenberg.de,wikidata
DE-G-08226027,Heddesbach,gemeinde,Baden-Württemberg,heddesbach.de,https://www.heddesbach.de/,wikidata
DE-G-08226029,Heiligkreuzsteinach,gemeinde,Baden-Württemberg,heiligkreuzsteinach.de,http://www.heiligkreuzsteinach.de,wikidata
DE-G-08226080,Schönau,gemeinde,Baden-Württemberg,stadt-schoenau.de,https://www.stadt-schoenau.de/,wikidata
DE-G-08226099,Wilhelmsfeld,gemeinde,Baden-Württemberg,wilhelmsfeld.de,https://www.wilhelmsfeld.de/,wikidata
DE-G-08226085,Sinsheim,gemeinde,Baden-Württemberg,sinsheim.de,https://www.sinsheim.de/,wikidata
DE-G-08226101,Zuzenhausen,gemeinde,Baden-Württemberg,zuzenhausen.de,https://www.zuzenhausen.de/,wikidata
DE-G-08226102,Angelbachtal,gemeinde,Baden-Württemberg,angelbachtal.de,https://www.angelbachtal.de/,wikidata
DE-G-08226017,Epfenbach,gemeinde,Baden-Württemberg,epfenbach.de,http://www.epfenbach.de/,wikidata
DE-G-08226055,Neckarbischofsheim,gemeinde,Baden-Württemberg,neckarbischofsheim.de,http://www.neckarbischofsheim.de,wikidata
DE-G-08226058,Neidenstein,gemeinde,Baden-Württemberg,neidenstein.de,http://www.neidenstein.de,wikidata
DE-G-08226066,Reichartshausen,gemeinde,Baden-Württemberg,reichartshausen.de,https://www.reichartshausen.de/,wikidata
DE-G-08226091,Waibstadt,gemeinde,Baden-Württemberg,waibstadt.de,https://www.waibstadt.de,wikidata
DE-G-08226106,Helmstadt-Bargen,gemeinde,Baden-Württemberg,helmstadt-bargen.de,http://www.helmstadt-bargen.de,wikidata
DE-G-08226010,Dielheim,gemeinde,Baden-Württemberg,dielheim.de,https://www.dielheim.de/,wikidata
DE-G-08226098,Wiesloch,gemeinde,Baden-Württemberg,wiesloch.de,http://www.wiesloch.de,wikidata
DE-G-08231000,Pforzheim,gemeinde,Baden-Württemberg,pforzheim.de,https://www.pforzheim.de/,wikidata
DE-G-08235065,Schömberg,gemeinde,Baden-Württemberg,schoemberg.de,https://www.schoemberg.de/,wikidata
DE-G-08235080,Wildberg,gemeinde,Baden-Württemberg,wildberg.de,https://www.wildberg.de/,wikidata
DE-G-08235006,Altensteig,gemeinde,Baden-Württemberg,altensteig.de,https://www.altensteig.de/,wikidata
DE-G-08235022,Egenhausen,gemeinde,Baden-Württemberg,egenhausen.de,http://www.egenhausen.de/,wikidata
DE-G-08235066,Simmersfeld,gemeinde,Baden-Württemberg,simmersfeld.de,http://www.simmersfeld.de,wikidata
DE-G-08235007,Althengstett,gemeinde,Baden-Württemberg,althengstett.de,http://www.althengstett.de/,wikidata
DE-G-08235029,Gechingen,gemeinde,Baden-Württemberg,gechingen.de,https://www.gechingen.de/,wikidata
DE-G-08235057,Ostelsheim,gemeinde,Baden-Württemberg,ostelsheim.de,http://www.ostelsheim.de,wikidata
DE-G-08235067,Simmozheim,gemeinde,Baden-Württemberg,simmozheim.de,https://simmozheim.de,wikidata
DE-G-08235018,Dobel,gemeinde,Baden-Württemberg,dobel.de,https://www.dobel.de/,wikidata
DE-G-08235033,Bad Herrenalb,gemeinde,Baden-Württemberg,badherrenalb.de,https://www.badherrenalb.de/,wikidata
DE-G-08235008,Bad Liebenzell,gemeinde,Baden-Württemberg,bad-liebenzell.de,http://www.bad-liebenzell.de/,wikidata
DE-G-08235073,Unterreichenbach,gemeinde,Baden-Württemberg,unterreichenbach.de,https://www.unterreichenbach.de/,wikidata
DE-G-08235047,Neubulach,gemeinde,Baden-Württemberg,neubulach.de,http://www.neubulach.de,wikidata
DE-G-08235050,Neuweiler,gemeinde,Baden-Württemberg,neuweiler.de,https://www.neuweiler.de/,wikidata
DE-G-08235084,Bad Teinach-Zavelstein,gemeinde,Baden-Württemberg,bad-teinach-zavelstein.de,http://www.bad-teinach-zavelstein.de/,wikidata
DE-G-08235055,Oberreichenbach,gemeinde,Baden-Württemberg,oberreichenbach.de,http://www.oberreichenbach.de,wikidata
DE-G-08235085,Calw,gemeinde,Baden-Württemberg,calw.de,https://www.calw.de/,wikidata
DE-G-08235020,Ebhausen,gemeinde,Baden-Württemberg,ebhausen.de,http://www.ebhausen.de/,wikidata
DE-G-08235032,Haiterbach,gemeinde,Baden-Württemberg,haiterbach.de,https://www.haiterbach.de/,wikidata
DE-G-08235046,Nagold,gemeinde,Baden-Württemberg,nagold.de,https://www.nagold.de/,wikidata
DE-G-08235060,Rohrdorf,gemeinde,Baden-Württemberg,gemeinde-rohrdorf.de,http://www.gemeinde-rohrdorf.de,wikidata
DE-G-08235025,Enzklösterle,gemeinde,Baden-Württemberg,enzkloesterle.eu,http://www.enzkloesterle.eu/,wikidata
DE-G-08235035,Höfen an der Enz,gemeinde,Baden-Württemberg,hoefen-enz.de,http://www.hoefen-enz.de,wikidata
DE-G-08235079,Bad Wildbad,gemeinde,Baden-Württemberg,bad-wildbad.de,https://www.bad-wildbad.de/,wikidata
DE-G-08236004,Birkenfeld,gemeinde,Baden-Württemberg,birkenfeld-enzkreis.de,http://www.birkenfeld-enzkreis.de/,wikidata
DE-G-08236028,Illingen,gemeinde,Baden-Württemberg,illingen-online.de,https://www.illingen-online.de/,wikidata
DE-G-08236030,Ispringen,gemeinde,Baden-Württemberg,ispringen.de,https://www.ispringen.de/,wikidata
DE-G-08236033,Knittlingen,gemeinde,Baden-Württemberg,knittlingen.de,http://www.knittlingen.de,wikidata
DE-G-08236046,Niefern-Öschelbronn,gemeinde,Baden-Württemberg,niefern-oeschelbronn.de,https://www.niefern-oeschelbronn.de/,wikidata
DE-G-08236070,Keltern,gemeinde,Baden-Württemberg,keltern.de,https://www.keltern.de/,wikidata
DE-G-08236071,Remchingen,gemeinde,Baden-Württemberg,remchingen.de,https://www.remchingen.de/,wikidata
DE-G-08236072,Straubenhardt,gemeinde,Baden-Württemberg,straubenhardt.de,https://www.straubenhardt.de/,wikidata
DE-G-08236019,Friolzheim,gemeinde,Baden-Württemberg,friolzheim.de,https://www.friolzheim.de/,wikidata
DE-G-08236025,Heimsheim,gemeinde,Baden-Württemberg,heimsheim.de,https://www.heimsheim.de/,wikidata
DE-G-08236039,Mönsheim,gemeinde,Baden-Württemberg,moensheim.de,https://www.moensheim.de/,wikidata
DE-G-08236065,Wiernsheim,gemeinde,Baden-Württemberg,wiernsheim.de,http://www.wiernsheim.de,wikidata
DE-G-08236067,Wimsheim,gemeinde,Baden-Württemberg,wimsheim.de,http://www.wimsheim.de,wikidata
DE-G-08236068,Wurmberg,gemeinde,Baden-Württemberg,wurmberg.de,http://www.wurmberg.de,wikidata
DE-G-08236011,Eisingen,gemeinde,Baden-Württemberg,eisingen-enzkreis.de,https://www.eisingen-enzkreis.de/,wikidata
DE-G-08236074,Kämpfelbach,gemeinde,Baden-Württemberg,kaempfelbach.de,https://www.kaempfelbach.de/,wikidata
DE-G-08236076,Königsbach-Stein,gemeinde,Baden-Württemberg,koenigsbach-stein.de,https://www.koenigsbach-stein.de/,wikidata
DE-G-08236038,Maulbronn,gemeinde,Baden-Württemberg,maulbronn.de,https://www.maulbronn.de/,wikidata
DE-G-08236061,Sternenfels,gemeinde,Baden-Württemberg,sternenfels.de,http://www.sternenfels.de,wikidata
DE-G-08236040,Mühlacker,gemeinde,Baden-Württemberg,muehlacker.de,https://www.muehlacker.de/,wikidata
DE-G-08236050,Ötisheim,gemeinde,Baden-Württemberg,oetisheim.de,https://www.oetisheim.de/,wikidata
DE-G-08236013,Engelsbrand,gemeinde,Baden-Württemberg,engelsbrand.de,https://www.engelsbrand.de/,wikidata
DE-G-08236043,Neuenbürg,gemeinde,Baden-Württemberg,neuenbuerg.de,https://www.neuenbuerg.de,wikidata
DE-G-08236031,Kieselbronn,gemeinde,Baden-Württemberg,kieselbronn.de,https://www.kieselbronn.de/,wikidata
DE-G-08236073,Neulingen,gemeinde,Baden-Württemberg,neulingen.de,https://www.neulingen.de/,wikidata
DE-G-08236075,Ölbronn-Dürrn,gemeinde,Baden-Württemberg,oelbronn-duerrn.de,https://oelbronn-duerrn.de,wikidata
DE-G-08236044,Neuhausen,gemeinde,Baden-Württemberg,neuhausen-enzkreis.de,http://www.neuhausen-enzkreis.de,wikidata
DE-G-08236062,Tiefenbronn,gemeinde,Baden-Württemberg,tiefenbronn.de,https://www.tiefenbronn.de,wikidata
DE-G-08237002,Alpirsbach,gemeinde,Baden-Württemberg,alpirsbach.de,https://www.alpirsbach.de/,wikidata
DE-G-08237004,Baiersbronn,gemeinde,Baden-Württemberg,gemeinde-baiersbronn.de,https://www.gemeinde-baiersbronn.de,wikidata
DE-G-08237045,Loßburg,gemeinde,Baden-Württemberg,lossburg.de,https://www.lossburg.de/,wikidata
DE-G-08237019,Dornstetten,gemeinde,Baden-Württemberg,dornstetten.de,https://www.dornstetten.de/,wikidata
DE-G-08237030,Glatten,gemeinde,Baden-Württemberg,glatten.de,https://www.glatten.de,wikidata
DE-G-08237061,Schopfloch,gemeinde,Baden-Württemberg,schopfloch.de,https://www.schopfloch.de/,wikidata
DE-G-08237074,Waldachtal,gemeinde,Baden-Württemberg,waldachtal.de,http://www.waldachtal.de,wikidata
DE-G-08237028,Freudenstadt,gemeinde,Baden-Württemberg,freudenstadt.de,https://www.freudenstadt.de/,wikidata
DE-G-08237073,Seewald,gemeinde,Baden-Württemberg,seewald.eu,http://www.seewald.eu,wikidata
DE-G-08237075,Bad Rippoldsau-Schapbach,gemeinde,Baden-Württemberg,bad-rippoldsau-schapbach.de,https://www.bad-rippoldsau-schapbach.de/,wikidata
DE-G-08237024,Empfingen,gemeinde,Baden-Württemberg,empfingen.de,https://www.empfingen.de/,wikidata
DE-G-08237027,Eutingen im Gäu,gemeinde,Baden-Württemberg,eutingen-im-gaeu.de,http://www.eutingen-im-gaeu.de/,wikidata
DE-G-08237040,Horb am Neckar,gemeinde,Baden-Württemberg,horb.de,https://horb.de,wikidata
DE-G-08237032,Grömbach,gemeinde,Baden-Württemberg,groembach.de,https://www.groembach.de,wikidata
DE-G-08237054,Pfalzgrafenweiler,gemeinde,Baden-Württemberg,pfalzgrafenweiler.de,http://www.pfalzgrafenweiler.de,wikidata
DE-G-08237072,Wörnersberg,gemeinde,Baden-Württemberg,woernersberg.de,https://www.woernersberg.de,wikidata
DE-G-08311000,Freiburg im Breisgau,gemeinde,Baden-Württemberg,freiburg.de,https://www.freiburg.de/,wikidata
DE-G-08315068,Lenzkirch,gemeinde,Baden-Württemberg,lenzkirch.de,https://www.lenzkirch.de/,wikidata
DE-G-08315076,Neuenburg am Rhein,gemeinde,Baden-Württemberg,neuenburg.de,http://www.neuenburg.de,wikidata
DE-G-08315133,Vogtsburg im Kaiserstuhl,gemeinde,Baden-Württemberg,vogtsburg.de,https://www.vogtsburg.de/,wikidata
DE-G-08315006,Bad Krozingen,gemeinde,Baden-Württemberg,bad-krozingen.de,https://www.bad-krozingen.de/,wikidata
DE-G-08315048,Hartheim am Rhein,gemeinde,Baden-Württemberg,hartheim.de,http://www.hartheim.de,wikidata
DE-G-08315015,Breisach am Rhein,gemeinde,Baden-Württemberg,breisach.de,https://www.breisach.de/,wikidata
DE-G-08315059,Ihringen,gemeinde,Baden-Württemberg,ihringen.de,https://www.ihringen.de/,wikidata
DE-G-08315072,Merdingen,gemeinde,Baden-Württemberg,merdingen.de,https://www.merdingen.de,wikidata
DE-G-08315020,Buchenbach,gemeinde,Baden-Württemberg,buchenbach.de,https://www.buchenbach.de/,wikidata
DE-G-08315064,Kirchzarten,gemeinde,Baden-Württemberg,kirchzarten.de,https://www.kirchzarten.de/,wikidata
DE-G-08315084,Oberried,gemeinde,Baden-Württemberg,oberried.de,https://www.oberried.de/,wikidata
DE-G-08315109,Stegen,gemeinde,Baden-Württemberg,stegen.de,https://www.stegen.de/,wikidata
DE-G-08315014,Bollschweil,gemeinde,Baden-Württemberg,bollschweil.de,https://www.bollschweil.de/,wikidata
DE-G-08315131,Ehrenkirchen,gemeinde,Baden-Württemberg,ehrenkirchen.de,http://www.ehrenkirchen.de/,wikidata
DE-G-08315047,Gundelfingen,gemeinde,Baden-Württemberg,gundelfingen.de,http://www.gundelfingen.de,wikidata
DE-G-08315051,Heuweiler,gemeinde,Baden-Württemberg,heuweiler.de,https://heuweiler.de,wikidata
DE-G-08315008,Ballrechten-Dottingen,gemeinde,Baden-Württemberg,ballrechten-dottingen.de,https://www.ballrechten-dottingen.de/,wikidata
DE-G-08315033,Eschbach,gemeinde,Baden-Württemberg,gemeinde-eschbach.de,http://www.gemeinde-eschbach.de/,wikidata
DE-G-08315050,Heitersheim,gemeinde,Baden-Württemberg,heitersheim.de,https://www.heitersheim.de/,wikidata
DE-G-08315003,Au,gemeinde,Baden-Württemberg,au-hexental.de,https://www.au-hexental.de,wikidata
DE-G-08315056,Horben,gemeinde,Baden-Württemberg,horben.de,https://gemeinde.horben.de/,wikidata
DE-G-08315073,Merzhausen,gemeinde,Baden-Württemberg,merzhausen.de,https://www.merzhausen.de/,wikidata
DE-G-08315107,Sölden,gemeinde,Baden-Württemberg,soelden.de,http://www.soelden.de,wikidata
DE-G-08315125,Wittnau,gemeinde,Baden-Württemberg,wittnau.de,https://wittnau.de,wikidata
DE-G-08315016,Breitnau,gemeinde,Baden-Württemberg,breitnau.de,http://www.breitnau.de/,wikidata
DE-G-08315052,Hinterzarten,gemeinde,Baden-Württemberg,hinterzarten.de,http://www.hinterzarten.de,wikidata
DE-G-08315013,Bötzingen,gemeinde,Baden-Württemberg,boetzingen.de,https://boetzingen.de,wikidata
DE-G-08315030,Eichstetten am Kaiserstuhl,gemeinde,Baden-Württemberg,eichstetten.de,http://www.eichstetten.de/,wikidata
DE-G-08315043,Gottenheim,gemeinde,Baden-Württemberg,gottenheim.de,https://www.gottenheim.de/,wikidata
DE-G-08315039,Friedenweiler,gemeinde,Baden-Württemberg,friedenweiler.de,http://www.friedenweiler.de,wikidata
DE-G-08315070,Löffingen,gemeinde,Baden-Württemberg,loeffingen.de,http://www.loeffingen.de,wikidata
DE-G-08315115,Umkirch,gemeinde,Baden-Württemberg,umkirch.de,https://www.umkirch.de/,wikidata
DE-G-08315132,March,gemeinde,Baden-Württemberg,march.de,https://www.march.de/,wikidata
DE-G-08315004,Auggen,gemeinde,Baden-Württemberg,auggen.de,http://www.auggen.de/,wikidata
DE-G-08315007,Badenweiler,gemeinde,Baden-Württemberg,gemeinde-badenweiler.de,http://www.gemeinde-badenweiler.de/,wikidata
DE-G-08315022,Buggingen,gemeinde,Baden-Württemberg,buggingen.de,https://buggingen.de/,wikidata
DE-G-08315074,Müllheim im Markgräflerland,gemeinde,Baden-Württemberg,muellheim.de,https://www.muellheim.de/,wikidata
DE-G-08315111,Sulzburg,gemeinde,Baden-Württemberg,sulzburg.de,https://www.sulzburg.de/,wikidata
DE-G-08315041,Glottertal,gemeinde,Baden-Württemberg,glottertal.de,https://www.glottertal.de/,wikidata
DE-G-08315094,St. Märgen,gemeinde,Baden-Württemberg,sankt-maergen.de,http://www.sankt-maergen.de,wikidata
DE-G-08315095,St. Peter,gemeinde,Baden-Württemberg,st-peter-schwarzwald.de,http://www.st-peter-schwarzwald.de,wikidata
DE-G-08315028,Ebringen,gemeinde,Baden-Württemberg,ebringen.de,https://www.ebringen.de/,wikidata
DE-G-08315089,Pfaffenweiler,gemeinde,Baden-Württemberg,pfaffenweiler.de,https://www.pfaffenweiler.de/,wikidata
DE-G-08315098,Schallstadt,gemeinde,Baden-Württemberg,schallstadt.de,https://www.schallstadt.de/,wikidata
DE-G-08315037,Feldberg (Schwarzwald),gemeinde,Baden-Württemberg,feldberg.org,https://www.feldberg.org,wikidata
DE-G-08315102,Schluchsee,gemeinde,Baden-Württemberg,gemeinde-schluchsee.de,http://www.gemeinde-schluchsee.de,wikidata
DE-G-08315108,Staufen im Breisgau,gemeinde,Baden-Württemberg,staufen.de,https://www.staufen.de/,wikidata
DE-G-08315130,Münstertal/Schwarzwald,gemeinde,Baden-Württemberg,muenstertal.de,http://www.muenstertal.de,wikidata
DE-G-08315031,Eisenbach (Hochschwarzwald),gemeinde,Baden-Württemberg,eisenbach.de,http://www.eisenbach.de/,wikidata
DE-G-08315113,Titisee-Neustadt,gemeinde,Baden-Württemberg,titisee-neustadt.de,https://www.titisee-neustadt.de/,wikidata
DE-G-08316009,Denzlingen,gemeinde,Baden-Württemberg,denzlingen.de,https://www.denzlingen.de/,wikidata
DE-G-08316036,Reute,gemeinde,Baden-Württemberg,reute.de,https://www.reute.de/,wikidata
DE-G-08316045,Vörstetten,gemeinde,Baden-Württemberg,voerstetten.de,https://voerstetten.de,wikidata
DE-G-08316003,Biederbach,gemeinde,Baden-Württemberg,biederbach.de,http://www.biederbach.de/,wikidata
DE-G-08316010,Elzach,gemeinde,Baden-Württemberg,elzach.de,https://elzach.de,wikidata
DE-G-08316055,Winden im Elztal,gemeinde,Baden-Württemberg,winden-im-elztal.de,http://www.winden-im-elztal.de,wikidata
DE-G-08316011,Emmendingen,gemeinde,Baden-Württemberg,emmendingen.de,https://www.emmendingen.de/,wikidata
DE-G-08316024,Malterdingen,gemeinde,Baden-Württemberg,malterdingen.de,https://www.malterdingen.de/,wikidata
DE-G-08316039,Sexau,gemeinde,Baden-Württemberg,sexau.de,http://www.sexau.de,wikidata
DE-G-08316043,Teningen,gemeinde,Baden-Württemberg,teningen.de,http://www.teningen.de,wikidata
DE-G-08316054,Freiamt,gemeinde,Baden-Württemberg,freiamt.de,http://www.freiamt.de,wikidata
DE-G-08316017,Herbolzheim,gemeinde,Baden-Württemberg,stadt-herbolzheim.de,https://www.stadt-herbolzheim.de/,wikidata
DE-G-08316020,Kenzingen,gemeinde,Baden-Württemberg,kenzingen.de,https://www.kenzingen.de/,wikidata
DE-G-08316049,Weisweil,gemeinde,Baden-Württemberg,weisweil.de,http://www.weisweil.de,wikidata
DE-G-08316053,Rheinhausen,gemeinde,Baden-Württemberg,rheinhausen.de,http://www.rheinhausen.de,wikidata
DE-G-08316002,Bahlingen am Kaiserstuhl,gemeinde,Baden-Württemberg,bahlingen.de,https://www.bahlingen.de/,wikidata
DE-G-08316012,Endingen am Kaiserstuhl,gemeinde,Baden-Württemberg,endingen.de,https://www.endingen.de/,wikidata
DE-G-08316013,Forchheim,gemeinde,Baden-Württemberg,forchheim-am-kaiserstuhl.de,https://www.forchheim-am-kaiserstuhl.de/,wikidata
DE-G-08316037,Riegel am Kaiserstuhl,gemeinde,Baden-Württemberg,gemeinde-riegel.de,https://gemeinde-riegel.de,wikidata
DE-G-08316038,Sasbach am Kaiserstuhl,gemeinde,Baden-Württemberg,gemeinde-sasbach.de,https://www.gemeinde-sasbach.de,wikidata
DE-G-08316051,Wyhl am Kaiserstuhl,gemeinde,Baden-Württemberg,wyhl.de,http://www.wyhl.de,wikidata
DE-G-08316014,Gutach im Breisgau,gemeinde,Baden-Württemberg,gutach.de,http://www.gutach.de,wikidata
DE-G-08316042,Simonswald,gemeinde,Baden-Württemberg,simonswald.de,https://www.simonswald.de/,wikidata
DE-G-08316056,Waldkirch,gemeinde,Baden-Württemberg,stadt-waldkirch.de,http://www.stadt-waldkirch.de,wikidata
DE-G-08317005,Appenweier,gemeinde,Baden-Württemberg,appenweier.de,https://www.appenweier.de/,wikidata
DE-G-08317031,Friesenheim,gemeinde,Baden-Württemberg,friesenheim.de,http://www.friesenheim.de,wikidata
DE-G-08317051,Hornberg,gemeinde,Baden-Württemberg,hornberg.de,http://www.hornberg.de,wikidata
DE-G-08317057,Kehl,gemeinde,Baden-Württemberg,kehl.de,https://www.kehl.de,wikidata
DE-G-08317141,Willstätt,gemeinde,Baden-Württemberg,willstaett.de,http://www.willstaett.de,wikidata
DE-G-08317151,Neuried,gemeinde,Baden-Württemberg,neuried.net,https://www.neuried.net/,wikidata
DE-G-08317153,Rheinau,gemeinde,Baden-Württemberg,rheinau.de,https://www.rheinau.de/,wikidata
DE-G-08317001,Achern,gemeinde,Baden-Württemberg,achern.de,https://www.achern.de/,wikidata
DE-G-08317068,Lauf,gemeinde,Baden-Württemberg,lauf-schwarzwald.de,https://www.lauf-schwarzwald.de/,wikidata
DE-G-08317116,Sasbach,gemeinde,Baden-Württemberg,sasbach-ortenau.de,http://www.sasbach-ortenau.de,wikidata
DE-G-08317118,Sasbachwalden,gemeinde,Baden-Württemberg,gemeinde-sasbachwalden.de,http://www.gemeinde-sasbachwalden.de,wikidata
DE-G-08317026,Ettenheim,gemeinde,Baden-Württemberg,ettenheim.de,https://www.ettenheim.de/,wikidata
DE-G-08317073,Mahlberg,gemeinde,Baden-Württemberg,mahlberg.de,https://www.mahlberg.de/,wikidata
DE-G-08317113,Ringsheim,gemeinde,Baden-Württemberg,ringsheim.de,http://www.ringsheim.de,wikidata
DE-G-08317114,Rust,gemeinde,Baden-Württemberg,rust.de,https://www.rust.de/,wikidata
DE-G-08317152,Kappel-Grafenhausen,gemeinde,Baden-Württemberg,kappel-grafenhausen.de,https://www.kappel-grafenhausen.de/,wikidata
DE-G-08317009,Berghaupten,gemeinde,Baden-Württemberg,berghaupten.de,http://www.berghaupten.de,wikidata
DE-G-08317034,Gengenbach,gemeinde,Baden-Württemberg,stadt-gengenbach.de,https://www.stadt-gengenbach.de/,wikidata
DE-G-08317097,Ohlsbach,gemeinde,Baden-Württemberg,ohlsbach.de,https://www.ohlsbach.de/,wikidata
DE-G-08317029,Fischerbach,gemeinde,Baden-Württemberg,fischerbach.de,https://www.fischerbach.de/,wikidata
DE-G-08317040,Haslach im Kinzigtal,gemeinde,Baden-Württemberg,haslach.de,https://www.haslach.de/,wikidata
DE-G-08317046,Hofstetten,gemeinde,Baden-Württemberg,hofstetten-schwarzwald.de,http://www.hofstetten-schwarzwald.de,wikidata
DE-G-08317078,Mühlenbach,gemeinde,Baden-Württemberg,muehlenbach.de,http://www.muehlenbach.de,wikidata
DE-G-08317129,Steinach,gemeinde,Baden-Württemberg,steinach.de,http://www.steinach.de,wikidata
DE-G-08317039,Gutach (Schwarzwaldbahn),gemeinde,Baden-Württemberg,gutach-schwarzwald.de,https://www.gutach-schwarzwald.de/,wikidata
DE-G-08317041,Hausach,gemeinde,Baden-Württemberg,hausach.de,http://www.hausach.de,wikidata
DE-G-08317056,Kappelrodeck,gemeinde,Baden-Württemberg,kappelrodeck.de,http://www.kappelrodeck.de,wikidata
DE-G-08317102,Ottenhöfen im Schwarzwald,gemeinde,Baden-Württemberg,ottenhoefen.de,http://www.ottenhoefen.de,wikidata
DE-G-08317126,Seebach,gemeinde,Baden-Württemberg,seebach.de,http://www.seebach.de,wikidata
DE-G-08317059,Kippenheim,gemeinde,Baden-Württemberg,kippenheim.de,http://www.kippenheim.de,wikidata
DE-G-08317065,Lahr/Schwarzwald,gemeinde,Baden-Württemberg,lahr.de,https://www.lahr.de/,wikidata
DE-G-08317008,Bad Peterstal-Griesbach,gemeinde,Baden-Württemberg,bad-peterstal-griesbach.de,https://www.bad-peterstal-griesbach.de/,wikidata
DE-G-08317098,Oppenau,gemeinde,Baden-Württemberg,oppenau.de,http://www.oppenau.de,wikidata
DE-G-08317067,Lautenbach,gemeinde,Baden-Württemberg,lautenbach-renchtal.de,http://www.lautenbach-renchtal.de,wikidata
DE-G-08317089,Oberkirch,gemeinde,Baden-Württemberg,oberkirch.de,https://www.oberkirch.de/,wikidata
DE-G-08317110,Renchen,gemeinde,Baden-Württemberg,stadt-renchen.de,http://www.stadt-renchen.de,wikidata
DE-G-08317021,Durbach,gemeinde,Baden-Württemberg,durbach.de,https://www.durbach.de/,wikidata
DE-G-08317047,Hohberg,gemeinde,Baden-Württemberg,hohberg.de,https://www.hohberg.de/,wikidata
DE-G-08317096,Offenburg,gemeinde,Baden-Württemberg,offenburg.de,https://www.offenburg.de/,wikidata
DE-G-08317100,Ortenberg,gemeinde,Baden-Württemberg,ortenberg.de,http://www.ortenberg.de/de,wikidata
DE-G-08317122,Schutterwald,gemeinde,Baden-Württemberg,schutterwald.de,https://www.schutterwald.de/,wikidata
DE-G-08317121,Schuttertal,gemeinde,Baden-Württemberg,schuttertal.de,http://www.schuttertal.de,wikidata
DE-G-08317127,Seelbach,gemeinde,Baden-Württemberg,seelbach-online.de,https://seelbach-online.de/,wikidata
DE-G-08317075,Meißenheim,gemeinde,Baden-Württemberg,meissenheim.de,http://www.meissenheim.de,wikidata
DE-G-08317150,Schwanau,gemeinde,Baden-Württemberg,schwanau.de,https://www.schwanau.de/,wikidata
DE-G-08317093,Oberwolfach,gemeinde,Baden-Württemberg,oberwolfach.de,https://www.oberwolfach.de,wikidata
DE-G-08317145,Wolfach,gemeinde,Baden-Württemberg,wolfach.de,https://www.wolfach.de/,wikidata
DE-G-08317011,Biberach,gemeinde,Baden-Württemberg,biberach-baden.de,http://www.biberach-baden.de,wikidata
DE-G-08317085,Nordrach,gemeinde,Baden-Württemberg,nordrach.de,http://www.nordrach.de,wikidata
DE-G-08317088,Oberharmersbach,gemeinde,Baden-Württemberg,oberharmersbach.de,https://www.oberharmersbach.de/,wikidata
DE-G-08317146,Zell am Harmersbach,gemeinde,Baden-Württemberg,zell.de,http://www.zell.de,wikidata
DE-G-08325012,Dornhan,gemeinde,Baden-Württemberg,dornhan.de,https://dornhan.de,wikidata
DE-G-08325014,Dunningen,gemeinde,Baden-Württemberg,dunningen.de,https://www.dunningen.de/,wikidata
DE-G-08325071,Eschbronn,gemeinde,Baden-Württemberg,eschbronn.de,http://www.eschbronn.de/,wikidata
DE-G-08325015,Epfendorf,gemeinde,Baden-Württemberg,epfendorf.de,http://www.epfendorf.de,wikidata
DE-G-08325045,Oberndorf am Neckar,gemeinde,Baden-Württemberg,oberndorf.de,https://www.oberndorf.de,wikidata
DE-G-08325070,Fluorn-Winzeln,gemeinde,Baden-Württemberg,fluorn-winzeln.de,https://www.fluorn-winzeln.de/,wikidata
DE-G-08325011,Dietingen,gemeinde,Baden-Württemberg,dietingen.de,http://www.dietingen.de,wikidata
DE-G-08325049,Rottweil,gemeinde,Baden-Württemberg,rottweil.de,https://www.rottweil.de/,wikidata
DE-G-08325064,Wellendingen,gemeinde,Baden-Württemberg,wellendingen.de,http://www.wellendingen.de,wikidata
DE-G-08325069,Zimmern ob Rottweil,gemeinde,Baden-Württemberg,zimmern-or.de,http://www.zimmern-or.de,wikidata
DE-G-08325072,Deißlingen,gemeinde,Baden-Württemberg,deisslingen.de,https://www.deisslingen.de/,wikidata
DE-G-08325050,Schenkenzell,gemeinde,Baden-Württemberg,schenkenzell.de,https://www.schenkenzell.de/,wikidata
DE-G-08325051,Schiltach,gemeinde,Baden-Württemberg,schiltach.de,https://www.schiltach.de/,wikidata
DE-G-08325001,Aichhalden,gemeinde,Baden-Württemberg,aichhalden.de,https://www.aichhalden.de/,wikidata
DE-G-08325024,Hardt,gemeinde,Baden-Württemberg,hardt-online.de,https://www.hardt-online.de/,wikidata
DE-G-08325036,Lauterbach,gemeinde,Baden-Württemberg,lauterbach-schwarzwald.de,https://www.lauterbach-schwarzwald.de/,wikidata
DE-G-08325053,Schramberg,gemeinde,Baden-Württemberg,schramberg.de,https://www.schramberg.de/,wikidata
DE-G-08325057,Sulz am Neckar,gemeinde,Baden-Württemberg,sulz.de,https://www.sulz.de,wikidata
DE-G-08325061,Vöhringen,gemeinde,Baden-Württemberg,voehringen-bw.de,http://www.voehringen-bw.de,wikidata
DE-G-08325009,Bösingen,gemeinde,Baden-Württemberg,boesingen.de,https://www.boesingen.de/,wikidata
DE-G-08325060,Villingendorf,gemeinde,Baden-Württemberg,villingendorf.de,http://www.villingendorf.de,wikidata
DE-G-08326003,Bad Dürrheim,gemeinde,Baden-Württemberg,badduerrheim.de,https://badduerrheim.de/,wikidata
DE-G-08326005,Blumberg,gemeinde,Baden-Württemberg,stadt-blumberg.de,https://www.stadt-blumberg.de/,wikidata
DE-G-08326031,Königsfeld im Schwarzwald,gemeinde,Baden-Württemberg,koenigsfeld.de,http://www.koenigsfeld.de,wikidata
DE-G-08326052,St. Georgen im Schwarzwald,gemeinde,Baden-Württemberg,st-georgen.de,https://www.st-georgen.de/,wikidata
DE-G-08326068,Vöhrenbach,gemeinde,Baden-Württemberg,voehrenbach.de,http://www.voehrenbach.de,wikidata
DE-G-08326006,Bräunlingen,gemeinde,Baden-Württemberg,braeunlingen.de,https://www.braeunlingen.de/,wikidata
DE-G-08326012,Donaueschingen,gemeinde,Baden-Württemberg,donaueschingen.de,https://www.donaueschingen.de/,wikidata
DE-G-08326027,Hüfingen,gemeinde,Baden-Württemberg,huefingen.de,https://www.huefingen.de/,wikidata
DE-G-08326017,Furtwangen im Schwarzwald,gemeinde,Baden-Württemberg,furtwangen.de,http://www.furtwangen.de,wikidata
DE-G-08326020,Gütenbach,gemeinde,Baden-Württemberg,guetenbach.de,https://www.guetenbach.de,wikidata
DE-G-08326054,Schönwald im Schwarzwald,gemeinde,Baden-Württemberg,schoenwald.net,http://www.schoenwald.net/,wikidata
DE-G-08326055,Schonach im Schwarzwald,gemeinde,Baden-Württemberg,schonach.de,http://www.schonach.de,wikidata
DE-G-08326060,Triberg im Schwarzwald,gemeinde,Baden-Württemberg,triberg.de,https://www.triberg.de/,wikidata
DE-G-08326010,Dauchingen,gemeinde,Baden-Württemberg,dauchingen.de,http://www.dauchingen.de/,wikidata
DE-G-08326037,Mönchweiler,gemeinde,Baden-Württemberg,moenchweiler.de,https://moenchweiler.de/,wikidata
DE-G-08326041,Niedereschach,gemeinde,Baden-Württemberg,niedereschach.de,http://www.niedereschach.de,wikidata
DE-G-08326061,Tuningen,gemeinde,Baden-Württemberg,tuningen.de,http://www.tuningen.de,wikidata
DE-G-08326065,Unterkirnach,gemeinde,Baden-Württemberg,unterkirnach.de,https://www.unterkirnach.de/,wikidata
DE-G-08326074,Villingen-Schwenningen,gemeinde,Baden-Württemberg,villingen-schwenningen.de,https://www.villingen-schwenningen.de/,wikidata
DE-G-08326075,Brigachtal,gemeinde,Baden-Württemberg,brigachtal.de,http://www.brigachtal.de/,wikidata
DE-G-08327004,Bärenthal,gemeinde,Baden-Württemberg,baerenthal.de,http://www.baerenthal.de/,wikidata
DE-G-08327008,Buchheim,gemeinde,Baden-Württemberg,gemeindebuchheim.de,http://www.gemeindebuchheim.de/,wikidata
DE-G-08327016,Fridingen an der Donau,gemeinde,Baden-Württemberg,fridingen.de,http://www.fridingen.de,wikidata
DE-G-08327027,Irndorf,gemeinde,Baden-Württemberg,irndorf.de,http://www.irndorf.de,wikidata
DE-G-08327030,Kolbingen,gemeinde,Baden-Württemberg,kolbingen.de,http://www.kolbingen.de,wikidata
DE-G-08327036,Mühlheim an der Donau,gemeinde,Baden-Württemberg,muehlheim-donau.de,http://www.muehlheim-donau.de,wikidata
DE-G-08327041,Renquishausen,gemeinde,Baden-Württemberg,renquishausen.de,http://www.renquishausen.de,wikidata
DE-G-08327007,Bubsheim,gemeinde,Baden-Württemberg,bubsheim.de,http://www.bubsheim.de/,wikidata
DE-G-08327009,Deilingen,gemeinde,Baden-Württemberg,deilingen.de,https://www.deilingen.de/,wikidata
DE-G-08327013,Egesheim,gemeinde,Baden-Württemberg,egesheim.de,http://www.egesheim.de/,wikidata
DE-G-08327019,Gosheim,gemeinde,Baden-Württemberg,gosheim.de,http://www.gosheim.de,wikidata
DE-G-08327029,Königsheim,gemeinde,Baden-Württemberg,gemeinde-koenigsheim.de,http://www.gemeinde-koenigsheim.de,wikidata
DE-G-08327040,Reichenbach am Heuberg,gemeinde,Baden-Württemberg,reichenbach-heuberg.de,http://www.reichenbach-heuberg.de/,wikidata
DE-G-08327051,Wehingen,gemeinde,Baden-Württemberg,wehingen.de,http://www.wehingen.de,wikidata
DE-G-08327018,Geisingen,gemeinde,Baden-Württemberg,geisingen.de,https://www.geisingen.de/,wikidata
DE-G-08327025,Immendingen,gemeinde,Baden-Württemberg,immendingen.de,http://www.immendingen.de,wikidata
DE-G-08327002,Aldingen,gemeinde,Baden-Württemberg,aldingen.de,http://www.aldingen.de/,wikidata
DE-G-08327005,Balgheim,gemeinde,Baden-Württemberg,balgheim.de,http://www.balgheim.de,wikidata
DE-G-08327006,Böttingen,gemeinde,Baden-Württemberg,boettingen.de,https://www.boettingen.de/,wikidata
DE-G-08327010,Denkingen,gemeinde,Baden-Württemberg,denkingen.de,http://www.denkingen.de/,wikidata
DE-G-08327011,Dürbheim,gemeinde,Baden-Württemberg,duerbheim.de,http://www.duerbheim.de/,wikidata
DE-G-08327017,Frittlingen,gemeinde,Baden-Württemberg,frittlingen.de,http://www.frittlingen.de,wikidata
DE-G-08327023,Hausen ob Verena,gemeinde,Baden-Württemberg,hausen-ob-verena.de,http://www.hausen-ob-verena.de,wikidata
DE-G-08327033,Mahlstetten,gemeinde,Baden-Württemberg,mahlstetten.de,http://www.mahlstetten.de,wikidata
DE-G-08327046,Spaichingen,gemeinde,Baden-Württemberg,spaichingen.de,https://www.spaichingen.de/,wikidata
DE-G-08327012,Durchhausen,gemeinde,Baden-Württemberg,durchhausen.de,http://www.durchhausen.de/,wikidata
DE-G-08327020,Gunningen,gemeinde,Baden-Württemberg,gunningen.de,http://www.gunningen.de,wikidata
DE-G-08327048,Talheim,gemeinde,Baden-Württemberg,gemeinde-talheim.de,http://gemeinde-talheim.de,wikidata
DE-G-08327049,Trossingen,gemeinde,Baden-Württemberg,trossingen.de,http://www.trossingen.de,wikidata
DE-G-08327038,Neuhausen ob Eck,gemeinde,Baden-Württemberg,neuhausen-ob-eck.de,http://www.neuhausen-ob-eck.de,wikidata
DE-G-08327050,Tuttlingen,gemeinde,Baden-Württemberg,tuttlingen.de,https://www.tuttlingen.de/,wikidata
DE-G-08327054,Wurmlingen,gemeinde,Baden-Württemberg,wurmlingen.de,http://www.wurmlingen.de,wikidata
DE-G-08327055,Seitingen-Oberflacht,gemeinde,Baden-Württemberg,seitingen-oberflacht.de,https://www.seitingen-oberflacht.de/,wikidata
DE-G-08327056,Rietheim-Weilheim,gemeinde,Baden-Württemberg,rietheim-weilheim.de,http://www.rietheim-weilheim.de,wikidata
DE-G-08327057,Emmingen-Liptingen,gemeinde,Baden-Württemberg,emmingen-liptingen.de,http://www.emmingen-liptingen.de/,wikidata
DE-G-08335035,Hilzingen,gemeinde,Baden-Württemberg,hilzingen.de,https://www.hilzingen.de/,wikidata
DE-G-08335063,Radolfzell am Bodensee,gemeinde,Baden-Württemberg,radolfzell.de,https://www.radolfzell.de/,wikidata
DE-G-08335080,Tengen,gemeinde,Baden-Württemberg,tengen.de,http://www.tengen.de,wikidata
DE-G-08335001,Aach,gemeinde,Baden-Württemberg,aach.de,http://www.aach.de/,wikidata
DE-G-08335022,Engen,gemeinde,Baden-Württemberg,engen.de,https://www.engen.de/,wikidata
DE-G-08335097,Mühlhausen-Ehingen,gemeinde,Baden-Württemberg,muehlhausen-ehingen.de,http://www.muehlhausen-ehingen.de,wikidata
DE-G-08335015,Büsingen am Hochrhein,gemeinde,Baden-Württemberg,buesingen.de,http://www.buesingen.de/,wikidata
DE-G-08335026,Gailingen am Hochrhein,gemeinde,Baden-Württemberg,gailingen.de,http://www.gailingen.de,wikidata
DE-G-08335028,Gottmadingen,gemeinde,Baden-Württemberg,gottmadingen.de,https://www.gottmadingen.de,wikidata
DE-G-08335025,Gaienhofen,gemeinde,Baden-Württemberg,gaienhofen.de,https://www.gaienhofen.de/,wikidata
DE-G-08335055,Moos,gemeinde,Baden-Württemberg,moos.de,http://www.moos.de,wikidata
DE-G-08335061,Öhningen,gemeinde,Baden-Württemberg,oehningen.de,http://www.oehningen.de,wikidata
DE-G-08335002,Allensbach,gemeinde,Baden-Württemberg,allensbach.de,http://www.allensbach.de/,wikidata
DE-G-08335043,Konstanz,gemeinde,Baden-Württemberg,konstanz.de,http://www.konstanz.de/,wikidata
DE-G-08335066,Reichenau,gemeinde,Baden-Württemberg,reichenau.de,https://www.reichenau.de/,wikidata
DE-G-08335075,Singen (Hohentwiel),gemeinde,Baden-Württemberg,singen.de,https://www.singen.de/,wikidata
DE-G-08335077,Steißlingen,gemeinde,Baden-Württemberg,steisslingen.de,https://www.steisslingen.de/,wikidata
DE-G-08335081,Volkertshausen,gemeinde,Baden-Württemberg,volkertshausen.de,http://www.volkertshausen.de,wikidata
DE-G-08335100,Rielasingen-Worblingen,gemeinde,Baden-Württemberg,rielasingen-worblingen.de,https://www.rielasingen-worblingen.de/,wikidata
DE-G-08335021,Eigeltingen,gemeinde,Baden-Württemberg,eigeltingen.de,https://www.eigeltingen.de/,wikidata
DE-G-08335057,Mühlingen,gemeinde,Baden-Württemberg,muehlingen.de,http://www.muehlingen.de,wikidata
DE-G-08335079,Stockach,gemeinde,Baden-Württemberg,stockach.de,https://www.stockach.de/,wikidata
DE-G-08335096,Hohenfels,gemeinde,Baden-Württemberg,hohenfels.de,http://www.hohenfels.de,wikidata
DE-G-08335098,Bodman-Ludwigshafen,gemeinde,Baden-Württemberg,bodman-ludwigshafen.de,https://www.bodman-ludwigshafen.de/,wikidata
DE-G-08335099,Orsingen-Nenzingen,gemeinde,Baden-Württemberg,orsingen-nenzingen.de,http://www.orsingen-nenzingen.de,wikidata
DE-G-08336014,Efringen-Kirchen,gemeinde,Baden-Württemberg,efringen-kirchen.de,http://www.efringen-kirchen.de/,wikidata
DE-G-08336084,Steinen,gemeinde,Baden-Württemberg,steinen.de,https://www.steinen.de/,wikidata
DE-G-08336087,Todtnau,gemeinde,Baden-Württemberg,todtnau.de,https://todtnau.de,wikidata
DE-G-08336091,Weil am Rhein,gemeinde,Baden-Württemberg,weil-am-rhein.de,https://www.weil-am-rhein.de/,wikidata
DE-G-08336105,Grenzach-Wyhlen,gemeinde,Baden-Württemberg,grenzach-wyhlen.de,https://www.grenzach-wyhlen.de/,wikidata
DE-G-08336107,Kleines Wiesental,gemeinde,Baden-Württemberg,kleines-wiesental.eu,https://www.kleines-wiesental.eu/,wikidata
DE-G-08336045,Kandern,gemeinde,Baden-Württemberg,kandern.de,https://www.kandern.de/,wikidata
DE-G-08336104,Malsburg-Marzell,gemeinde,Baden-Württemberg,malsburg-marzell.de,http://www.malsburg-marzell.de,wikidata
DE-G-08336043,Inzlingen,gemeinde,Baden-Württemberg,inzlingen.de,https://www.inzlingen.de/,wikidata
DE-G-08336050,Lörrach,gemeinde,Baden-Württemberg,loerrach.de,https://www.loerrach.de/,wikidata
DE-G-08336069,Rheinfelden (Baden),gemeinde,Baden-Württemberg,rheinfelden.de,https://www.rheinfelden.de,wikidata
DE-G-08336082,Schwörstadt,gemeinde,Baden-Württemberg,schwoerstadt.de,http://www.schwoerstadt.de,wikidata
DE-G-08336006,Bad Bellingen,gemeinde,Baden-Württemberg,gemeinde-bad-bellingen.de,https://www.gemeinde-bad-bellingen.de/,wikidata
DE-G-08336078,Schliengen,gemeinde,Baden-Württemberg,schliengen.de,http://www.schliengen.de,wikidata
DE-G-08336004,Aitern,gemeinde,Baden-Württemberg,aitern.de,https://www.aitern.de/,wikidata
DE-G-08336010,Böllen,gemeinde,Baden-Württemberg,boellen.de,http://www.boellen.de,wikidata
DE-G-08336025,Fröhnd,gemeinde,Baden-Württemberg,froehnd.de,http://www.froehnd.de,wikidata
DE-G-08336079,Schönau im Schwarzwald,gemeinde,Baden-Württemberg,schoenau-im-schwarzwald.de,https://www.schoenau-im-schwarzwald.de/,wikidata
DE-G-08336080,Schönenberg,gemeinde,Baden-Württemberg,gemeinde-schoenenberg.de,http://www.gemeinde-schoenenberg.de,wikidata
DE-G-08336089,Tunau,gemeinde,Baden-Württemberg,gemeinde-tunau.de,http://www.gemeinde-tunau.de,wikidata
DE-G-08336090,Utzenfeld,gemeinde,Baden-Württemberg,utzenfeld.de,http://www.utzenfeld.de,wikidata
DE-G-08336094,Wembach,gemeinde,Baden-Württemberg,wembach.de,https://www.wembach.de,wikidata
DE-G-08336096,Wieden,gemeinde,Baden-Württemberg,gemeinde-wieden.de,http://www.gemeinde-wieden.de,wikidata
DE-G-08336034,Hasel,gemeinde,Baden-Württemberg,gemeinde-hasel.de,http://www.gemeinde-hasel.de,wikidata
DE-G-08336036,Hausen im Wiesental,gemeinde,Baden-Württemberg,hausen-im-wiesental.de,https://www.hausen-im-wiesental.de,wikidata
DE-G-08336057,Maulburg,gemeinde,Baden-Württemberg,maulburg.de,http://www.maulburg.de,wikidata
DE-G-08336081,Schopfheim,gemeinde,Baden-Württemberg,schopfheim.de,https://www.schopfheim.de/,wikidata
DE-G-08336008,Binzen,gemeinde,Baden-Württemberg,binzen.de,https://www.binzen.de/,wikidata
DE-G-08336019,Eimeldingen,gemeinde,Baden-Württemberg,eimeldingen.de,https://www.eimeldingen.de,wikidata
DE-G-08336024,Fischingen,gemeinde,Baden-Württemberg,fischingen.de,http://www.fischingen.de,wikidata
DE-G-08336073,Rümmingen,gemeinde,Baden-Württemberg,ruemmingen.de,http://www.ruemmingen.de,wikidata
DE-G-08336075,Schallbach,gemeinde,Baden-Württemberg,schallbach.de,http://www.schallbach.de,wikidata
DE-G-08336100,Wittlingen,gemeinde,Baden-Württemberg,wittlingen.de,https://www.wittlingen.de/,wikidata
DE-G-08336103,Zell im Wiesental,gemeinde,Baden-Württemberg,zell-im-wiesental.de,http://www.zell-im-wiesental.de,wikidata
DE-G-08336106,Häg-Ehrsberg,gemeinde,Baden-Württemberg,hinterhag.de,http://www.hinterhag.de,wikidata
DE-G-08337002,Albbruck,gemeinde,Baden-Württemberg,albbruck.de,http://www.albbruck.de/,wikidata
DE-G-08337038,Görwihl,gemeinde,Baden-Württemberg,goerwihl.de,http://www.goerwihl.de,wikidata
DE-G-08337062,Klettgau,gemeinde,Baden-Württemberg,klettgau.de,http://www.klettgau.de,wikidata
DE-G-08337066,Laufenburg (Baden),gemeinde,Baden-Württemberg,laufenburg.de,https://www.laufenburg.de/,wikidata
DE-G-08337106,Stühlingen,gemeinde,Baden-Württemberg,stuehlingen.de,https://www.stuehlingen.de,wikidata
DE-G-08337116,Wehr,gemeinde,Baden-Württemberg,wehr.de,http://www.wehr.de,wikidata
DE-G-08337022,Bonndorf im Schwarzwald,gemeinde,Baden-Württemberg,bonndorf.de,https://www.bonndorf.de/,wikidata
DE-G-08337127,Wutach,gemeinde,Baden-Württemberg,wutach.de,http://www.wutach.de,wikidata
DE-G-08337030,Dettighofen,gemeinde,Baden-Württemberg,dettighofen.de,http://www.dettighofen.de,wikidata
DE-G-08337060,Jestetten,gemeinde,Baden-Württemberg,jestetten.de,http://www.jestetten.de,wikidata
DE-G-08337070,Lottstetten,gemeinde,Baden-Württemberg,lottstetten.de,http://www.lottstetten.de,wikidata
DE-G-08337053,Hohentengen am Hochrhein,gemeinde,Baden-Württemberg,hohentengen.de,http://www.hohentengen.de,wikidata
DE-G-08337125,Küssaberg,gemeinde,Baden-Württemberg,kuessaberg.info,http://www.kuessaberg.info,wikidata
DE-G-08337039,Grafenhausen,gemeinde,Baden-Württemberg,grafenhausen.de,http://www.grafenhausen.de,wikidata
DE-G-08337128,Ühlingen-Birkendorf,gemeinde,Baden-Württemberg,uehlingen-birkendorf.de,https://www.uehlingen-birkendorf.de/,wikidata
DE-G-08337049,Herrischried,gemeinde,Baden-Württemberg,herrischried.de,https://www.herrischried.de/,wikidata
DE-G-08337076,Murg,gemeinde,Baden-Württemberg,murg.de,https://www.murg.de/,wikidata
DE-G-08337090,Rickenbach,gemeinde,Baden-Württemberg,rickenbach.de,http://www.rickenbach.de,wikidata
DE-G-08337096,Bad Säckingen,gemeinde,Baden-Württemberg,bad-saeckingen.de,http://www.bad-saeckingen.de/,wikidata
DE-G-08337013,Bernau im Schwarzwald,gemeinde,Baden-Württemberg,bernau-schwarzwald.de,https://gemeinde.bernau-schwarzwald.de/,wikidata
DE-G-08337027,Dachsberg (Südschwarzwald),gemeinde,Baden-Württemberg,dachsberg.de,http://www.dachsberg.de/,wikidata
DE-G-08337045,Häusern,gemeinde,Baden-Württemberg,haeusern.de,http://www.haeusern.de,wikidata
DE-G-08337051,Höchenschwand,gemeinde,Baden-Württemberg,hoechenschwand.de,http://hoechenschwand.de,wikidata
DE-G-08337059,Ibach,gemeinde,Baden-Württemberg,ibach-schwarzwald.de,http://www.ibach-schwarzwald.de,wikidata
DE-G-08337097,St. Blasien,gemeinde,Baden-Württemberg,stblasien.de,https://www.stblasien.de/,wikidata
DE-G-08337108,Todtmoos,gemeinde,Baden-Württemberg,todtmoos.de,http://www.todtmoos.de,wikidata
DE-G-08337032,Dogern,gemeinde,Baden-Württemberg,dogern.de,http://www.dogern.de/,wikidata
DE-G-08337065,Lauchringen,gemeinde,Baden-Württemberg,lauchringen.de,https://www.lauchringen.de/,wikidata
DE-G-08337118,Weilheim,gemeinde,Baden-Württemberg,weilheim-baden.de,https://www.weilheim-baden.de/,wikidata
DE-G-08337126,Waldshut-Tiengen,gemeinde,Baden-Württemberg,waldshut-tiengen.de,https://www.waldshut-tiengen.de/,wikidata
DE-G-08337123,Wutöschingen,gemeinde,Baden-Württemberg,wutoeschingen.de,https://www.wutoeschingen.de/,wikidata
DE-G-08337124,Eggingen,gemeinde,Baden-Württemberg,eggingen.de,http://www.eggingen.de/,wikidata
DE-G-08415014,Dettingen an der Erms,gemeinde,Baden-Württemberg,dettingen-erms.de,http://www.dettingen-erms.de/,wikidata
DE-G-08415019,Eningen unter Achalm,gemeinde,Baden-Württemberg,eningen.de,https://www.eningen.de/,wikidata
DE-G-08415059,Pfullingen,gemeinde,Baden-Württemberg,pfullingen.de,https://www.pfullingen.de/,wikidata
DE-G-08415061,Reutlingen,gemeinde,Baden-Württemberg,reutlingen.de,https://www.reutlingen.de/,wikidata
DE-G-08415073,Trochtelfingen,gemeinde,Baden-Württemberg,trochtelfingen.de,http://www.trochtelfingen.de,wikidata
DE-G-08415080,Wannweil,gemeinde,Baden-Württemberg,wannweil.de,http://www.wannweil.de,wikidata
DE-G-08415091,Sonnenbühl,gemeinde,Baden-Württemberg,sonnenbuehl.de,http://www.sonnenbuehl.de,wikidata
DE-G-08415092,Lichtenstein,gemeinde,Baden-Württemberg,gemeinde-lichtenstein.de,http://www.gemeinde-lichtenstein.de,wikidata
DE-G-08415093,St. Johann,gemeinde,Baden-Württemberg,st-johann.de,https://www.st-johann.de,wikidata
DE-G-08415089,Engstingen,gemeinde,Baden-Württemberg,engstingen.de,https://www.engstingen.de/,wikidata
DE-G-08415090,Hohenstein,gemeinde,Baden-Württemberg,gemeinde-hohenstein.de,http://www.gemeinde-hohenstein.de,wikidata
DE-G-08415029,Grafenberg,gemeinde,Baden-Württemberg,grafenberg.de,http://www.grafenberg.de,wikidata
DE-G-08415050,Metzingen,gemeinde,Baden-Württemberg,metzingen.de,https://www.metzingen.de/,wikidata
DE-G-08415062,Riederich,gemeinde,Baden-Württemberg,riederich.de,http://www.riederich.de,wikidata
DE-G-08415027,Gomadingen,gemeinde,Baden-Württemberg,gomadingen.de,http://www.gomadingen.de,wikidata
DE-G-08415048,Mehrstetten,gemeinde,Baden-Württemberg,mehrstetten.de,http://www.mehrstetten.de,wikidata
DE-G-08415053,Münsingen,gemeinde,Baden-Württemberg,muensingen.de,http://www.muensingen.de,wikidata
DE-G-08415060,Pliezhausen,gemeinde,Baden-Württemberg,gemeinde-pliezhausen.de,https://www.gemeinde-pliezhausen.de/,wikidata
DE-G-08415087,Walddorfhäslach,gemeinde,Baden-Württemberg,walddorfhaeslach.com,https://www.walddorfhaeslach.com/,wikidata
DE-G-08415028,Grabenstetten,gemeinde,Baden-Württemberg,grabenstetten.de,http://www.grabenstetten.de,wikidata
DE-G-08415039,Hülben,gemeinde,Baden-Württemberg,huelben.de,http://www.huelben.de,wikidata
DE-G-08415078,Bad Urach,gemeinde,Baden-Württemberg,bad-urach.de,http://www.bad-urach.de/,wikidata
DE-G-08415088,Römerstein,gemeinde,Baden-Württemberg,roemerstein.de,https://www.roemerstein.de/,wikidata
DE-G-08415034,Hayingen,gemeinde,Baden-Württemberg,hayingen.de,http://www.hayingen.de,wikidata
DE-G-08415058,Pfronstetten,gemeinde,Baden-Württemberg,pfronstetten.de,http://www.pfronstetten.de,wikidata
DE-G-08415085,Zwiefalten,gemeinde,Baden-Württemberg,zwiefalten.de,http://www.zwiefalten.de,wikidata
DE-G-08416009,Dettenhausen,gemeinde,Baden-Württemberg,dettenhausen.de,http://www.dettenhausen.de/,wikidata
DE-G-08416022,Kirchentellinsfurt,gemeinde,Baden-Württemberg,kirchentellinsfurt.de,https://www.kirchentellinsfurt.de/,wikidata
DE-G-08416023,Kusterdingen,gemeinde,Baden-Württemberg,kusterdingen.de,https://www.kusterdingen.de/,wikidata
DE-G-08416041,Tübingen,gemeinde,Baden-Württemberg,tuebingen.de,https://tuebingen.de/,wikidata
DE-G-08416048,Ammerbuch,gemeinde,Baden-Württemberg,ammerbuch.de,http://www.ammerbuch.de/,wikidata
DE-G-08416011,Dußlingen,gemeinde,Baden-Württemberg,dusslingen.de,http://www.dusslingen.de/,wikidata
DE-G-08416015,Gomaringen,gemeinde,Baden-Württemberg,gomaringen.de,http://www.gomaringen.de,wikidata
DE-G-08416026,Nehren,gemeinde,Baden-Württemberg,nehren.de,https://www.nehren.de/,wikidata
DE-G-08416006,Bodelshausen,gemeinde,Baden-Württemberg,bodelshausen.de,http://www.bodelshausen.de/,wikidata
DE-G-08416025,Mössingen,gemeinde,Baden-Württemberg,moessingen.de,http://www.moessingen.de,wikidata
DE-G-08416031,Ofterdingen,gemeinde,Baden-Württemberg,ofterdingen.de,http://www.ofterdingen.de,wikidata
DE-G-08416018,Hirrlingen,gemeinde,Baden-Württemberg,hirrlingen.de,https://www.hirrlingen.de,wikidata
DE-G-08416036,Rottenburg am Neckar,gemeinde,Baden-Württemberg,rottenburg.de,https://www.rottenburg.de/,wikidata
DE-G-08416049,Neustetten,gemeinde,Baden-Württemberg,neustetten.de,http://www.neustetten.de,wikidata
DE-G-08416050,Starzach,gemeinde,Baden-Württemberg,starzach.de,https://www.starzach.de,wikidata
DE-G-08417013,Burladingen,gemeinde,Baden-Württemberg,burladingen.de,http://www.burladingen.de/,wikidata
DE-G-08417025,Haigerloch,gemeinde,Baden-Württemberg,haigerloch.de,https://www.haigerloch.de/,wikidata
DE-G-08417054,Rosenfeld,gemeinde,Baden-Württemberg,rosenfeld.de,https://www.rosenfeld.de/,wikidata
DE-G-08417010,Bitz,gemeinde,Baden-Württemberg,bitz.de,https://www.bitz.de/,wikidata
DE-G-08417079,Albstadt,gemeinde,Baden-Württemberg,albstadt.de,https://www.albstadt.de/,wikidata
DE-G-08417002,Balingen,gemeinde,Baden-Württemberg,balingen.de,https://www.balingen.de/,wikidata
DE-G-08417022,Geislingen,gemeinde,Baden-Württemberg,stadt-geislingen.de,http://www.stadt-geislingen.de,wikidata
DE-G-08417008,Bisingen,gemeinde,Baden-Württemberg,gemeinde-bisingen.de,https://www.gemeinde-bisingen.de/,wikidata
DE-G-08417023,Grosselfingen,gemeinde,Baden-Württemberg,grosselfingen.de,http://www.grosselfingen.de,wikidata
DE-G-08417031,Hechingen,gemeinde,Baden-Württemberg,hechingen.de,http://www.hechingen.de,wikidata
DE-G-08417036,Jungingen,gemeinde,Baden-Württemberg,gemeinde-jungingen.de,http://www.gemeinde-jungingen.de,wikidata
DE-G-08417051,Rangendingen,gemeinde,Baden-Württemberg,rangendingen.eu,https://www.rangendingen.eu/,wikidata
DE-G-08417044,Meßstetten,gemeinde,Baden-Württemberg,stadt-messstetten.de,https://www.stadt-messstetten.de/,wikidata
DE-G-08417045,Nusplingen,gemeinde,Baden-Württemberg,nusplingen.de,http://www.nusplingen.de,wikidata
DE-G-08417047,Obernheim,gemeinde,Baden-Württemberg,obernheim.de,http://www.obernheim.de,wikidata
DE-G-08417014,Dautmergen,gemeinde,Baden-Württemberg,gemeinde-dautmergen.de,https://www.gemeinde-dautmergen.de/,wikidata
DE-G-08417015,Dormettingen,gemeinde,Baden-Württemberg,dormettingen.de,http://www.dormettingen.de/,wikidata
DE-G-08417016,Dotternhausen,gemeinde,Baden-Württemberg,dotternhausen.de,http://www.dotternhausen.de/,wikidata
DE-G-08417029,Hausen am Tann,gemeinde,Baden-Württemberg,hausen-am-tann.de,http://www.hausen-am-tann.de/hausen/,wikidata
DE-G-08417052,Ratshausen,gemeinde,Baden-Württemberg,ratshausen.de,http://www.ratshausen.de,wikidata
DE-G-08417057,Schömberg,gemeinde,Baden-Württemberg,stadt-schoemberg.de,http://www.stadt-schoemberg.de,wikidata
DE-G-08417071,Weilen unter den Rinnen,gemeinde,Baden-Württemberg,weilen-udr.de,https://www.weilen-udr.de/,wikidata
DE-G-08417078,Zimmern unter der Burg,gemeinde,Baden-Württemberg,zimmern-udb.de,http://www.zimmern-udb.de,wikidata
DE-G-08417063,Straßberg,gemeinde,Baden-Württemberg,strassberg.de,http://www.strassberg.de,wikidata
DE-G-08417075,Winterlingen,gemeinde,Baden-Württemberg,winterlingen.de,http://www.winterlingen.de,wikidata
DE-G-08421000,Ulm,gemeinde,Baden-Württemberg,ulm.de,https://www.ulm.de/,wikidata
DE-G-08425039,Erbach,gemeinde,Baden-Württemberg,erbach-donau.de,http://www.erbach-donau.de/,wikidata
DE-G-08425108,Schelklingen,gemeinde,Baden-Württemberg,schelklingen.de,http://www.schelklingen.de,wikidata
DE-G-08425141,Blaustein,gemeinde,Baden-Württemberg,blaustein.de,https://www.blaustein.de/,wikidata
DE-G-08425002,Allmendingen,gemeinde,Baden-Württemberg,allmendingen.de,http://www.allmendingen.de/,wikidata
DE-G-08425004,Altheim,gemeinde,Baden-Württemberg,altheim-info.de,https://altheim-info.de/,wikidata
DE-G-08425017,Berghülen,gemeinde,Baden-Württemberg,berghuelen.de,http://www.berghuelen.de/,wikidata
DE-G-08425020,Blaubeuren,gemeinde,Baden-Württemberg,blaubeuren.de,https://www.blaubeuren.de/,wikidata
DE-G-08425028,Dietenheim,gemeinde,Baden-Württemberg,dietenheim.de,http://www.dietenheim.de,wikidata
DE-G-08425066,Illerrieden,gemeinde,Baden-Württemberg,illerrieden.de,http://www.illerrieden.de,wikidata
DE-G-08425140,Balzheim,gemeinde,Baden-Württemberg,balzheim.de,http://www.balzheim.de/,wikidata
DE-G-08425014,Beimerstetten,gemeinde,Baden-Württemberg,beimerstetten.de,http://www.beimerstetten.de/,wikidata
DE-G-08425031,Dornstadt,gemeinde,Baden-Württemberg,dornstadt.de,https://www.dornstadt.de/,wikidata
DE-G-08425135,Westerstetten,gemeinde,Baden-Württemberg,westerstetten.de,http://www.westerstetten.de,wikidata
DE-G-08425033,Ehingen (Donau),gemeinde,Baden-Württemberg,ehingen.de,https://www.ehingen.de/,wikidata
DE-G-08425050,Griesingen,gemeinde,Baden-Württemberg,griesingen.de,http://www.griesingen.de,wikidata
DE-G-08425088,Oberdischingen,gemeinde,Baden-Württemberg,oberdischingen.de,https://www.oberdischingen.de/,wikidata
DE-G-08425093,Öpfingen,gemeinde,Baden-Württemberg,oepfingen.de,http://www.oepfingen.de,wikidata
DE-G-08425064,Hüttisheim,gemeinde,Baden-Württemberg,huettisheim.de,http://www.huettisheim.de,wikidata
DE-G-08425110,Schnürpflingen,gemeinde,Baden-Württemberg,schnuerpflingen.de,http://www.schnuerpflingen.de,wikidata
DE-G-08425137,Illerkirchberg,gemeinde,Baden-Württemberg,illerkirchberg.de,http://www.illerkirchberg.de,wikidata
DE-G-08425138,Staig,gemeinde,Baden-Württemberg,staig.de,https://www.staig.de/,wikidata
DE-G-08425071,Laichingen,gemeinde,Baden-Württemberg,laichingen.de,https://www.laichingen.de/,wikidata
DE-G-08425079,Merklingen,gemeinde,Baden-Württemberg,merklingen.de,http://www.merklingen.de,wikidata
DE-G-08425084,Nellingen,gemeinde,Baden-Württemberg,nellingen.de,http://www.nellingen.de,wikidata
DE-G-08425134,Westerheim,gemeinde,Baden-Württemberg,westerheim.de,https://westerheim.de,wikidata
DE-G-08425139,Heroldstatt,gemeinde,Baden-Württemberg,heroldstatt.de,http://www.heroldstatt.de,wikidata
DE-G-08425005,Altheim (Alb),gemeinde,Baden-Württemberg,altheim-alb.de,http://www.altheim-alb.de/,wikidata
DE-G-08425011,Asselfingen,gemeinde,Baden-Württemberg,asselfingen.de,https://www.asselfingen.de/,wikidata
DE-G-08425013,Ballendorf,gemeinde,Baden-Württemberg,ballendorf.de,http://www.ballendorf.de/,wikidata
DE-G-08425019,Bernstadt,gemeinde,Baden-Württemberg,bernstadt-wuertt.de,http://www.bernstadt-wuertt.de/,wikidata
DE-G-08425022,Börslingen,gemeinde,Baden-Württemberg,verwaltungsverband-langenau.de,https://www.verwaltungsverband-langenau.de/verwaltungsverband/verbandsgemeinden/gemeinde-boerslingen/,wikidata
DE-G-08425024,Breitingen,gemeinde,Baden-Württemberg,breitingen.de,https://www.breitingen.de,wikidata
DE-G-08425062,Holzkirch,gemeinde,Baden-Württemberg,holzkirch.de,http://www.holzkirch.de,wikidata
DE-G-08425072,Langenau,gemeinde,Baden-Württemberg,langenau.de,https://www.langenau.de/,wikidata
DE-G-08425083,Neenstetten,gemeinde,Baden-Württemberg,neenstetten.info,https://www.neenstetten.info/,wikidata
DE-G-08425085,Nerenstetten,gemeinde,Baden-Württemberg,nerenstetten.de,http://www.nerenstetten.de,wikidata
DE-G-08425092,Öllingen,gemeinde,Baden-Württemberg,oellingen.de,https://oellingen.de/,wikidata
DE-G-08425097,Rammingen,gemeinde,Baden-Württemberg,rammingen-bw.de,http://www.rammingen-bw.de,wikidata
DE-G-08425112,Setzingen,gemeinde,Baden-Württemberg,setzingen.de,http://www.setzingen.de,wikidata
DE-G-08425130,Weidenstetten,gemeinde,Baden-Württemberg,weidenstetten.de,http://www.weidenstetten.de,wikidata
DE-G-08425008,Amstetten,gemeinde,Baden-Württemberg,amstetten.de,http://www.amstetten.de/,wikidata
DE-G-08425075,Lonsee,gemeinde,Baden-Württemberg,lonsee.de,https://www.lonsee.de/,wikidata
DE-G-08425035,Emeringen,gemeinde,Baden-Württemberg,emeringen.eu,http://www.emeringen.eu/,wikidata
DE-G-08425036,Emerkingen,gemeinde,Baden-Württemberg,emerkingen.de,http://www.emerkingen.de/,wikidata
DE-G-08425052,Grundsheim,gemeinde,Baden-Württemberg,grundsheim.de,https://www.grundsheim.de/,wikidata
DE-G-08425055,Hausen am Bussen,gemeinde,Baden-Württemberg,hausen-am-bussen.de,https://www.hausen-am-bussen.de/,wikidata
DE-G-08425073,Lauterach,gemeinde,Baden-Württemberg,gemeinde-lauterach.de,http://www.gemeinde-lauterach.de,wikidata
DE-G-08425081,Munderkingen,gemeinde,Baden-Württemberg,munderkingen.de,https://munderkingen.de,wikidata
DE-G-08425090,Obermarchtal,gemeinde,Baden-Württemberg,obermarchtal.de,https://www.obermarchtal.de/,wikidata
DE-G-08425091,Oberstadion,gemeinde,Baden-Württemberg,oberstadion.de,https://www.oberstadion.de/,wikidata
DE-G-08425098,Rechtenstein,gemeinde,Baden-Württemberg,rechtenstein.de,http://www.rechtenstein.de,wikidata
DE-G-08425104,Rottenacker,gemeinde,Baden-Württemberg,rottenacker.de,http://www.rottenacker.de,wikidata
DE-G-08425123,Untermarchtal,gemeinde,Baden-Württemberg,gemeinde-untermarchtal.de,http://www.gemeinde-untermarchtal.de/,wikidata
DE-G-08425124,Unterstadion,gemeinde,Baden-Württemberg,unterstadion.de,https://www.unterstadion.de/,wikidata
DE-G-08425125,Unterwachingen,gemeinde,Baden-Württemberg,unterwachingen.de,http://www.unterwachingen.de,wikidata
DE-G-08426134,Schemmerhofen,gemeinde,Baden-Württemberg,schemmerhofen.de,http://www.schemmerhofen.de,wikidata
DE-G-08426005,Alleshausen,gemeinde,Baden-Württemberg,alleshausen.de,http://www.alleshausen.de,wikidata
DE-G-08426006,Allmannsweiler,gemeinde,Baden-Württemberg,allmannsweiler-bc.de,http://www.allmannsweiler-bc.de/,wikidata
DE-G-08426013,Bad Buchau,gemeinde,Baden-Württemberg,badbuchau.de,https://www.badbuchau.de/,wikidata
DE-G-08426020,Betzenweiler,gemeinde,Baden-Württemberg,betzenweiler.de,http://www.betzenweiler.de/,wikidata
DE-G-08426036,Dürnau,gemeinde,Baden-Württemberg,duernau-bc.de,https://www.duernau-bc.de/,wikidata
DE-G-08426064,Kanzach,gemeinde,Baden-Württemberg,gemeinde-kanzach.de,http://www.gemeinde-kanzach.de,wikidata
DE-G-08426078,Moosburg,gemeinde,Baden-Württemberg,moosburg-am-federsee.de,https://www.moosburg-am-federsee.de/,wikidata
DE-G-08426090,Oggelshausen,gemeinde,Baden-Württemberg,oggelshausen.de,http://www.oggelshausen.de,wikidata
DE-G-08426109,Seekirch,gemeinde,Baden-Württemberg,seekirch.de,http://www.seekirch.de,wikidata
DE-G-08426118,Tiefenbach,gemeinde,Baden-Württemberg,tiefenbach-federsee.de,http://www.tiefenbach-federsee.de,wikidata
DE-G-08426014,Bad Schussenried,gemeinde,Baden-Württemberg,bad-schussenried.de,https://www.bad-schussenried.de/,wikidata
DE-G-08426062,Ingoldingen,gemeinde,Baden-Württemberg,ingoldingen.de,http://www.ingoldingen.de,wikidata
DE-G-08426011,Attenweiler,gemeinde,Baden-Württemberg,attenweiler.de,http://www.attenweiler.de/,wikidata
DE-G-08426021,Biberach an der Riß,gemeinde,Baden-Württemberg,biberach-riss.de,https://biberach-riss.de/,wikidata
DE-G-08426038,Eberhardzell,gemeinde,Baden-Württemberg,eberhardzell.de,http://www.eberhardzell.de/,wikidata
DE-G-08426058,Hochdorf,gemeinde,Baden-Württemberg,gemeinde-hochdorf.de,http://www.gemeinde-hochdorf.de,wikidata
DE-G-08426071,Maselheim,gemeinde,Baden-Württemberg,maselheim.de,http://www.maselheim.de,wikidata
DE-G-08426074,Mittelbiberach,gemeinde,Baden-Württemberg,mittelbiberach.de,http://www.mittelbiberach.de,wikidata
DE-G-08426120,Ummendorf,gemeinde,Baden-Württemberg,ummendorf.de,https://www.ummendorf.de/,wikidata
DE-G-08426128,Warthausen,gemeinde,Baden-Württemberg,warthausen.de,http://www.warthausen.de,wikidata
DE-G-08426019,Berkheim,gemeinde,Baden-Württemberg,gemeinde-berkheim.de,http://www.gemeinde-berkheim.de/,wikidata
DE-G-08426031,Dettingen an der Iller,gemeinde,Baden-Württemberg,dettingen-iller.de,http://www.dettingen-iller.de/,wikidata
DE-G-08426044,Erolzheim,gemeinde,Baden-Württemberg,erolzheim.de,https://www.erolzheim.de/,wikidata
DE-G-08426065,Kirchberg an der Iller,gemeinde,Baden-Württemberg,kirchberg-iller.de,http://www.kirchberg-iller.de,wikidata
DE-G-08426066,Kirchdorf an der Iller,gemeinde,Baden-Württemberg,kirchdorf-iller.de,http://www.kirchdorf-iller.de,wikidata
DE-G-08426001,Achstetten,gemeinde,Baden-Württemberg,achstetten.de,http://www.achstetten.de/,wikidata
DE-G-08426028,Burgrieden,gemeinde,Baden-Württemberg,burgrieden.de,https://www.burgrieden.de/,wikidata
DE-G-08426070,Laupheim,gemeinde,Baden-Württemberg,laupheim.de,https://www.laupheim.de/,wikidata
DE-G-08426073,Mietingen,gemeinde,Baden-Württemberg,mietingen.de,https://mietingen.de,wikidata
DE-G-08426043,Erlenmoos,gemeinde,Baden-Württemberg,erlenmoos.de,https://www.erlenmoos.de/,wikidata
DE-G-08426087,Ochsenhausen,gemeinde,Baden-Württemberg,ochsenhausen.de,http://www.ochsenhausen.de,wikidata
DE-G-08426113,Steinhausen an der Rottum,gemeinde,Baden-Württemberg,steinhausen-rottum.de,https://www.steinhausen-rottum.de/,wikidata
DE-G-08426135,Gutenzell-Hürbel,gemeinde,Baden-Württemberg,gutenzell-huerbel.de,http://www.gutenzell-huerbel.de,wikidata
DE-G-08426008,Altheim,gemeinde,Baden-Württemberg,gemeinde-altheim.de,http://www.gemeinde-altheim.de/,wikidata
DE-G-08426035,Dürmentingen,gemeinde,Baden-Württemberg,duermentingen.de,http://www.duermentingen.de/,wikidata
DE-G-08426045,Ertingen,gemeinde,Baden-Württemberg,ertingen.de,http://www.ertingen.de,wikidata
DE-G-08426067,Langenenslingen,gemeinde,Baden-Württemberg,langenenslingen.de,http://www.langenenslingen.de,wikidata
DE-G-08426097,Riedlingen,gemeinde,Baden-Württemberg,riedlingen.de,http://www.riedlingen.de/,wikidata
DE-G-08426121,Unlingen,gemeinde,Baden-Württemberg,unlingen.de,http://www.unlingen.de,wikidata
DE-G-08426124,Uttenweiler,gemeinde,Baden-Württemberg,uttenweiler.de,https://www.uttenweiler.de/,wikidata
DE-G-08426100,Rot an der Rot,gemeinde,Baden-Württemberg,rot.de,http://www.rot.de,wikidata
DE-G-08426117,Tannheim,gemeinde,Baden-Württemberg,gemeinde-tannheim.de,http://www.gemeinde-tannheim.de,wikidata
DE-G-08426108,Schwendi,gemeinde,Baden-Württemberg,schwendi.de,http://www.schwendi.de,wikidata
DE-G-08426125,Wain,gemeinde,Baden-Württemberg,wain.de,https://www.wain.de/,wikidata
DE-G-08435035,Meckenbeuren,gemeinde,Baden-Württemberg,meckenbeuren.de,https://www.meckenbeuren.de/,wikidata
DE-G-08435013,Eriskirch,gemeinde,Baden-Württemberg,eriskirch.de,https://eriskirch.de,wikidata
DE-G-08435029,Kressbronn am Bodensee,gemeinde,Baden-Württemberg,kressbronn.de,https://www.kressbronn.de/,wikidata
DE-G-08435030,Langenargen,gemeinde,Baden-Württemberg,langenargen.de,https://www.langenargen.de/,wikidata
DE-G-08435016,Friedrichshafen,gemeinde,Baden-Württemberg,friedrichshafen.de,https://www.friedrichshafen.de/,wikidata
DE-G-08435024,Immenstaad am Bodensee,gemeinde,Baden-Württemberg,immenstaad.de,https://www.immenstaad.de/,wikidata
DE-G-08435005,Bermatingen,gemeinde,Baden-Württemberg,bermatingen.de,http://www.bermatingen.de/,wikidata
DE-G-08435034,Markdorf,gemeinde,Baden-Württemberg,markdorf.de,https://www.markdorf.de/,wikidata
DE-G-08435045,Oberteuringen,gemeinde,Baden-Württemberg,oberteuringen.de,https://oberteuringen.de,wikidata
DE-G-08435067,Deggenhausertal,gemeinde,Baden-Württemberg,deggenhausertal.de,https://www.deggenhausertal.de/,wikidata
DE-G-08435010,Daisendorf,gemeinde,Baden-Württemberg,daisendorf.de,http://www.daisendorf.de/,wikidata
DE-G-08435018,Hagnau am Bodensee,gemeinde,Baden-Württemberg,hagnau.de,http://www.hagnau.de,wikidata
DE-G-08435036,Meersburg,gemeinde,Baden-Württemberg,meersburg.de,https://www.meersburg.de/,wikidata
DE-G-08435054,Stetten,gemeinde,Baden-Württemberg,gemeinde-stetten.de,http://www.gemeinde-stetten.de,wikidata
DE-G-08435066,Uhldingen-Mühlhofen,gemeinde,Baden-Württemberg,uhldingen-muehlhofen.de,https://www.uhldingen-muehlhofen.de/,wikidata
DE-G-08435015,Frickingen,gemeinde,Baden-Württemberg,frickingen.de,https://www.frickingen.de,wikidata
DE-G-08435020,Heiligenberg,gemeinde,Baden-Württemberg,heiligenberg.de,https://www.heiligenberg.de/,wikidata
DE-G-08435052,Salem,gemeinde,Baden-Württemberg,salem-baden.de,http://www.salem-baden.de,wikidata
DE-G-08435042,Neukirch,gemeinde,Baden-Württemberg,neukirch-gemeinde.de,http://www.neukirch-gemeinde.de,wikidata
DE-G-08435057,Tettnang,gemeinde,Baden-Württemberg,tettnang.de,https://www.tettnang.de/,wikidata
DE-G-08435047,Owingen,gemeinde,Baden-Württemberg,owingen.de,http://www.owingen.de,wikidata
DE-G-08435053,Sipplingen,gemeinde,Baden-Württemberg,sipplingen.de,http://www.sipplingen.de,wikidata
DE-G-08435059,Überlingen,gemeinde,Baden-Württemberg,ueberlingen.de,https://www.ueberlingen.de/,wikidata
DE-G-08436008,Aulendorf,gemeinde,Baden-Württemberg,aulendorf.de,https://www.aulendorf.de/,wikidata
DE-G-08436010,Bad Wurzach,gemeinde,Baden-Württemberg,bad-wurzach.de,https://www.bad-wurzach.de/,wikidata
DE-G-08436049,Isny im Allgäu,gemeinde,Baden-Württemberg,isny.de,https://www.isny.de/,wikidata
DE-G-08436052,Kißlegg,gemeinde,Baden-Württemberg,kisslegg.de,http://www.kisslegg.de,wikidata
DE-G-08436094,Argenbühl,gemeinde,Baden-Württemberg,argenbuehl.de,https://www.argenbuehl.de/,wikidata
DE-G-08436005,Altshausen,gemeinde,Baden-Württemberg,altshausen.de,https://www.altshausen.de/,wikidata
DE-G-08436019,Boms,gemeinde,Baden-Württemberg,boms.de,https://www.boms.de/,wikidata
DE-G-08436024,Ebenweiler,gemeinde,Baden-Württemberg,ebenweiler.de,http://www.ebenweiler.de,wikidata
DE-G-08436027,Eichstegen,gemeinde,Baden-Württemberg,eichstegen.de,http://www.eichstegen.de,wikidata
DE-G-08436032,Fleischwangen,gemeinde,Baden-Württemberg,fleischwangen.de,http://www.fleischwangen.de,wikidata
DE-G-08436040,Guggenhausen,gemeinde,Baden-Württemberg,guggenhausen.online,https://www.guggenhausen.online/,wikidata
DE-G-08436047,Hoßkirch,gemeinde,Baden-Württemberg,gemeinde-hosskirch.de,http://www.gemeinde-hosskirch.de/index.html,wikidata
DE-G-08436053,Königseggwald,gemeinde,Baden-Württemberg,koenigseggwald.de,http://www.koenigseggwald.de,wikidata
DE-G-08436067,Riedhausen,gemeinde,Baden-Württemberg,riedhausen.de,http://www.riedhausen.de,wikidata
DE-G-08436077,Unterwaldhausen,gemeinde,Baden-Württemberg,unterwaldhausen.online,https://www.unterwaldhausen.online/,wikidata
DE-G-08436093,Ebersbach-Musbach,gemeinde,Baden-Württemberg,ebersbach-musbach.de,http://www.ebersbach-musbach.de,wikidata
DE-G-08436009,Bad Waldsee,gemeinde,Baden-Württemberg,bad-waldsee.de,https://www.bad-waldsee.de/,wikidata
DE-G-08436014,Bergatreute,gemeinde,Baden-Württemberg,bergatreute.de,http://www.bergatreute.de,wikidata
DE-G-08436018,Bodnegg,gemeinde,Baden-Württemberg,bodnegg.de,http://www.bodnegg.de,wikidata
DE-G-08436039,Grünkraut,gemeinde,Baden-Württemberg,gruenkraut.de,https://www.gruenkraut.de,wikidata
DE-G-08436069,Schlier,gemeinde,Baden-Württemberg,schlier.de,http://www.schlier.de,wikidata
DE-G-08436079,Waldburg,gemeinde,Baden-Württemberg,gemeinde-waldburg.de,https://www.gemeinde-waldburg.de/,wikidata
DE-G-08436003,Aichstetten,gemeinde,Baden-Württemberg,aichstetten.de,http://www.aichstetten.de/,wikidata
DE-G-08436004,Aitrach,gemeinde,Baden-Württemberg,aitrach.de,http://www.aitrach.de,wikidata
DE-G-08436055,Leutkirch im Allgäu,gemeinde,Baden-Württemberg,leutkirch.de,https://www.leutkirch.de/,wikidata
DE-G-08436011,Baienfurt,gemeinde,Baden-Württemberg,baienfurt.de,http://www.baienfurt.de/,wikidata
DE-G-08436012,Baindt,gemeinde,Baden-Württemberg,baindt.de,http://www.baindt.de/,wikidata
DE-G-08436013,Berg,gemeinde,Baden-Württemberg,berg-schussental.de,http://www.berg-schussental.de,wikidata
DE-G-08436064,Ravensburg,gemeinde,Baden-Württemberg,ravensburg.de,https://www.ravensburg.de/,wikidata
DE-G-08436082,Weingarten,gemeinde,Baden-Württemberg,weingarten-online.de,https://www.weingarten-online.de/,wikidata
DE-G-08436078,Vogt,gemeinde,Baden-Württemberg,gemeinde-vogt.de,https://www.gemeinde-vogt.de,wikidata
DE-G-08436085,Wolfegg,gemeinde,Baden-Württemberg,wolfegg.de,https://www.wolfegg.de/,wikidata
DE-G-08436001,Achberg,gemeinde,Baden-Württemberg,achberg.de,http://www.achberg.de/,wikidata
DE-G-08436006,Amtzell,gemeinde,Baden-Württemberg,amtzell.de,https://www.amtzell.de/,wikidata
DE-G-08436081,Wangen im Allgäu,gemeinde,Baden-Württemberg,wangen.de,https://www.wangen.de/,wikidata
DE-G-08436083,Wilhelmsdorf,gemeinde,Baden-Württemberg,gemeinde-wilhelmsdorf.de,http://www.gemeinde-wilhelmsdorf.de,wikidata
DE-G-08436095,Horgenzell,gemeinde,Baden-Württemberg,horgenzell.de,http://www.horgenzell.de,wikidata
DE-G-08436087,Wolpertswende,gemeinde,Baden-Württemberg,wolpertswende.de,http://www.wolpertswende.de,wikidata
DE-G-08436096,Fronreute,gemeinde,Baden-Württemberg,fronreute.de,https://www.fronreute.de/,wikidata
DE-G-08437086,Ostrach,gemeinde,Baden-Württemberg,ostrach.de,https://www.ostrach.de/,wikidata
DE-G-08437031,Gammertingen,gemeinde,Baden-Württemberg,gammertingen.de,http://www.gammertingen.de,wikidata
DE-G-08437047,Hettingen,gemeinde,Baden-Württemberg,hettingen.de,https://www.hettingen.de/,wikidata
DE-G-08437082,Neufra,gemeinde,Baden-Württemberg,neufra.de,http://www.neufra.de,wikidata
DE-G-08437114,Veringenstadt,gemeinde,Baden-Württemberg,veringenstadt.de,https://www.veringenstadt.de/,wikidata
DE-G-08437053,Hohentengen,gemeinde,Baden-Württemberg,hohentengen-online.de,http://www.hohentengen-online.de,wikidata
DE-G-08437076,Mengen,gemeinde,Baden-Württemberg,mengen.de,https://www.mengen.de/,wikidata
DE-G-08437101,Scheer,gemeinde,Baden-Württemberg,stadtscheer.de,http://www.stadtscheer.de,wikidata
DE-G-08437072,Leibertingen,gemeinde,Baden-Württemberg,leibertingen.de,http://www.leibertingen.de,wikidata
DE-G-08437078,Meßkirch,gemeinde,Baden-Württemberg,messkirch.de,https://www.messkirch.de/,wikidata
DE-G-08437123,Sauldorf,gemeinde,Baden-Württemberg,sauldorf.de,http://www.sauldorf.de,wikidata
DE-G-08437056,Illmensee,gemeinde,Baden-Württemberg,illmensee.de,http://www.illmensee.de,wikidata
DE-G-08437088,Pfullendorf,gemeinde,Baden-Württemberg,pfullendorf.de,https://www.pfullendorf.de,wikidata
DE-G-08437118,Wald,gemeinde,Baden-Württemberg,wald-hohenzollern.de,http://www.wald-hohenzollern.de,wikidata
DE-G-08437124,Herdwangen-Schönach,gemeinde,Baden-Württemberg,herdwangen-schoenach.de,https://www.herdwangen-schoenach.de/,wikidata
DE-G-08437044,Herbertingen,gemeinde,Baden-Württemberg,herbertingen.de,https://www.herbertingen.de,wikidata
DE-G-08437100,Bad Saulgau,gemeinde,Baden-Württemberg,bad-saulgau.de,https://www.bad-saulgau.de/de/index.php,wikidata
DE-G-08437005,Beuron,gemeinde,Baden-Württemberg,beuron.de,http://www.beuron.de/,wikidata
DE-G-08437008,Bingen,gemeinde,Baden-Württemberg,bingen-hohenzollern.de,http://www.bingen-hohenzollern.de/,wikidata
DE-G-08437059,Inzigkofen,gemeinde,Baden-Württemberg,inzigkofen.de,http://www.inzigkofen.de,wikidata
DE-G-08437065,Krauchenwies,gemeinde,Baden-Württemberg,krauchenwies.de,http://www.krauchenwies.de,wikidata
DE-G-08437104,Sigmaringen,gemeinde,Baden-Württemberg,sigmaringen.de,http://www.sigmaringen.de,wikidata
DE-G-08437105,Sigmaringendorf,gemeinde,Baden-Württemberg,sigmaringendorf.de,https://www.sigmaringendorf.de/,wikidata
DE-G-08437102,Schwenningen,gemeinde,Baden-Württemberg,schwenningen.de,http://www.schwenningen.de,wikidata
DE-G-08437107,Stetten am kalten Markt,gemeinde,Baden-Württemberg,stetten-akm.de,http://www.stetten-akm.de,wikidata
DE-G-09161000,Ingolstadt,gemeinde,Bayern,ingolstadt.de,https://www.ingolstadt.de/,wikidata
DE-G-09162000,München,gemeinde,Bayern,muenchen.de,https://stadt.muenchen.de/rathaus.html,wikidata
DE-G-09163000,Rosenheim,gemeinde,Bayern,rosenheim.de,https://www.rosenheim.de/,wikidata
DE-G-09171111,Altötting,gemeinde,Bayern,altoetting.de,https://www.altoetting.de/,wikidata
DE-G-09171112,Burghausen,gemeinde,Bayern,burghausen.de,https://www.burghausen.de/,wikidata
DE-G-09171113,Burgkirchen a.d.Alz,gemeinde,Bayern,burgkirchen.de,https://www.burgkirchen.de/,wikidata
DE-G-09171117,Garching a.d.Alz,gemeinde,Bayern,garching-alz.de,http://www.garching-alz.de,wikidata
DE-G-09171118,Haiming,gemeinde,Bayern,haiming.de,http://www.haiming.de,wikidata
DE-G-09171125,Neuötting,gemeinde,Bayern,neuoetting.de,https://www.neuoetting.de/,wikidata
DE-G-09171127,Pleiskirchen,gemeinde,Bayern,pleiskirchen.de,https://pleiskirchen.de,wikidata
DE-G-09171131,Teising,gemeinde,Bayern,teising.de,http://www.teising.de,wikidata
DE-G-09171132,Töging a.Inn,gemeinde,Bayern,toeging.de,https://www.toeging.de/,wikidata
DE-G-09171133,Tüßling,gemeinde,Bayern,tuessling.de,https://tuessling.de,wikidata
DE-G-09171137,Winhöring,gemeinde,Bayern,winhoering.de,https://www.winhoering.de/,wikidata
DE-G-09172111,Ainring,gemeinde,Bayern,ainring.de,https://www.ainring.de/startseite,wikidata
DE-G-09172112,Anger,gemeinde,Bayern,anger.de,http://www.anger.de/,wikidata
DE-G-09172114,Bad Reichenhall,gemeinde,Bayern,stadt-bad-reichenhall.de,https://www.stadt-bad-reichenhall.de/,wikidata
DE-G-09172115,Bayerisch Gmain,gemeinde,Bayern,bayerisch.gmain.de,https://www.bayerisch.gmain.de/,wikidata
DE-G-09172116,Berchtesgaden,gemeinde,Bayern,berchtesgaden.de,https://www.gemeinde.berchtesgaden.de/,wikidata
DE-G-09172117,Bischofswiesen,gemeinde,Bayern,bischofswiesen.de,http://www.bischofswiesen.de,wikidata
DE-G-09172118,Freilassing,gemeinde,Bayern,freilassing.de,https://www.freilassing.de/,wikidata
DE-G-09172122,Laufen,gemeinde,Bayern,stadtlaufen.de,https://stadtlaufen.de/,wikidata
DE-G-09172124,Marktschellenberg,gemeinde,Bayern,marktschellenberg.de,http://www.marktschellenberg.de,wikidata
DE-G-09172128,Piding,gemeinde,Bayern,gemeinde-piding.de,http://www.gemeinde-piding.de,wikidata
DE-G-09172129,Ramsau b.Berchtesgaden,gemeinde,Bayern,ramsau.de,https://www.ramsau.de/,wikidata
DE-G-09172130,Saaldorf-Surheim,gemeinde,Bayern,saaldorf-surheim.de,http://www.saaldorf-surheim.de,wikidata
DE-G-09172131,Schneizlreuth,gemeinde,Bayern,schneizlreuth.de,https://www.schneizlreuth.de/,wikidata
DE-G-09172132,Schönau a.Königssee,gemeinde,Bayern,schoenau-koenigssee.com,http://www.schoenau-koenigssee.com,wikidata
DE-G-09172134,Teisendorf,gemeinde,Bayern,teisendorf.org,https://www.teisendorf.org/,wikidata
DE-G-09173111,Bad Heilbrunn,gemeinde,Bayern,bad-heilbrunn.de,http://www.bad-heilbrunn.de/,wikidata
DE-G-09173112,Bad Tölz,gemeinde,Bayern,bad-toelz.de,https://www.bad-toelz.de/,wikidata
DE-G-09173118,Dietramszell,gemeinde,Bayern,dietramszell.de,http://www.dietramszell.de/,wikidata
DE-G-09173120,Egling,gemeinde,Bayern,egling.de,http://www.egling.de/,wikidata
DE-G-09173123,Eurasburg,gemeinde,Bayern,eurasburg.de,http://www.eurasburg.de/,wikidata
DE-G-09173124,Gaißach,gemeinde,Bayern,gaissach.de,http://www.gaissach.de,wikidata
DE-G-09173126,Geretsried,gemeinde,Bayern,geretsried.de,http://www.geretsried.de,wikidata
DE-G-09173130,Icking,gemeinde,Bayern,icking.de,http://www.icking.de,wikidata
DE-G-09173131,Jachenau,gemeinde,Bayern,jachenau.de,https://www.jachenau.de/,wikidata
DE-G-09173134,Königsdorf,gemeinde,Bayern,gemeinde-koenigsdorf.de,http://www.gemeinde-koenigsdorf.de,wikidata
DE-G-09173135,Lenggries,gemeinde,Bayern,lenggries.de,https://www.lenggries.de/,wikidata
DE-G-09173137,Münsing,gemeinde,Bayern,muensing.de,http://www.muensing.de,wikidata
DE-G-09173145,Wackersberg,gemeinde,Bayern,wackersberg.de,http://www.wackersberg.de,wikidata
DE-G-09173147,Wolfratshausen,gemeinde,Bayern,wolfratshausen.de,https://www.wolfratshausen.de/,wikidata
DE-G-09174111,Altomünster,gemeinde,Bayern,altomuenster.de,http://www.altomuenster.de,wikidata
DE-G-09174113,Bergkirchen,gemeinde,Bayern,bergkirchen.de,http://www.bergkirchen.de/,wikidata
DE-G-09174115,Dachau,gemeinde,Bayern,dachau.de,https://www.dachau.de/,wikidata
DE-G-09174118,Erdweg,gemeinde,Bayern,erdweg.de,http://www.erdweg.de/,wikidata
DE-G-09174121,Haimhausen,gemeinde,Bayern,haimhausen.de,https://www.haimhausen.de,wikidata
DE-G-09174122,Hebertshausen,gemeinde,Bayern,hebertshausen.de,https://www.hebertshausen.de/,wikidata
DE-G-09174126,Karlsfeld,gemeinde,Bayern,karlsfeld.de,http://www.karlsfeld.de,wikidata
DE-G-09174131,Markt Indersdorf,gemeinde,Bayern,markt-indersdorf.de,https://www.markt-indersdorf.de/,wikidata
DE-G-09174135,Odelzhausen,gemeinde,Bayern,odelzhausen.de,https://www.odelzhausen.de/,wikidata
DE-G-09174136,Petershausen,gemeinde,Bayern,petershausen.de,https://petershausen.de/,wikidata
DE-G-09174137,Pfaffenhofen a.d.Glonn,gemeinde,Bayern,pfaffenhofen-glonn.de,http://www.pfaffenhofen-glonn.de,wikidata
DE-G-09174141,Röhrmoos,gemeinde,Bayern,roehrmoos.de,http://www.roehrmoos.de,wikidata
DE-G-09174143,Schwabhausen,gemeinde,Bayern,schwabhausen.de,https://schwabhausen.de,wikidata
DE-G-09174146,Sulzemoos,gemeinde,Bayern,sulzemoos.de,http://www.sulzemoos.de,wikidata
DE-G-09174147,Hilgertshausen-Tandern,gemeinde,Bayern,hilgertshausen-tandern.de,http://www.hilgertshausen-tandern.de,wikidata
DE-G-09174150,Vierkirchen,gemeinde,Bayern,vierkirchen.de,https://www.vierkirchen.de,wikidata
DE-G-09174151,Weichs,gemeinde,Bayern,weichs.de,http://www.weichs.de,wikidata
DE-G-09175111,Anzing,gemeinde,Bayern,anzing.de,http://www.anzing.de/,wikidata
DE-G-09175115,Ebersberg,gemeinde,Bayern,ebersberg.de,https://www.ebersberg.de/,wikidata
DE-G-09175118,Forstinning,gemeinde,Bayern,forstinning.de,https://www.forstinning.de/,wikidata
DE-G-09175122,Grafing b.München,gemeinde,Bayern,grafing.de,https://www.grafing.de/,wikidata
DE-G-09175123,Hohenlinden,gemeinde,Bayern,hohenlinden.de,http://www.hohenlinden.de,wikidata
DE-G-09175124,Kirchseeon,gemeinde,Bayern,kirchseeon.de,http://www.kirchseeon.de,wikidata
DE-G-09175127,Markt Schwaben,gemeinde,Bayern,markt-schwaben.de,http://www.markt-schwaben.de,wikidata
DE-G-09175132,Vaterstetten,gemeinde,Bayern,vaterstetten.de,https://www.vaterstetten.de/,wikidata
DE-G-09175133,Pliening,gemeinde,Bayern,pliening.de,https://www.pliening.de/,wikidata
DE-G-09175135,Poing,gemeinde,Bayern,poing.de,https://www.poing.de/,wikidata
DE-G-09175137,Steinhöring,gemeinde,Bayern,gemeinde-steinhoering.de,http://www.gemeinde-steinhoering.de,wikidata
DE-G-09175139,Zorneding,gemeinde,Bayern,zorneding.de,http://www.zorneding.de,wikidata
DE-G-09176112,Altmannstein,gemeinde,Bayern,altmannstein.de,https://altmannstein.de,wikidata
DE-G-09176114,Beilngries,gemeinde,Bayern,beilngries.de,https://www.beilngries.de/,wikidata
DE-G-09176118,Buxheim,gemeinde,Bayern,buxheim.eu,http://www.buxheim.eu/,wikidata
DE-G-09176120,Denkendorf,gemeinde,Bayern,gemeinde-denkendorf.de,http://www.gemeinde-denkendorf.de/,wikidata
DE-G-09176121,Dollnstein,gemeinde,Bayern,dollnstein.de,http://www.dollnstein.de/,wikidata
DE-G-09176123,Eichstätt,gemeinde,Bayern,eichstaett.de,https://www.eichstaett.de/,wikidata
DE-G-09176126,Gaimersheim,gemeinde,Bayern,gaimersheim.de,http://www.gaimersheim.de,wikidata
DE-G-09176129,Großmehring,gemeinde,Bayern,grossmehring.de,https://grossmehring.de,wikidata
DE-G-09176131,Hepberg,gemeinde,Bayern,hepberg.de,http://www.hepberg.de,wikidata
DE-G-09176132,Hitzhofen,gemeinde,Bayern,hitzhofen.de,https://hitzhofen.de,wikidata
DE-G-09176137,Kinding,gemeinde,Bayern,kinding.de,https://www.kinding.de/,wikidata
DE-G-09176138,Kipfenberg,gemeinde,Bayern,kipfenberg.de,http://www.kipfenberg.de,wikidata
DE-G-09176139,Kösching,gemeinde,Bayern,markt-koesching.de,https://www.markt-koesching.de/,wikidata
DE-G-09176143,Lenting,gemeinde,Bayern,lenting.de,http://www.lenting.de,wikidata
DE-G-09176148,Mörnsheim,gemeinde,Bayern,moernsheim.de,http://www.moernsheim.de,wikidata
DE-G-09176161,Stammham,gemeinde,Bayern,stammham.de,http://www.stammham.de,wikidata
DE-G-09176164,Titting,gemeinde,Bayern,titting.de,http://www.titting.de,wikidata
DE-G-09176166,Wellheim,gemeinde,Bayern,wellheim.de,http://www.wellheim.de,wikidata
DE-G-09176167,Wettstetten,gemeinde,Bayern,wettstetten.de,http://www.wettstetten.de,wikidata
DE-G-09177113,Bockhorn,gemeinde,Bayern,bockhorn-obb.de,http://www.bockhorn-obb.de,wikidata
DE-G-09177115,Dorfen,gemeinde,Bayern,dorfen.de,https://www.dorfen.de/,wikidata
DE-G-09177117,Erding,gemeinde,Bayern,erding.de,http://www.erding.de/,wikidata
DE-G-09177118,Finsing,gemeinde,Bayern,finsing.de,https://www.finsing.de/,wikidata
DE-G-09177119,Forstern,gemeinde,Bayern,gmd-forstern.de,http://www.gmd-forstern.de,wikidata
DE-G-09177120,Fraunberg,gemeinde,Bayern,fraunberg.de,https://www.fraunberg.de/,wikidata
DE-G-09177123,Isen,gemeinde,Bayern,markt-isen.de,https://www.markt-isen.de/,wikidata
DE-G-09177127,Lengdorf,gemeinde,Bayern,lengdorf.de,https://www.lengdorf.de/,wikidata
DE-G-09177130,Moosinning,gemeinde,Bayern,moosinning.de,http://www.moosinning.de,wikidata
DE-G-09177137,Sankt Wolfgang,gemeinde,Bayern,st-wolfgang-ob.de,http://www.st-wolfgang-ob.de,wikidata
DE-G-09177139,Taufkirchen (Vils),gemeinde,Bayern,taufkirchen.de,http://www.taufkirchen.de,wikidata
DE-G-09178116,Au i.d.Hallertau,gemeinde,Bayern,markt-au.de,http://www.markt-au.de/,wikidata
DE-G-09178120,Eching,gemeinde,Bayern,eching.de,http://www.eching.de/,wikidata
DE-G-09178122,Rudelzhausen,gemeinde,Bayern,gemeinde-rudelzhausen.de,https://gemeinde-rudelzhausen.de,wikidata
DE-G-09178123,Fahrenzhausen,gemeinde,Bayern,fahrenzhausen.de,http://www.fahrenzhausen.de,wikidata
DE-G-09178124,Freising,gemeinde,Bayern,freising.de,https://www.freising.de/,wikidata
DE-G-09178130,Hallbergmoos,gemeinde,Bayern,hallbergmoos.de,http://www.hallbergmoos.de,wikidata
DE-G-09178133,Hohenkammer,gemeinde,Bayern,hohenkammer.de,http://www.hohenkammer.de,wikidata
DE-G-09178136,Kirchdorf a.d.Amper,gemeinde,Bayern,kirchdorf-amper.de,https://www.kirchdorf-amper.de/,wikidata
DE-G-09178137,Kranzberg,gemeinde,Bayern,kranzberg.de,http://www.kranzberg.de,wikidata
DE-G-09178138,Langenbach,gemeinde,Bayern,gemeinde-langenbach.de,http://www.gemeinde-langenbach.de,wikidata
DE-G-09178140,Marzling,gemeinde,Bayern,marzling.de,https://marzling.de,wikidata
DE-G-09178143,Moosburg a.d.Isar,gemeinde,Bayern,moosburg.de,https://www.moosburg.de,wikidata
DE-G-09178144,Nandlstadt,gemeinde,Bayern,markt-nandlstadt.de,http://www.markt-nandlstadt.de,wikidata
DE-G-09178145,Neufahrn b.Freising,gemeinde,Bayern,neufahrn.de,https://www.neufahrn.de/,wikidata
DE-G-09179113,Alling,gemeinde,Bayern,alling.de,http://www.alling.de/,wikidata
DE-G-09179117,Egenhofen,gemeinde,Bayern,egenhofen.de,http://www.egenhofen.de/,wikidata
DE-G-09179118,Eichenau,gemeinde,Bayern,eichenau.org,https://www.eichenau.org/,wikidata
DE-G-09179119,Emmering,gemeinde,Bayern,emmering.de,http://www.emmering.de,wikidata
DE-G-09179121,Fürstenfeldbruck,gemeinde,Bayern,fuerstenfeldbruck.de,https://www.fuerstenfeldbruck.de/,wikidata
DE-G-09179123,Germering,gemeinde,Bayern,germering.de,https://www.germering.de/,wikidata
DE-G-09179126,Gröbenzell,gemeinde,Bayern,groebenzell.de,https://www.groebenzell.de/,wikidata
DE-G-09179134,Maisach,gemeinde,Bayern,maisach.de,http://www.maisach.de,wikidata
DE-G-09179138,Moorenweis,gemeinde,Bayern,moorenweis.de,https://moorenweis.de,wikidata
DE-G-09179142,Olching,gemeinde,Bayern,olching.de,https://www.olching.de/,wikidata
DE-G-09179145,Puchheim,gemeinde,Bayern,puchheim.de,https://www.puchheim.de/,wikidata
DE-G-09179149,Türkenfeld,gemeinde,Bayern,tuerkenfeld.de,http://www.tuerkenfeld.de,wikidata
DE-G-09180112,Bad Kohlgrub,gemeinde,Bayern,bad-kohlgrub.de,http://www.bad-kohlgrub.de/,wikidata
DE-G-09180116,Farchant,gemeinde,Bayern,gemeinde-farchant.de,http://www.gemeinde-farchant.de,wikidata
DE-G-09180117,Garmisch-Partenkirchen,gemeinde,Bayern,gapa.de,https://www.gapa.de/,wikidata
DE-G-09180118,Grainau,gemeinde,Bayern,grainau.de,https://www.grainau.de/,wikidata
DE-G-09180122,Krün,gemeinde,Bayern,kruen.de,http://www.kruen.de,wikidata
DE-G-09180123,Mittenwald,gemeinde,Bayern,mittenwald.de,http://www.mittenwald.de,wikidata
DE-G-09180124,Murnau a.Staffelsee,gemeinde,Bayern,murnau.de,http://www.murnau.de,wikidata
DE-G-09180125,Oberammergau,gemeinde,Bayern,gemeinde-oberammergau.de,http://www.gemeinde-oberammergau.de,wikidata
DE-G-09180126,Oberau,gemeinde,Bayern,gemeinde-oberau.de,https://www.gemeinde-oberau.de/,wikidata
DE-G-09180134,Uffing a.Staffelsee,gemeinde,Bayern,uffing.de,http://www.uffing.de,wikidata
DE-G-09180136,Wallgau,gemeinde,Bayern,wallgau.de,http://www.wallgau.de,wikidata
DE-G-09181113,Denklingen,gemeinde,Bayern,denklingen.de,https://www.denklingen.de/,wikidata
DE-G-09181114,Dießen am Ammersee,gemeinde,Bayern,diessen.de,https://www.diessen.de/,wikidata
DE-G-09181116,Egling a.d.Paar,gemeinde,Bayern,egling.com,http://www.egling.com/,wikidata
DE-G-09181122,Geltendorf,gemeinde,Bayern,geltendorf.de,http://www.geltendorf.de,wikidata
DE-G-09181128,Kaufering,gemeinde,Bayern,kaufering.de,http://www.kaufering.de,wikidata
DE-G-09181130,Landsberg am Lech,gemeinde,Bayern,landsberg.de,http://www.landsberg.de,wikidata
DE-G-09181132,Penzing,gemeinde,Bayern,penzing.de,https://www.penzing.de/,wikidata
DE-G-09181144,Utting am Ammersee,gemeinde,Bayern,utting.de,https://www.utting.de/,wikidata
DE-G-09181145,Weil,gemeinde,Bayern,weil.de,https://www.weil.de/,wikidata
DE-G-09182111,Bad Wiessee,gemeinde,Bayern,bad-wiessee.de,http://www.bad-wiessee.de/,wikidata
DE-G-09182112,Bayrischzell,gemeinde,Bayern,bayrischzell.de,http://www.bayrischzell.de/,wikidata
DE-G-09182114,Fischbachau,gemeinde,Bayern,fischbachau.de,https://gemeinde.fischbachau.de,wikidata
DE-G-09182116,Gmund a.Tegernsee,gemeinde,Bayern,gmund.de,http://gemeinde.gmund.de,wikidata
DE-G-09182119,Hausham,gemeinde,Bayern,hausham.de,http://www.hausham.de,wikidata
DE-G-09182120,Holzkirchen,gemeinde,Bayern,holzkirchen.de,https://www.holzkirchen.de/,wikidata
DE-G-09182123,Irschenberg,gemeinde,Bayern,irschenberg.com,http://www.irschenberg.com,wikidata
DE-G-09182124,Kreuth,gemeinde,Bayern,rathaus-kreuth.de,http://www.rathaus-kreuth.de,wikidata
DE-G-09182125,Miesbach,gemeinde,Bayern,miesbach.de,https://www.miesbach.de/,wikidata
DE-G-09182127,Otterfing,gemeinde,Bayern,otterfing.de,http://www.otterfing.de,wikidata
DE-G-09182129,Rottach-Egern,gemeinde,Bayern,rathaus-rottach-egern.de,http://www.rathaus-rottach-egern.de,wikidata
DE-G-09182131,Schliersee,gemeinde,Bayern,schliersee.de,http://www.schliersee.de,wikidata
DE-G-09182132,Tegernsee,gemeinde,Bayern,rathaus-tegernsee.de,http://www.rathaus-tegernsee.de,wikidata
DE-G-09182133,Valley,gemeinde,Bayern,gemeinde-valley.de,https://www.gemeinde-valley.de/,wikidata
DE-G-09182134,Waakirchen,gemeinde,Bayern,waakirchen.de,http://www.waakirchen.de,wikidata
DE-G-09182136,Warngau,gemeinde,Bayern,warngau.de,https://www.warngau.de/,wikidata
DE-G-09182137,Weyarn,gemeinde,Bayern,weyarn.de,http://www.weyarn.de,wikidata
DE-G-09183112,Ampfing,gemeinde,Bayern,ampfing.de,http://www.ampfing.de/,wikidata
DE-G-09183113,Aschau a.Inn,gemeinde,Bayern,aschau-a-inn.de,http://www.aschau-a-inn.de,wikidata
DE-G-09183114,Buchbach,gemeinde,Bayern,buchbach.de,http://www.buchbach.de,wikidata
DE-G-09183119,Haag i.OB,gemeinde,Bayern,markt-haag.de,https://www.markt-haag.de/,wikidata
DE-G-09183127,Mettenheim,gemeinde,Bayern,gemeinde-mettenheim.de,http://www.gemeinde-mettenheim.de,wikidata
DE-G-09183128,Mühldorf a.Inn,gemeinde,Bayern,muehldorf.de,http://www.muehldorf.de,wikidata
DE-G-09183135,Obertaufkirchen,gemeinde,Bayern,obertaufkirchen.de,http://www.obertaufkirchen.de,wikidata
DE-G-09183144,Schwindegg,gemeinde,Bayern,gemeinde-schwindegg.de,http://gemeinde-schwindegg.de,wikidata
DE-G-09183148,Waldkraiburg,gemeinde,Bayern,waldkraiburg.de,https://www.waldkraiburg.de,wikidata
DE-G-09184112,Aschheim,gemeinde,Bayern,aschheim.de,https://www.aschheim.de/,wikidata
DE-G-09184113,Baierbrunn,gemeinde,Bayern,baierbrunn.org,https://www.baierbrunn.org/,wikidata
DE-G-09184114,Brunnthal,gemeinde,Bayern,brunnthal.de,https://www.brunnthal.de/,wikidata
DE-G-09184118,Feldkirchen,gemeinde,Bayern,feldkirchen.de,https://www.feldkirchen.de/,wikidata
DE-G-09184119,Garching b.München,gemeinde,Bayern,garching.de,https://www.garching.de/,wikidata
DE-G-09184120,Gräfelfing,gemeinde,Bayern,graefelfing.de,https://www.graefelfing.de/,wikidata
DE-G-09184121,Grasbrunn,gemeinde,Bayern,grasbrunn.de,https://www.grasbrunn.de/,wikidata
DE-G-09184122,Grünwald,gemeinde,Bayern,gemeinde-gruenwald.de,https://www.gemeinde-gruenwald.de/,wikidata
DE-G-09184123,Haar,gemeinde,Bayern,stadt-haar.de,https://www.stadt-haar.de/,wikidata
DE-G-09184127,Höhenkirchen-Siegertsbrunn,gemeinde,Bayern,hoehenkirchen-siegertsbrunn.de,https://www.hoehenkirchen-siegertsbrunn.de/,wikidata
DE-G-09184129,Hohenbrunn,gemeinde,Bayern,hohenbrunn.de,https://hohenbrunn.de/,wikidata
DE-G-09184130,Ismaning,gemeinde,Bayern,ismaning.de,https://ismaning.de/,wikidata
DE-G-09184131,Kirchheim b.München,gemeinde,Bayern,kirchheim-heimstetten.de,https://www.kirchheim-heimstetten.de/,wikidata
DE-G-09184132,Neuried,gemeinde,Bayern,neuried.de,https://www.neuried.de/,wikidata
DE-G-09184134,Oberhaching,gemeinde,Bayern,oberhaching.de,https://www.oberhaching.de/,wikidata
DE-G-09184135,Oberschleißheim,gemeinde,Bayern,oberschleissheim.de,https://www.oberschleissheim.de/,wikidata
DE-G-09184136,Ottobrunn,gemeinde,Bayern,ottobrunn.de,https://www.ottobrunn.de/,wikidata
DE-G-09184137,Aying,gemeinde,Bayern,aying.de,https://aying.de/,wikidata
DE-G-09184138,Planegg,gemeinde,Bayern,planegg.de,https://www.planegg.de/,wikidata
DE-G-09184139,Pullach i.Isartal,gemeinde,Bayern,pullach.de,https://www.pullach.de/,wikidata
DE-G-09184140,Putzbrunn,gemeinde,Bayern,putzbrunn.de,https://www.putzbrunn.de/,wikidata
DE-G-09184141,Sauerlach,gemeinde,Bayern,sauerlach.de,https://www.sauerlach.de/,wikidata
DE-G-09184142,Schäftlarn,gemeinde,Bayern,schaeftlarn.de,https://www.schaeftlarn.de/,wikidata
DE-G-09184144,Straßlach-Dingharting,gemeinde,Bayern,strasslach-dingharting.de,https://www.strasslach-dingharting.de/,wikidata
DE-G-09184145,Taufkirchen,gemeinde,Bayern,meintaufkirchen.de,https://www.meintaufkirchen.de/,wikidata
DE-G-09184146,Neubiberg,gemeinde,Bayern,neubiberg.de,https://www.neubiberg.de/,wikidata
DE-G-09184147,Unterföhring,gemeinde,Bayern,unterfoehring.de,https://www.unterfoehring.de/,wikidata
DE-G-09184148,Unterhaching,gemeinde,Bayern,unterhaching.de,https://www.unterhaching.de/,wikidata
DE-G-09184149,Unterschleißheim,gemeinde,Bayern,unterschleissheim.de,https://www.unterschleissheim.de/,wikidata
DE-G-09185113,Aresing,gemeinde,Bayern,aresing.de,http://www.aresing.de,wikidata
DE-G-09185125,Burgheim,gemeinde,Bayern,burgheim.de,http://www.burgheim.de/,wikidata
DE-G-09185127,Ehekirchen,gemeinde,Bayern,ehekirchen.de,https://www.ehekirchen.de/,wikidata
DE-G-09185139,Karlshuld,gemeinde,Bayern,karlshuld.de,http://www.karlshuld.de,wikidata
DE-G-09185140,Karlskron,gemeinde,Bayern,karlskron.de,http://www.karlskron.de,wikidata
DE-G-09185149,Neuburg a.d.Donau,gemeinde,Bayern,neuburg-donau.de,https://www.neuburg-donau.de/,wikidata
DE-G-09185150,Oberhausen,gemeinde,Bayern,gemeinde-oberhausen.de,http://www.gemeinde-oberhausen.de,wikidata
DE-G-09185153,Rennertshofen,gemeinde,Bayern,rennertshofen.de,http://www.rennertshofen.de,wikidata
DE-G-09185158,Schrobenhausen,gemeinde,Bayern,schrobenhausen.de,https://www.schrobenhausen.de/,wikidata
DE-G-09185163,Königsmoos,gemeinde,Bayern,koenigsmoos.de,http://www.koenigsmoos.de,wikidata
DE-G-09185168,Weichering,gemeinde,Bayern,weichering.de,http://www.weichering.de,wikidata
DE-G-09186113,Baar-Ebenhausen,gemeinde,Bayern,baar-ebenhausen.de,http://www.baar-ebenhausen.de,wikidata
DE-G-09186125,Gerolsbach,gemeinde,Bayern,gerolsbach.de,https://gerolsbach.de,wikidata
DE-G-09186128,Hohenwart,gemeinde,Bayern,markt-hohenwart.de,http://www.markt-hohenwart.de,wikidata
DE-G-09186132,Jetzendorf,gemeinde,Bayern,jetzendorf.de,http://www.jetzendorf.de,wikidata
DE-G-09186137,Manching,gemeinde,Bayern,manching.de,https://manching.de,wikidata
DE-G-09186139,Münchsmünster,gemeinde,Bayern,muenchsmuenster.de,https://www.muenchsmuenster.de/,wikidata
DE-G-09186143,Pfaffenhofen a.d.Ilm,gemeinde,Bayern,pfaffenhofen.de,http://www.pfaffenhofen.de,wikidata
DE-G-09186146,Reichertshausen,gemeinde,Bayern,reichertshausen.de,https://www.reichertshausen.de/,wikidata
DE-G-09186149,Rohrbach,gemeinde,Bayern,rohrbach-ilm.de,http://www.rohrbach-ilm.de,wikidata
DE-G-09186151,Scheyern,gemeinde,Bayern,scheyern.de,http://www.scheyern.de,wikidata
DE-G-09186152,Schweitenkirchen,gemeinde,Bayern,schweitenkirchen.de,https://www.schweitenkirchen.de/,wikidata
DE-G-09186158,Vohburg a.d.Donau,gemeinde,Bayern,vohburg.de,http://www.vohburg.de,wikidata
DE-G-09186162,Wolnzach,gemeinde,Bayern,wolnzach.de,https://www.wolnzach.de/,wikidata
DE-G-09187113,Amerang,gemeinde,Bayern,amerang.de,http://www.amerang.de/,wikidata
DE-G-09187114,Aschau i.Chiemgau,gemeinde,Bayern,aschau.de,http://www.aschau.de/,wikidata
DE-G-09187116,Babensham,gemeinde,Bayern,babensham.de,http://www.babensham.de/,wikidata
DE-G-09187117,Bad Aibling,gemeinde,Bayern,bad-aibling.de,https://www.bad-aibling.de/,wikidata
DE-G-09187118,Bernau a.Chiemsee,gemeinde,Bayern,bernau-am-chiemsee.de,https://www.bernau-am-chiemsee.de/,wikidata
DE-G-09187120,Brannenburg,gemeinde,Bayern,gemeinde-brannenburg.de,http://www.gemeinde-brannenburg.de/,wikidata
DE-G-09187122,Bruckmühl,gemeinde,Bayern,bruckmuehl.de,https://www.bruckmuehl.de/,wikidata
DE-G-09187124,Edling,gemeinde,Bayern,edling.de,https://www.edling.de/,wikidata
DE-G-09187125,Eggstätt,gemeinde,Bayern,eggstaett.de,http://www.eggstaett.de/,wikidata
DE-G-09187126,Eiselfing,gemeinde,Bayern,eiselfing.eu,http://www.eiselfing.eu/,wikidata
DE-G-09187128,Bad Endorf,gemeinde,Bayern,bad-endorf.de,https://bad-endorf.de,wikidata
DE-G-09187129,Bad Feilnbach,gemeinde,Bayern,bad-feilnbach.de,http://www.bad-feilnbach.de/,wikidata
DE-G-09187130,Feldkirchen-Westerham,gemeinde,Bayern,feldkirchen-westerham.de,http://feldkirchen-westerham.de,wikidata
DE-G-09187131,Flintsbach a.Inn,gemeinde,Bayern,flintsbach.de,http://www.flintsbach.de,wikidata
DE-G-09187132,Frasdorf,gemeinde,Bayern,frasdorf.de,http://www.frasdorf.de,wikidata
DE-G-09187134,Griesstätt,gemeinde,Bayern,griesstaett.de,http://www.griesstaett.de,wikidata
DE-G-09187137,Großkarolinenfeld,gemeinde,Bayern,grosskarolinenfeld.de,http://www.grosskarolinenfeld.de,wikidata
DE-G-09187142,Schechen,gemeinde,Bayern,schechen.de,http://www.schechen.de,wikidata
DE-G-09187148,Kiefersfelden,gemeinde,Bayern,kiefersfelden.de,http://www.kiefersfelden.de,wikidata
DE-G-09187150,Kolbermoor,gemeinde,Bayern,kolbermoor.de,https://www.kolbermoor.de/,wikidata
DE-G-09187154,Neubeuern,gemeinde,Bayern,kulturdorf-neubeuern.de,https://kulturdorf-neubeuern.de/,wikidata
DE-G-09187156,Nußdorf a.Inn,gemeinde,Bayern,nussdorf.de,http://www.nussdorf.de,wikidata
DE-G-09187157,Oberaudorf,gemeinde,Bayern,oberaudorf.de,https://www.oberaudorf.de/,wikidata
DE-G-09187162,Prien a.Chiemsee,gemeinde,Bayern,prien.de,https://www.prien.de/,wikidata
DE-G-09187163,Prutting,gemeinde,Bayern,prutting.de,http://www.prutting.de,wikidata
DE-G-09187165,Raubling,gemeinde,Bayern,raubling.de,http://www.raubling.de,wikidata
DE-G-09187167,Riedering,gemeinde,Bayern,riedering.de,http://www.riedering.de,wikidata
DE-G-09187168,Rimsting,gemeinde,Bayern,rimsting.de,https://www.rimsting.de/,wikidata
DE-G-09187169,Rohrdorf,gemeinde,Bayern,rohrdorf.de,http://www.rohrdorf.de,wikidata
DE-G-09187172,Samerberg,gemeinde,Bayern,samerberg.de,http://www.samerberg.de,wikidata
DE-G-09187174,Söchtenau,gemeinde,Bayern,soechtenau.de,http://www.soechtenau.de,wikidata
DE-G-09187176,Soyen,gemeinde,Bayern,soyen.de,http://www.soyen.de,wikidata
DE-G-09187177,Stephanskirchen,gemeinde,Bayern,stephanskirchen.de,https://www.stephanskirchen.de/,wikidata
DE-G-09187179,Tuntenhausen,gemeinde,Bayern,tuntenhausen.de,https://www.tuntenhausen.de/,wikidata
DE-G-09187181,Vogtareuth,gemeinde,Bayern,vogtareuth.de,http://www.vogtareuth.de,wikidata
DE-G-09187182,Wasserburg a.Inn,gemeinde,Bayern,wasserburg.de,http://www.wasserburg.de,wikidata
DE-G-09188113,Berg,gemeinde,Bayern,gemeinde-berg.de,https://www.gemeinde-berg.de/,wikidata
DE-G-09188117,Andechs,gemeinde,Bayern,gemeinde-andechs.de,https://www.gemeinde-andechs.de/,wikidata
DE-G-09188118,Feldafing,gemeinde,Bayern,feldafing.de,https://www.feldafing.de/,wikidata
DE-G-09188120,Gauting,gemeinde,Bayern,gauting.de,http://www.gauting.de,wikidata
DE-G-09188121,Gilching,gemeinde,Bayern,gilching.de,https://www.gilching.de/,wikidata
DE-G-09188124,Herrsching a.Ammersee,gemeinde,Bayern,herrsching.de,https://www.herrsching.de/,wikidata
DE-G-09188126,Inning a.Ammersee,gemeinde,Bayern,inning.de,https://www.inning.de/,wikidata
DE-G-09188127,Krailling,gemeinde,Bayern,krailling.de,http://www.krailling.de,wikidata
DE-G-09188132,Seefeld,gemeinde,Bayern,seefeld.de,http://www.seefeld.de,wikidata
DE-G-09188137,Pöcking,gemeinde,Bayern,poecking.de,https://www.poecking.de/,wikidata
DE-G-09188139,Starnberg,gemeinde,Bayern,starnberg.de,https://www.starnberg.de/,wikidata
DE-G-09188141,Tutzing,gemeinde,Bayern,tutzing.de,http://www.tutzing.de,wikidata
DE-G-09188144,Weßling,gemeinde,Bayern,gemeinde-wessling.de,https://www.gemeinde-wessling.de/,wikidata
DE-G-09188145,Wörthsee,gemeinde,Bayern,woerthsee-online.de,https://www.woerthsee-online.de/,wikidata
DE-G-09189111,Altenmarkt a.d.Alz,gemeinde,Bayern,altenmarkt.de,http://www.altenmarkt.de/,wikidata
DE-G-09189114,Chieming,gemeinde,Bayern,chieming.de,https://chieming.de,wikidata
DE-G-09189115,Engelsberg,gemeinde,Bayern,engelsberg-info.de,http://www.engelsberg-info.de/,wikidata
DE-G-09189118,Fridolfing,gemeinde,Bayern,fridolfing.de,http://www.fridolfing.de,wikidata
DE-G-09189119,Grabenstätt,gemeinde,Bayern,grabenstaett.de,http://www.grabenstaett.de,wikidata
DE-G-09189120,Grassau,gemeinde,Bayern,grassau.de,https://grassau.de,wikidata
DE-G-09189124,Inzell,gemeinde,Bayern,gemeindeverwaltung-inzell.de,http://www.gemeindeverwaltung-inzell.de,wikidata
DE-G-09189127,Kirchanschöring,gemeinde,Bayern,kirchanschoering.info,https://www.kirchanschoering.info/,wikidata
DE-G-09189130,Nußdorf,gemeinde,Bayern,nussdorf-chiemgau.de,http://www.nussdorf-chiemgau.de,wikidata
DE-G-09189134,Palling,gemeinde,Bayern,palling.de,http://www.palling.de,wikidata
DE-G-09189135,Petting,gemeinde,Bayern,gemeinde-petting.de,https://gemeinde-petting.de/,wikidata
DE-G-09189139,Reit im Winkl,gemeinde,Bayern,reitimwinkl.de,https://www.reitimwinkl.de/,wikidata
DE-G-09189140,Ruhpolding,gemeinde,Bayern,ruhpolding-rathaus.de,http://www.ruhpolding-rathaus.de,wikidata
DE-G-09189141,Schleching,gemeinde,Bayern,schleching.de,https://www.schleching.de/,wikidata
DE-G-09189142,Schnaitsee,gemeinde,Bayern,schnaitsee.de,http://www.schnaitsee.de,wikidata
DE-G-09189143,Seeon-Seebruck,gemeinde,Bayern,seeon-seebruck.de,http://www.seeon-seebruck.de,wikidata
DE-G-09189145,Siegsdorf,gemeinde,Bayern,siegsdorf.de,https://siegsdorf.de,wikidata
DE-G-09189148,Surberg,gemeinde,Bayern,gemeinde-surberg.de,https://www.gemeinde-surberg.de/,wikidata
DE-G-09189149,Tacherting,gemeinde,Bayern,tacherting.de,http://www.tacherting.de,wikidata
DE-G-09189152,Tittmoning,gemeinde,Bayern,tittmoning.de,http://www.tittmoning.de,wikidata
DE-G-09189154,Traunreut,gemeinde,Bayern,traunreut.de,http://www.traunreut.de,wikidata
DE-G-09189155,Traunstein,gemeinde,Bayern,traunstein.de,https://www.traunstein.de/,wikidata
DE-G-09189157,Trostberg,gemeinde,Bayern,trostberg.de,https://www.trostberg.de/,wikidata
DE-G-09189159,Übersee,gemeinde,Bayern,uebersee.com,https://www.uebersee.com/,wikidata
DE-G-09189160,Unterwössen,gemeinde,Bayern,unterwoessen.de,https://www.unterwoessen.de/,wikidata
DE-G-09190115,Bernried am Starnberger See,gemeinde,Bayern,bernried.de,http://www.bernried.de,wikidata
DE-G-09190130,Hohenpeißenberg,gemeinde,Bayern,hohenpeissenberg.de,https://www.hohenpeissenberg.de/,wikidata
DE-G-09190138,Pähl,gemeinde,Bayern,gemeinde-paehl.de,https://www.gemeinde-paehl.de,wikidata
DE-G-09190139,Peißenberg,gemeinde,Bayern,peissenberg.de,https://peissenberg.de,wikidata
DE-G-09190140,Peiting,gemeinde,Bayern,peiting.de,https://peiting.de,wikidata
DE-G-09190141,Penzberg,gemeinde,Bayern,penzberg.de,http://www.penzberg.de,wikidata
DE-G-09190142,Polling,gemeinde,Bayern,polling.de,https://www.polling.de/,wikidata
DE-G-09190144,Raisting,gemeinde,Bayern,raisting.de,https://raisting.de/,wikidata
DE-G-09190148,Schongau,gemeinde,Bayern,schongau.de,http://www.schongau.de,wikidata
DE-G-09190157,Weilheim i.OB,gemeinde,Bayern,weilheim.de,https://www.weilheim.de/,wikidata
DE-G-09190158,Wessobrunn,gemeinde,Bayern,wessobrunn.de,https://www.wessobrunn.de/,wikidata
DE-G-09190159,Wielenbach,gemeinde,Bayern,wielenbach.de,http://www.wielenbach.de,wikidata
DE-G-09261000,Landshut,gemeinde,Bayern,landshut.de,https://landshut.de/,wikidata
DE-G-09262000,Passau,gemeinde,Bayern,passau.de,https://www.passau.de/,wikidata
DE-G-09263000,Straubing,gemeinde,Bayern,straubing.de,http://www.straubing.de,wikidata
DE-G-09271111,Aholming,gemeinde,Bayern,aholming.de,http://www.aholming.de,wikidata
DE-G-09271113,Auerbach,gemeinde,Bayern,gemeinde-auerbach.de,https://gemeinde-auerbach.de,wikidata
DE-G-09271116,Bernried,gemeinde,Bayern,bernried-niederbayern.de,http://www.bernried-niederbayern.de/,wikidata
DE-G-09271119,Deggendorf,gemeinde,Bayern,deggendorf.de,https://www.deggendorf.de/,wikidata
DE-G-09271122,Grafling,gemeinde,Bayern,grafling.de,https://www.grafling.de,wikidata
DE-G-09271125,Hengersberg,gemeinde,Bayern,hengersberg.de,http://www.hengersberg.de,wikidata
DE-G-09271127,Iggensbach,gemeinde,Bayern,iggensbach.de,http://www.iggensbach.de,wikidata
DE-G-09271128,Künzing,gemeinde,Bayern,kuenzing.de,https://www.kuenzing.de/,wikidata
DE-G-09271132,Metten,gemeinde,Bayern,markt-metten.de,http://www.markt-metten.de,wikidata
DE-G-09271138,Niederalteich,gemeinde,Bayern,niederalteich.de,http://www.niederalteich.de,wikidata
DE-G-09271140,Offenberg,gemeinde,Bayern,offenberg.de,http://www.offenberg.de,wikidata
DE-G-09271141,Osterhofen,gemeinde,Bayern,osterhofen.de,https://www.osterhofen.de/,wikidata
DE-G-09271146,Plattling,gemeinde,Bayern,plattling.de,https://plattling.de,wikidata
DE-G-09271151,Stephansposching,gemeinde,Bayern,stephansposching.de,http://www.stephansposching.de,wikidata
DE-G-09271153,Winzer,gemeinde,Bayern,marktwinzer.de,http://www.marktwinzer.de,wikidata
DE-G-09272118,Freyung,gemeinde,Bayern,freyung.de,http://www.freyung.de,wikidata
DE-G-09272120,Grafenau,gemeinde,Bayern,grafenau.de,http://www.grafenau.de,wikidata
DE-G-09272121,Grainet,gemeinde,Bayern,grainet.de,http://www.grainet.de,wikidata
DE-G-09272122,Haidmühle,gemeinde,Bayern,haidmuehle.eu,https://haidmuehle.eu/,wikidata
DE-G-09272127,Hohenau,gemeinde,Bayern,hohenau.de,https://www.hohenau.de/,wikidata
DE-G-09272129,Jandelsbrunn,gemeinde,Bayern,jandelsbrunn.de,https://jandelsbrunn.de,wikidata
DE-G-09272134,Mauth,gemeinde,Bayern,mauth.de,http://www.mauth.de,wikidata
DE-G-09272136,Neureichenau,gemeinde,Bayern,neureichenau.de,https://www.neureichenau.de/,wikidata
DE-G-09272140,Ringelai,gemeinde,Bayern,ringelai.de,http://www.ringelai.de,wikidata
DE-G-09272141,Röhrnbach,gemeinde,Bayern,marktroehrnbach.de,https://marktroehrnbach.de,wikidata
DE-G-09272142,Saldenburg,gemeinde,Bayern,saldenburg.de,https://saldenburg.de,wikidata
DE-G-09272143,Sankt Oswald-Riedlhütte,gemeinde,Bayern,sankt-oswald-riedlhuette.de,http://www.sankt-oswald-riedlhuette.de,wikidata
DE-G-09272146,Neuschönau,gemeinde,Bayern,neuschoenau.de,http://www.neuschoenau.de,wikidata
DE-G-09272149,Spiegelau,gemeinde,Bayern,gemeinde-spiegelau.de,http://www.gemeinde-spiegelau.de,wikidata
DE-G-09272151,Waldkirchen,gemeinde,Bayern,waldkirchen.de,https://waldkirchen.de/,wikidata
DE-G-09273111,Abensberg,gemeinde,Bayern,abensberg.de,https://www.abensberg.de/,wikidata
DE-G-09273116,Bad Abbach,gemeinde,Bayern,bad-abbach.de,http://www.bad-abbach.de/,wikidata
DE-G-09273137,Kelheim,gemeinde,Bayern,kelheim.de,https://www.kelheim.de/,wikidata
DE-G-09273147,Mainburg,gemeinde,Bayern,mainburg.de,https://www.mainburg.de/,wikidata
DE-G-09273152,Neustadt a.d.Donau,gemeinde,Bayern,neustadt-donau.de,https://www.neustadt-donau.de,wikidata
DE-G-09273159,Painten,gemeinde,Bayern,painten.de,http://www.painten.de,wikidata
DE-G-09273164,Riedenburg,gemeinde,Bayern,riedenburg.de,https://riedenburg.de,wikidata
DE-G-09273165,Rohr i.NB,gemeinde,Bayern,markt-rohr.de,http://www.markt-rohr.de,wikidata
DE-G-09274111,Adlkofen,gemeinde,Bayern,adlkofen.de,https://www.adlkofen.de/,wikidata
DE-G-09274113,Altdorf,gemeinde,Bayern,markt-altdorf.de,http://www.markt-altdorf.de/,wikidata
DE-G-09274120,Bodenkirchen,gemeinde,Bayern,gemeinde-bodenkirchen.de,http://www.gemeinde-bodenkirchen.de,wikidata
DE-G-09274121,Buch a.Erlbach,gemeinde,Bayern,buch-am-erlbach.de,http://www.buch-am-erlbach.de/,wikidata
DE-G-09274124,Eching,gemeinde,Bayern,eching-ndb.de,http://www.eching-ndb.de/,wikidata
DE-G-09274126,Ergolding,gemeinde,Bayern,ergolding.de,https://www.ergolding.de/,wikidata
DE-G-09274128,Essenbach,gemeinde,Bayern,essenbach.de,https://www.essenbach.de/,wikidata
DE-G-09274134,Geisenhausen,gemeinde,Bayern,geisenhausen.de,https://geisenhausen.de,wikidata
DE-G-09274141,Hohenthann,gemeinde,Bayern,hohenthann.de,https://www.hohenthann.de/,wikidata
DE-G-09274146,Kumhausen,gemeinde,Bayern,kumhausen.de,http://www.kumhausen.de,wikidata
DE-G-09274153,Neufahrn i.NB,gemeinde,Bayern,gemeinde-neufahrn.de,http://www.gemeinde-neufahrn.de,wikidata
DE-G-09274156,Niederaichbach,gemeinde,Bayern,gemeinde-niederaichbach.de,http://www.gemeinde-niederaichbach.de,wikidata
DE-G-09274172,Pfeffenhausen,gemeinde,Bayern,markt-pfeffenhausen.de,http://www.markt-pfeffenhausen.de,wikidata
DE-G-09274176,Rottenburg a.d.Laaber,gemeinde,Bayern,rottenburg-laaber.de,https://www.rottenburg-laaber.de/,wikidata
DE-G-09274182,Tiefenbach,gemeinde,Bayern,tiefenbach-gemeinde.de,http://www.tiefenbach-gemeinde.de,wikidata
DE-G-09274184,Vilsbiburg,gemeinde,Bayern,vilsbiburg.de,http://www.vilsbiburg.de,wikidata
DE-G-09274185,Vilsheim,gemeinde,Bayern,vilsheim.de,http://www.vilsheim.de,wikidata
DE-G-09274194,Bruckberg,gemeinde,Bayern,bruckberg.org,https://www.bruckberg.org/,wikidata
DE-G-09275111,Aicha vorm Wald,gemeinde,Bayern,aichavormwald.de,https://aichavormwald.de,wikidata
DE-G-09275114,Aldersbach,gemeinde,Bayern,aldersbach.de,https://www.aldersbach.de,wikidata
DE-G-09275116,Bad Füssing,gemeinde,Bayern,gde-badfuessing.de,http://www.gde-badfuessing.de/,wikidata
DE-G-09275118,Breitenberg,gemeinde,Bayern,breitenberg.de,http://www.breitenberg.de,wikidata
DE-G-09275119,Büchlberg,gemeinde,Bayern,buechlberg.de,https://www.buechlberg.de/,wikidata
DE-G-09275120,Eging a.See,gemeinde,Bayern,eging.de,http://www.eging.de,wikidata
DE-G-09275121,Fürstenstein,gemeinde,Bayern,fuerstenstein.de,http://www.fuerstenstein.de,wikidata
DE-G-09275122,Fürstenzell,gemeinde,Bayern,fuerstenzell.de,https://www.fuerstenzell.de/,wikidata
DE-G-09275124,Bad Griesbach i.Rottal,gemeinde,Bayern,bad-griesbach.de,https://bad-griesbach.de,wikidata
DE-G-09275125,Haarbach,gemeinde,Bayern,gemeinde-haarbach.de,http://www.gemeinde-haarbach.de,wikidata
DE-G-09275126,Hauzenberg,gemeinde,Bayern,hauzenberg.de,https://www.hauzenberg.de/,wikidata
DE-G-09275127,Hofkirchen,gemeinde,Bayern,hofkirchen.de,http://www.hofkirchen.de,wikidata
DE-G-09275128,Hutthurm,gemeinde,Bayern,hutthurm.de,http://www.hutthurm.de,wikidata
DE-G-09275130,Kirchham,gemeinde,Bayern,kirchham.de,https://www.kirchham.de/,wikidata
DE-G-09275131,Kößlarn,gemeinde,Bayern,koesslarn.de,http://www.koesslarn.de,wikidata
DE-G-09275133,Neuburg a.Inn,gemeinde,Bayern,neuburg-am-inn.de,http://www.neuburg-am-inn.de,wikidata
DE-G-09275134,Neuhaus a.Inn,gemeinde,Bayern,neuhaus-inn.de,https://www.neuhaus-inn.de/,wikidata
DE-G-09275135,Neukirchen vorm Wald,gemeinde,Bayern,neukirchen-vorm-wald.de,http://www.neukirchen-vorm-wald.de,wikidata
DE-G-09275137,Obernzell,gemeinde,Bayern,obernzell.de,https://www.obernzell.de/,wikidata
DE-G-09275138,Ortenburg,gemeinde,Bayern,ortenburg.de,http://www.ortenburg.de,wikidata
DE-G-09275141,Pocking,gemeinde,Bayern,pocking.de,https://www.pocking.de/,wikidata
DE-G-09275144,Ruderting,gemeinde,Bayern,ruderting.de,http://www.ruderting.de,wikidata
DE-G-09275145,Ruhstorf a.d.Rott,gemeinde,Bayern,ruhstorf.de,http://www.ruhstorf.de,wikidata
DE-G-09275146,Salzweg,gemeinde,Bayern,salzweg.de,http://www.salzweg.de,wikidata
DE-G-09275148,Sonnen,gemeinde,Bayern,sonnen.eu,http://www.sonnen.eu,wikidata
DE-G-09275149,Tettenweis,gemeinde,Bayern,tettenweis.de,http://www.tettenweis.de,wikidata
DE-G-09275150,Thyrnau,gemeinde,Bayern,thyrnau.de,http://www.thyrnau.de,wikidata
DE-G-09275151,Tiefenbach,gemeinde,Bayern,gemeinde-tiefenbach.de,http://www.gemeinde-tiefenbach.de,wikidata
DE-G-09275153,Untergriesbach,gemeinde,Bayern,untergriesbach.de,https://www.untergriesbach.de/,wikidata
DE-G-09275154,Vilshofen an der Donau,gemeinde,Bayern,vilshofen.de,https://www.vilshofen.de/,wikidata
DE-G-09275156,Wegscheid,gemeinde,Bayern,wegscheid.de,http://www.wegscheid.de,wikidata
DE-G-09275159,Windorf,gemeinde,Bayern,markt-windorf.de,http://www.markt-windorf.de,wikidata
DE-G-09276113,Arnbruck,gemeinde,Bayern,arnbruck.de,http://www.arnbruck.de/,wikidata
DE-G-09276115,Bayerisch Eisenstein,gemeinde,Bayern,bayerisch-eisenstein.de,https://www.bayerisch-eisenstein.de/,wikidata
DE-G-09276116,Bischofsmais,gemeinde,Bayern,bischofsmais.de,https://bischofsmais.de,wikidata
DE-G-09276117,Bodenmais,gemeinde,Bayern,bodenmais.de,http://www.bodenmais.de,wikidata
DE-G-09276118,Böbrach,gemeinde,Bayern,boebrach.de,http://www.boebrach.de,wikidata
DE-G-09276120,Drachselsried,gemeinde,Bayern,drachselsried.de,https://drachselsried.de,wikidata
DE-G-09276121,Frauenau,gemeinde,Bayern,frauenau.de,https://www.frauenau.de/,wikidata
DE-G-09276122,Geiersthal,gemeinde,Bayern,geiersthal.de,https://www.geiersthal.de/,wikidata
DE-G-09276126,Kirchberg i.Wald,gemeinde,Bayern,kirchbergimwald.de,https://www.kirchbergimwald.de/,wikidata
DE-G-09276127,Kirchdorf i.Wald,gemeinde,Bayern,kirchdorf-im-wald.de,https://kirchdorf-im-wald.de,wikidata
DE-G-09276128,Kollnburg,gemeinde,Bayern,kollnburg.de,http://www.kollnburg.de,wikidata
DE-G-09276129,Langdorf,gemeinde,Bayern,langdorf.de,http://www.langdorf.de,wikidata
DE-G-09276130,Lindberg,gemeinde,Bayern,gemeinde-lindberg.de,https://www.gemeinde-lindberg.de/,wikidata
DE-G-09276134,Patersdorf,gemeinde,Bayern,patersdorf.de,http://www.patersdorf.de,wikidata
DE-G-09276135,Prackenbach,gemeinde,Bayern,prackenbach.de,http://www.prackenbach.de,wikidata
DE-G-09276138,Regen,gemeinde,Bayern,regen.de,https://www.regen.de/,wikidata
DE-G-09276139,Rinchnach,gemeinde,Bayern,rinchnach.de,http://www.rinchnach.de,wikidata
DE-G-09276143,Teisnach,gemeinde,Bayern,teisnach.de,http://www.teisnach.de,wikidata
DE-G-09276144,Viechtach,gemeinde,Bayern,viechtach.de,https://www.viechtach.de/,wikidata
DE-G-09276148,Zwiesel,gemeinde,Bayern,zwiesel.de,http://www.zwiesel.de,wikidata
DE-G-09277111,Arnstorf,gemeinde,Bayern,arnstorf.de,http://www.arnstorf.de/,wikidata
DE-G-09277114,Dietersburg,gemeinde,Bayern,dietersburg.de,http://www.dietersburg.de,wikidata
DE-G-09277116,Eggenfelden,gemeinde,Bayern,eggenfelden.de,https://www.eggenfelden.de/,wikidata
DE-G-09277117,Egglham,gemeinde,Bayern,egglham.de,http://www.egglham.de/,wikidata
DE-G-09277121,Gangkofen,gemeinde,Bayern,gangkofen.de,http://www.gangkofen.de,wikidata
DE-G-09277124,Hebertsfelden,gemeinde,Bayern,hebertsfelden.de,http://www.hebertsfelden.de,wikidata
DE-G-09277126,Johanniskirchen,gemeinde,Bayern,johanniskirchen.de,https://johanniskirchen.de,wikidata
DE-G-09277127,Julbach,gemeinde,Bayern,julbach.de,https://www.julbach.de/,wikidata
DE-G-09277128,Kirchdorf a.Inn,gemeinde,Bayern,kirchdorfaminn.de,http://www.kirchdorfaminn.de,wikidata
DE-G-09277134,Mitterskirchen,gemeinde,Bayern,mitterskirchen.de,http://www.mitterskirchen.de,wikidata
DE-G-09277138,Pfarrkirchen,gemeinde,Bayern,pfarrkirchen.de,https://pfarrkirchen.de/,wikidata
DE-G-09277139,Postmünster,gemeinde,Bayern,postmuenster.de,http://www.postmuenster.de,wikidata
DE-G-09277142,Roßbach,gemeinde,Bayern,gemeinde-rossbach.de,http://www.gemeinde-rossbach.de,wikidata
DE-G-09277144,Schönau,gemeinde,Bayern,gemeinde-schoenau.de,https://www.gemeinde-schoenau.de/,wikidata
DE-G-09277145,Simbach a.Inn,gemeinde,Bayern,simbach.de,http://www.simbach.de,wikidata
DE-G-09277149,Triftern,gemeinde,Bayern,triftern.de,http://www.triftern.de,wikidata
DE-G-09277151,Unterdietfurt,gemeinde,Bayern,unterdietfurt.de,https://www.unterdietfurt.de/,wikidata
DE-G-09277152,Wittibreut,gemeinde,Bayern,wittibreut.de,https://wittibreut.de,wikidata
DE-G-09277153,Wurmannsquick,gemeinde,Bayern,wurmannsquick.de,http://www.wurmannsquick.de,wikidata
DE-G-09277154,Zeilarn,gemeinde,Bayern,zeilarn.de,https://www.zeilarn.de/,wikidata
DE-G-09278118,Bogen,gemeinde,Bayern,bogen.de,https://www.bogen.de/,wikidata
DE-G-09278121,Feldkirchen,gemeinde,Bayern,feldkirchen-gemeinde.de,http://www.feldkirchen-gemeinde.de,wikidata
DE-G-09278123,Geiselhöring,gemeinde,Bayern,geiselhoering.de,http://www.geiselhoering.de,wikidata
DE-G-09278129,Haibach,gemeinde,Bayern,haibach-elisabethszell.de,http://www.haibach-elisabethszell.de,wikidata
DE-G-09278141,Kirchroth,gemeinde,Bayern,kirchroth.de,http://www.kirchroth.de,wikidata
DE-G-09278143,Konzell,gemeinde,Bayern,konzell.de,https://www.konzell.de/,wikidata
DE-G-09278144,Laberweinting,gemeinde,Bayern,laberweinting.de,http://www.laberweinting.de,wikidata
DE-G-09278146,Leiblfing,gemeinde,Bayern,gemeinde-leiblfing.de,http://www.gemeinde-leiblfing.de,wikidata
DE-G-09278148,Mallersdorf-Pfaffenberg,gemeinde,Bayern,mallersdorf-pfaffenberg.de,http://www.mallersdorf-pfaffenberg.de,wikidata
DE-G-09278167,Oberschneiding,gemeinde,Bayern,oberschneiding.de,http://www.oberschneiding.de,wikidata
DE-G-09278170,Parkstetten,gemeinde,Bayern,parkstetten.de,http://www.parkstetten.de,wikidata
DE-G-09278178,Rattenberg,gemeinde,Bayern,rattenberg.de,http://www.rattenberg.de,wikidata
DE-G-09278184,Sankt Englmar,gemeinde,Bayern,sankt-englmar.de,http://www.sankt-englmar.de,wikidata
DE-G-09278190,Steinach,gemeinde,Bayern,steinach.eu,http://www.steinach.eu,wikidata
DE-G-09278197,Wiesenfelden,gemeinde,Bayern,wiesenfelden.de,http://www.wiesenfelden.de,wikidata
DE-G-09279112,Dingolfing,gemeinde,Bayern,dingolfing.de,http://www.dingolfing.de,wikidata
DE-G-09279113,Eichendorf,gemeinde,Bayern,markt-eichendorf.de,https://markt-eichendorf.de,wikidata
DE-G-09279115,Frontenhausen,gemeinde,Bayern,frontenhausen.de,http://www.frontenhausen.de,wikidata
DE-G-09279122,Landau a.d.Isar,gemeinde,Bayern,landau-isar.de,https://www.landau-isar.de/,wikidata
DE-G-09279124,Loiching,gemeinde,Bayern,loiching.de,http://www.loiching.de,wikidata
DE-G-09279126,Marklkofen,gemeinde,Bayern,marklkofen.de,http://www.marklkofen.de,wikidata
DE-G-09279127,Mengkofen,gemeinde,Bayern,mengkofen.de,http://www.mengkofen.de,wikidata
DE-G-09279128,Moosthenning,gemeinde,Bayern,moosthenning.de,http://www.moosthenning.de,wikidata
DE-G-09279130,Niederviehbach,gemeinde,Bayern,niederviehbach.de,https://niederviehbach.de,wikidata
DE-G-09279132,Pilsting,gemeinde,Bayern,markt-pilsting.de,https://www.markt-pilsting.de/,wikidata
DE-G-09279134,Reisbach,gemeinde,Bayern,reisbach.de,http://www.reisbach.de,wikidata
DE-G-09279135,Simbach,gemeinde,Bayern,markt-simbach.de,http://www.markt-simbach.de,wikidata
DE-G-09279137,Wallersdorf,gemeinde,Bayern,markt-wallersdorf.de,http://www.markt-wallersdorf.de,wikidata
DE-G-09361000,Amberg,gemeinde,Bayern,amberg.de,https://amberg.de,wikidata
DE-G-09362000,Regensburg,gemeinde,Bayern,regensburg.de,https://www.regensburg.de/,wikidata
DE-G-09363000,Weiden i.d.OPf.,gemeinde,Bayern,weiden.de,https://www.weiden.de/,wikidata
DE-G-09371111,Ammerthal,gemeinde,Bayern,ammerthal.de,http://www.ammerthal.de/,wikidata
DE-G-09371113,Auerbach i.d.OPf.,gemeinde,Bayern,auerbach.de,http://www.auerbach.de/,wikidata
DE-G-09371118,Ebermannsdorf,gemeinde,Bayern,ebermannsdorf.de,http://www.Ebermannsdorf.de/,wikidata
DE-G-09371119,Edelsfeld,gemeinde,Bayern,edelsfeld.de,https://edelsfeld.de,wikidata
DE-G-09371120,Ensdorf,gemeinde,Bayern,ensdorf.de,http://www.ensdorf.de/,wikidata
DE-G-09371121,Freihung,gemeinde,Bayern,markt-freihung.de,http://www.markt-freihung.de,wikidata
DE-G-09371122,Freudenberg,gemeinde,Bayern,gemeinde-freudenberg.de,http://www.gemeinde-freudenberg.de,wikidata
DE-G-09371127,Hirschau,gemeinde,Bayern,hirschau.de,https://www.hirschau.de/,wikidata
DE-G-09371129,Hohenburg,gemeinde,Bayern,hohenburg.de,https://www.hohenburg.de,wikidata
DE-G-09371132,Kastl,gemeinde,Bayern,kastl.de,http://www.kastl.de,wikidata
DE-G-09371136,Kümmersbruck,gemeinde,Bayern,kuemmersbruck.de,https://kuemmersbruck.de,wikidata
DE-G-09371144,Poppenricht,gemeinde,Bayern,poppenricht.de,http://www.poppenricht.de,wikidata
DE-G-09371146,Rieden,gemeinde,Bayern,rieden.com,http://www.rieden.com,wikidata
DE-G-09371148,Schmidmühlen,gemeinde,Bayern,schmidmuehlen.de,http://www.schmidmuehlen.de,wikidata
DE-G-09371150,Schnaittenbach,gemeinde,Bayern,schnaittenbach.de,https://schnaittenbach.de,wikidata
DE-G-09371151,Sulzbach-Rosenberg,gemeinde,Bayern,sulzbach-rosenberg.de,http://www.sulzbach-rosenberg.de,wikidata
DE-G-09371154,Ursensollen,gemeinde,Bayern,ursensollen.de,http://www.Ursensollen.de,wikidata
DE-G-09371156,Vilseck,gemeinde,Bayern,vilseck.de,https://www.vilseck.de/,wikidata
DE-G-09372112,Arnschwang,gemeinde,Bayern,arnschwang.de,https://arnschwang.de,wikidata
DE-G-09372113,Arrach,gemeinde,Bayern,arrach.de,http://www.arrach.de/,wikidata
DE-G-09372115,Blaibach,gemeinde,Bayern,blaibach.de,http://www.blaibach.de,wikidata
DE-G-09372116,Cham,gemeinde,Bayern,cham.de,https://www.cham.de/,wikidata
DE-G-09372117,Chamerau,gemeinde,Bayern,chamerau.de,https://chamerau.de,wikidata
DE-G-09372124,Eschlkam,gemeinde,Bayern,markt-eschlkam.de,http://www.markt-eschlkam.de/,wikidata
DE-G-09372126,Furth im Wald,gemeinde,Bayern,furth.de,http://www.furth.de,wikidata
DE-G-09372130,Grafenwiesen,gemeinde,Bayern,grafenwiesen.de,http://www.grafenwiesen.de,wikidata
DE-G-09372135,Hohenwarth,gemeinde,Bayern,hohenwarth.de,http://www.hohenwarth.de,wikidata
DE-G-09372137,Bad Kötzting,gemeinde,Bayern,bad-koetzting.de,http://www.bad-koetzting.de/,wikidata
DE-G-09372138,Lam,gemeinde,Bayern,markt-lam.de,http://www.markt-lam.de,wikidata
DE-G-09372143,Miltach,gemeinde,Bayern,miltach.de,https://miltach.de,wikidata
DE-G-09372144,Neukirchen b.Hl.Blut,gemeinde,Bayern,neukirchen-online.de,http://www.neukirchen-online.de,wikidata
DE-G-09372146,Pemfling,gemeinde,Bayern,pemfling.de,http://www.pemfling.de,wikidata
DE-G-09372151,Rimbach,gemeinde,Bayern,gemeinde-rimbach.de,http://www.gemeinde-rimbach.de,wikidata
DE-G-09372153,Roding,gemeinde,Bayern,roding.de,https://www.roding.de/,wikidata
DE-G-09372154,Rötz,gemeinde,Bayern,roetz.de,http://www.roetz.de,wikidata
DE-G-09372155,Runding,gemeinde,Bayern,runding.de,http://www.runding.de,wikidata
DE-G-09372157,Schönthal,gemeinde,Bayern,gemeinde-schoenthal.de,http://www.gemeinde-schoenthal.de,wikidata
DE-G-09372158,Schorndorf,gemeinde,Bayern,gemeinde-schorndorf.de,http://www.gemeinde-schorndorf.de,wikidata
DE-G-09372164,Traitsching,gemeinde,Bayern,traitsching.de,http://www.traitsching.de,wikidata
DE-G-09372168,Waffenbrunn,gemeinde,Bayern,waffenbrunn.de,https://www.waffenbrunn.de/,wikidata
DE-G-09372171,Waldmünchen,gemeinde,Bayern,waldmuenchen.de,http://www.waldmuenchen.de,wikidata
DE-G-09372175,Willmering,gemeinde,Bayern,willmering.de,http://www.willmering.de,wikidata
DE-G-09372177,Zandt,gemeinde,Bayern,gemeinde-zandt.de,http://www.gemeinde-zandt.de,wikidata
DE-G-09372178,Lohberg,gemeinde,Bayern,gemeinde-lohberg.de,https://www.gemeinde-lohberg.de/,wikidata
DE-G-09373112,Berching,gemeinde,Bayern,berching.de,https://www.berching.de/,wikidata
DE-G-09373113,Berg b.Neumarkt i.d.OPf.,gemeinde,Bayern,berg-opf.de,http://www.berg-opf.de/,wikidata
DE-G-09373115,Breitenbrunn,gemeinde,Bayern,breitenbrunn.de,http://www.breitenbrunn.de/,wikidata
DE-G-09373119,Deining,gemeinde,Bayern,deining.de,http://www.deining.de/,wikidata
DE-G-09373121,Dietfurt a.d.Altmühl,gemeinde,Bayern,dietfurt.de,https://www.dietfurt.de/,wikidata
DE-G-09373126,Freystadt,gemeinde,Bayern,freystadt.de,https://freystadt.de/,wikidata
DE-G-09373134,Hohenfels,gemeinde,Bayern,markt-hohenfels.de,http://www.markt-hohenfels.de,wikidata
DE-G-09373140,Lauterhofen,gemeinde,Bayern,lauterhofen.de,https://www.lauterhofen.de/,wikidata
DE-G-09373143,Lupburg,gemeinde,Bayern,lupburg.de,http://www.lupburg.de,wikidata
DE-G-09373146,Mühlhausen,gemeinde,Bayern,muehlhausen-sulz.de,https://www.muehlhausen-sulz.de/,wikidata
DE-G-09373147,Neumarkt i.d.OPf.,gemeinde,Bayern,neumarkt.de,https://www.neumarkt.de/,wikidata
DE-G-09373151,Parsberg,gemeinde,Bayern,parsberg.de,https://www.parsberg.de/,wikidata
DE-G-09373155,Postbauer-Heng,gemeinde,Bayern,postbauer-heng.de,https://www.postbauer-heng.de/,wikidata
DE-G-09373156,Pyrbaum,gemeinde,Bayern,pyrbaum.de,https://pyrbaum.de/,wikidata
DE-G-09373160,Seubersdorf i.d.OPf.,gemeinde,Bayern,seubersdorf.de,http://www.seubersdorf.de/,wikidata
DE-G-09373167,Velburg,gemeinde,Bayern,velburg.de,http://www.velburg.de,wikidata
DE-G-09374111,Altenstadt a.d.Waldnaab,gemeinde,Bayern,altenstadt-waldnaab.de,http://www.altenstadt-waldnaab.de/,wikidata
DE-G-09374118,Eslarn,gemeinde,Bayern,eslarn.de,http://www.eslarn.de/,wikidata
DE-G-09374121,Floß,gemeinde,Bayern,floss.de,http://www.floss.de,wikidata
DE-G-09374122,Flossenbürg,gemeinde,Bayern,flossenbuerg.de,http://www.flossenbuerg.de,wikidata
DE-G-09374124,Grafenwöhr,gemeinde,Bayern,grafenwoehr.de,http://www.grafenwoehr.de,wikidata
DE-G-09374133,Luhe-Wildenau,gemeinde,Bayern,luhe-wildenau.de,http://www.luhe-wildenau.de,wikidata
DE-G-09374134,Mantel,gemeinde,Bayern,markt-mantel.com,http://www.markt-mantel.com,wikidata
DE-G-09374137,Moosbach,gemeinde,Bayern,moosbach.de,http://www.moosbach.de,wikidata
DE-G-09374139,Neustadt a.d.Waldnaab,gemeinde,Bayern,neustadt-waldnaab.de,http://www.neustadt-waldnaab.de,wikidata
DE-G-09374162,Vohenstrauß,gemeinde,Bayern,vohenstrauss.de,https://www.vohenstrauss.de/,wikidata
DE-G-09374164,Waidhaus,gemeinde,Bayern,waidhaus.de,http://www.waidhaus.de,wikidata
DE-G-09374165,Waldthurn,gemeinde,Bayern,waldthurn.de,http://www.waldthurn.de,wikidata
DE-G-09374168,Windischeschenbach,gemeinde,Bayern,windischeschenbach.de,http://www.windischeschenbach.de,wikidata
DE-G-09375117,Barbing,gemeinde,Bayern,barbing.de,https://www.barbing.de/,wikidata
DE-G-09375118,Beratzhausen,gemeinde,Bayern,beratzhausen.com,https://beratzhausen.com/,wikidata
DE-G-09375119,Bernhardswald,gemeinde,Bayern,bernhardswald.de,http://www.bernhardswald.de/,wikidata
DE-G-09375143,Hagelstadt,gemeinde,Bayern,hagelstadt.de,http://www.hagelstadt.de,wikidata
DE-G-09375148,Hemau,gemeinde,Bayern,hemau.de,http://www.hemau.de,wikidata
DE-G-09375161,Köfering,gemeinde,Bayern,koefering.de,http://www.koefering.de,wikidata
DE-G-09375165,Lappersdorf,gemeinde,Bayern,lappersdorf.de,http://www.lappersdorf.de,wikidata
DE-G-09375170,Mintraching,gemeinde,Bayern,mintraching.de,http://www.mintraching.de,wikidata
DE-G-09375174,Neutraubling,gemeinde,Bayern,neutraubling.de,http://www.neutraubling.de,wikidata
DE-G-09375175,Nittendorf,gemeinde,Bayern,nittendorf.de,http://www.nittendorf.de,wikidata
DE-G-09375179,Obertraubling,gemeinde,Bayern,obertraubling.de,http://www.obertraubling.de,wikidata
DE-G-09375180,Pentling,gemeinde,Bayern,pentling.de,http://www.pentling.de,wikidata
DE-G-09375181,Pettendorf,gemeinde,Bayern,pettendorf.de,https://pettendorf.de,wikidata
DE-G-09375183,Pfatter,gemeinde,Bayern,pfatter.de,http://www.pfatter.de,wikidata
DE-G-09375190,Regenstauf,gemeinde,Bayern,regenstauf.de,https://www.regenstauf.de,wikidata
DE-G-09375196,Schierling,gemeinde,Bayern,schierling.de,https://www.schierling.de,wikidata
DE-G-09375199,Sinzing,gemeinde,Bayern,sinzing.de,http://www.sinzing.de,wikidata
DE-G-09375204,Tegernheim,gemeinde,Bayern,tegernheim.de,http://www.tegernheim.de,wikidata
DE-G-09375205,Thalmassing,gemeinde,Bayern,thalmassing.de,http://www.thalmassing.de,wikidata
DE-G-09375208,Wenzenbach,gemeinde,Bayern,wenzenbach.de,http://www.wenzenbach.de,wikidata
DE-G-09375209,Wiesent,gemeinde,Bayern,wiesent.de,https://www.wiesent.de,wikidata
DE-G-09375213,Zeitlarn,gemeinde,Bayern,gemeinde-zeitlarn.de,http://www.gemeinde-zeitlarn.de,wikidata
DE-G-09376116,Bodenwöhr,gemeinde,Bayern,bodenwoehr.de,https://www.bodenwoehr.de/,wikidata
DE-G-09376117,Bruck i.d.OPf.,gemeinde,Bayern,marktbruck.de,http://www.marktbruck.de/,wikidata
DE-G-09376119,Burglengenfeld,gemeinde,Bayern,burglengenfeld.de,https://www.burglengenfeld.de/,wikidata
DE-G-09376125,Fensterbach,gemeinde,Bayern,fensterbach.de,https://www.fensterbach.de/,wikidata
DE-G-09376141,Maxhütte-Haidhof,gemeinde,Bayern,maxhuette-haidhof.de,https://www.maxhuette-haidhof.de/,wikidata
DE-G-09376147,Neunburg vorm Wald,gemeinde,Bayern,neunburgvormwald.de,https://www.neunburgvormwald.de/,wikidata
DE-G-09376149,Nittenau,gemeinde,Bayern,nittenau.de,https://www.nittenau.de/,wikidata
DE-G-09376150,Wernberg-Köblitz,gemeinde,Bayern,wernberg-koeblitz.de,http://www.wernberg-koeblitz.de,wikidata
DE-G-09376151,Oberviechtach,gemeinde,Bayern,oberviechtach.de,http://www.oberviechtach.de,wikidata
DE-G-09376159,Schmidgaden,gemeinde,Bayern,schmidgaden.de,https://www.schmidgaden.de/,wikidata
DE-G-09376161,Schwandorf,gemeinde,Bayern,schwandorf.de,https://www.schwandorf.de/,wikidata
DE-G-09376170,Teublitz,gemeinde,Bayern,teublitz.de,http://www.teublitz.de,wikidata
DE-G-09377112,Bärnau,gemeinde,Bayern,baernau.de,http://www.baernau.de/,wikidata
DE-G-09377116,Erbendorf,gemeinde,Bayern,erbendorf.de,http://www.erbendorf.de/,wikidata
DE-G-09377118,Friedenfels,gemeinde,Bayern,friedenfels.de,http://www.friedenfels.de,wikidata
DE-G-09377119,Fuchsmühl,gemeinde,Bayern,fuchsmuehl.de,https://www2.fuchsmuehl.de/,wikidata
DE-G-09377127,Immenreuth,gemeinde,Bayern,immenreuth.de,https://immenreuth.de,wikidata
DE-G-09377131,Konnersreuth,gemeinde,Bayern,konnersreuth.de,http://www.konnersreuth.de,wikidata
DE-G-09377133,Kulmain,gemeinde,Bayern,kulmain.de,http://www.kulmain.de,wikidata
DE-G-09377139,Mähring,gemeinde,Bayern,maehring.de,http://www.maehring.de,wikidata
DE-G-09377142,Bad Neualbenreuth,gemeinde,Bayern,neualbenreuth.de,http://www.neualbenreuth.de,wikidata
DE-G-09377146,Plößberg,gemeinde,Bayern,ploessberg.de,http://www.ploessberg.de,wikidata
DE-G-09377154,Tirschenreuth,gemeinde,Bayern,stadt-tirschenreuth.de,http://www.stadt-tirschenreuth.de,wikidata
DE-G-09377157,Waldershof,gemeinde,Bayern,waldershof.de,https://waldershof.de,wikidata
DE-G-09377158,Waldsassen,gemeinde,Bayern,waldsassen.de,http://www.waldsassen.de,wikidata
DE-G-09461000,Bamberg,gemeinde,Bayern,bamberg.de,https://www.stadt.bamberg.de/,wikidata
DE-G-09462000,Bayreuth,gemeinde,Bayern,bayreuth.de,https://www.bayreuth.de/,wikidata
DE-G-09463000,Coburg,gemeinde,Bayern,coburg.de,https://www.coburg.de/,wikidata
DE-G-09464000,Hof,gemeinde,Bayern,hof.de,https://www.hof.de/,wikidata
DE-G-09471111,Altendorf,gemeinde,Bayern,altendorf-gemeinde.de,http://www.altendorf-gemeinde.de,wikidata
DE-G-09471117,Bischberg,gemeinde,Bayern,bischberg.de,https://www.bischberg.de/,wikidata
DE-G-09471119,Breitengüßbach,gemeinde,Bayern,breitenguessbach.de,http://www.breitenguessbach.de,wikidata
DE-G-09471123,Buttenheim,gemeinde,Bayern,buttenheim.de,http://www.buttenheim.de/,wikidata
DE-G-09471131,Frensdorf,gemeinde,Bayern,frensdorf.de,http://www.frensdorf.de,wikidata
DE-G-09471137,Gundelsheim,gemeinde,Bayern,gemeinde-gundelsheim.de,http://www.gemeinde-gundelsheim.de,wikidata
DE-G-09471140,Hallstadt,gemeinde,Bayern,hallstadt.de,https://hallstadt.de,wikidata
DE-G-09471142,Heiligenstadt i.OFr.,gemeinde,Bayern,markt-heiligenstadt.de,https://www.markt-heiligenstadt.de/,wikidata
DE-G-09471145,Hirschaid,gemeinde,Bayern,hirschaid.de,http://www.hirschaid.de,wikidata
DE-G-09471150,Kemmern,gemeinde,Bayern,kemmern.de,http://www.kemmern.de,wikidata
DE-G-09471155,Litzendorf,gemeinde,Bayern,litzendorf.de,http://www.litzendorf.de,wikidata
DE-G-09471159,Memmelsdorf,gemeinde,Bayern,memmelsdorf.de,https://www.memmelsdorf.de/,wikidata
DE-G-09471165,Oberhaid,gemeinde,Bayern,oberhaid.de,http://www.oberhaid.de,wikidata
DE-G-09471169,Pettstadt,gemeinde,Bayern,pettstadt.de,https://www.pettstadt.de/,wikidata
DE-G-09471172,Pommersfelden,gemeinde,Bayern,pommersfelden.de,http://www.pommersfelden.de,wikidata
DE-G-09471174,Rattelsdorf,gemeinde,Bayern,markt-rattelsdorf.de,https://www.markt-rattelsdorf.de/,wikidata
DE-G-09471185,Scheßlitz,gemeinde,Bayern,schesslitz.de,https://schesslitz.de,wikidata
DE-G-09471191,Stegaurach,gemeinde,Bayern,stegaurach.de,http://www.stegaurach.de,wikidata
DE-G-09471195,Strullendorf,gemeinde,Bayern,strullendorf.de,http://www.strullendorf.de,wikidata
DE-G-09471207,Viereth-Trunstadt,gemeinde,Bayern,viereth-trunstadt.de,https://www.viereth-trunstadt.de/,wikidata
DE-G-09471208,Walsdorf,gemeinde,Bayern,walsdorf.de,http://www.walsdorf.de,wikidata
DE-G-09471214,Zapfendorf,gemeinde,Bayern,zapfendorf.de,http://www.zapfendorf.de,wikidata
DE-G-09471220,Schlüsselfeld,gemeinde,Bayern,schluesselfeld.de,http://www.schluesselfeld.de,wikidata
DE-G-09472111,Ahorntal,gemeinde,Bayern,ahorntal.de,https://ahorntal.de,wikidata
DE-G-09472116,Bad Berneck i.Fichtelgebirge,gemeinde,Bayern,badberneck.de,https://www.badberneck.de/,wikidata
DE-G-09472119,Bindlach,gemeinde,Bayern,bindlach.de,http://www.bindlach.de/,wikidata
DE-G-09472121,Bischofsgrün,gemeinde,Bayern,bischofsgruen.de,http://www.bischofsgruen.de,wikidata
DE-G-09472131,Eckersdorf,gemeinde,Bayern,eckersdorf.de,https://www.eckersdorf.de/,wikidata
DE-G-09472138,Fichtelberg,gemeinde,Bayern,fichtelberg.de,https://www.fichtelberg.de/,wikidata
DE-G-09472139,Gefrees,gemeinde,Bayern,gefrees.de,http://www.gefrees.de,wikidata
DE-G-09472143,Goldkronach,gemeinde,Bayern,goldkronach.de,https://www.goldkronach.de/,wikidata
DE-G-09472150,Heinersreuth,gemeinde,Bayern,heinersreuth.de,http://www.heinersreuth.de,wikidata
DE-G-09472164,Mehlmeisel,gemeinde,Bayern,mehlmeisel.de,https://mehlmeisel.de,wikidata
DE-G-09472175,Pegnitz,gemeinde,Bayern,pegnitz.de,https://www.pegnitz.de/,wikidata
DE-G-09472179,Pottenstein,gemeinde,Bayern,pottenstein.de,http://www.pottenstein.de,wikidata
DE-G-09472190,Speichersdorf,gemeinde,Bayern,speichersdorf.de,https://www.speichersdorf.de/,wikidata
DE-G-09472197,Waischenfeld,gemeinde,Bayern,waischenfeld.de,https://waischenfeld.de,wikidata
DE-G-09472198,Warmensteinach,gemeinde,Bayern,warmensteinach.de,https://warmensteinach.de/,wikidata
DE-G-09473112,Ahorn,gemeinde,Bayern,ahorn.de,https://www.ahorn.de,wikidata
DE-G-09473120,Dörfles-Esbach,gemeinde,Bayern,doerfles-esbach.de,http://www.doerfles-esbach.de,wikidata
DE-G-09473121,Ebersdorf b.Coburg,gemeinde,Bayern,ebersdorf.de,https://www.ebersdorf.de/,wikidata
DE-G-09473132,Großheirath,gemeinde,Bayern,grossheirath.de,https://www.grossheirath.de,wikidata
DE-G-09473138,Itzgrund,gemeinde,Bayern,itzgrund.de,http://www.itzgrund.de,wikidata
DE-G-09473141,Lautertal,gemeinde,Bayern,gemeindelautertal.de,http://www.gemeindelautertal.de,wikidata
DE-G-09473144,Meeder,gemeinde,Bayern,gemeinde-meeder.de,http://www.gemeinde-meeder.de,wikidata
DE-G-09473151,Neustadt b.Coburg,gemeinde,Bayern,neustadt-bei-coburg.de,http://www.neustadt-bei-coburg.de,wikidata
DE-G-09473158,Bad Rodach,gemeinde,Bayern,bad-rodach.de,https://bad-rodach.de,wikidata
DE-G-09473159,Rödental,gemeinde,Bayern,roedental.de,http://www.roedental.de,wikidata
DE-G-09473165,Seßlach,gemeinde,Bayern,sesslach.de,http://www.sesslach.de,wikidata
DE-G-09473166,Sonnefeld,gemeinde,Bayern,sonnefeld.de,https://sonnefeld.de/,wikidata
DE-G-09473170,Untersiemau,gemeinde,Bayern,untersiemau.de,http://www.untersiemau.de,wikidata
DE-G-09473174,Weidhausen b.Coburg,gemeinde,Bayern,weidhausen.de,http://www.weidhausen.de,wikidata
DE-G-09473175,Weitramsdorf,gemeinde,Bayern,weitramsdorf.de,https://weitramsdorf.de,wikidata
DE-G-09474123,Eggolsheim,gemeinde,Bayern,eggolsheim.de,http://www.eggolsheim.de/,wikidata
DE-G-09474124,Egloffstein,gemeinde,Bayern,egloffstein.de,http://www.egloffstein.de/,wikidata
DE-G-09474126,Forchheim,gemeinde,Bayern,forchheim.de,https://forchheim.de,wikidata
DE-G-09474129,Gößweinstein,gemeinde,Bayern,goessweinstein.de,http://www.goessweinstein.de,wikidata
DE-G-09474133,Hallerndorf,gemeinde,Bayern,hallerndorf.de,http://www.hallerndorf.de,wikidata
DE-G-09474134,Hausen,gemeinde,Bayern,hausen.de,http://www.hausen.de,wikidata
DE-G-09474135,Heroldsbach,gemeinde,Bayern,heroldsbach.de,https://www.heroldsbach.de/,wikidata
DE-G-09474140,Igensdorf,gemeinde,Bayern,igensdorf.de,http://www.igensdorf.de,wikidata
DE-G-09474146,Langensendelbach,gemeinde,Bayern,langensendelbach.de,http://www.langensendelbach.de,wikidata
DE-G-09474154,Neunkirchen a.Brand,gemeinde,Bayern,neunkirchen-am-brand.de,https://www.neunkirchen-am-brand.de/,wikidata
DE-G-09474156,Obertrubach,gemeinde,Bayern,obertrubach.de,https://www.obertrubach.de/,wikidata
DE-G-09474161,Pretzfeld,gemeinde,Bayern,pretzfeld.de,http://www.Pretzfeld.de,wikidata
DE-G-09474176,Wiesenttal,gemeinde,Bayern,wiesenttal.de,http://www.wiesenttal.de,wikidata
DE-G-09475112,Bad Steben,gemeinde,Bayern,markt-badsteben.de,https://www.markt-badsteben.de/,wikidata
DE-G-09475113,Berg,gemeinde,Bayern,berg-ofr.de,https://www.berg-ofr.de/,wikidata
DE-G-09475120,Döhlau,gemeinde,Bayern,doehlau.de,https://www.doehlau.de/,wikidata
DE-G-09475128,Geroldsgrün,gemeinde,Bayern,geroldsgruen.de,https://www.geroldsgruen.de/,wikidata
DE-G-09475136,Helmbrechts,gemeinde,Bayern,stadt-helmbrechts.de,http://www.stadt-helmbrechts.de,wikidata
DE-G-09475141,Köditz,gemeinde,Bayern,gemeinde-koeditz.de,http://www.gemeinde-koeditz.de,wikidata
DE-G-09475142,Konradsreuth,gemeinde,Bayern,konradsreuth.de,http://www.konradsreuth.de,wikidata
DE-G-09475154,Münchberg,gemeinde,Bayern,muenchberg.de,https://www.muenchberg.de/,wikidata
DE-G-09475156,Naila,gemeinde,Bayern,naila.de,http://www.naila.de,wikidata
DE-G-09475158,Oberkotzau,gemeinde,Bayern,oberkotzau.de,http://www.oberkotzau.de,wikidata
DE-G-09475161,Regnitzlosau,gemeinde,Bayern,regnitzlosau.de,http://www.regnitzlosau.de,wikidata
DE-G-09475162,Rehau,gemeinde,Bayern,stadt-rehau.de,http://www.stadt-rehau.de,wikidata
DE-G-09475168,Schwarzenbach a.d.Saale,gemeinde,Bayern,schwarzenbach-saale.de,http://www.schwarzenbach-saale.de,wikidata
DE-G-09475169,Schwarzenbach a.Wald,gemeinde,Bayern,schwarzenbach-wald.de,http://www.schwarzenbach-wald.de,wikidata
DE-G-09475171,Selbitz,gemeinde,Bayern,selbitz.de,https://www.selbitz.de/,wikidata
DE-G-09475175,Stammbach,gemeinde,Bayern,stammbach.de,http://www.stammbach.de,wikidata
DE-G-09475189,Zell im Fichtelgebirge,gemeinde,Bayern,markt-zell.de,https://www.markt-zell.de/,wikidata
DE-G-09476145,Kronach,gemeinde,Bayern,kronach.de,http://kronach.de,wikidata
DE-G-09476146,Küps,gemeinde,Bayern,kueps.de,https://www.kueps.de/,wikidata
DE-G-09476152,Ludwigsstadt,gemeinde,Bayern,ludwigsstadt.de,https://www.ludwigsstadt.de,wikidata
DE-G-09476159,Nordhalben,gemeinde,Bayern,nordhalben.de,http://www.nordhalben.de,wikidata
DE-G-09476164,Pressig,gemeinde,Bayern,pressig.de,http://www.pressig.de,wikidata
DE-G-09476175,Steinbach a.Wald,gemeinde,Bayern,steinbach-am-wald.de,http://www.steinbach-am-wald.de,wikidata
DE-G-09476177,Steinwiesen,gemeinde,Bayern,steinwiesen.de,http://www.steinwiesen.de,wikidata
DE-G-09476178,Stockheim,gemeinde,Bayern,stockheim-online.de,http://www.stockheim-online.de,wikidata
DE-G-09476179,Tettau,gemeinde,Bayern,tettau.de,http://www.tettau.de,wikidata
DE-G-09476183,Marktrodach,gemeinde,Bayern,marktrodach.de,https://marktrodach.de/,wikidata
DE-G-09476184,Wallenfels,gemeinde,Bayern,wallenfels.de,http://www.wallenfels.de,wikidata
DE-G-09476185,Weißenbrunn,gemeinde,Bayern,weissenbrunn.de,https://www.weissenbrunn.de/,wikidata
DE-G-09476189,Wilhelmsthal,gemeinde,Bayern,wilhelmsthal.net,http://www.wilhelmsthal.net,wikidata
DE-G-09477121,Himmelkron,gemeinde,Bayern,himmelkron.de,https://www.himmelkron.de/,wikidata
DE-G-09477128,Kulmbach,gemeinde,Bayern,kulmbach.de,https://www.kulmbach.de/,wikidata
DE-G-09477136,Mainleus,gemeinde,Bayern,mainleus.de,https://www.mainleus.de/,wikidata
DE-G-09477139,Marktschorgast,gemeinde,Bayern,marktschorgast.de,https://www.marktschorgast.de/,wikidata
DE-G-09477142,Neudrossenfeld,gemeinde,Bayern,neudrossenfeld.de,https://www.neudrossenfeld.de/,wikidata
DE-G-09477143,Neuenmarkt,gemeinde,Bayern,neuenmarkt.de,https://www.neuenmarkt.de/,wikidata
DE-G-09477148,Presseck,gemeinde,Bayern,presseck.de,http://www.presseck.de,wikidata
DE-G-09477157,Thurnau,gemeinde,Bayern,thurnau.de,https://www.thurnau.de/,wikidata
DE-G-09477163,Wirsberg,gemeinde,Bayern,wirsberg.de,https://www.wirsberg.de/,wikidata
DE-G-09478111,Altenkunstadt,gemeinde,Bayern,altenkunstadt.de,https://www.altenkunstadt.de/,wikidata
DE-G-09478116,Burgkunstadt,gemeinde,Bayern,burgkunstadt.eu,https://www.burgkunstadt.eu,wikidata
DE-G-09478120,Ebensfeld,gemeinde,Bayern,ebensfeld.de,http://www.ebensfeld.de,wikidata
DE-G-09478139,Lichtenfels,gemeinde,Bayern,lichtenfels.de,https://www.lichtenfels.de/,wikidata
DE-G-09478145,Michelau i.OFr.,gemeinde,Bayern,gemeinde-michelau.de,http://www.gemeinde-michelau.de,wikidata
DE-G-09478165,Bad Staffelstein,gemeinde,Bayern,bad-staffelstein.de,https://www.bad-staffelstein.de/,wikidata
DE-G-09478176,Weismain,gemeinde,Bayern,weismain.de,http://www.weismain.de,wikidata
DE-G-09479112,Arzberg,gemeinde,Bayern,arzberg.de,http://www.arzberg.de/,wikidata
DE-G-09479129,Kirchenlamitz,gemeinde,Bayern,kirchenlamitz.de,http://www.kirchenlamitz.de,wikidata
DE-G-09479135,Marktleuthen,gemeinde,Bayern,marktleuthen.de,http://www.marktleuthen.de,wikidata
DE-G-09479136,Marktredwitz,gemeinde,Bayern,marktredwitz.de,http://www.marktredwitz.de,wikidata
DE-G-09479145,Röslau,gemeinde,Bayern,roeslau.de,http://www.roeslau.de,wikidata
DE-G-09479150,Schönwald,gemeinde,Bayern,stadt-schoenwald.de,http://www.stadt-schoenwald.de,wikidata
DE-G-09479152,Selb,gemeinde,Bayern,selb.de,http://www.selb.de,wikidata
DE-G-09479166,Weißenstadt,gemeinde,Bayern,weissenstadt.de,http://www.weissenstadt.de,wikidata
DE-G-09479169,Wunsiedel,gemeinde,Bayern,wunsiedel.de,http://wunsiedel.de,wikidata
DE-G-09561000,Ansbach,gemeinde,Bayern,ansbach.de,https://www.ansbach.de/,wikidata
DE-G-09562000,Erlangen,gemeinde,Bayern,erlangen.de,https://www.erlangen.de/,wikidata
DE-G-09563000,Fürth,gemeinde,Bayern,fuerth.de,https://www.fuerth.de,wikidata
DE-G-09564000,Nürnberg,gemeinde,Bayern,nuernberg.de,https://www.nuernberg.de/,wikidata
DE-G-09565000,Schwabach,gemeinde,Bayern,schwabach.de,https://www.schwabach.de/,wikidata
DE-G-09571113,Arberg,gemeinde,Bayern,arberg.de,http://www.arberg.de/,wikidata
DE-G-09571114,Aurach,gemeinde,Bayern,aurach.de,http://www.aurach.de/,wikidata
DE-G-09571115,Bechhofen,gemeinde,Bayern,markt-bechhofen.de,https://www.markt-bechhofen.de/,wikidata
DE-G-09571127,Burgoberbach,gemeinde,Bayern,burgoberbach.de,http://www.burgoberbach.de/,wikidata
DE-G-09571130,Colmberg,gemeinde,Bayern,colmberg.de,http://www.colmberg.de/,wikidata
DE-G-09571135,Dietenhofen,gemeinde,Bayern,dietenhofen.de,http://www.dietenhofen.de/,wikidata
DE-G-09571136,Dinkelsbühl,gemeinde,Bayern,dinkelsbuehl.de,https://www.dinkelsbuehl.de/,wikidata
DE-G-09571139,Dürrwangen,gemeinde,Bayern,duerrwangen.de,https://www.duerrwangen.de/,wikidata
DE-G-09571145,Feuchtwangen,gemeinde,Bayern,feuchtwangen.de,http://www.feuchtwangen.de,wikidata
DE-G-09571146,Flachslanden,gemeinde,Bayern,flachslanden.de,http://www.flachslanden.de,wikidata
DE-G-09571165,Heilsbronn,gemeinde,Bayern,heilsbronn.de,https://www.heilsbronn.de,wikidata
DE-G-09571166,Herrieden,gemeinde,Bayern,herrieden.de,http://www.herrieden.de,wikidata
DE-G-09571170,Langfurth,gemeinde,Bayern,langfurth.de,http://www.langfurth.de,wikidata
DE-G-09571171,Lehrberg,gemeinde,Bayern,lehrberg.de,http://www.lehrberg.de,wikidata
DE-G-09571174,Leutershausen,gemeinde,Bayern,leutershausen.de,https://www.leutershausen.de/,wikidata
DE-G-09571175,Lichtenau,gemeinde,Bayern,markt-lichtenau.de,http://www.markt-lichtenau.de,wikidata
DE-G-09571177,Merkendorf,gemeinde,Bayern,merkendorf.de,http://www.merkendorf.de,wikidata
DE-G-09571180,Neuendettelsau,gemeinde,Bayern,neuendettelsau.eu,https://www.neuendettelsau.eu/,wikidata
DE-G-09571183,Oberdachstetten,gemeinde,Bayern,oberdachstetten.de,http://www.oberdachstetten.de,wikidata
DE-G-09571190,Petersaurach,gemeinde,Bayern,petersaurach.de,http://www.petersaurach.de,wikidata
DE-G-09571193,Rothenburg ob der Tauber,gemeinde,Bayern,rothenburg.de,https://www.rothenburg.de/,wikidata
DE-G-09571196,Sachsen b.Ansbach,gemeinde,Bayern,sachsen-b-ansbach.de,http://www.sachsen-b-ansbach.de,wikidata
DE-G-09571199,Schnelldorf,gemeinde,Bayern,schnelldorf.de,http://www.schnelldorf.de,wikidata
DE-G-09571200,Schopfloch,gemeinde,Bayern,schopfloch-mittelfranken.de,http://www.schopfloch-mittelfranken.de,wikidata
DE-G-09571214,Wassertrüdingen,gemeinde,Bayern,wassertruedingen.de,http://www.wassertruedingen.de,wikidata
DE-G-09571226,Windsbach,gemeinde,Bayern,windsbach.de,https://windsbach.de,wikidata
DE-G-09572111,Adelsdorf,gemeinde,Bayern,adelsdorf.de,https://www.adelsdorf.de/,wikidata
DE-G-09572115,Baiersdorf,gemeinde,Bayern,baiersdorf.de,https://www.baiersdorf.de/,wikidata
DE-G-09572119,Bubenreuth,gemeinde,Bayern,bubenreuth.de,http://www.bubenreuth.de/,wikidata
DE-G-09572121,Eckental,gemeinde,Bayern,eckental.de,http://www.eckental.de/,wikidata
DE-G-09572130,Hemhofen,gemeinde,Bayern,hemhofen.de,http://www.hemhofen.de,wikidata
DE-G-09572131,Heroldsberg,gemeinde,Bayern,heroldsberg.de,http://www.heroldsberg.de,wikidata
DE-G-09572132,Herzogenaurach,gemeinde,Bayern,herzogenaurach.de,https://www.herzogenaurach.de/,wikidata
DE-G-09572135,Höchstadt a.d.Aisch,gemeinde,Bayern,hoechstadt.de,https://www.hoechstadt.de/,wikidata
DE-G-09572137,Kalchreuth,gemeinde,Bayern,kalchreuth.de,http://www.kalchreuth.de,wikidata
DE-G-09572142,Möhrendorf,gemeinde,Bayern,moehrendorf.de,http://www.moehrendorf.de,wikidata
DE-G-09572149,Röttenbach,gemeinde,Bayern,roettenbach-erh.de,https://www.roettenbach-erh.de/,wikidata
DE-G-09572160,Wachenroth,gemeinde,Bayern,wachenroth.de,http://www.wachenroth.de,wikidata
DE-G-09572164,Weisendorf,gemeinde,Bayern,weisendorf.de,http://www.weisendorf.de,wikidata
DE-G-09573111,Ammerndorf,gemeinde,Bayern,ammerndorf.de,http://www.ammerndorf.de,wikidata
DE-G-09573114,Cadolzburg,gemeinde,Bayern,cadolzburg.de,https://cadolzburg.de,wikidata
DE-G-09573115,Großhabersdorf,gemeinde,Bayern,grosshabersdorf.de,https://grosshabersdorf.de,wikidata
DE-G-09573120,Langenzenn,gemeinde,Bayern,langenzenn.de,https://www.langenzenn.de,wikidata
DE-G-09573122,Oberasbach,gemeinde,Bayern,oberasbach.de,http://www.oberasbach.de,wikidata
DE-G-09573124,Puschendorf,gemeinde,Bayern,puschendorf.de,http://www.puschendorf.de,wikidata
DE-G-09573125,Roßtal,gemeinde,Bayern,rosstal.de,http://www.rosstal.de,wikidata
DE-G-09573127,Stein,gemeinde,Bayern,stadt-stein.de,https://www.stadt-stein.de/,wikidata
DE-G-09573133,Wilhermsdorf,gemeinde,Bayern,markt-wilhermsdorf.de,http://www.markt-wilhermsdorf.de,wikidata
DE-G-09573134,Zirndorf,gemeinde,Bayern,zirndorf.de,http://www.zirndorf.de,wikidata
DE-G-09574112,Altdorf b.Nürnberg,gemeinde,Bayern,altdorf.de,https://altdorf.de,wikidata
DE-G-09574117,Burgthann,gemeinde,Bayern,burgthann.de,https://burgthann.de/,wikidata
DE-G-09574123,Feucht,gemeinde,Bayern,feucht.de,https://feucht.de,wikidata
DE-G-09574132,Hersbruck,gemeinde,Bayern,hersbruck.de,http://www.hersbruck.de,wikidata
DE-G-09574135,Kirchensittenbach,gemeinde,Bayern,kirchensittenbach.de,http://www.kirchensittenbach.de,wikidata
DE-G-09574138,Lauf a.d.Pegnitz,gemeinde,Bayern,lauf.de,http://www.lauf.de,wikidata
DE-G-09574139,Leinburg,gemeinde,Bayern,leinburg.de,http://www.leinburg.de,wikidata
DE-G-09574140,Neuhaus a.d.Pegnitz,gemeinde,Bayern,neuhaus-pegnitz.de,http://www.neuhaus-pegnitz.de,wikidata
DE-G-09574141,Neunkirchen a.Sand,gemeinde,Bayern,neunkirchen-am-sand.de,https://www.neunkirchen-am-sand.de/,wikidata
DE-G-09574146,Ottensoos,gemeinde,Bayern,ottensoos.de,http://www.ottensoos.de,wikidata
DE-G-09574147,Pommelsbrunn,gemeinde,Bayern,pommelsbrunn.de,http://www.pommelsbrunn.de,wikidata
DE-G-09574150,Reichenschwand,gemeinde,Bayern,reichenschwand.de,http://www.reichenschwand.de,wikidata
DE-G-09574152,Röthenbach a.d.Pegnitz,gemeinde,Bayern,roethenbach.de,https://www.roethenbach.de/,wikidata
DE-G-09574154,Rückersdorf,gemeinde,Bayern,rueckersdorf.de,https://www.rueckersdorf.de/,wikidata
DE-G-09574155,Schnaittach,gemeinde,Bayern,schnaittach.de,http://www.schnaittach.de,wikidata
DE-G-09574156,Schwaig b.Nürnberg,gemeinde,Bayern,schwaig.de,http://www.schwaig.de,wikidata
DE-G-09574157,Schwarzenbruck,gemeinde,Bayern,schwarzenbruck.de,https://www.schwarzenbruck.de/,wikidata
DE-G-09574158,Simmelsdorf,gemeinde,Bayern,simmelsdorf.de,https://simmelsdorf.de,wikidata
DE-G-09574164,Winkelhaid,gemeinde,Bayern,winkelhaid.de,https://www.winkelhaid.de/,wikidata
DE-G-09575112,Bad Windsheim,gemeinde,Bayern,bad-windsheim.de,https://stadt.bad-windsheim.de/,wikidata
DE-G-09575116,Burghaslach,gemeinde,Bayern,burghaslach.de,https://www.burghaslach.de/,wikidata
DE-G-09575119,Dietersheim,gemeinde,Bayern,dietersheim.de,http://www.dietersheim.de/,wikidata
DE-G-09575121,Emskirchen,gemeinde,Bayern,emskirchen.de,http://www.emskirchen.de/,wikidata
DE-G-09575135,Ipsheim,gemeinde,Bayern,ipsheim.de,http://www.ipsheim.de,wikidata
DE-G-09575145,Markt Erlbach,gemeinde,Bayern,markt-erlbach.de,http://www.markt-erlbach.de,wikidata
DE-G-09575153,Neustadt a.d.Aisch,gemeinde,Bayern,neustadt-aisch.de,http://www.neustadt-aisch.de,wikidata
DE-G-09575156,Obernzenn,gemeinde,Bayern,obernzenn.de,http://www.obernzenn.de,wikidata
DE-G-09576111,Abenberg,gemeinde,Bayern,abenberg.de,https://www.abenberg.de/,wikidata
DE-G-09576113,Allersberg,gemeinde,Bayern,allersberg.de,http://www.allersberg.de/,wikidata
DE-G-09576117,Büchenbach,gemeinde,Bayern,buechenbach.de,http://www.buechenbach.de/,wikidata
DE-G-09576121,Georgensgmünd,gemeinde,Bayern,georgensgmuend.de,http://www.georgensgmuend.de,wikidata
DE-G-09576122,Greding,gemeinde,Bayern,greding.de,https://www.greding.de,wikidata
DE-G-09576126,Heideck,gemeinde,Bayern,heideck.de,http://www.heideck.de,wikidata
DE-G-09576127,Hilpoltstein,gemeinde,Bayern,hilpoltstein.de,https://www.hilpoltstein.de/,wikidata
DE-G-09576128,Kammerstein,gemeinde,Bayern,kammerstein.de,https://www.kammerstein.de/,wikidata
DE-G-09576132,Schwanstetten,gemeinde,Bayern,schwanstetten.de,https://www.schwanstetten.de/,wikidata
DE-G-09576137,Rednitzhembach,gemeinde,Bayern,rednitzhembach.de,https://www.rednitzhembach.de/,wikidata
DE-G-09576141,Röttenbach,gemeinde,Bayern,roettenbach.de,http://www.roettenbach.de,wikidata
DE-G-09576142,Rohr,gemeinde,Bayern,rohr-mfr.de,http://www.rohr-mfr.de,wikidata
DE-G-09576143,Roth,gemeinde,Bayern,stadt-roth.de,https://www.stadt-roth.de/,wikidata
DE-G-09576147,Spalt,gemeinde,Bayern,spalt.de,http://www.spalt.de,wikidata
DE-G-09576148,Thalmässing,gemeinde,Bayern,thalmaessing.de,https://www.thalmaessing.de/,wikidata
DE-G-09576151,Wendelstein,gemeinde,Bayern,wendelstein.de,https://www.wendelstein.de/,wikidata
DE-G-09577114,Muhr a.See,gemeinde,Bayern,muhr-am-see.de,http://www.muhr-am-see.de,wikidata
DE-G-09577136,Gunzenhausen,gemeinde,Bayern,gunzenhausen.de,https://gunzenhausen.de/,wikidata
DE-G-09577148,Langenaltheim,gemeinde,Bayern,langenaltheim.eu,http://www.langenaltheim.eu,wikidata
DE-G-09577158,Pappenheim,gemeinde,Bayern,pappenheim.de,http://www.pappenheim.de,wikidata
DE-G-09577161,Pleinfeld,gemeinde,Bayern,pleinfeld.de,https://www.pleinfeld.de/,wikidata
DE-G-09577162,Polsingen,gemeinde,Bayern,polsingen.de,http://www.polsingen.de,wikidata
DE-G-09577168,Solnhofen,gemeinde,Bayern,solnhofen.de,http://www.solnhofen.de,wikidata
DE-G-09577173,Treuchtlingen,gemeinde,Bayern,treuchtlingen.de,https://treuchtlingen.de,wikidata
DE-G-09577177,Weißenburg i.Bay.,gemeinde,Bayern,weissenburg.de,https://www.weissenburg.de/,wikidata
DE-G-09661000,Aschaffenburg,gemeinde,Bayern,aschaffenburg.de,https://www.aschaffenburg.de/,wikidata
DE-G-09662000,Schweinfurt,gemeinde,Bayern,schweinfurt.de,https://www.schweinfurt.de/,wikidata
DE-G-09663000,Würzburg,gemeinde,Bayern,wuerzburg.de,https://www.wuerzburg.de/,wikidata
DE-G-09671111,Alzenau,gemeinde,Bayern,alzenau.de,https://www.alzenau.de/,wikidata
DE-G-09671112,Bessenbach,gemeinde,Bayern,bessenbach.de,https://www.bessenbach.de/,wikidata
DE-G-09671114,Karlstein a.Main,gemeinde,Bayern,karlstein.de,https://www.karlstein.de/,wikidata
DE-G-09671119,Geiselbach,gemeinde,Bayern,geiselbach.de,https://geiselbach.de/,wikidata
DE-G-09671120,Glattbach,gemeinde,Bayern,glattbach.de,http://www.glattbach.de,wikidata
DE-G-09671121,Goldbach,gemeinde,Bayern,markt-goldbach.de,http://www.markt-goldbach.de,wikidata
DE-G-09671122,Großostheim,gemeinde,Bayern,grossostheim.de,https://grossostheim.de,wikidata
DE-G-09671124,Haibach,gemeinde,Bayern,haibach.de,http://www.haibach.de,wikidata
DE-G-09671130,Hösbach,gemeinde,Bayern,hoesbach.de,https://www.hoesbach.de/,wikidata
DE-G-09671133,Johannesberg,gemeinde,Bayern,johannesberg.de,http://www.johannesberg.de,wikidata
DE-G-09671134,Kahl a.Main,gemeinde,Bayern,kahl-main.de,https://www.kahl-main.de/,wikidata
DE-G-09671136,Kleinostheim,gemeinde,Bayern,kleinostheim.de,http://www.kleinostheim.de,wikidata
DE-G-09671139,Laufach,gemeinde,Bayern,laufach.de,https://www.laufach.de/,wikidata
DE-G-09671140,Mainaschaff,gemeinde,Bayern,mainaschaff.de,https://www.mainaschaff.de/,wikidata
DE-G-09671143,Mömbris,gemeinde,Bayern,moembris.de,https://www.moembris.de/,wikidata
DE-G-09671148,Rothenbuch,gemeinde,Bayern,rothenbuch.de,http://www.rothenbuch.de,wikidata
DE-G-09671150,Sailauf,gemeinde,Bayern,sailauf.de,http://www.sailauf.de,wikidata
DE-G-09671155,Stockstadt a.Main,gemeinde,Bayern,stockstadt-am-main.de,https://www.stockstadt-am-main.de/,wikidata
DE-G-09671156,Waldaschaff,gemeinde,Bayern,waldaschaff.de,https://www.waldaschaff.de/,wikidata
DE-G-09671157,Weibersbrunn,gemeinde,Bayern,weibersbrunn.de,https://weibersbrunn.de,wikidata
DE-G-09672112,Bad Bocklet,gemeinde,Bayern,badbocklet.de,https://www.badbocklet.de/,wikidata
DE-G-09672113,Bad Brückenau,gemeinde,Bayern,bad-brueckenau.de,https://www.bad-brueckenau.de/,wikidata
DE-G-09672114,Bad Kissingen,gemeinde,Bayern,badkissingen.de,https://www.badkissingen.de/,wikidata
DE-G-09672117,Burkardroth,gemeinde,Bayern,burkardroth.de,https://www.burkardroth.de/,wikidata
DE-G-09672127,Hammelburg,gemeinde,Bayern,hammelburg.de,https://www.hammelburg.de/,wikidata
DE-G-09672134,Motten,gemeinde,Bayern,motten.de,https://motten.de,wikidata
DE-G-09672135,Münnerstadt,gemeinde,Bayern,muennerstadt.de,http://www.muennerstadt.de,wikidata
DE-G-09672136,Nüdlingen,gemeinde,Bayern,nuedlingen.de,https://www.nuedlingen.de/,wikidata
DE-G-09672139,Oberthulba,gemeinde,Bayern,oberthulba.de,https://www.oberthulba.de/,wikidata
DE-G-09672140,Oerlenbach,gemeinde,Bayern,oerlenbach.de,http://www.oerlenbach.de,wikidata
DE-G-09672161,Wartmannsroth,gemeinde,Bayern,wartmannsroth.de,https://www.wartmannsroth.de/,wikidata
DE-G-09672163,Wildflecken,gemeinde,Bayern,wildflecken.de,https://wildflecken.de,wikidata
DE-G-09672166,Zeitlofs,gemeinde,Bayern,markt-zeitlofs.de,https://www.markt-zeitlofs.de/,wikidata
DE-G-09673114,Bad Neustadt a.d.Saale,gemeinde,Bayern,bad-neustadt.de,http://www.bad-neustadt.de/,wikidata
DE-G-09673117,Bischofsheim i.d.Rhön,gemeinde,Bayern,bischofsheim-rhoen.de,https://www.bischofsheim-rhoen.de/,wikidata
DE-G-09673141,Bad Königshofen i.Grabfeld,gemeinde,Bayern,badkoenigshofen.de,http://www.badkoenigshofen.de/stadt/,wikidata
DE-G-09673149,Oberelsbach,gemeinde,Bayern,oberelsbach-rhoen.de,http://www.oberelsbach-rhoen.de,wikidata
DE-G-09673162,Sandberg,gemeinde,Bayern,sandberg-rhoen.de,http://www.sandberg-rhoen.de,wikidata
DE-G-09674133,Eltmann,gemeinde,Bayern,eltmann.de,http://www.eltmann.de/,wikidata
DE-G-09674147,Haßfurt,gemeinde,Bayern,hassfurt.de,http://www.hassfurt.de,wikidata
DE-G-09674159,Oberaurach,gemeinde,Bayern,oberaurach.de,http://www.oberaurach.de,wikidata
DE-G-09674163,Knetzgau,gemeinde,Bayern,knetzgau.de,https://www.knetzgau.de/,wikidata
DE-G-09674164,Königsberg i.Bay.,gemeinde,Bayern,koenigsberg.de,http://www.koenigsberg.de,wikidata
DE-G-09674171,Maroldsweisach,gemeinde,Bayern,maroldsweisach.de,http://www.maroldsweisach.de,wikidata
DE-G-09674187,Rauhenebrach,gemeinde,Bayern,rauhenebrach.de,http://www.rauhenebrach.de,wikidata
DE-G-09674195,Sand a.Main,gemeinde,Bayern,sand-am-main.de,https://www.sand-am-main.de/,wikidata
DE-G-09674210,Untermerzbach,gemeinde,Bayern,untermerzbach.de,http://www.untermerzbach.de,wikidata
DE-G-09674221,Zeil a.Main,gemeinde,Bayern,zeil-am-main.de,https://www.zeil-am-main.de,wikidata
DE-G-09675117,Dettelbach,gemeinde,Bayern,dettelbach.de,http://www.dettelbach.de/,wikidata
DE-G-09675127,Geiselwind,gemeinde,Bayern,geiselwind.de,http://www.geiselwind.de,wikidata
DE-G-09675141,Kitzingen,gemeinde,Bayern,kitzingen.info,http://www.kitzingen.info,wikidata
DE-G-09675144,Mainbernheim,gemeinde,Bayern,mainbernheim.de,http://www.mainbernheim.de,wikidata
DE-G-09675158,Prichsenstadt,gemeinde,Bayern,prichsenstadt.de,https://www.prichsenstadt.de/,wikidata
DE-G-09675165,Schwarzach a.Main,gemeinde,Bayern,schwarzach-main.de,https://www.schwarzach-main.de/,wikidata
DE-G-09676112,Amorbach,gemeinde,Bayern,amorbach.de,https://www.amorbach.de/,wikidata
DE-G-09676117,Collenberg,gemeinde,Bayern,collenberg-main.de,https://www.collenberg-main.de/,wikidata
DE-G-09676118,Dorfprozelten,gemeinde,Bayern,dorfprozelten.de,http://www.dorfprozelten.de/,wikidata
DE-G-09676119,Eichenbühl,gemeinde,Bayern,eichenbuehl.de,http://www.eichenbuehl.de,wikidata
DE-G-09676121,Elsenfeld,gemeinde,Bayern,elsenfeld.de,http://www.elsenfeld.de/,wikidata
DE-G-09676122,Erlenbach a.Main,gemeinde,Bayern,stadt-erlenbach.de,http://www.stadt-erlenbach.de/,wikidata
DE-G-09676123,Eschau,gemeinde,Bayern,eschau.de,http://www.eschau.de/,wikidata
DE-G-09676124,Faulbach,gemeinde,Bayern,faulbach.de,http://www.faulbach.de,wikidata
DE-G-09676125,Großheubach,gemeinde,Bayern,grossheubach.de,https://www.grossheubach.de/,wikidata
DE-G-09676126,Großwallstadt,gemeinde,Bayern,grosswallstadt.de,http://www.grosswallstadt.de,wikidata
DE-G-09676131,Kirchzell,gemeinde,Bayern,kirchzell.de,https://www.kirchzell.de,wikidata
DE-G-09676134,Klingenberg a.Main,gemeinde,Bayern,klingenberg-main.de,http://www.klingenberg-main.de,wikidata
DE-G-09676136,Leidersbach,gemeinde,Bayern,leidersbach.de,http://www.leidersbach.de,wikidata
DE-G-09676139,Miltenberg,gemeinde,Bayern,miltenberg.de,https://www.miltenberg.de,wikidata
DE-G-09676140,Mömlingen,gemeinde,Bayern,moemlingen.de,https://www.moemlingen.de/,wikidata
DE-G-09676144,Niedernberg,gemeinde,Bayern,niedernberg.de,https://niedernberg.de,wikidata
DE-G-09676145,Obernburg a.Main,gemeinde,Bayern,obernburg.de,http://www.obernburg.de,wikidata
DE-G-09676156,Schneeberg,gemeinde,Bayern,schneeberg-odenwald.de,http://www.schneeberg-odenwald.de,wikidata
DE-G-09676160,Sulzbach a.Main,gemeinde,Bayern,sulzbach-main.de,https://www.sulzbach-main.de/,wikidata
DE-G-09676165,Weilbach,gemeinde,Bayern,weilbach.de,https://www.weilbach.de/,wikidata
DE-G-09676169,Wörth a.Main,gemeinde,Bayern,woerth-am-main.de,http://www.woerth-am-main.de,wikidata
DE-G-09677114,Arnstein,gemeinde,Bayern,stadtarnstein.de,https://stadtarnstein.de/,wikidata
DE-G-09677127,Eußenheim,gemeinde,Bayern,eussenheim.de,http://www.eussenheim.de/,wikidata
DE-G-09677129,Frammersbach,gemeinde,Bayern,frammersbach.de,http://www.frammersbach.de,wikidata
DE-G-09677131,Gemünden a.Main,gemeinde,Bayern,stadt-gemuenden.de,http://www.stadt-gemuenden.de,wikidata
DE-G-09677148,Karlstadt,gemeinde,Bayern,karlstadt.de,http://www.karlstadt.de,wikidata
DE-G-09677154,Triefenstein,gemeinde,Bayern,markt-triefenstein.de,https://www.markt-triefenstein.de/,wikidata
DE-G-09677155,Lohr a.Main,gemeinde,Bayern,lohr.de,https://www.lohr.de,wikidata
DE-G-09677157,Marktheidenfeld,gemeinde,Bayern,marktheidenfeld.de,http://www.marktheidenfeld.de,wikidata
DE-G-09677177,Rieneck,gemeinde,Bayern,rieneck.de,https://www.rieneck.de/,wikidata
DE-G-09678115,Bergrheinfeld,gemeinde,Bayern,bergrheinfeld.de,https://www.bergrheinfeld.de/,wikidata
DE-G-09678123,Dittelbrunn,gemeinde,Bayern,dittelbrunn.de,https://www.dittelbrunn.de/,wikidata
DE-G-09678128,Euerbach,gemeinde,Bayern,euerbach.de,http://www.euerbach.de/,wikidata
DE-G-09678132,Geldersheim,gemeinde,Bayern,geldersheim.de,http://www.geldersheim.de,wikidata
DE-G-09678135,Gochsheim,gemeinde,Bayern,gochsheim.de,https://www.gochsheim.de/,wikidata
DE-G-09678136,Grafenrheinfeld,gemeinde,Bayern,grafenrheinfeld.de,https://www.grafenrheinfeld.de/,wikidata
DE-G-09678138,Grettstadt,gemeinde,Bayern,grettstadt.de,https://grettstadt.de,wikidata
DE-G-09678150,Kolitzheim,gemeinde,Bayern,kolitzheim.de,https://www.kolitzheim.de/,wikidata
DE-G-09678160,Niederwerrn,gemeinde,Bayern,niederwerrn.de,https://www.niederwerrn.de/,wikidata
DE-G-09678168,Poppenhausen,gemeinde,Bayern,poppenhausen.de,https://www.poppenhausen.de/,wikidata
DE-G-09678170,Röthlein,gemeinde,Bayern,roethlein.de,https://www.roethlein.de/,wikidata
DE-G-09678174,Schonungen,gemeinde,Bayern,schonungen.de,https://www.schonungen.de/,wikidata
DE-G-09678176,Schwebheim,gemeinde,Bayern,schwebheim.de,https://www.schwebheim.de/,wikidata
DE-G-09678178,Sennfeld,gemeinde,Bayern,sennfeld.de,https://www.sennfeld.de/,wikidata
DE-G-09678181,Stadtlauringen,gemeinde,Bayern,stadtlauringen.de,https://www.stadtlauringen.de/,wikidata
DE-G-09678186,Üchtelhausen,gemeinde,Bayern,uechtelhausen.de,https://www.uechtelhausen.de/,wikidata
DE-G-09678190,Waigolshausen,gemeinde,Bayern,waigolshausen.de,https://www.waigolshausen.de/,wikidata
DE-G-09678192,Wasserlosen,gemeinde,Bayern,wasserlosen.de,https://wasserlosen.de,wikidata
DE-G-09678193,Werneck,gemeinde,Bayern,werneck.de,https://www.werneck.de/,wikidata
DE-G-09679126,Eisingen,gemeinde,Bayern,eisingen.de,https://eisingen.de/,wikidata
DE-G-09679134,Gaukönigshofen,gemeinde,Bayern,gaukoenigshofen.de,http://www.gaukoenigshofen.de,wikidata
DE-G-09679136,Gerbrunn,gemeinde,Bayern,gerbrunn.de,https://www.gerbrunn.de/,wikidata
DE-G-09679142,Güntersleben,gemeinde,Bayern,guentersleben.de,https://www.guentersleben.de/,wikidata
DE-G-09679143,Hausen b.Würzburg,gemeinde,Bayern,hausen-wzbg.de,http://www.hausen-wzbg.de,wikidata
DE-G-09679147,Höchberg,gemeinde,Bayern,hoechberg.de,https://hoechberg.de,wikidata
DE-G-09679155,Kleinrinderfeld,gemeinde,Bayern,kleinrinderfeld.de,http://www.kleinrinderfeld.de,wikidata
DE-G-09679156,Kürnach,gemeinde,Bayern,kuernach.de,https://www.kuernach.de/,wikidata
DE-G-09679164,Neubrunn,gemeinde,Bayern,neubrunn.de,https://www.neubrunn.de/,wikidata
DE-G-09679170,Ochsenfurt,gemeinde,Bayern,ochsenfurt.de,http://www.ochsenfurt.de,wikidata
DE-G-09679175,Randersacker,gemeinde,Bayern,randersacker.de,https://www.randersacker.de/,wikidata
DE-G-09679176,Reichenberg,gemeinde,Bayern,markt-reichenberg.de,http://www.markt-reichenberg.de,wikidata
DE-G-09679180,Rimpar,gemeinde,Bayern,rimpar.de,https://www.rimpar.de/,wikidata
DE-G-09679185,Rottendorf,gemeinde,Bayern,rottendorf.eu,http://www.rottendorf.eu,wikidata
DE-G-09679193,Theilheim,gemeinde,Bayern,theilheim.de,http://www.theilheim.de,wikidata
DE-G-09679194,Thüngersheim,gemeinde,Bayern,thuengersheim.de,https://thuengersheim.de,wikidata
DE-G-09679200,Leinach,gemeinde,Bayern,leinach.de,http://www.leinach.de,wikidata
DE-G-09679201,Unterpleichfeld,gemeinde,Bayern,unterpleichfeld.de,https://www.unterpleichfeld.de/,wikidata
DE-G-09679202,Veitshöchheim,gemeinde,Bayern,veitshoechheim.de,http://www.veitshoechheim.de,wikidata
DE-G-09679204,Waldbrunn,gemeinde,Bayern,gemeinde-waldbrunn.de,http://www.gemeinde-waldbrunn.de,wikidata
DE-G-09679205,Waldbüttelbrunn,gemeinde,Bayern,waldbuettelbrunn.de,http://www.waldbuettelbrunn.de,wikidata
DE-G-09679209,Zell a.Main,gemeinde,Bayern,zell-main.de,http://www.zell-main.de,wikidata
DE-G-09761000,Augsburg,gemeinde,Bayern,augsburg.de,https://www.augsburg.de/,wikidata
DE-G-09762000,Kaufbeuren,gemeinde,Bayern,kaufbeuren.de,https://www.kaufbeuren.de/,wikidata
DE-G-09763000,Kempten (Allgäu),gemeinde,Bayern,kempten.de,http://www.kempten.de,wikidata
DE-G-09764000,Memmingen,gemeinde,Bayern,memmingen.de,https://www.memmingen.de/,wikidata
DE-G-09771112,Affing,gemeinde,Bayern,affing.de,https://affing.de,wikidata
DE-G-09771113,Aichach,gemeinde,Bayern,aichach.de,http://www.aichach.de/,wikidata
DE-G-09771130,Friedberg,gemeinde,Bayern,friedberg.de,https://friedberg.de,wikidata
DE-G-09771140,Hollenbach,gemeinde,Bayern,gemeinde-hollenbach.de,http://www.gemeinde-hollenbach.de,wikidata
DE-G-09771141,Inchenhofen,gemeinde,Bayern,inchenhofen.de,http://www.inchenhofen.de,wikidata
DE-G-09771142,Kissing,gemeinde,Bayern,kissing.de,http://www.kissing.de,wikidata
DE-G-09771145,Merching,gemeinde,Bayern,merching.de,http://www.merching.de,wikidata
DE-G-09771158,Rehling,gemeinde,Bayern,gemeinde-rehling.de,http://www.gemeinde-rehling.de,wikidata
DE-G-09771160,Ried,gemeinde,Bayern,gemeinde-ried.de,https://gemeinde-ried.de,wikidata
DE-G-09772111,Adelsried,gemeinde,Bayern,adelsried.de,http://www.adelsried.de/,wikidata
DE-G-09772115,Altenmünster,gemeinde,Bayern,altenmuenster.de,http://www.altenmuenster.de/,wikidata
DE-G-09772117,Aystetten,gemeinde,Bayern,aystetten.de,http://www.aystetten.de/,wikidata
DE-G-09772121,Biberbach,gemeinde,Bayern,biberbach.de,http://www.biberbach.de/,wikidata
DE-G-09772125,Bobingen,gemeinde,Bayern,stadt-bobingen.de,https://www.stadt-bobingen.de/,wikidata
DE-G-09772130,Diedorf,gemeinde,Bayern,markt-diedorf.de,https://www.markt-diedorf.de/,wikidata
DE-G-09772131,Dinkelscherben,gemeinde,Bayern,dinkelscherben.info,https://www.dinkelscherben.info/,wikidata
DE-G-09772141,Fischach,gemeinde,Bayern,fischach.de,http://www.fischach.de,wikidata
DE-G-09772145,Gablingen,gemeinde,Bayern,gablingen.de,http://www.gablingen.de,wikidata
DE-G-09772147,Gersthofen,gemeinde,Bayern,gersthofen.de,http://www.gersthofen.de,wikidata
DE-G-09772149,Graben,gemeinde,Bayern,graben.de,http://www.graben.de,wikidata
DE-G-09772159,Horgau,gemeinde,Bayern,horgau.de,https://www.horgau.de/,wikidata
DE-G-09772163,Königsbrunn,gemeinde,Bayern,koenigsbrunn.de,https://www.koenigsbrunn.de/,wikidata
DE-G-09772167,Kutzenhausen,gemeinde,Bayern,kutzenhausen.de,https://www.kutzenhausen.de/,wikidata
DE-G-09772171,Langweid a.Lech,gemeinde,Bayern,langweid.de,https://www.langweid.de/,wikidata
DE-G-09772177,Meitingen,gemeinde,Bayern,markt-meitingen.de,http://www.markt-meitingen.de,wikidata
DE-G-09772184,Neusäß,gemeinde,Bayern,neusaess.de,https://www.neusaess.de/willkommen,wikidata
DE-G-09772200,Schwabmünchen,gemeinde,Bayern,schwabmuenchen.de,https://www.schwabmuenchen.de/,wikidata
DE-G-09772202,Stadtbergen,gemeinde,Bayern,stadtbergen.de,https://www.stadtbergen.de/,wikidata
DE-G-09772207,Thierhaupten,gemeinde,Bayern,thierhaupten.de,http://www.thierhaupten.de,wikidata
DE-G-09772215,Wehringen,gemeinde,Bayern,wehringen.de,https://www.wehringen.de/,wikidata
DE-G-09772223,Zusmarshausen,gemeinde,Bayern,zusmarshausen.de,https://www.zusmarshausen.de/,wikidata
DE-G-09773117,Bissingen,gemeinde,Bayern,bissingen.de,http://www.bissingen.de,wikidata
DE-G-09773122,Buttenwiesen,gemeinde,Bayern,buttenwiesen.de,http://www.buttenwiesen.de/,wikidata
DE-G-09773125,Dillingen a.d.Donau,gemeinde,Bayern,dillingen-donau.de,http://www.dillingen-donau.de/,wikidata
DE-G-09773144,Lauingen (Donau),gemeinde,Bayern,lauingen.de,https://www.lauingen.de/,wikidata
DE-G-09774116,Ursberg,gemeinde,Bayern,gemeinde-ursberg.de,http://www.gemeinde-ursberg.de,wikidata
DE-G-09774119,Bibertal,gemeinde,Bayern,bibertal.de,http://www.bibertal.de/,wikidata
DE-G-09774121,Burgau,gemeinde,Bayern,burgau.de,https://www.burgau.de/,wikidata
DE-G-09774122,Burtenbach,gemeinde,Bayern,burtenbach.de,http://www.burtenbach.de/,wikidata
DE-G-09774135,Günzburg,gemeinde,Bayern,guenzburg.de,http://www.guenzburg.de,wikidata
DE-G-09774144,Jettingen-Scheppach,gemeinde,Bayern,jettingen-scheppach.de,http://www.jettingen-scheppach.de,wikidata
DE-G-09774145,Kammeltal,gemeinde,Bayern,kammeltal.de,https://www.kammeltal.de/,wikidata
DE-G-09774150,Krumbach (Schwaben),gemeinde,Bayern,krumbach.de,https://www.krumbach.de/,wikidata
DE-G-09774155,Leipheim,gemeinde,Bayern,leipheim.de,https://www.leipheim.de/,wikidata
DE-G-09774162,Neuburg a.d.Kammel,gemeinde,Bayern,neuburg-ka.de,http://www.neuburg-ka.de,wikidata
DE-G-09775115,Bellenberg,gemeinde,Bayern,gemeinde-bellenberg.de,https://gemeinde-bellenberg.de,wikidata
DE-G-09775129,Illertissen,gemeinde,Bayern,illertissen.de,https://www.illertissen.de/,wikidata
DE-G-09775134,Nersingen,gemeinde,Bayern,nersingen.de,https://www.nersingen.de/,wikidata
DE-G-09775135,Neu-Ulm,gemeinde,Bayern,neu-ulm.de,https://nu.neu-ulm.de/,wikidata
DE-G-09775139,Elchingen,gemeinde,Bayern,elchingen.de,https://elchingen.de,wikidata
DE-G-09775149,Roggenburg,gemeinde,Bayern,roggenburg.de,http://www.roggenburg.de,wikidata
DE-G-09775152,Senden,gemeinde,Bayern,stadt-senden.de,https://www.stadt-senden.de/,wikidata
DE-G-09775162,Vöhringen,gemeinde,Bayern,voehringen.de,http://www.voehringen.de,wikidata
DE-G-09775164,Weißenhorn,gemeinde,Bayern,weissenhorn.de,https://weissenhorn.de,wikidata
DE-G-09776111,Bodolz,gemeinde,Bayern,bodolz.de,http://www.bodolz.de,wikidata
DE-G-09776114,Heimenkirch,gemeinde,Bayern,heimenkirch.de,http://www.heimenkirch.de,wikidata
DE-G-09776116,Lindau (Bodensee),gemeinde,Bayern,stadtlindau.de,https://www.stadtlindau.de/,wikidata
DE-G-09776117,Lindenberg i.Allgäu,gemeinde,Bayern,lindenberg.de,http://www.lindenberg.de,wikidata
DE-G-09776120,Nonnenhorn,gemeinde,Bayern,nonnenhorn.eu,https://www.nonnenhorn.eu/,wikidata
DE-G-09776122,Opfenbach,gemeinde,Bayern,opfenbach.de,http://www.opfenbach.de,wikidata
DE-G-09776125,Scheidegg,gemeinde,Bayern,markt-scheidegg.de,http://www.markt-scheidegg.de,wikidata
DE-G-09776128,Wasserburg (Bodensee),gemeinde,Bayern,wasserburg-bodensee.de,http://www.wasserburg-bodensee.de,wikidata
DE-G-09776129,Weiler-Simmerberg,gemeinde,Bayern,weiler-simmerberg.de,http://www.weiler-simmerberg.de,wikidata
DE-G-09776131,Hergatz,gemeinde,Bayern,hergatz.de,http://www.hergatz.de,wikidata
DE-G-09777129,Füssen,gemeinde,Bayern,stadt-fuessen.de,https://www.stadt-fuessen.de/,wikidata
DE-G-09777130,Germaringen,gemeinde,Bayern,germaringen.de,http://www.germaringen.de,wikidata
DE-G-09777147,Lechbruck am See,gemeinde,Bayern,lechbruck.de,https://gemeinde.lechbruck.de/,wikidata
DE-G-09777151,Marktoberdorf,gemeinde,Bayern,marktoberdorf.de,https://www.marktoberdorf.de/,wikidata
DE-G-09777152,Mauerstetten,gemeinde,Bayern,mauerstetten.de,https://www.mauerstetten.de/,wikidata
DE-G-09777153,Nesselwang,gemeinde,Bayern,nesselwang-buergerservice.de,https://www.nesselwang-buergerservice.de/,wikidata
DE-G-09777159,Pfronten,gemeinde,Bayern,pfronten.de,https://pfronten.de,wikidata
DE-G-09777165,Ronsberg,gemeinde,Bayern,ronsberg.de,https://www.ronsberg.de/,wikidata
DE-G-09777169,Schwangau,gemeinde,Bayern,schwangau.de,https://www.schwangau.de/,wikidata
DE-G-09777173,Halblech,gemeinde,Bayern,gemeinde-halblech.de,https://www.gemeinde-halblech.de/,wikidata
DE-G-09778116,Bad Wörishofen,gemeinde,Bayern,bad-woerishofen.de,https://www.bad-woerishofen.de/,wikidata
DE-G-09778123,Buxheim,gemeinde,Bayern,buxheim.de,http://www.buxheim.de/,wikidata
DE-G-09778137,Ettringen,gemeinde,Bayern,ettringen.de,http://www.ettringen.de/,wikidata
DE-G-09778168,Markt Rettenbach,gemeinde,Bayern,markt-rettenbach.de,http://www.markt-rettenbach.de,wikidata
DE-G-09778169,Markt Wald,gemeinde,Bayern,marktwald.de,https://www.marktwald.de/,wikidata
DE-G-09778173,Mindelheim,gemeinde,Bayern,mindelheim.de,https://www.mindelheim.de/,wikidata
DE-G-09778196,Sontheim,gemeinde,Bayern,sontheim.de,http://www.sontheim.de,wikidata
DE-G-09778204,Tussenhausen,gemeinde,Bayern,tussenhausen.de,https://www.tussenhausen.de/,wikidata
DE-G-09779115,Asbach-Bäumenheim,gemeinde,Bayern,asbach-baeumenheim.de,http://www.asbach-baeumenheim.de/,wikidata
DE-G-09779131,Donauwörth,gemeinde,Bayern,donauwoerth.de,https://www.donauwoerth.de/,wikidata
DE-G-09779147,Fremdingen,gemeinde,Bayern,fremdingen.de,https://www.fremdingen.de/,wikidata
DE-G-09779155,Harburg (Schwaben),gemeinde,Bayern,stadt-harburg-schwaben.de,https://www.stadt-harburg-schwaben.de,wikidata
DE-G-09779169,Kaisheim,gemeinde,Bayern,kaisheim.de,http://www.kaisheim.de,wikidata
DE-G-09779178,Marxheim,gemeinde,Bayern,gemeinde-marxheim.de,https://gemeinde-marxheim.de/,wikidata
DE-G-09779181,Mertingen,gemeinde,Bayern,mertingen.de,http://www.mertingen.de,wikidata
DE-G-09779185,Möttingen,gemeinde,Bayern,moettingen.de,http://www.moettingen.de,wikidata
DE-G-09779194,Nördlingen,gemeinde,Bayern,noerdlingen.de,https://www.noerdlingen.de/,wikidata
DE-G-09779196,Oberndorf a.Lech,gemeinde,Bayern,oberndorf-am-lech.de,http://www.oberndorf-am-lech.de,wikidata
DE-G-09779201,Rain,gemeinde,Bayern,rain.de,http://www.rain.de,wikidata
DE-G-09779218,Tapfheim,gemeinde,Bayern,tapfheim.de,http://www.tapfheim.de,wikidata
DE-G-09780112,Altusried,gemeinde,Bayern,altusried.de,https://www.altusried.de/,wikidata
DE-G-09780114,Betzigau,gemeinde,Bayern,betzigau.de,https://www.betzigau.de/,wikidata
DE-G-09780115,Blaichach,gemeinde,Bayern,blaichach.de,http://www.blaichach.de,wikidata
DE-G-09780117,Buchenberg,gemeinde,Bayern,buchenberg.de,https://www.buchenberg.de/,wikidata
DE-G-09780118,Burgberg i.Allgäu,gemeinde,Bayern,burgberg.de,http://www.burgberg.de,wikidata
DE-G-09780119,Dietmannsried,gemeinde,Bayern,dietmannsried.de,https://www.dietmannsried.de/,wikidata
DE-G-09780120,Durach,gemeinde,Bayern,durach-allgaeu.de,http://www.durach-allgaeu.de/,wikidata
DE-G-09780122,Haldenwang,gemeinde,Bayern,haldenwang.de,https://www.haldenwang.de/,wikidata
DE-G-09780123,Bad Hindelang,gemeinde,Bayern,badhindelang.de,http://marktgemeinde.badhindelang.de/,wikidata
DE-G-09780124,Immenstadt i.Allgäu,gemeinde,Bayern,stadt-immenstadt.de,https://www.stadt-immenstadt.de/,wikidata
DE-G-09780125,Lauben,gemeinde,Bayern,lauben.de,http://www.lauben.de,wikidata
DE-G-09780128,Oy-Mittelberg,gemeinde,Bayern,oy-mittelberg.de,https://www.oy-mittelberg.de/,wikidata
DE-G-09780132,Oberstaufen,gemeinde,Bayern,oberstaufen.de,https://oberstaufen.de,wikidata
DE-G-09780133,Oberstdorf,gemeinde,Bayern,markt-oberstdorf.de,http://www.markt-oberstdorf.de,wikidata
DE-G-09780137,Rettenberg,gemeinde,Bayern,rettenberg.de,http://www.rettenberg.de,wikidata
DE-G-09780139,Sonthofen,gemeinde,Bayern,stadt-sonthofen.de,https://www.stadt-sonthofen.de/,wikidata
DE-G-09780140,Sulzberg,gemeinde,Bayern,sulzberg.de,http://www.sulzberg.de,wikidata
DE-G-09780143,Waltenhofen,gemeinde,Bayern,waltenhofen.de,https://www.waltenhofen.de/,wikidata
DE-G-09780145,Wertach,gemeinde,Bayern,wertach.de,https://www.wertach.de/,wikidata
DE-G-09780146,Wiggensbach,gemeinde,Bayern,wiggensbach.de,https://www.wiggensbach.de/,wikidata
DE-G-09780147,Wildpoldsried,gemeinde,Bayern,wildpoldsried.de,https://www.wildpoldsried.de/,wikidata
DE-G-10041100,Saarbrücken,gemeinde,Saarland,saarbruecken.de,https://saarbruecken.de,wikidata
DE-G-10041511,Friedrichsthal,gemeinde,Saarland,friedrichsthal.de,https://www.friedrichsthal.de/,wikidata
DE-G-10041512,Großrosseln,gemeinde,Saarland,grossrosseln.de,https://www.grossrosseln.de/,wikidata
DE-G-10041513,Heusweiler,gemeinde,Saarland,heusweiler.de,https://www.heusweiler.de/,wikidata
DE-G-10041514,Kleinblittersdorf,gemeinde,Saarland,kleinblittersdorf.de,https://www.kleinblittersdorf.de/,wikidata
DE-G-10041515,Püttlingen,gemeinde,Saarland,puettlingen.de,https://www.puettlingen.de/,wikidata
DE-G-10041516,Quierschied,gemeinde,Saarland,quierschied.de,https://www.quierschied.de/,wikidata
DE-G-10041517,Riegelsberg,gemeinde,Saarland,riegelsberg.eu,https://www.riegelsberg.eu/,wikidata
DE-G-10041518,Sulzbach/ Saar,gemeinde,Saarland,stadt-sulzbach.de,https://www.stadt-sulzbach.de/,wikidata
DE-G-10041519,Völklingen,gemeinde,Saarland,voelklingen.de,https://www.voelklingen.de/,wikidata
DE-G-10042111,Beckingen,gemeinde,Saarland,beckingen.de,https://www.beckingen.de/,wikidata
DE-G-10042112,Losheim am See,gemeinde,Saarland,losheim.de,https://www.losheim.de/,wikidata
DE-G-10042113,Merzig,gemeinde,Saarland,merzig.de,https://www.merzig.de/,wikidata
DE-G-10042114,Mettlach,gemeinde,Saarland,mettlach.de,https://www.mettlach.de/,wikidata
DE-G-10042115,Perl,gemeinde,Saarland,perl.saarland,https://perl.saarland/,wikidata
DE-G-10042116,Wadern,gemeinde,Saarland,wadern.de,https://ssl.wadern.de/,wikidata
DE-G-10042117,Weiskirchen,gemeinde,Saarland,weiskirchen.de,https://www.weiskirchen.de/,wikidata
DE-G-10043111,Eppelborn,gemeinde,Saarland,eppelborn.de,https://www.eppelborn.de/,wikidata
DE-G-10043112,Illingen,gemeinde,Saarland,illingen.de,https://www.illingen.de/,wikidata
DE-G-10043113,Merchweiler,gemeinde,Saarland,merchweiler.de,https://www.merchweiler.de/,wikidata
DE-G-10043114,Neunkirchen,gemeinde,Saarland,neunkirchen.de,https://www.neunkirchen.de/,wikidata
DE-G-10043115,Ottweiler,gemeinde,Saarland,ottweiler.de,https://ottweiler.de/,wikidata
DE-G-10043116,Schiffweiler,gemeinde,Saarland,schiffweiler.de,https://www.schiffweiler.de/,wikidata
DE-G-10043117,Spiesen-Elversberg,gemeinde,Saarland,spiesen-elversberg.de,https://www.spiesen-elversberg.de/,wikidata
DE-G-10044111,Dillingen/ Saar,gemeinde,Saarland,dillingen-saar.de,https://www.dillingen-saar.de/,wikidata
DE-G-10044112,Lebach,gemeinde,Saarland,lebach.de,https://www.lebach.de/,wikidata
DE-G-10044113,Nalbach,gemeinde,Saarland,nalbach.de,https://www.nalbach.de/,wikidata
DE-G-10044114,Rehlingen-Siersburg,gemeinde,Saarland,rehlingen-siersburg.de,https://www.rehlingen-siersburg.de/,wikidata
DE-G-10044115,Saarlouis,gemeinde,Saarland,saarlouis.de,https://www.saarlouis.de/,wikidata
DE-G-10044116,Saarwellingen,gemeinde,Saarland,saarwellingen.de,https://www.saarwellingen.de/,wikidata
DE-G-10044117,Schmelz,gemeinde,Saarland,schmelz.de,https://www.schmelz.de/,wikidata
DE-G-10044118,Schwalbach,gemeinde,Saarland,schwalbach-saar.de,https://www.schwalbach-saar.de/,wikidata
DE-G-10044119,Überherrn,gemeinde,Saarland,ueberherrn.de,https://ueberherrn.de/,wikidata
DE-G-10044120,Wadgassen,gemeinde,Saarland,wadgassen.de,https://www.wadgassen.de/,wikidata
DE-G-10044121,Wallerfangen,gemeinde,Saarland,wallerfangen.de,https://www.wallerfangen.de/,wikidata
DE-G-10044122,Bous,gemeinde,Saarland,bous.de,https://www.bous.de/,wikidata
DE-G-10044123,Ensdorf,gemeinde,Saarland,gemeinde-ensdorf.de,https://www.gemeinde-ensdorf.de/,wikidata
DE-G-10045111,Bexbach,gemeinde,Saarland,bexbach.de,https://www.bexbach.de/,wikidata
DE-G-10045112,Blieskastel,gemeinde,Saarland,blieskastel.de,https://www.blieskastel.de/,wikidata
DE-G-10045113,Gersheim,gemeinde,Saarland,gersheim.de,https://gersheim.de/,wikidata
DE-G-10045114,Homburg,gemeinde,Saarland,homburg.de,https://www.homburg.de/,wikidata
DE-G-10045115,Kirkel,gemeinde,Saarland,kirkel.de,https://www.kirkel.de/,wikidata
DE-G-10045116,Mandelbachtal,gemeinde,Saarland,mandelbachtal.de,https://www.mandelbachtal.de/,wikidata
DE-G-10045117,St. Ingbert,gemeinde,Saarland,st-ingbert.de,https://www.st-ingbert.de/,wikidata
DE-G-10046111,Freisen,gemeinde,Saarland,freisen.de,https://www.freisen.de/,wikidata
DE-G-10046112,Marpingen,gemeinde,Saarland,marpingen.de,https://marpingen.de/,wikidata
DE-G-10046113,Namborn,gemeinde,Saarland,namborn.de,https://www.namborn.de/,wikidata
DE-G-10046114,Nohfelden,gemeinde,Saarland,nohfelden.de,https://www.nohfelden.de/,wikidata
DE-G-10046115,Nonnweiler,gemeinde,Saarland,nonnweiler.de,https://www.nonnweiler.de/,wikidata
DE-G-10046116,Oberthal,gemeinde,Saarland,oberthal.de,https://www.oberthal.de/,wikidata
DE-G-10046117,St. Wendel,gemeinde,Saarland,sankt-wendel.de,https://www.sankt-wendel.de/,wikidata
DE-G-10046118,Tholey,gemeinde,Saarland,tholey.de,https://www.tholey.de/,wikidata
DE-G-11000000,Berlin,gemeinde,Berlin,berlin.de,https://www.berlin.de/,wikidata
DE-G-12051000,Brandenburg an der Havel,gemeinde,Brandenburg,stadt-brandenburg.de,https://www.stadt-brandenburg.de/,wikidata
DE-G-12052000,Cottbus,gemeinde,Brandenburg,cottbus.de,https://www.cottbus.de/,wikidata
DE-G-12053000,Frankfurt (Oder),gemeinde,Brandenburg,frankfurt-oder.de,https://www.frankfurt-oder.de/,wikidata
DE-G-12054000,Potsdam,gemeinde,Brandenburg,potsdam.de,https://www.potsdam.de/,wikidata
DE-G-12060005,Ahrensfelde,gemeinde,Brandenburg,ahrensfelde.de,https://www.ahrensfelde.de/,wikidata
DE-G-12060020,Bernau bei Berlin,gemeinde,Brandenburg,bernau.de,https://www.bernau.de/,wikidata
DE-G-12060052,Eberswalde,gemeinde,Brandenburg,eberswalde.de,https://www.eberswalde.de/,wikidata
DE-G-12060181,Panketal,gemeinde,Brandenburg,panketal.de,https://panketal.de/,wikidata
DE-G-12060198,Schorfheide,gemeinde,Brandenburg,gemeinde-schorfheide.de,https://www.gemeinde-schorfheide.de/,wikidata
DE-G-12060269,Wandlitz,gemeinde,Brandenburg,wandlitz.de,https://www.wandlitz.de/,wikidata
DE-G-12060280,Werneuchen,gemeinde,Brandenburg,werneuchen-barnim.de,https://www.werneuchen-barnim.de/,wikidata
DE-G-12061020,Bestensee,gemeinde,Brandenburg,bestensee.de,https://www.bestensee.de/,wikidata
DE-G-12061112,Eichwalde,gemeinde,Brandenburg,eichwalde.de,https://www.eichwalde.de/,wikidata
DE-G-12061217,Heidesee,gemeinde,Brandenburg,gemeinde-heidesee.de,https://gemeinde-heidesee.de/,wikidata
DE-G-12061219,Heideblick,gemeinde,Brandenburg,heideblick.de,https://www.heideblick.de/,wikidata
DE-G-12061260,Königs Wusterhausen,gemeinde,Brandenburg,koenigs-wusterhausen.de,https://www.koenigs-wusterhausen.de/,wikidata
DE-G-12061316,Lübben (Spreewald),gemeinde,Brandenburg,luebben.de,https://www.luebben.de/,wikidata
DE-G-12061320,Luckau,gemeinde,Brandenburg,luckau.de,https://luckau.de/,wikidata
DE-G-12061329,Märkische Heide/Markojska Góla,gemeinde,Brandenburg,maerkische-heide.de,https://www.maerkische-heide.de/,wikidata
DE-G-12061332,Mittenwalde,gemeinde,Brandenburg,mittenwalde.de,https://www.mittenwalde.de/,wikidata
DE-G-12061433,Schönefeld,gemeinde,Brandenburg,gemeinde-schoenefeld.de,https://gemeinde-schoenefeld.de/,wikidata
DE-G-12061444,Schulzendorf,gemeinde,Brandenburg,schulzendorf.de,https://www.schulzendorf.de/,wikidata
DE-G-12061540,Wildau,gemeinde,Brandenburg,wildau.de,https://wildau.de,wikidata
DE-G-12061572,Zeuthen,gemeinde,Brandenburg,zeuthen.de,https://www.zeuthen.de/,wikidata
DE-G-12062092,Doberlug-Kirchhain,gemeinde,Brandenburg,doberlug-kirchhain.de,https://www.doberlug-kirchhain.de/,wikidata
DE-G-12062124,Elsterwerda,gemeinde,Brandenburg,elsterwerda.de,https://www.elsterwerda.de/,wikidata
DE-G-12062140,Finsterwalde,gemeinde,Brandenburg,finsterwalde.de,https://www.finsterwalde.de/,wikidata
DE-G-12062224,Herzberg (Elster),gemeinde,Brandenburg,herzberg-elster.de,https://www.herzberg-elster.de/,wikidata
DE-G-12062410,Röderland,gemeinde,Brandenburg,gemeinde-roederland.de,https://www.gemeinde-roederland.de/,wikidata
DE-G-12062461,Schönewalde,gemeinde,Brandenburg,schoenewalde.de,https://www.schoenewalde.de/,wikidata
DE-G-12062469,Sonnewalde,gemeinde,Brandenburg,stadt-sonnewalde.de,https://www.stadt-sonnewalde.de/,wikidata
DE-G-12063036,Brieselang,gemeinde,Brandenburg,gemeindebrieselang.de,https://www.gemeindebrieselang.de/,wikidata
DE-G-12063056,Dallgow-Döberitz,gemeinde,Brandenburg,dallgow.de,https://www.dallgow.de/,wikidata
DE-G-12063080,Falkensee,gemeinde,Brandenburg,falkensee.de,https://www.falkensee.de/,wikidata
DE-G-12063148,Ketzin/Havel,gemeinde,Brandenburg,ketzin.de,https://www.ketzin.de/,wikidata
DE-G-12063189,Milower Land,gemeinde,Brandenburg,milow.de,https://www.milow.de/,wikidata
DE-G-12063208,Nauen,gemeinde,Brandenburg,nauen.de,https://www.nauen.de/,wikidata
DE-G-12063244,Premnitz,gemeinde,Brandenburg,premnitz.de,https://www.premnitz.de/,wikidata
DE-G-12063252,Rathenow,gemeinde,Brandenburg,rathenow.de,https://www.rathenow.de/,wikidata
DE-G-12063273,Schönwalde-Glien,gemeinde,Brandenburg,schoenwalde-glien.de,https://www.schoenwalde-glien.de/,wikidata
DE-G-12063357,Wustermark,gemeinde,Brandenburg,wustermark.de,https://www.wustermark.de/,wikidata
DE-G-12064029,Altlandsberg,gemeinde,Brandenburg,altlandsberg.de,https://www.altlandsberg.de/,wikidata
DE-G-12064044,Bad Freienwalde (Oder),gemeinde,Brandenburg,bad-freienwalde.de,https://bad-freienwalde.de/,wikidata
DE-G-12064136,Fredersdorf-Vogelsdorf,gemeinde,Brandenburg,fredersdorf-vogelsdorf.de,https://www.fredersdorf-vogelsdorf.de/,wikidata
DE-G-12064227,Hoppegarten,gemeinde,Brandenburg,gemeinde-hoppegarten.de,https://www.gemeinde-hoppegarten.de/,wikidata
DE-G-12064274,Letschin,gemeinde,Brandenburg,letschin.de,https://www.letschin.de/,wikidata
DE-G-12064317,Müncheberg,gemeinde,Brandenburg,stadt-muencheberg.de,https://www.stadt-muencheberg.de/,wikidata
DE-G-12064336,Neuenhagen bei Berlin,gemeinde,Brandenburg,neuenhagen-bei-berlin.de,https://www.neuenhagen-bei-berlin.de/,wikidata
DE-G-12064380,Petershagen/Eggersdorf,gemeinde,Brandenburg,doppeldorf.de,https://doppeldorf.de/,wikidata
DE-G-12064428,Rüdersdorf bei Berlin,gemeinde,Brandenburg,ruedersdorf.de,https://www.ruedersdorf.de/,wikidata
DE-G-12064448,Seelow,gemeinde,Brandenburg,seelow.de,https://www.seelow.de/,wikidata
DE-G-12064472,Strausberg,gemeinde,Brandenburg,stadt-strausberg.de,https://www.stadt-strausberg.de/,wikidata
DE-G-12064512,Wriezen,gemeinde,Brandenburg,wriezen.de,https://www.wriezen.de/,wikidata
DE-G-12065036,Birkenwerder,gemeinde,Brandenburg,birkenwerder.de,https://www.birkenwerder.de/,wikidata
DE-G-12065084,Fürstenberg/Havel,gemeinde,Brandenburg,fuerstenberg-havel.de,https://www.fuerstenberg-havel.de/,wikidata
DE-G-12065096,Glienicke/Nordbahn,gemeinde,Brandenburg,glienicke.eu,https://www.glienicke.eu/,wikidata
DE-G-12065136,Hennigsdorf,gemeinde,Brandenburg,hennigsdorf.de,https://www.hennigsdorf.de/,wikidata
DE-G-12065144,Hohen Neuendorf,gemeinde,Brandenburg,hohen-neuendorf.de,https://hohen-neuendorf.de/,wikidata
DE-G-12065165,Kremmen,gemeinde,Brandenburg,kremmen.de,https://www.kremmen.de/,wikidata
DE-G-12065180,Leegebruch,gemeinde,Brandenburg,leegebruch.de,https://www.leegebruch.de/,wikidata
DE-G-12065193,Liebenwalde,gemeinde,Brandenburg,liebenwalde.de,https://www.liebenwalde.de/,wikidata
DE-G-12065198,Löwenberger Land,gemeinde,Brandenburg,loewenberger-land.de,https://www.loewenberger-land.de/,wikidata
DE-G-12065225,Mühlenbecker Land,gemeinde,Brandenburg,muehlenbecker-land.de,https://www.muehlenbecker-land.de/,wikidata
DE-G-12065251,Oberkrämer,gemeinde,Brandenburg,oberkraemer.de,https://www.oberkraemer.de/,wikidata
DE-G-12065256,Oranienburg,gemeinde,Brandenburg,oranienburg.de,https://oranienburg.de/,wikidata
DE-G-12065332,Velten,gemeinde,Brandenburg,velten.de,https://velten.de/,wikidata
DE-G-12065356,Zehdenick,gemeinde,Brandenburg,zehdenick.de,https://www.zehdenick.de/,wikidata
DE-G-12066052,Calau/Kalawa,gemeinde,Brandenburg,calau.de,https://www.calau.de/,wikidata
DE-G-12066112,Großräschen,gemeinde,Brandenburg,grossraeschen.de,https://www.grossraeschen.de/,wikidata
DE-G-12066176,Lauchhammer,gemeinde,Brandenburg,lauchhammer.de,https://www.lauchhammer.de/,wikidata
DE-G-12066196,Lübbenau/Spreewald,gemeinde,Brandenburg,luebbenau-spreewald.de,https://www.luebbenau-spreewald.de/,wikidata
DE-G-12066285,Schipkau,gemeinde,Brandenburg,gemeinde-schipkau.de,https://www.gemeinde-schipkau.de/,wikidata
DE-G-12066296,Schwarzheide,gemeinde,Brandenburg,stadt-schwarzheide.de,https://www.stadt-schwarzheide.de/,wikidata
DE-G-12066304,Senftenberg,gemeinde,Brandenburg,senftenberg.de,https://www.senftenberg.de/,wikidata
DE-G-12066320,Vetschau/Spreewald,gemeinde,Brandenburg,vetschau.de,https://stadt.vetschau.de/,wikidata
DE-G-12067036,Beeskow,gemeinde,Brandenburg,beeskow.de,https://www.beeskow.de/,wikidata
DE-G-12067120,Eisenhüttenstadt,gemeinde,Brandenburg,eisenhuettenstadt.de,https://www.eisenhuettenstadt.de/,wikidata
DE-G-12067124,Erkner,gemeinde,Brandenburg,erkner.de,https://www.erkner.de/,wikidata
DE-G-12067137,Friedland,gemeinde,Brandenburg,friedland-nl.de,https://www.friedland-nl.de/,wikidata
DE-G-12067144,Fürstenwalde/Spree,gemeinde,Brandenburg,fuerstenwalde-spree.de,https://www.fuerstenwalde-spree.de/,wikidata
DE-G-12067201,Grünheide (Mark),gemeinde,Brandenburg,gruenheide-mark.de,https://www.gruenheide-mark.de/,wikidata
DE-G-12067426,Rietz-Neuendorf,gemeinde,Brandenburg,rietz-neuendorf.de,https://www.rietz-neuendorf.de/,wikidata
DE-G-12067440,Schöneiche bei Berlin,gemeinde,Brandenburg,schoeneiche-bei-berlin.de,https://www.schoeneiche-bei-berlin.de/,wikidata
DE-G-12067481,Storkow (Mark),gemeinde,Brandenburg,storkow-mark.de,https://www.storkow-mark.de/,wikidata
DE-G-12067493,Tauche,gemeinde,Brandenburg,gemeinde-tauche.de,https://www.gemeinde-tauche.de/,wikidata
DE-G-12067544,Woltersdorf,gemeinde,Brandenburg,woltersdorf-schleuse.de,https://www.woltersdorf-schleuse.de/,wikidata
DE-G-12068117,Fehrbellin,gemeinde,Brandenburg,fehrbellin.de,https://www.fehrbellin.de/,wikidata
DE-G-12068181,Heiligengrabe,gemeinde,Brandenburg,heiligengrabe.de,https://www.heiligengrabe.de/,wikidata
DE-G-12068264,Kyritz,gemeinde,Brandenburg,kyritz.de,https://www.kyritz.de/,wikidata
DE-G-12068320,Neuruppin,gemeinde,Brandenburg,neuruppin.de,https://www.neuruppin.de/,wikidata
DE-G-12068353,Rheinsberg,gemeinde,Brandenburg,rheinsberg.de,https://www.rheinsberg.de/,wikidata
DE-G-12068468,Wittstock/Dosse,gemeinde,Brandenburg,wittstock.de,https://www.wittstock.de/,wikidata
DE-G-12068477,Wusterhausen/Dosse,gemeinde,Brandenburg,wusterhausen.de,http://www.wusterhausen.de/,wikidata
DE-G-12069017,Beelitz,gemeinde,Brandenburg,beelitz.de,https://beelitz.de/,wikidata
DE-G-12069020,Bad Belzig,gemeinde,Brandenburg,bad-belzig.de,https://www.bad-belzig.de/,wikidata
DE-G-12069249,Groß Kreutz (Havel),gemeinde,Brandenburg,gross-kreutz.de,https://www.gross-kreutz.de/,wikidata
DE-G-12069304,Kleinmachnow,gemeinde,Brandenburg,kleinmachnow.de,https://www.kleinmachnow.de/,wikidata
DE-G-12069306,Kloster Lehnin,gemeinde,Brandenburg,klosterlehnin.de,https://www.klosterlehnin.de/,wikidata
DE-G-12069397,Michendorf,gemeinde,Brandenburg,michendorf.de,https://www.michendorf.de/,wikidata
DE-G-12069454,Nuthetal,gemeinde,Brandenburg,nuthetal.de,https://www.nuthetal.de/,wikidata
DE-G-12069590,Schwielowsee,gemeinde,Brandenburg,schwielowsee.de,https://www.schwielowsee.de/,wikidata
DE-G-12069596,Seddiner See,gemeinde,Brandenburg,seddiner-see.de,https://www.seddiner-see.de/,wikidata
DE-G-12069604,Stahnsdorf,gemeinde,Brandenburg,stahnsdorf.de,https://www.stahnsdorf.de/,wikidata
DE-G-12069616,Teltow,gemeinde,Brandenburg,teltow.de,https://www.teltow.de/,wikidata
DE-G-12069632,Treuenbrietzen,gemeinde,Brandenburg,treuenbrietzen.de,https://www.treuenbrietzen.de/,wikidata
DE-G-12069656,Werder (Havel),gemeinde,Brandenburg,werder-havel.de,https://www.werder-havel.de/,wikidata
DE-G-12069665,Wiesenburg/Mark,gemeinde,Brandenburg,wiesenburgmark.de,https://www.wiesenburgmark.de/,wikidata
DE-G-12070125,Groß Pankow (Prignitz),gemeinde,Brandenburg,grosspankow.de,http://www.grosspankow.de/,wikidata
DE-G-12070149,Gumtow,gemeinde,Brandenburg,gemeindegumtow.de,https://www.gemeindegumtow.de/,wikidata
DE-G-12070173,Karstädt,gemeinde,Brandenburg,gemeinde-karstaedt.de,https://www.gemeinde-karstaedt.de/,wikidata
DE-G-12070296,Perleberg,gemeinde,Brandenburg,stadt-perleberg.de,https://www.stadt-perleberg.de/,wikidata
DE-G-12070302,Plattenburg,gemeinde,Brandenburg,plattenburg.de,https://www.plattenburg.de/,wikidata
DE-G-12070316,Pritzwalk,gemeinde,Brandenburg,pritzwalk.de,https://www.pritzwalk.de/,wikidata
DE-G-12070424,Wittenberge,gemeinde,Brandenburg,wittenberge.de,https://www.wittenberge.de/,wikidata
DE-G-12071057,Drebkau/Drjowk,gemeinde,Brandenburg,drebkau.de,https://www.drebkau.de/,wikidata
DE-G-12071076,Forst (Lausitz),gemeinde,Brandenburg,forst-lausitz.de,https://www.forst-lausitz.de/,wikidata
DE-G-12071160,Guben,gemeinde,Brandenburg,guben.de,https://www.guben.de/,wikidata
DE-G-12071244,Kolkwitz,gemeinde,Brandenburg,gemeinde-kolkwitz.de,https://gemeinde-kolkwitz.de/,wikidata
DE-G-12071301,Neuhausen/Spree,gemeinde,Brandenburg,neuhausen-spree.de,https://www.neuhausen-spree.de/,wikidata
DE-G-12071337,Schenkendöbern/Derbno,gemeinde,Brandenburg,schenkendoebern.de,https://www.schenkendoebern.de/,wikidata
DE-G-12071372,Spremberg,gemeinde,Brandenburg,spremberg.de,https://spremberg.de/,wikidata
DE-G-12071408,Welzow/Wjelcej,gemeinde,Brandenburg,welzow.de,https://www.welzow.de/,wikidata
DE-G-12072002,Am Mellensee,gemeinde,Brandenburg,gemeinde-am-mellensee.de,https://www.gemeinde-am-mellensee.de/,wikidata
DE-G-12072014,Baruth/Mark,gemeinde,Brandenburg,stadt-baruth-mark.de,https://www.stadt-baruth-mark.de/,wikidata
DE-G-12072017,Blankenfelde-Mahlow,gemeinde,Brandenburg,blankenfelde-mahlow.de,https://www.blankenfelde-mahlow.de/,wikidata
DE-G-12072120,Großbeeren,gemeinde,Brandenburg,grossbeeren.de,https://www.grossbeeren.de/,wikidata
DE-G-12072169,Jüterbog,gemeinde,Brandenburg,jueterbog.eu,https://www.jueterbog.eu/,wikidata
DE-G-12072232,Luckenwalde,gemeinde,Brandenburg,luckenwalde.de,https://www.luckenwalde.de/,wikidata
DE-G-12072240,Ludwigsfelde,gemeinde,Brandenburg,ludwigsfelde.de,https://www.ludwigsfelde.de/,wikidata
DE-G-12072297,Niedergörsdorf,gemeinde,Brandenburg,gemeinde-niedergoersdorf.de,https://www.gemeinde-niedergoersdorf.de/,wikidata
DE-G-12072312,Nuthe-Urstromtal,gemeinde,Brandenburg,nuthe-urstromtal.de,https://nuthe-urstromtal.de/,wikidata
DE-G-12072340,Rangsdorf,gemeinde,Brandenburg,rangsdorf.de,https://www.rangsdorf.de/,wikidata
DE-G-12072426,Trebbin,gemeinde,Brandenburg,stadt-trebbin.de,https://www.stadt-trebbin.de/,wikidata
DE-G-12072477,Zossen,gemeinde,Brandenburg,zossen.de,https://www.zossen.de/,wikidata
DE-G-12073008,Angermünde,gemeinde,Brandenburg,angermuende.de,https://www.angermuende.de/,wikidata
DE-G-12073069,Boitzenburger Land,gemeinde,Brandenburg,gemeinde-boitzenburger-land.de,https://www.gemeinde-boitzenburger-land.de/,wikidata
DE-G-12073384,Lychen,gemeinde,Brandenburg,lychen.de,https://www.lychen.de/,wikidata
DE-G-12073429,Nordwestuckermark,gemeinde,Brandenburg,nordwestuckermark.de,https://www.nordwestuckermark.de/,wikidata
DE-G-12073452,Prenzlau,gemeinde,Brandenburg,prenzlau.eu,https://www.prenzlau.eu/,wikidata
DE-G-12073572,Templin,gemeinde,Brandenburg,templin.de,https://www.templin.de/,wikidata
DE-G-12073579,Uckerland,gemeinde,Brandenburg,uckerland.de,https://www.uckerland.de/,wikidata
DE-G-12073440,Pinnow,gemeinde,Brandenburg,schwedt.eu,https://schwedt.eu/de/politik-und-verwaltung/mitverwaltung/31982,wikidata
DE-G-12073532,Schwedt/Oder,gemeinde,Brandenburg,schwedt.eu,https://www.schwedt.eu/,wikidata
DE-G-13003000,Rostock,gemeinde,Mecklenburg-Vorpommern,rostock.de,https://www.rostock.de/,wikidata
DE-G-13004000,Schwerin,gemeinde,Mecklenburg-Vorpommern,schwerin.de,https://www.schwerin.de/,wikidata
DE-G-13071027,Dargun,gemeinde,Mecklenburg-Vorpommern,dargun.de,https://www.dargun.de/,wikidata
DE-G-13071029,Demmin,gemeinde,Mecklenburg-Vorpommern,demmin.de,https://www.demmin.de/,wikidata
DE-G-13071033,Feldberger Seenlandschaft,gemeinde,Mecklenburg-Vorpommern,feldberger-seenlandschaft.de,https://gemeinde.feldberger-seenlandschaft.de/,wikidata
DE-G-13071107,Neubrandenburg,gemeinde,Mecklenburg-Vorpommern,neubrandenburg.de,https://www.neubrandenburg.de/,wikidata
DE-G-13071110,Neustrelitz,gemeinde,Mecklenburg-Vorpommern,neustrelitz.de,https://www.neustrelitz.de/,wikidata
DE-G-13071156,Waren (Müritz),gemeinde,Mecklenburg-Vorpommern,waren-mueritz.de,https://www.waren-mueritz.de/,wikidata
DE-G-13072006,Bad Doberan,gemeinde,Mecklenburg-Vorpommern,stadt-bad-doberan.de,https://www.stadt-bad-doberan.de/,wikidata
DE-G-13072029,Dummerstorf,gemeinde,Mecklenburg-Vorpommern,dummerstorf.de,http://www.dummerstorf.de/,wikidata
DE-G-13072036,Graal-Müritz,gemeinde,Mecklenburg-Vorpommern,gemeinde-graalmueritz.de,https://www.gemeinde-graalmueritz.de/,wikidata
DE-G-13072043,Güstrow,gemeinde,Mecklenburg-Vorpommern,guestrow.de,https://www.guestrow.de/,wikidata
DE-G-13072058,Kröpelin,gemeinde,Mecklenburg-Vorpommern,kroepelin.de,http://www.kroepelin.de,wikidata
DE-G-13072060,Kühlungsborn,gemeinde,Mecklenburg-Vorpommern,stadt-kuehlungsborn.de,https://www.stadt-kuehlungsborn.de/,wikidata
DE-G-13072074,Neubukow,gemeinde,Mecklenburg-Vorpommern,neubukow.de,https://www.neubukow.de/,wikidata
DE-G-13072091,Sanitz,gemeinde,Mecklenburg-Vorpommern,sanitz.de,http://www.sanitz.de,wikidata
DE-G-13072093,Satow,gemeinde,Mecklenburg-Vorpommern,satow.de,http://www.satow.de,wikidata
DE-G-13072106,Teterow,gemeinde,Mecklenburg-Vorpommern,teterow.de,https://www.teterow.de/,wikidata
DE-G-13073011,Binz,gemeinde,Mecklenburg-Vorpommern,gemeinde-binz.de,https://gemeinde-binz.de/,wikidata
DE-G-13073035,Grimmen,gemeinde,Mecklenburg-Vorpommern,grimmen.de,http://www.grimmen.de,wikidata
DE-G-13073055,Marlow,gemeinde,Mecklenburg-Vorpommern,stadt-marlow.de,http://www.stadt-marlow.de,wikidata
DE-G-13073070,Putbus,gemeinde,Mecklenburg-Vorpommern,putbus.de,http://www.putbus.de,wikidata
DE-G-13073080,Sassnitz,gemeinde,Mecklenburg-Vorpommern,sassnitz.de,https://www.sassnitz.de/,wikidata
DE-G-13073088,Stralsund,gemeinde,Mecklenburg-Vorpommern,stralsund.de,https://www.stralsund.de/,wikidata
DE-G-13073089,Süderholz,gemeinde,Mecklenburg-Vorpommern,suederholz.de,http://www.suederholz.de,wikidata
DE-G-13073105,Zingst,gemeinde,Mecklenburg-Vorpommern,gemeinde-zingst.de,https://www.gemeinde-zingst.de/,wikidata
DE-G-13074026,Grevesmühlen,gemeinde,Mecklenburg-Vorpommern,grevesmuehlen.de,http://www.grevesmuehlen.de,wikidata
DE-G-13074035,Insel Poel,gemeinde,Mecklenburg-Vorpommern,ostseebad-insel-poel.de,http://www.ostseebad-insel-poel.de,wikidata
DE-G-13074087,Wismar,gemeinde,Mecklenburg-Vorpommern,wismar.de,https://www.wismar.de/,wikidata
DE-G-13075005,Anklam,gemeinde,Mecklenburg-Vorpommern,anklam.de,https://www.anklam.de/,wikidata
DE-G-13075039,Greifswald,gemeinde,Mecklenburg-Vorpommern,greifswald.de,https://www.greifswald.de/,wikidata
DE-G-13075049,Heringsdorf,gemeinde,Mecklenburg-Vorpommern,gemeinde-ostseebad-heringsdorf.de,https://www.gemeinde-ostseebad-heringsdorf.de/,wikidata
DE-G-13075105,Pasewalk,gemeinde,Mecklenburg-Vorpommern,pasewalk.de,https://pasewalk.de/,wikidata
DE-G-13075130,Strasburg (Uckermark),gemeinde,Mecklenburg-Vorpommern,strasburg.de,https://www.strasburg.de/,wikidata
DE-G-13075136,Ueckermünde,gemeinde,Mecklenburg-Vorpommern,ueckermuende.de,http://www.ueckermuende.de,wikidata
DE-G-13076014,Boizenburg/ Elbe,gemeinde,Mecklenburg-Vorpommern,boizenburg.de,https://www.boizenburg.de/,wikidata
DE-G-13076060,Hagenow,gemeinde,Mecklenburg-Vorpommern,hagenow.de,https://hagenow.de,wikidata
DE-G-13076088,Lübtheen,gemeinde,Mecklenburg-Vorpommern,luebtheen.de,http://www.luebtheen.de,wikidata
DE-G-13076090,Ludwigslust,gemeinde,Mecklenburg-Vorpommern,stadtludwigslust.de,https://www.stadtludwigslust.de/,wikidata
DE-G-13076108,Parchim,gemeinde,Mecklenburg-Vorpommern,parchim.de,http://www.parchim.de,wikidata
DE-G-14511000,Chemnitz,gemeinde,Sachsen,chemnitz.de,https://www.chemnitz.de/,wikidata
DE-G-14521010,Amtsberg,gemeinde,Sachsen,amtsberg.eu,https://www.amtsberg.eu/,wikidata
DE-G-14521020,Annaberg-Buchholz,gemeinde,Sachsen,annaberg-buchholz.de,https://www.annaberg-buchholz.de/,wikidata
DE-G-14521035,Aue-Bad Schlema,gemeinde,Sachsen,aue-badschlema.de,https://www.aue-badschlema.de/,wikidata
DE-G-14521110,Breitenbrunn/Erzgeb.,gemeinde,Sachsen,breitenbrunn-erzgebirge.de,https://www.breitenbrunn-erzgebirge.de/,wikidata
DE-G-14521130,Crottendorf,gemeinde,Sachsen,crottendorf.de,https://www.crottendorf.de/,wikidata
DE-G-14521150,Drebach,gemeinde,Sachsen,gemeinde-drebach.de,https://www.gemeinde-drebach.de/,wikidata
DE-G-14521160,Ehrenfriedersdorf,gemeinde,Sachsen,stadt-ehrenfriedersdorf.de,https://www.stadt-ehrenfriedersdorf.de/,wikidata
DE-G-14521170,Eibenstock,gemeinde,Sachsen,eibenstock.de,https://www.eibenstock.de/,wikidata
DE-G-14521200,Gelenau/Erzgeb.,gemeinde,Sachsen,gelenau.de,https://www.gelenau.de/,wikidata
DE-G-14521240,Großolbersdorf,gemeinde,Sachsen,grossolbersdorf.de,https://www.grossolbersdorf.de/,wikidata
DE-G-14521250,Großrückerswalde,gemeinde,Sachsen,grossrueckerswalde.de,https://www.grossrueckerswalde.de/,wikidata
DE-G-14521260,Grünhain-Beierfeld,gemeinde,Sachsen,beierfeld.de,https://www.beierfeld.de/,wikidata
DE-G-14521290,Hohndorf,gemeinde,Sachsen,hohndorf.com,https://www.hohndorf.com/,wikidata
DE-G-14521310,Jahnsdorf/Erzgeb.,gemeinde,Sachsen,jahnsdorf-erzgeb.de,https://www.jahnsdorf-erzgeb.de/,wikidata
DE-G-14521320,Johanngeorgenstadt,gemeinde,Sachsen,johanngeorgenstadt.de,https://www.johanngeorgenstadt.de/,wikidata
DE-G-14521330,Jöhstadt,gemeinde,Sachsen,joehstadt.de,https://www.joehstadt.de/,wikidata
DE-G-14521355,Lauter-Bernsbach,gemeinde,Sachsen,lauter-bernsbach.de,https://www.lauter-bernsbach.de/,wikidata
DE-G-14521370,Lößnitz,gemeinde,Sachsen,stadt-loessnitz.de,https://www.stadt-loessnitz.de/,wikidata
DE-G-14521390,Marienberg,gemeinde,Sachsen,marienberg.de,https://www.marienberg.de/,wikidata
DE-G-14521400,Mildenau,gemeinde,Sachsen,mildenau.de,https://www.mildenau.de/,wikidata
DE-G-14521410,Neukirchen/Erzgeb.,gemeinde,Sachsen,neukirchen-erzgebirge.de,https://neukirchen-erzgebirge.de/,wikidata
DE-G-14521440,Oberwiesenthal,gemeinde,Sachsen,oberwiesenthal.de,https://www.oberwiesenthal.de/,wikidata
DE-G-14521450,Oelsnitz/Erzgeb.,gemeinde,Sachsen,oelsnitz-erzgeb.com,https://www.oelsnitz-erzgeb.com/,wikidata
DE-G-14521460,Olbernhau,gemeinde,Sachsen,olbernhau.de,https://www.olbernhau.de/,wikidata
DE-G-14521495,Pockau-Lengefeld,gemeinde,Sachsen,pockau-lengefeld.de,https://pockau-lengefeld.de/,wikidata
DE-G-14521500,Raschau-Markersbach,gemeinde,Sachsen,raschau-markersbach.de,https://www.raschau-markersbach.de/,wikidata
DE-G-14521530,Schneeberg,gemeinde,Sachsen,bergstadt-schneeberg.de,https://www.bergstadt-schneeberg.de/,wikidata
DE-G-14521540,Schönheide,gemeinde,Sachsen,gemeinde-schoenheide.de,https://www.gemeinde-schoenheide.de/,wikidata
DE-G-14521550,Schwarzenberg/Erzgeb.,gemeinde,Sachsen,schwarzenberg.de,https://www.schwarzenberg.de/,wikidata
DE-G-14521560,Sehmatal,gemeinde,Sachsen,sehmatal.de,https://www.sehmatal.de/,wikidata
DE-G-14521600,Stützengrün,gemeinde,Sachsen,stuetzengruen.de,https://www.stuetzengruen.de/,wikidata
DE-G-14521620,Thalheim/Erzgeb.,gemeinde,Sachsen,thalheim-erzgeb.de,https://www.thalheim-erzgeb.de/,wikidata
DE-G-14521630,Thermalbad Wiesenbad,gemeinde,Sachsen,wiesenbad.de,https://wiesenbad.de/,wikidata
DE-G-14521640,Thum,gemeinde,Sachsen,stadt-thum.de,https://www.stadt-thum.de/,wikidata
DE-G-14521670,Wolkenstein,gemeinde,Sachsen,stadt-wolkenstein.de,https://www.stadt-wolkenstein.de/,wikidata
DE-G-14521060,Bärenstein,gemeinde,Sachsen,baerenstein-erzgebirge.de,https://www.baerenstein-erzgebirge.de/,wikidata
DE-G-14521340,Königswalde,gemeinde,Sachsen,koenigswalde.de,https://www.koenigswalde.de/,wikidata
DE-G-14521040,Auerbach,gemeinde,Sachsen,auerbach-erzgebirge.de,https://www.auerbach-erzgebirge.de/,wikidata
DE-G-14521120,Burkhardtsdorf,gemeinde,Sachsen,burkhardtsdorf.de,https://www.burkhardtsdorf.de/,wikidata
DE-G-14521230,Gornsdorf,gemeinde,Sachsen,gornsdorf-erzgebirge.de,https://www.gornsdorf-erzgebirge.de/,wikidata
DE-G-14521210,Geyer,gemeinde,Sachsen,stadt-geyer.de,https://www.stadt-geyer.de/,wikidata
DE-G-14521610,Tannenberg,gemeinde,Sachsen,gemeinde-tannenberg.de,https://www.gemeinde-tannenberg.de/,wikidata
DE-G-14521380,Lugau/Erzgeb.,gemeinde,Sachsen,stadt-lugau.de,https://www.stadt-lugau.de/,wikidata
DE-G-14521430,Niederwürschnitz,gemeinde,Sachsen,niederwuerschnitz.info,https://www.niederwuerschnitz.info/,wikidata
DE-G-14521510,Scheibenberg,gemeinde,Sachsen,scheibenberg.de,https://www.scheibenberg.de/,wikidata
DE-G-14521520,Schlettau,gemeinde,Sachsen,schlettau.de,https://www.schlettau.de/,wikidata
DE-G-14521140,Deutschneudorf,gemeinde,Sachsen,deutschneudorf.net,https://deutschneudorf.net/,wikidata
DE-G-14521280,Heidersdorf,gemeinde,Sachsen,heidersdorf.de,https://heidersdorf.de/,wikidata
DE-G-14521570,Seiffen/Erzgeb.,gemeinde,Sachsen,seiffen.de,https://seiffen.de/,wikidata
DE-G-14521420,Niederdorf,gemeinde,Sachsen,niederdorf-erzgebirge.de,https://www.niederdorf-erzgebirge.de/,wikidata
DE-G-14521590,Stollberg/Erzgeb.,gemeinde,Sachsen,stollberg-erzgebirge.de,https://www.stollberg-erzgebirge.de/,wikidata
DE-G-14521220,Gornau/Erzgeb.,gemeinde,Sachsen,gornau.de,https://www.gornau.de/,wikidata
DE-G-14521690,Zschopau,gemeinde,Sachsen,zschopau.de,https://www.zschopau.de/,wikidata
DE-G-14521080,Bockau,gemeinde,Sachsen,bockau.de,https://www.bockau.de/,wikidata
DE-G-14521700,Zschorlau,gemeinde,Sachsen,zschorlau.info,https://www.zschorlau.info/,wikidata
DE-G-14521180,Elterlein,gemeinde,Sachsen,elterlein-stadt.de,https://www.elterlein-stadt.de/,wikidata
DE-G-14521710,Zwönitz,gemeinde,Sachsen,zwoenitz.de,https://www.zwoenitz.de/,wikidata
DE-G-14521090,Börnichen/Erzgeb.,gemeinde,Sachsen,boernichen.de,https://www.boernichen.de/,wikidata
DE-G-14521270,Grünhainichen,gemeinde,Sachsen,gruenhainichen.com,https://gruenhainichen.com/,wikidata
DE-G-14522020,Augustusburg,gemeinde,Sachsen,augustusburg.de,https://augustusburg.de/,wikidata
DE-G-14522035,Bobritzsch-Hilbersdorf,gemeinde,Sachsen,bobritzsch-hilbersdorf.de,https://www.bobritzsch-hilbersdorf.de/,wikidata
DE-G-14522050,Brand-Erbisdorf,gemeinde,Sachsen,brand-erbisdorf.de,https://www.brand-erbisdorf.de/,wikidata
DE-G-14522070,Claußnitz,gemeinde,Sachsen,claussnitz.de,https://www.claussnitz.de/,wikidata
DE-G-14522080,Döbeln,gemeinde,Sachsen,doebeln.de,https://www.doebeln.de/,wikidata
DE-G-14522110,Eppendorf,gemeinde,Sachsen,gemeinde-eppendorf.de,https://www.gemeinde-eppendorf.de/,wikidata
DE-G-14522120,Erlau,gemeinde,Sachsen,gemeindeerlau.de,http://www.gemeindeerlau.de/,wikidata
DE-G-14522140,Flöha,gemeinde,Sachsen,floeha.de,https://www.floeha.de/,wikidata
DE-G-14522150,Frankenberg/Sa.,gemeinde,Sachsen,frankenberg-sachsen.de,https://www.frankenberg-sachsen.de/,wikidata
DE-G-14522170,Frauenstein,gemeinde,Sachsen,frauenstein-erzgebirge.de,https://www.frauenstein-erzgebirge.de/,wikidata
DE-G-14522180,Freiberg,gemeinde,Sachsen,freiberg.de,https://www.freiberg.de/,wikidata
DE-G-14522190,Geringswalde,gemeinde,Sachsen,geringswalde.de,https://www.geringswalde.de/,wikidata
DE-G-14522200,Großhartmannsdorf,gemeinde,Sachsen,grosshartmannsdorf.de,https://www.grosshartmannsdorf.de/,wikidata
DE-G-14522210,Großschirma,gemeinde,Sachsen,grossschirma.de,https://www.grossschirma.de/,wikidata
DE-G-14522220,Großweitzschen,gemeinde,Sachsen,grossweitzschen.de,https://www.grossweitzschen.de/,wikidata
DE-G-14522230,Hainichen,gemeinde,Sachsen,hainichen.de,https://www.hainichen.de/,wikidata
DE-G-14522240,Halsbrücke,gemeinde,Sachsen,halsbruecke.de,https://www.halsbruecke.de/,wikidata
DE-G-14522250,Hartha,gemeinde,Sachsen,hartha.de,https://www.hartha.de/,wikidata
DE-G-14522260,Hartmannsdorf,gemeinde,Sachsen,gemeinde-hartmannsdorf.de,https://www.gemeinde-hartmannsdorf.de/,wikidata
DE-G-14522275,Jahnatal,gemeinde,Sachsen,gemeinde-jahnatal.de,https://www.gemeinde-jahnatal.de/,wikidata
DE-G-14522290,Königshain-Wiederau,gemeinde,Sachsen,königshain-wiederau.de,https://www.königshain-wiederau.de/,wikidata
DE-G-14522300,Kriebstein,gemeinde,Sachsen,kriebstein.de,https://www.kriebstein.de/,wikidata
DE-G-14522310,Leisnig,gemeinde,Sachsen,leisnig.de,https://www.leisnig.de/,wikidata
DE-G-14522320,Leubsdorf,gemeinde,Sachsen,leubsdorf-sachsen.de,https://www.leubsdorf-sachsen.de/,wikidata
DE-G-14522330,Lichtenau,gemeinde,Sachsen,gemeinde-lichtenau.de,https://www.gemeinde-lichtenau.de/,wikidata
DE-G-14522350,Lunzenau,gemeinde,Sachsen,lunzenau.de,https://www.lunzenau.de/,wikidata
DE-G-14522390,Mulda/Sa.,gemeinde,Sachsen,gemeinde-mulda.de,https://www.gemeinde-mulda.de/,wikidata
DE-G-14522400,Neuhausen/Erzgeb.,gemeinde,Sachsen,neuhausen.de,https://neuhausen.de/,wikidata
DE-G-14522420,Niederwiesa,gemeinde,Sachsen,gemeinde-niederwiesa.de,https://gemeinde-niederwiesa.de/,wikidata
DE-G-14522430,Oberschöna,gemeinde,Sachsen,gemeinde-oberschoena.de,https://www.gemeinde-oberschoena.de/,wikidata
DE-G-14522440,Oederan,gemeinde,Sachsen,oederan.de,https://www.oederan.de/,wikidata
DE-G-14522460,Penig,gemeinde,Sachsen,penig.de,https://www.penig.de/,wikidata
DE-G-14522470,Rechenberg-Bienenmühle,gemeinde,Sachsen,gemeinde-rechenberg-bienenmuehle.de,https://www.gemeinde-rechenberg-bienenmuehle.de/,wikidata
DE-G-14522480,Reinsberg,gemeinde,Sachsen,gemeinde-reinsberg.de,https://gemeinde-reinsberg.de/,wikidata
DE-G-14522500,Rossau,gemeinde,Sachsen,gemeinde-rossau.de,https://www.gemeinde-rossau.de/,wikidata
DE-G-14522510,Roßwein,gemeinde,Sachsen,rosswein.de,https://www.rosswein.de/,wikidata
DE-G-14522540,Striegistal,gemeinde,Sachsen,striegistal.de,https://www.striegistal.de/,wikidata
DE-G-14522570,Waldheim,gemeinde,Sachsen,stadt-waldheim.de,https://www.stadt-waldheim.de/,wikidata
DE-G-14522580,Wechselburg,gemeinde,Sachsen,wechselburg.de,https://www.wechselburg.de/,wikidata
DE-G-14522060,Burgstädt,gemeinde,Sachsen,burgstaedt.de,https://www.burgstaedt.de/,wikidata
DE-G-14522380,Mühlau,gemeinde,Sachsen,gemeinde-muehlau-sachsen.de,https://www.gemeinde-muehlau-sachsen.de/,wikidata
DE-G-14522550,Taura,gemeinde,Sachsen,gemeinde-taura.de,https://www.gemeinde-taura.de/,wikidata
DE-G-14522340,Lichtenberg/Erzgeb.,gemeinde,Sachsen,lichtenberg-erzgebirge.de,https://www.lichtenberg-erzgebirge.de/,wikidata
DE-G-14522590,Weißenborn/Erzgeb.,gemeinde,Sachsen,weissenborn-erzgebirge.de,https://www.weissenborn-erzgebirge.de/,wikidata
DE-G-14522010,Altmittweida,gemeinde,Sachsen,gemeinde-altmittweida.de,https://www.gemeinde-altmittweida.de/,wikidata
DE-G-14522360,Mittweida,gemeinde,Sachsen,mittweida.de,https://www.mittweida.de/,wikidata
DE-G-14522280,Königsfeld,gemeinde,Sachsen,rochlitz.de,https://www.rochlitz.de/leben-in-rochlitz/verwaltungsgemeinschaft/koenigsfeld,wikidata
DE-G-14522490,Rochlitz,gemeinde,Sachsen,rochlitz.de,https://www.rochlitz.de/,wikidata
DE-G-14522530,Seelitz,gemeinde,Sachsen,gemeinde-seelitz.de,https://www.gemeinde-seelitz.de/,wikidata
DE-G-14522600,Zettlitz,gemeinde,Sachsen,gemeinde-zettlitz.de,https://www.gemeinde-zettlitz.de/,wikidata
DE-G-14522090,Dorfchemnitz,gemeinde,Sachsen,dorfchemnitz.eu,https://www.dorfchemnitz.eu/,wikidata
DE-G-14522520,Sayda,gemeinde,Sachsen,sayda.eu,https://www.sayda.eu/,wikidata
DE-G-14523010,Adorf/Vogtl.,gemeinde,Sachsen,adorf-vogtland.de,https://www.adorf-vogtland.de/,wikidata
DE-G-14523020,Auerbach/Vogtl.,gemeinde,Sachsen,stadt-auerbach.de,https://www.stadt-auerbach.de/,wikidata
DE-G-14523030,Bad Brambach,gemeinde,Sachsen,bad-brambach.de,https://www.bad-brambach.de/,wikidata
DE-G-14523040,Bad Elster,gemeinde,Sachsen,badelster.de,https://badelster.de/,wikidata
DE-G-14523090,Ellefeld,gemeinde,Sachsen,ellefeld.de,https://ellefeld.de/,wikidata
DE-G-14523100,Elsterberg,gemeinde,Sachsen,elsterberg.de,https://elsterberg.de/,wikidata
DE-G-14523160,Klingenthal,gemeinde,Sachsen,klingenthal.de,https://www.klingenthal.de/,wikidata
DE-G-14523170,Lengenfeld,gemeinde,Sachsen,stadt-lengenfeld.de,https://www.stadt-lengenfeld.de/,wikidata
DE-G-14523200,Markneukirchen,gemeinde,Sachsen,markneukirchen.de,https://markneukirchen.de/,wikidata
DE-G-14523245,Muldenhammer,gemeinde,Sachsen,muldenhammer.com,https://muldenhammer.com/,wikidata
DE-G-14523280,Neumark,gemeinde,Sachsen,neumark-vogtland.de,https://www.neumark-vogtland.de/,wikidata
DE-G-14523310,Pausa-Mühltroff,gemeinde,Sachsen,stadt-pausa-muehltroff.de,https://www.stadt-pausa-muehltroff.de/,wikidata
DE-G-14523320,Plauen,gemeinde,Sachsen,plauen.de,https://www.plauen.de/,wikidata
DE-G-14523330,Pöhl,gemeinde,Sachsen,poehl.de,https://www.poehl.de/,wikidata
DE-G-14523360,Rodewisch,gemeinde,Sachsen,rodewisch.de,https://www.rodewisch.de/,wikidata
DE-G-14523365,Rosenbach/Vogtl.,gemeinde,Sachsen,rosenbach.de,https://www.rosenbach.de/,wikidata
DE-G-14523380,Steinberg,gemeinde,Sachsen,gemeinde-steinberg.de,https://www.gemeinde-steinberg.de/,wikidata
DE-G-14523450,Weischlitz,gemeinde,Sachsen,weischlitz.de,https://www.weischlitz.de/,wikidata
DE-G-14523120,Falkenstein/Vogtl.,gemeinde,Sachsen,stadt-falkenstein.de,https://stadt-falkenstein.de/,wikidata
DE-G-14523130,Grünbach,gemeinde,Sachsen,gruenbach.de,https://www.gruenbach.de/,wikidata
DE-G-14523290,Neustadt/Vogtl.,gemeinde,Sachsen,neustadt-vogtland.de,http://www.neustadt-vogtland.de/,wikidata
DE-G-14523190,Limbach,gemeinde,Sachsen,limbach-vogtland.de,https://www.limbach-vogtland.de/,wikidata
DE-G-14523260,Netzschkau,gemeinde,Sachsen,netzschkau.de,https://www.netzschkau.de/,wikidata
DE-G-14523060,Bösenbrunn,gemeinde,Sachsen,boesenbrunn.de,https://boesenbrunn.de/,wikidata
DE-G-14523080,Eichigt,gemeinde,Sachsen,eichigt.de,https://www.eichigt.de/,wikidata
DE-G-14523300,Oelsnitz/Vogtl.,gemeinde,Sachsen,oelsnitz.de,https://www.oelsnitz.de/,wikidata
DE-G-14523440,Triebel/Vogtl.,gemeinde,Sachsen,gemeinde-triebel.de,https://www.gemeinde-triebel.de/,wikidata
DE-G-14523150,Heinsdorfergrund,gemeinde,Sachsen,heinsdorfergrund-vogtland.de,https://www.heinsdorfergrund-vogtland.de/,wikidata
DE-G-14523340,Reichenbach im Vogtland,gemeinde,Sachsen,reichenbach-vogtland.de,https://www.reichenbach-vogtland.de/,wikidata
DE-G-14523230,Mühlental,gemeinde,Sachsen,muehlental.com,https://muehlental.com/,wikidata
DE-G-14523370,Schöneck/Vogtl.,gemeinde,Sachsen,stadt-schoeneck.de,https://www.stadt-schoeneck.de/,wikidata
DE-G-14523270,Neuensalz,gemeinde,Sachsen,neuensalz.de,https://www.neuensalz.de/,wikidata
DE-G-14523430,Treuen,gemeinde,Sachsen,treuen.de,https://www.treuen.de/,wikidata
DE-G-14523050,Bergen,gemeinde,Sachsen,bergen-vogtland.de,http://www.bergen-vogtland.de/,wikidata
DE-G-14523410,Theuma,gemeinde,Sachsen,theuma-vogtland.de,https://www.theuma-vogtland.de/,wikidata
DE-G-14523420,Tirpersdorf,gemeinde,Sachsen,tirpersdorf-vogtland.de,https://www.tirpersdorf-vogtland.de/,wikidata
DE-G-14523460,Werda,gemeinde,Sachsen,werda-vogtland.de,https://werda-vogtland.de/,wikidata
DE-G-14524020,Callenberg,gemeinde,Sachsen,callenberg.de,https://www.callenberg.de/,wikidata
DE-G-14524060,Fraureuth,gemeinde,Sachsen,fraureuth.de,https://www.fraureuth.de/,wikidata
DE-G-14524070,Gersdorf,gemeinde,Sachsen,gemeinde-gersdorf.de,https://www.gemeinde-gersdorf.de/,wikidata
DE-G-14524080,Glauchau,gemeinde,Sachsen,glauchau.de,https://www.glauchau.de/,wikidata
DE-G-14524090,Hartenstein,gemeinde,Sachsen,stadt-hartenstein.de,https://www.stadt-hartenstein.de/,wikidata
DE-G-14524120,Hohenstein-Ernstthal,gemeinde,Sachsen,hohenstein-ernstthal.de,https://hohenstein-ernstthal.de/,wikidata
DE-G-14524140,Langenbernsdorf,gemeinde,Sachsen,langenbernsdorf.eu,https://www.langenbernsdorf.eu/,wikidata
DE-G-14524150,Langenweißbach,gemeinde,Sachsen,langenweissbach.de,https://www.langenweissbach.de/,wikidata
DE-G-14524170,Lichtentanne,gemeinde,Sachsen,gemeinde-lichtentanne.de,https://www.gemeinde-lichtentanne.de/,wikidata
DE-G-14524200,Mülsen,gemeinde,Sachsen,muelsen.de,https://www.muelsen.de/,wikidata
DE-G-14524210,Neukirchen/Pleiße,gemeinde,Sachsen,neukirchen-pleisse.de,https://www.neukirchen-pleisse.de/,wikidata
DE-G-14524230,Oberlungwitz,gemeinde,Sachsen,oberlungwitz.de,https://www.oberlungwitz.de/,wikidata
DE-G-14524250,Reinsdorf,gemeinde,Sachsen,reinsdorf.de,https://www.reinsdorf.de/,wikidata
DE-G-14524300,Werdau,gemeinde,Sachsen,werdau.de,https://www.werdau.de/,wikidata
DE-G-14524310,Wildenfels,gemeinde,Sachsen,wildenfels.de,https://www.wildenfels.de/,wikidata
DE-G-14524320,Wilkau-Haßlau,gemeinde,Sachsen,wilkau-hasslau.de,https://www.wilkau-hasslau.de/,wikidata
DE-G-14524330,Zwickau,gemeinde,Sachsen,zwickau.de,https://www.zwickau.de/,wikidata
DE-G-14524030,Crimmitschau,gemeinde,Sachsen,crimmitschau.de,https://www.crimmitschau.de/,wikidata
DE-G-14524050,Dennheritz,gemeinde,Sachsen,gemeinde-dennheritz.de,https://www.gemeinde-dennheritz.de/,wikidata
DE-G-14524040,Crinitzberg,gemeinde,Sachsen,crinitzberg.de,https://www.crinitzberg.de/,wikidata
DE-G-14524100,Hartmannsdorf b. Kirchberg,gemeinde,Sachsen,hartmannsdorf.org,https://www.hartmannsdorf.org/,wikidata
DE-G-14524110,Hirschfeld,gemeinde,Sachsen,hirschfeld-sachsen.de,https://www.hirschfeld-sachsen.de/,wikidata
DE-G-14524130,Kirchberg,gemeinde,Sachsen,kirchberg.de,https://www.kirchberg.de/,wikidata
DE-G-14524180,Limbach-Oberfrohna,gemeinde,Sachsen,limbach-oberfrohna.de,https://www.limbach-oberfrohna.de/,wikidata
DE-G-14524220,Niederfrohna,gemeinde,Sachsen,niederfrohna.de,https://www.niederfrohna.de/,wikidata
DE-G-14524190,Meerane,gemeinde,Sachsen,meerane.de,https://www.meerane.de/,wikidata
DE-G-14524270,Schönberg,gemeinde,Sachsen,schönberg-sachsen.de,https://www.schönberg-sachsen.de/,wikidata
DE-G-14524010,Bernsdorf,gemeinde,Sachsen,bernsdorf-erzgebirge.de,https://www.bernsdorf-erzgebirge.de/,wikidata
DE-G-14524160,Lichtenstein/Sa.,gemeinde,Sachsen,lichtenstein-sachsen.de,https://www.lichtenstein-sachsen.de/,wikidata
DE-G-14524280,St. Egidien,gemeinde,Sachsen,st-egidien.de,https://www.st-egidien.de/,wikidata
DE-G-14524240,Oberwiera,gemeinde,Sachsen,gemeindeoberwiera.de,https://www.gemeindeoberwiera.de/,wikidata
DE-G-14524260,Remse,gemeinde,Sachsen,remse-mulde.de,https://www.remse-mulde.de/,wikidata
DE-G-14524290,Waldenburg,gemeinde,Sachsen,waldenburg.de,https://www.waldenburg.de/,wikidata
DE-G-14612000,Dresden,gemeinde,Sachsen,dresden.de,https://www.dresden.de/,wikidata
DE-G-14625010,Arnsdorf,gemeinde,Sachsen,gemeindearnsdorf.de,https://www.gemeindearnsdorf.de/,wikidata
DE-G-14625020,Bautzen,gemeinde,Sachsen,bautzen.de,https://www.bautzen.de/,wikidata
DE-G-14625030,Bernsdorf,gemeinde,Sachsen,bernsdorf.de,https://www.bernsdorf.de/,wikidata
DE-G-14625060,Burkau,gemeinde,Sachsen,gemeinde-burkau.de,https://www.gemeinde-burkau.de/,wikidata
DE-G-14625090,Cunewalde,gemeinde,Sachsen,cunewalde.de,https://www.cunewalde.de/,wikidata
DE-G-14625100,Demitz-Thumitz,gemeinde,Sachsen,demitz-thumitz.de,https://www.demitz-thumitz.de/,wikidata
DE-G-14625110,Doberschau-Gaußig,gemeinde,Sachsen,doberschau-gaussig.de,https://www.doberschau-gaussig.de/,wikidata
DE-G-14625120,Elsterheide,gemeinde,Sachsen,elsterheide.de,https://www.elsterheide.de/,wikidata
DE-G-14625130,Elstra,gemeinde,Sachsen,elstra.de,https://www.elstra.de/,wikidata
DE-G-14625150,Göda,gemeinde,Sachsen,goeda.de,https://www.goeda.de/,wikidata
DE-G-14625160,Großdubrau,gemeinde,Sachsen,grossdubrau.de,https://www.grossdubrau.de/,wikidata
DE-G-14625200,Großröhrsdorf,gemeinde,Sachsen,grossroehrsdorf.de,https://www.grossroehrsdorf.de/,wikidata
DE-G-14625220,Haselbachtal,gemeinde,Sachsen,haselbachtal.com,https://haselbachtal.com/,wikidata
DE-G-14625230,Hochkirch,gemeinde,Sachsen,hochkirch.de,https://www.hochkirch.de/,wikidata
DE-G-14625240,Hoyerswerda,gemeinde,Sachsen,hoyerswerda.de,https://www.hoyerswerda.de/,wikidata
DE-G-14625250,Kamenz,gemeinde,Sachsen,kamenz.de,https://www.kamenz.de/,wikidata
DE-G-14625280,Königswartha,gemeinde,Sachsen,koenigswartha.net,https://www.koenigswartha.net/,wikidata
DE-G-14625290,Kubschütz,gemeinde,Sachsen,gemeinde-kubschuetz.de,https://www.gemeinde-kubschuetz.de/,wikidata
DE-G-14625310,Lauta,gemeinde,Sachsen,lauta.de,https://www.lauta.de/,wikidata
DE-G-14625330,Lohsa,gemeinde,Sachsen,lohsa.de,https://www.lohsa.de/,wikidata
DE-G-14625340,Malschwitz,gemeinde,Sachsen,malschwitz.de,https://www.malschwitz.de/,wikidata
DE-G-14625380,Neukirch/Lausitz,gemeinde,Sachsen,neukirch-lausitz.de,https://www.neukirch-lausitz.de/,wikidata
DE-G-14625420,Oßling,gemeinde,Sachsen,ossling.net,http://www.ossling.net/,wikidata
DE-G-14625430,Ottendorf-Okrilla,gemeinde,Sachsen,ottendorf-okrilla.de,https://www.ottendorf-okrilla.de/,wikidata
DE-G-14625480,Radeberg,gemeinde,Sachsen,radeberg.de,https://www.radeberg.de/,wikidata
DE-G-14625490,Radibor,gemeinde,Sachsen,radibor.de,https://radibor.de/,wikidata
DE-G-14625525,Schirgiswalde-Kirschau,gemeinde,Sachsen,stadt-schirgiswalde-kirschau.de,https://www.stadt-schirgiswalde-kirschau.de/,wikidata
DE-G-14625530,Schmölln-Putzkau,gemeinde,Sachsen,schmoelln-putzkau.de,https://schmoelln-putzkau.de/,wikidata
DE-G-14625550,Schwepnitz,gemeinde,Sachsen,schwepnitz.de,https://www.schwepnitz.de/,wikidata
DE-G-14625560,Sohland a. d. Spree,gemeinde,Sachsen,sohland.de,https://www.sohland.de/,wikidata
DE-G-14625570,Spreetal,gemeinde,Sachsen,spreetal.de,http://www.spreetal.de/,wikidata
DE-G-14625590,Steinigtwolmsdorf,gemeinde,Sachsen,steinigtwolmsdorf.de,https://www.steinigtwolmsdorf.de/,wikidata
DE-G-14625600,Wachau,gemeinde,Sachsen,wachau.de,https://www.wachau.de/,wikidata
DE-G-14625610,Weißenberg,gemeinde,Sachsen,stadt-weissenberg.de,https://www.stadt-weissenberg.de/,wikidata
DE-G-14625630,Wilthen,gemeinde,Sachsen,wilthen.de,https://www.wilthen.de/,wikidata
DE-G-14625640,Wittichenau,gemeinde,Sachsen,wittichenau.de,https://wittichenau.de/,wikidata
DE-G-14625040,Bischofswerda,gemeinde,Sachsen,bischofswerda.de,https://www.bischofswerda.de/,wikidata
DE-G-14625510,Rammenau,gemeinde,Sachsen,rammenau.de,https://www.rammenau.de/,wikidata
DE-G-14625140,Frankenthal,gemeinde,Sachsen,gemeinde-frankenthal.de,https://www.gemeinde-frankenthal.de/,wikidata
DE-G-14625170,Großharthau,gemeinde,Sachsen,grossharthau.de,https://grossharthau.de/,wikidata
DE-G-14625190,Großpostwitz/O.L.,gemeinde,Sachsen,grosspostwitz.de,https://grosspostwitz.de/,wikidata
DE-G-14625390,Obergurig,gemeinde,Sachsen,obergurig.de,https://www.obergurig.de/,wikidata
DE-G-14625270,Königsbrück,gemeinde,Sachsen,koenigsbrueck.de,https://www.koenigsbrueck.de/,wikidata
DE-G-14625300,Laußnitz,gemeinde,Sachsen,laussnitz.de,https://www.laussnitz.de/,wikidata
DE-G-14625370,Neukirch,gemeinde,Sachsen,gemeindeneukirch.de,https://gemeindeneukirch.de/,wikidata
DE-G-14625360,Neschwitz,gemeinde,Sachsen,neschwitz.de,https://www.neschwitz.de/,wikidata
DE-G-14625460,Puschwitz,gemeinde,Sachsen,puschwitz.com,https://puschwitz.com/,wikidata
DE-G-14625180,Großnaundorf,gemeinde,Sachsen,grossnaundorf.de,http://www.grossnaundorf.de/,wikidata
DE-G-14625320,Lichtenberg,gemeinde,Sachsen,gemeinde-lichtenberg.de,https://www.gemeinde-lichtenberg.de/,wikidata
DE-G-14625410,Ohorn,gemeinde,Sachsen,ohorn-sachsen.de,https://www.ohorn-sachsen.de/,wikidata
DE-G-14625450,Pulsnitz,gemeinde,Sachsen,pulsnitz.de,https://www.pulsnitz.de/,wikidata
DE-G-14625580,Steina,gemeinde,Sachsen,steina-sachsen.de,https://www.steina-sachsen.de/,wikidata
DE-G-14625080,Crostwitz,gemeinde,Sachsen,crostwitz.de,https://www.crostwitz.de/,wikidata
DE-G-14625350,Nebelschütz,gemeinde,Sachsen,nebelschuetz.de,https://www.nebelschuetz.de/,wikidata
DE-G-14625440,Panschwitz-Kuckau,gemeinde,Sachsen,panschwitz-kuckau.de,https://www.panschwitz-kuckau.de/,wikidata
DE-G-14625470,Räckelwitz,gemeinde,Sachsen,raeckelwitz.de,https://www.raeckelwitz.de/,wikidata
DE-G-14625500,Ralbitz-Rosenthal,gemeinde,Sachsen,ralbitz-rosenthal.de,https://www.ralbitz-rosenthal.de/,wikidata
DE-G-14626060,Boxberg/O.L.,gemeinde,Sachsen,boxberg-ol.de,https://boxberg-ol.de/,wikidata
DE-G-14626085,Ebersbach-Neugersdorf,gemeinde,Sachsen,ebersbach-neugersdorf.de,https://www.ebersbach-neugersdorf.de/,wikidata
DE-G-14626110,Görlitz,gemeinde,Sachsen,goerlitz.de,https://www.goerlitz.de/,wikidata
DE-G-14626180,Herrnhut,gemeinde,Sachsen,herrnhut.de,https://www.herrnhut.de/,wikidata
DE-G-14626245,Kottmar,gemeinde,Sachsen,gemeinde-kottmar.de,https://www.gemeinde-kottmar.de,wikidata
DE-G-14626250,Krauschwitz i.d. O.L.,gemeinde,Sachsen,krauschwitz.de,https://www.krauschwitz.de/,wikidata
DE-G-14626280,Leutersdorf,gemeinde,Sachsen,leutersdorf.de,https://www.leutersdorf.de/,wikidata
DE-G-14626300,Markersdorf,gemeinde,Sachsen,markersdorf.de,https://markersdorf.de/,wikidata
DE-G-14626310,Mittelherwigsdorf,gemeinde,Sachsen,mittelherwigsdorf.de,https://www.mittelherwigsdorf.de/,wikidata
DE-G-14626370,Niesky,gemeinde,Sachsen,niesky.de,https://www.niesky.de/,wikidata
DE-G-14626390,Oderwitz,gemeinde,Sachsen,oderwitz.de,https://www.oderwitz.de/,wikidata
DE-G-14626420,Ostritz,gemeinde,Sachsen,ostritz.de,http://www.ostritz.de/,wikidata
DE-G-14626530,Seifhennersdorf,gemeinde,Sachsen,seifhennersdorf.de,https://www.seifhennersdorf.de/,wikidata
DE-G-14626610,Zittau,gemeinde,Sachsen,zittau.de,https://zittau.de/,wikidata
DE-G-14626010,Bad Muskau,gemeinde,Sachsen,badmuskau.de,https://www.badmuskau.de/,wikidata
DE-G-14626100,Gablenz,gemeinde,Sachsen,gablenz-online.de,https://gablenz-online.de/,wikidata
DE-G-14626030,Bernstadt a. d. Eigen,gemeinde,Sachsen,bernstadt.de,https://bernstadt.de/,wikidata
DE-G-14626500,Schönau-Berzdorf a. d. Eigen,gemeinde,Sachsen,schoenau-berzdorf.de,https://www.schoenau-berzdorf.de/,wikidata
DE-G-14626140,Großschönau,gemeinde,Sachsen,grossschoenau.de,https://www.grossschoenau.de/,wikidata
DE-G-14626170,Hainewalde,gemeinde,Sachsen,hainewalde.de,https://www.hainewalde.de/,wikidata
DE-G-14626150,Großschweidnitz,gemeinde,Sachsen,grossschweidnitz.de,https://www.grossschweidnitz.de/,wikidata
DE-G-14626270,Lawalde,gemeinde,Sachsen,lawalde.de,http://www.lawalde.de/,wikidata
DE-G-14626290,Löbau,gemeinde,Sachsen,loebau.de,https://www.loebau.de/,wikidata
DE-G-14626470,Rosenbach,gemeinde,Sachsen,gemeinde-rosenbach.de,https://www.gemeinde-rosenbach.de/,wikidata
DE-G-14626070,Dürrhennersdorf,gemeinde,Sachsen,duerrhennersdorf.com,http://www.duerrhennersdorf.com/,wikidata
DE-G-14626350,Neusalza-Spremberg,gemeinde,Sachsen,neusalza-spremberg.de,https://www.neusalza-spremberg.de/,wikidata
DE-G-14626510,Schönbach,gemeinde,Sachsen,gemeinde-schoenbach.de,http://www.gemeinde-schoenbach.de/,wikidata
DE-G-14626050,Bertsdorf-Hörnitz,gemeinde,Sachsen,bertsdorf-hörnitz.de,https://www.bertsdorf-hörnitz.de/,wikidata
DE-G-14626210,Jonsdorf,gemeinde,Sachsen,jonsdorf.de,https://www.jonsdorf.de/,wikidata
DE-G-14626400,Olbersdorf,gemeinde,Sachsen,olbersdorf.de,https://www.olbersdorf.de/,wikidata
DE-G-14626430,Oybin,gemeinde,Sachsen,oybin.com,https://oybin.com/,wikidata
DE-G-14626020,Beiersdorf,gemeinde,Sachsen,beiersdorf-ol.de,https://www.beiersdorf-ol.de/,wikidata
DE-G-14626410,Oppach,gemeinde,Sachsen,oppach.de,https://www.oppach.de/,wikidata
DE-G-14626240,Königshain,gemeinde,Sachsen,koenigshain.com,https://www.koenigshain.com/,wikidata
DE-G-14626450,Reichenbach/O.L.,gemeinde,Sachsen,reichenbach-ol.de,https://www.reichenbach-ol.de/,wikidata
DE-G-14626570,Vierkirchen,gemeinde,Sachsen,vierkirchen.com,https://www.vierkirchen.com/,wikidata
DE-G-14626260,Kreba-Neudorf,gemeinde,Sachsen,gemeinde-kreba-neudorf.de,https://www.gemeinde-kreba-neudorf.de/,wikidata
DE-G-14626460,Rietschen,gemeinde,Sachsen,rietschen-online.de,https://www.rietschen-online.de/,wikidata
DE-G-14626160,Hähnichen,gemeinde,Sachsen,rothenburg-ol.de,https://www.rothenburg-ol.de/seite/473247/ris.html/?href_b42d9458-e356a07c-702f8a1b-51771e59=/councilservice/group/view/id/12/Gemeinschaftsausschuss.html#/councilservice/group/view/12,wikidata
DE-G-14626480,Rothenburg/O.L.,gemeinde,Sachsen,rothenburg-ol.de,https://www.rothenburg-ol.de/,wikidata
DE-G-14626120,Groß Düben,gemeinde,Sachsen,grossdueben-online.de,https://grossdueben-online.de/,wikidata
DE-G-14626490,Schleife,gemeinde,Sachsen,schleife-slepo.de,https://www.schleife-slepo.de/,wikidata
DE-G-14626560,Trebendorf,gemeinde,Sachsen,trebendorf.de,https://www.trebendorf.de/,wikidata
DE-G-14626590,Weißkeißel,gemeinde,Sachsen,weisskeissel-online.de,https://weisskeissel-online.de/,wikidata
DE-G-14626600,Weißwasser/O.L.,gemeinde,Sachsen,weisswasser.de,https://www.weisswasser.de/,wikidata
DE-G-14626190,Hohendubrau,gemeinde,Sachsen,hohendubrau.de,https://www.hohendubrau.de/,wikidata
DE-G-14626320,Mücka,gemeinde,Sachsen,muecka.de,http://www.muecka.de/,wikidata
DE-G-14626440,Quitzdorf am See,gemeinde,Sachsen,quitzdorf-am-see.de,http://www.quitzdorf-am-see.de/,wikidata
DE-G-14626580,Waldhufen,gemeinde,Sachsen,waldhufen.de,https://www.waldhufen.de/,wikidata
DE-G-14626200,Horka,gemeinde,Sachsen,horka.de,https://www.horka.de/,wikidata
DE-G-14626230,Kodersdorf,gemeinde,Sachsen,kodersdorf.de,https://www.kodersdorf.de/,wikidata
DE-G-14626330,Neißeaue,gemeinde,Sachsen,neisseaue.de,https://www.neisseaue.de/,wikidata
DE-G-14626520,Schöpstal,gemeinde,Sachsen,gemeinde-schoepstal.de,https://www.gemeinde-schoepstal.de/,wikidata
DE-G-14627010,Coswig,gemeinde,Sachsen,coswig.de,https://www.coswig.de/,wikidata
DE-G-14627020,Diera-Zehren,gemeinde,Sachsen,diera-zehren.de,https://www.diera-zehren.de/,wikidata
DE-G-14627030,Ebersbach,gemeinde,Sachsen,gemeinde-ebersbach.de,https://www.gemeinde-ebersbach.de/,wikidata
DE-G-14627050,Gröditz,gemeinde,Sachsen,stadt-groeditz.de,https://www.stadt-groeditz.de/,wikidata
DE-G-14627060,Großenhain,gemeinde,Sachsen,grossenhain.de,https://www.grossenhain.de/,wikidata
DE-G-14627070,Hirschstein,gemeinde,Sachsen,hirschstein.de,https://www.hirschstein.de/,wikidata
DE-G-14627080,Käbschütztal,gemeinde,Sachsen,gemeinde-kaebschuetztal.de,https://www.gemeinde-kaebschuetztal.de/,wikidata
DE-G-14627100,Klipphausen,gemeinde,Sachsen,klipphausen.de,https://klipphausen.de/,wikidata
DE-G-14627130,Lommatzsch,gemeinde,Sachsen,lommatzsch.de,https://lommatzsch.de/,wikidata
DE-G-14627140,Meißen,gemeinde,Sachsen,stadt-meissen.de,https://www.stadt-meissen.de/,wikidata
DE-G-14627150,Moritzburg,gemeinde,Sachsen,moritzburg.de,https://www.moritzburg.de/,wikidata
DE-G-14627170,Niederau,gemeinde,Sachsen,niederau.info,https://niederau.info/,wikidata
DE-G-14627180,Nossen,gemeinde,Sachsen,nossen.de,https://www.nossen.de/,wikidata
DE-G-14627200,Priestewitz,gemeinde,Sachsen,priestewitz.de,https://www.priestewitz.de/,wikidata
DE-G-14627210,Radebeul,gemeinde,Sachsen,radebeul.de,https://www.radebeul.de/,wikidata
DE-G-14627220,Radeburg,gemeinde,Sachsen,radeburg.de,https://www.radeburg.de/,wikidata
DE-G-14627230,Riesa,gemeinde,Sachsen,riesa.de,https://riesa.de/,wikidata
DE-G-14627260,Stauchitz,gemeinde,Sachsen,stauchitz.de,https://www.stauchitz.de/,wikidata
DE-G-14627270,Strehla,gemeinde,Sachsen,strehla.de,https://www.strehla.de/,wikidata
DE-G-14627290,Thiendorf,gemeinde,Sachsen,thiendorf.de,https://www.thiendorf.de/,wikidata
DE-G-14627310,Weinböhla,gemeinde,Sachsen,weinboehla.de,https://www.weinboehla.de/,wikidata
DE-G-14627360,Zeithain,gemeinde,Sachsen,zeithain.eu,https://www.zeithain.eu/,wikidata
DE-G-14627040,Glaubitz,gemeinde,Sachsen,gemeinde-glaubitz.de,https://gemeinde-glaubitz.de/,wikidata
DE-G-14627190,Nünchritz,gemeinde,Sachsen,nuenchritz.de,https://www.nuenchritz.de/,wikidata
DE-G-14627240,Röderaue,gemeinde,Sachsen,roederaue.de,https://www.roederaue.de/,wikidata
DE-G-14627340,Wülknitz,gemeinde,Sachsen,gemeinde-wuelknitz.de,https://www.gemeinde-wuelknitz.de/,wikidata
DE-G-14627110,Lampertswalde,gemeinde,Sachsen,gemeinde-lampertswalde.de,https://gemeinde-lampertswalde.de/,wikidata
DE-G-14627250,Schönfeld,gemeinde,Sachsen,gemeinde-schoenfeld.de,https://www.gemeinde-schoenfeld.de/,wikidata
DE-G-14628050,Bannewitz,gemeinde,Sachsen,bannewitz.de,https://www.bannewitz.de/,wikidata
DE-G-14628060,Dippoldiswalde,gemeinde,Sachsen,dippoldiswalde.de,https://www.dippoldiswalde.de/,wikidata
DE-G-14628100,Dürrröhrsdorf-Dittersbach,gemeinde,Sachsen,duerrroehrsdorf-dittersbach.de,https://www.duerrroehrsdorf-dittersbach.de/,wikidata
DE-G-14628110,Freital,gemeinde,Sachsen,freital.de,https://www.freital.de/,wikidata
DE-G-14628130,Glashütte,gemeinde,Sachsen,glashuette-sachs.de,https://www.glashuette-sachs.de/,wikidata
DE-G-14628160,Heidenau,gemeinde,Sachsen,heidenau.de,https://www.heidenau.de/,wikidata
DE-G-14628190,Hohnstein,gemeinde,Sachsen,hohnstein.de,https://www.hohnstein.de/,wikidata
DE-G-14628220,Kreischa,gemeinde,Sachsen,kreischa.de,https://www.kreischa.de/,wikidata
DE-G-14628260,Neustadt in Sachsen,gemeinde,Sachsen,neustadt-sachsen.de,https://www.neustadt-sachsen.de/,wikidata
DE-G-14628300,Rabenau,gemeinde,Sachsen,rabenau.net,https://rabenau.net/,wikidata
DE-G-14628360,Sebnitz,gemeinde,Sachsen,sebnitz.de,https://www.sebnitz.de/,wikidata
DE-G-14628380,Stolpen,gemeinde,Sachsen,stolpen.de,https://www.stolpen.de/,wikidata
DE-G-14628410,Wilsdruff,gemeinde,Sachsen,wilsdruff.de,https://www.wilsdruff.de/,wikidata
DE-G-14628010,Altenberg,gemeinde,Sachsen,rathaus-altenberg.de,https://www.rathaus-altenberg.de/,wikidata
DE-G-14628170,Hermsdorf/Erzgeb.,gemeinde,Sachsen,hermsdorf-erzgebirge.de,https://www.hermsdorf-erzgebirge.de/,wikidata
DE-G-14628020,Bad Gottleuba-Berggießhübel,gemeinde,Sachsen,stadt-bgb.de,https://www.stadt-bgb.de/,wikidata
DE-G-14628040,Bahretal,gemeinde,Sachsen,gemeinde-bahretal.de,https://gemeinde-bahretal.de/,wikidata
DE-G-14628230,Liebstadt,gemeinde,Sachsen,stadt-liebstadt.de,https://www.stadt-liebstadt.de/,wikidata
DE-G-14628030,Bad Schandau,gemeinde,Sachsen,bad-schandau.de,https://www.bad-schandau.de/,wikidata
DE-G-14628320,Rathmannsdorf,gemeinde,Sachsen,rathmannsdorf.de,https://www.rathmannsdorf.de/,wikidata
DE-G-14628330,Reinhardtsdorf-Schöna,gemeinde,Sachsen,reinhardtsdorf-schoena.de,https://www.reinhardtsdorf-schoena.de/,wikidata
DE-G-14628080,Dohna,gemeinde,Sachsen,stadt-dohna.de,https://www.stadt-dohna.de/,wikidata
DE-G-14628250,Müglitztal,gemeinde,Sachsen,gemeindeverwaltung-mueglitzal.de,https://www.gemeindeverwaltung-mueglitzal.de/,wikidata
DE-G-14628140,Gohrisch,gemeinde,Sachsen,gohrisch.de,https://www.gohrisch.de/,wikidata
DE-G-14628210,Königstein/Sächs. Schw.,gemeinde,Sachsen,koenigstein-sachsen.de,https://www.koenigstein-sachsen.de/,wikidata
DE-G-14628310,Rathen,gemeinde,Sachsen,kurort-rathen.de,https://www.kurort-rathen.de/,wikidata
DE-G-14628340,Rosenthal-Bielatal,gemeinde,Sachsen,rosenthal-bielatal.de,http://www.rosenthal-bielatal.de/,wikidata
DE-G-14628390,Struppen,gemeinde,Sachsen,struppen.de,https://www.struppen.de/,wikidata
DE-G-14628240,Lohmen,gemeinde,Sachsen,lohmen-sachsen.de,https://www.lohmen-sachsen.de/,wikidata
DE-G-14628370,Stadt Wehlen,gemeinde,Sachsen,wehlen-online.de,https://www.wehlen-online.de/,wikidata
DE-G-14628070,Dohma,gemeinde,Sachsen,dohma.de,https://www.dohma.de/,wikidata
DE-G-14628270,Pirna,gemeinde,Sachsen,pirna.de,https://www.pirna.de/,wikidata
DE-G-14628150,Hartmannsdorf-Reichenau,gemeinde,Sachsen,,,
DE-G-14628205,Klingenberg,gemeinde,Sachsen,gemeinde-klingenberg.de,https://www.gemeinde-klingenberg.de/,wikidata
DE-G-14628090,Dorfhain,gemeinde,Sachsen,dorfhain.de,https://www.dorfhain.de/,wikidata
DE-G-14628400,Tharandt,gemeinde,Sachsen,tharandt.de,https://www.tharandt.de/,wikidata
DE-G-14713000,Leipzig,gemeinde,Sachsen,leipzig.de,https://www.leipzig.de/,wikidata
DE-G-14729030,Bennewitz,gemeinde,Sachsen,gemeinde-bennewitz.de,https://www.gemeinde-bennewitz.de/,wikidata
DE-G-14729040,Böhlen,gemeinde,Sachsen,stadt-boehlen.de,https://www.stadt-boehlen.de/,wikidata
DE-G-14729050,Borna,gemeinde,Sachsen,borna.de,https://www.borna.de/,wikidata
DE-G-14729060,Borsdorf,gemeinde,Sachsen,borsdorf.de,http://www.borsdorf.de/,wikidata
DE-G-14729070,Brandis,gemeinde,Sachsen,stadt-brandis.de,https://stadt-brandis.de/,wikidata
DE-G-14729080,Colditz,gemeinde,Sachsen,colditz.de,https://www.colditz.de/,wikidata
DE-G-14729140,Frohburg,gemeinde,Sachsen,frohburg.de,https://www.frohburg.de/,wikidata
DE-G-14729150,Geithain,gemeinde,Sachsen,geithain.de,https://www.geithain.de/,wikidata
DE-G-14729160,Grimma,gemeinde,Sachsen,grimma.de,https://www.grimma.de/,wikidata
DE-G-14729170,Groitzsch,gemeinde,Sachsen,groitzsch.de,https://groitzsch.de/,wikidata
DE-G-14729190,Großpösna,gemeinde,Sachsen,grosspoesna.de,https://www.grosspoesna.de/,wikidata
DE-G-14729220,Kitzscher,gemeinde,Sachsen,kitzscher.de,https://kitzscher.de/,wikidata
DE-G-14729245,Lossatal,gemeinde,Sachsen,lossatal.eu,https://www.lossatal.eu/,wikidata
DE-G-14729250,Machern,gemeinde,Sachsen,gemeinde-machern.de,https://www.gemeinde-machern.de/,wikidata
DE-G-14729260,Markkleeberg,gemeinde,Sachsen,markkleeberg.de,https://www.markkleeberg.de/,wikidata
DE-G-14729270,Markranstädt,gemeinde,Sachsen,markranstaedt.de,https://www.markranstaedt.de/,wikidata
DE-G-14729320,Neukieritzsch,gemeinde,Sachsen,neukieritzsch.de,https://www.neukieritzsch.de/,wikidata
DE-G-14729360,Regis-Breitingen,gemeinde,Sachsen,stadt-regis-breitingen.de,https://www.stadt-regis-breitingen.de/,wikidata
DE-G-14729370,Rötha,gemeinde,Sachsen,roetha.de,https://www.roetha.de/,wikidata
DE-G-14729380,Thallwitz,gemeinde,Sachsen,gemeinde-thallwitz.de,https://www.gemeinde-thallwitz.de/,wikidata
DE-G-14729400,Trebsen/Mulde,gemeinde,Sachsen,trebsen.de,https://www.trebsen.de/,wikidata
DE-G-14729410,Wurzen,gemeinde,Sachsen,wurzen.de,https://www.wurzen.de/,wikidata
DE-G-14729430,Zwenkau,gemeinde,Sachsen,zwenkau.de,https://www.zwenkau.de/,wikidata
DE-G-14729010,Bad Lausick,gemeinde,Sachsen,bad-lausick.de,https://www.bad-lausick.de/,wikidata
DE-G-14729330,Otterwisch,gemeinde,Sachsen,otterwisch.de,https://otterwisch.de/,wikidata
DE-G-14729020,Belgershain,gemeinde,Sachsen,belgershain.de,https://belgershain.de/,wikidata
DE-G-14729300,Naunhof,gemeinde,Sachsen,naunhof.de,https://www.naunhof.de/,wikidata
DE-G-14729340,Parthenstein,gemeinde,Sachsen,parthenstein.net,https://parthenstein.net/,wikidata
DE-G-14729100,Elstertrebnitz,gemeinde,Sachsen,gemeinde-elstertrebnitz.de,https://www.gemeinde-elstertrebnitz.de/,wikidata
DE-G-14729350,Pegau,gemeinde,Sachsen,stadt-pegau.de,https://www.stadt-pegau.de/,wikidata
DE-G-14730020,Bad Düben,gemeinde,Sachsen,bad-dueben.de,https://www.bad-dueben.de/,wikidata
DE-G-14730045,Belgern-Schildau,gemeinde,Sachsen,belgernschildau.de,https://www.belgernschildau.de/,wikidata
DE-G-14730050,Cavertitz,gemeinde,Sachsen,cavertitz.de,https://www.cavertitz.de/,wikidata
DE-G-14730060,Dahlen,gemeinde,Sachsen,heidestadt-dahlen.de,https://www.heidestadt-dahlen.de/,wikidata
DE-G-14730070,Delitzsch,gemeinde,Sachsen,delitzsch.de,https://www.delitzsch.de/,wikidata
DE-G-14730080,Doberschütz,gemeinde,Sachsen,doberschuetz.eu,https://www.doberschuetz.eu/,wikidata
DE-G-14730110,Eilenburg,gemeinde,Sachsen,eilenburg.de,https://eilenburg.de/,wikidata
DE-G-14730160,Laußig,gemeinde,Sachsen,laussig.com,https://laussig.com/,wikidata
DE-G-14730170,Liebschützberg,gemeinde,Sachsen,liebschuetzberg.de,https://www.liebschuetzberg.de/,wikidata
DE-G-14730180,Löbnitz,gemeinde,Sachsen,loebnitz-am-see.de,https://loebnitz-am-see.de/,wikidata
DE-G-14730190,Mockrehna,gemeinde,Sachsen,mockrehna.de,https://www.mockrehna.de/,wikidata
DE-G-14730200,Mügeln,gemeinde,Sachsen,stadt-muegeln.de,https://www.stadt-muegeln.de/,wikidata
DE-G-14730210,Naundorf,gemeinde,Sachsen,naundorf-sachsen.de,https://www.naundorf-sachsen.de/,wikidata
DE-G-14730230,Oschatz,gemeinde,Sachsen,oschatz.org,https://www.oschatz.org/,wikidata
DE-G-14730250,Rackwitz,gemeinde,Sachsen,gemeinde-rackwitz.de,https://www.gemeinde-rackwitz.de/,wikidata
DE-G-14730270,Schkeuditz,gemeinde,Sachsen,schkeuditz.de,https://www.schkeuditz.de/,wikidata
DE-G-14730300,Taucha,gemeinde,Sachsen,taucha.de,https://www.taucha.de/,wikidata
DE-G-14730330,Wermsdorf,gemeinde,Sachsen,wermsdorf.de,https://www.wermsdorf.de/,wikidata
DE-G-14730340,Wiedemar,gemeinde,Sachsen,wiedemar.de,https://www.wiedemar.de/,wikidata
DE-G-14730010,Arzberg,gemeinde,Sachsen,gemeinde-arzberg.de,https://www.gemeinde-arzberg.de/,wikidata
DE-G-14730030,Beilrode,gemeinde,Sachsen,beilrode.de,https://www.beilrode.de/,wikidata
DE-G-14730090,Dommitzsch,gemeinde,Sachsen,dommitzsch.de,https://www.dommitzsch.de/,wikidata
DE-G-14730120,Elsnig,gemeinde,Sachsen,elsnig.com,https://www.elsnig.com/,wikidata
DE-G-14730320,Trossin,gemeinde,Sachsen,gemeinde-trossin.de,https://www.gemeinde-trossin.de/,wikidata
DE-G-14730150,Krostitz,gemeinde,Sachsen,krostitz.de,https://krostitz.de/,wikidata
DE-G-14730280,Schönwölkau,gemeinde,Sachsen,schönwölkau.de,https://www.schönwölkau.de/,wikidata
DE-G-14730100,Dreiheide,gemeinde,Sachsen,dreiheide.de,https://www.dreiheide.de/,wikidata
DE-G-14730310,Torgau,gemeinde,Sachsen,torgau.eu,https://www.torgau.eu/,wikidata
DE-G-14730140,Jesewitz,gemeinde,Sachsen,jesewitz.de,https://www.jesewitz.de/,wikidata
DE-G-14730360,Zschepplin,gemeinde,Sachsen,zschepplin.org,https://www.zschepplin.org/,wikidata
DE-G-15001000,Dessau-Roßlau,gemeinde,Sachsen-Anhalt,dessau-rosslau.de,https://verwaltung.dessau-rosslau.de/,wikidata
DE-G-15002000,Halle (Saale),gemeinde,Sachsen-Anhalt,halle.de,https://halle.de/,wikidata
DE-G-15003000,Magdeburg,gemeinde,Sachsen-Anhalt,magdeburg.de,https://www.magdeburg.de/,wikidata
DE-G-15081030,Arendsee (Altmark),gemeinde,Sachsen-Anhalt,arendsee.info,https://arendsee.info/,wikidata
DE-G-15081135,Gardelegen,gemeinde,Sachsen-Anhalt,gardelegen.de,https://www.gardelegen.de/,wikidata
DE-G-15081240,Kalbe (Milde),gemeinde,Sachsen-Anhalt,stadt-kalbe-milde.de,https://www.stadt-kalbe-milde.de/,wikidata
DE-G-15081280,Klötze,gemeinde,Sachsen-Anhalt,stadt-kloetze.de,https://www.stadt-kloetze.de/,wikidata
DE-G-15081455,Salzwedel,gemeinde,Sachsen-Anhalt,salzwedel.de,https://www.salzwedel.de/,wikidata
DE-G-15082005,Aken (Elbe),gemeinde,Sachsen-Anhalt,aken.de,https://www.aken.de/,wikidata
DE-G-15082015,Bitterfeld-Wolfen,gemeinde,Sachsen-Anhalt,bitterfeld-wolfen.de,https://www.bitterfeld-wolfen.de/,wikidata
DE-G-15082180,Köthen (Anhalt),gemeinde,Sachsen-Anhalt,koethen-anhalt.de,https://www.koethen-anhalt.de/,wikidata
DE-G-15082241,Muldestausee,gemeinde,Sachsen-Anhalt,gemeinde-muldestausee.de,https://www.gemeinde-muldestausee.de/,wikidata
DE-G-15082256,Osternienburger Land,gemeinde,Sachsen-Anhalt,osternienburgerland.de,https://www.osternienburgerland.de/,wikidata
DE-G-15082301,Raguhn-Jeßnitz,gemeinde,Sachsen-Anhalt,raguhn-jessnitz.de,https://www.raguhn-jessnitz.de/,wikidata
DE-G-15082340,Sandersdorf-Brehna,gemeinde,Sachsen-Anhalt,sandersdorf-brehna.de,https://www.sandersdorf-brehna.de/,wikidata
DE-G-15082377,Südliches Anhalt,gemeinde,Sachsen-Anhalt,suedliches-anhalt.de,https://www.suedliches-anhalt.de/,wikidata
DE-G-15082430,Zerbst/Anhalt,gemeinde,Sachsen-Anhalt,stadt-zerbst.de,https://www.stadt-zerbst.de/,wikidata
DE-G-15082440,Zörbig,gemeinde,Sachsen-Anhalt,stadt-zoerbig.de,https://www.stadt-zoerbig.de/,wikidata
DE-G-15083040,Barleben,gemeinde,Sachsen-Anhalt,barleben.de,https://www.barleben.de/,wikidata
DE-G-15083270,Haldensleben,gemeinde,Sachsen-Anhalt,haldensleben.de,https://www.haldensleben.de/,wikidata
DE-G-15083298,Hohe Börde,gemeinde,Sachsen-Anhalt,hoheboerde.de,https://www.hoheboerde.de/,wikidata
DE-G-15083390,Niedere Börde,gemeinde,Sachsen-Anhalt,niedere-boerde.de,https://www.niedere-boerde.de/,wikidata
DE-G-15083411,Oebisfelde-Weferlingen,gemeinde,Sachsen-Anhalt,stadt-oebisfelde-weferlingen.de,https://www.stadt-oebisfelde-weferlingen.de/,wikidata
DE-G-15083415,Oschersleben (Bode),gemeinde,Sachsen-Anhalt,oscherslebenbode.de,https://www.oscherslebenbode.de/,wikidata
DE-G-15083490,Sülzetal,gemeinde,Sachsen-Anhalt,gemeinde-sülzetal.de,https://www.gemeinde-sülzetal.de/,wikidata
DE-G-15083531,Wanzleben-Börde,gemeinde,Sachsen-Anhalt,wanzleben-boerde.de,https://www.wanzleben-boerde.de/,wikidata
DE-G-15083565,Wolmirstedt,gemeinde,Sachsen-Anhalt,stadtwolmirstedt.de,https://stadtwolmirstedt.de/,wikidata
DE-G-15084130,Elsteraue,gemeinde,Sachsen-Anhalt,gemeinde-elsteraue.de,https://www.gemeinde-elsteraue.de/,wikidata
DE-G-15084235,Hohenmölsen,gemeinde,Sachsen-Anhalt,stadt-hohenmoelsen.de,https://www.stadt-hohenmoelsen.de/,wikidata
DE-G-15084315,Lützen,gemeinde,Sachsen-Anhalt,stadt-luetzen.de,https://www.stadt-luetzen.de/,wikidata
DE-G-15084355,Naumburg (Saale),gemeinde,Sachsen-Anhalt,naumburg.de,https://www.naumburg.de/,wikidata
DE-G-15084490,Teuchern,gemeinde,Sachsen-Anhalt,stadt-teuchern.de,http://www.stadt-teuchern.de/,wikidata
DE-G-15084550,Weißenfels,gemeinde,Sachsen-Anhalt,weissenfels.de,https://www.weissenfels.de/,wikidata
DE-G-15084590,Zeitz,gemeinde,Sachsen-Anhalt,zeitz.de,https://www.zeitz.de/,wikidata
DE-G-15085040,Ballenstedt,gemeinde,Sachsen-Anhalt,ballenstedt.de,https://www.ballenstedt.de/,wikidata
DE-G-15085055,Blankenburg (Harz),gemeinde,Sachsen-Anhalt,blankenburg.de,https://www.blankenburg.de/,wikidata
DE-G-15085110,Falkenstein/Harz,gemeinde,Sachsen-Anhalt,falkenstein-harz.de,https://www.falkenstein-harz.de/,wikidata
DE-G-15085135,Halberstadt,gemeinde,Sachsen-Anhalt,halberstadt.de,https://www.halberstadt.de/,wikidata
DE-G-15085145,Harzgerode,gemeinde,Sachsen-Anhalt,harzgerode.de,https://www.harzgerode.de/,wikidata
DE-G-15085185,Huy,gemeinde,Sachsen-Anhalt,gemeindehuy.de,https://www.gemeindehuy.de/,wikidata
DE-G-15085190,Ilsenburg (Harz),gemeinde,Sachsen-Anhalt,stadt-ilsenburg.de,https://www.stadt-ilsenburg.de/,wikidata
DE-G-15085227,Nordharz,gemeinde,Sachsen-Anhalt,gemeinde-nordharz.de,https://gemeinde-nordharz.de/,wikidata
DE-G-15085228,Oberharz am Brocken,gemeinde,Sachsen-Anhalt,stadtoberharz.de,https://stadtoberharz.de/,wikidata
DE-G-15085230,Osterwieck,gemeinde,Sachsen-Anhalt,stadt-osterwieck.de,https://www.stadt-osterwieck.de/,wikidata
DE-G-15085235,Quedlinburg,gemeinde,Sachsen-Anhalt,quedlinburg.de,https://www.quedlinburg.de/,wikidata
DE-G-15085330,Thale,gemeinde,Sachsen-Anhalt,bodetal.de,https://stadt.bodetal.de/,wikidata
DE-G-15085370,Wernigerode,gemeinde,Sachsen-Anhalt,wernigerode.de,https://www.wernigerode.de/,wikidata
DE-G-15086005,Biederitz,gemeinde,Sachsen-Anhalt,gemeinde-biederitz.de,https://www.gemeinde-biederitz.de/,wikidata
DE-G-15086015,Burg,gemeinde,Sachsen-Anhalt,stadt-burg.de,http://www.stadt-burg.de/,wikidata
DE-G-15086035,Elbe-Parey,gemeinde,Sachsen-Anhalt,elbe-parey.de,https://www.elbe-parey.de/,wikidata
DE-G-15086040,Genthin,gemeinde,Sachsen-Anhalt,stadt-genthin.de,https://www.stadt-genthin.de/,wikidata
DE-G-15086055,Gommern,gemeinde,Sachsen-Anhalt,gommern.de,https://www.gommern.de/,wikidata
DE-G-15086080,Jerichow,gemeinde,Sachsen-Anhalt,stadt-jerichow.de,https://www.stadt-jerichow.de/,wikidata
DE-G-15086140,Möckern,gemeinde,Sachsen-Anhalt,moeckern-flaeming.de,https://www.moeckern-flaeming.de/,wikidata
DE-G-15086145,Möser,gemeinde,Sachsen-Anhalt,gemeinde-moeser.de,https://www.gemeinde-moeser.de/,wikidata
DE-G-15087015,Allstedt,gemeinde,Sachsen-Anhalt,allstedt.de,https://allstedt.de/,wikidata
DE-G-15087031,Arnstein,gemeinde,Sachsen-Anhalt,arnstein-harz.de,https://www.arnstein-harz.de/,wikidata
DE-G-15087130,Eisleben,gemeinde,Sachsen-Anhalt,eisleben.eu,https://www.eisleben.eu/,wikidata
DE-G-15087165,Gerbstedt,gemeinde,Sachsen-Anhalt,stadt-gerbstedt.de,https://www.stadt-gerbstedt.de/,wikidata
DE-G-15087220,Hettstedt,gemeinde,Sachsen-Anhalt,hettstedt.de,https://www.hettstedt.de/,wikidata
DE-G-15087275,Mansfeld,gemeinde,Sachsen-Anhalt,mansfeld.eu,https://www.mansfeld.eu/,wikidata
DE-G-15087370,Sangerhausen,gemeinde,Sachsen-Anhalt,sangerhausen.de,https://sangerhausen.de/,wikidata
DE-G-15087386,Seegebiet Mansfelder Land,gemeinde,Sachsen-Anhalt,seegebiet-mansfelder-land.de,https://www.seegebiet-mansfelder-land.de/,wikidata
DE-G-15087412,Südharz,gemeinde,Sachsen-Anhalt,gemeinde-suedharz.de,https://gemeinde-suedharz.de/,wikidata
DE-G-15088020,Bad Dürrenberg,gemeinde,Sachsen-Anhalt,badduerrenberg.de,https://www.badduerrenberg.de/,wikidata
DE-G-15088025,Bad Lauchstädt,gemeinde,Sachsen-Anhalt,goethestadt-bad-lauchstaedt.de,https://www.goethestadt-bad-lauchstaedt.de/,wikidata
DE-G-15088065,Braunsbedra,gemeinde,Sachsen-Anhalt,braunsbedra.de,https://www.braunsbedra.de/,wikidata
DE-G-15088150,Kabelsketal,gemeinde,Sachsen-Anhalt,kabelsketal.de,https://www.kabelsketal.de/,wikidata
DE-G-15088195,Landsberg,gemeinde,Sachsen-Anhalt,stadt-landsberg.de,https://www.stadt-landsberg.de/,wikidata
DE-G-15088205,Leuna,gemeinde,Sachsen-Anhalt,leuna.de,https://www.leuna.de/de/startseite.html,wikidata
DE-G-15088216,Wettin-Löbejün,gemeinde,Sachsen-Anhalt,stadt-wettin-loebejuen.de,https://www.stadt-wettin-loebejuen.de/,wikidata
DE-G-15088220,Merseburg,gemeinde,Sachsen-Anhalt,merseburg.de,https://www.merseburg.de/,wikidata
DE-G-15088235,Mücheln (Geiseltal),gemeinde,Sachsen-Anhalt,muecheln.de,https://www.muecheln.de/,wikidata
DE-G-15088295,Petersberg,gemeinde,Sachsen-Anhalt,gemeinde-petersberg.de,https://www.gemeinde-petersberg.de/,wikidata
DE-G-15088305,Querfurt,gemeinde,Sachsen-Anhalt,querfurt.de,https://www.querfurt.de/,wikidata
DE-G-15088319,Salzatal,gemeinde,Sachsen-Anhalt,gemeinde-salzatal.de,https://www.gemeinde-salzatal.de/,wikidata
DE-G-15088330,Schkopau,gemeinde,Sachsen-Anhalt,gemeinde-schkopau.de,https://www.gemeinde-schkopau.de/,wikidata
DE-G-15088365,Teutschenthal,gemeinde,Sachsen-Anhalt,gemeinde-teutschenthal.de,https://www.gemeinde-teutschenthal.de/,wikidata
DE-G-15089015,Aschersleben,gemeinde,Sachsen-Anhalt,aschersleben.de,https://www.aschersleben.de/,wikidata
DE-G-15089026,Barby,gemeinde,Sachsen-Anhalt,stadt-barby.de,https://www.stadt-barby.de/,wikidata
DE-G-15089030,Bernburg (Saale),gemeinde,Sachsen-Anhalt,bernburg.de,https://www.bernburg.de/,wikidata
DE-G-15089042,Bördeland,gemeinde,Sachsen-Anhalt,gem-boerdeland.de,https://www.gem-boerdeland.de/,wikidata
DE-G-15089055,Calbe (Saale),gemeinde,Sachsen-Anhalt,calbe.de,https://www.calbe.de/,wikidata
DE-G-15089175,Hecklingen,gemeinde,Sachsen-Anhalt,stadt-hecklingen.de,https://www.stadt-hecklingen.de/,wikidata
DE-G-15089195,Könnern,gemeinde,Sachsen-Anhalt,stadt-koennern.de,https://www.stadt-koennern.de/,wikidata
DE-G-15089235,Nienburg (Saale),gemeinde,Sachsen-Anhalt,stadt-nienburg-saale.de,https://www.stadt-nienburg-saale.de/,wikidata
DE-G-15089305,Schönebeck (Elbe),gemeinde,Sachsen-Anhalt,schoenebeck.de,https://www.schoenebeck.de/,wikidata
DE-G-15089307,Seeland,gemeinde,Sachsen-Anhalt,stadt-seeland.de,https://www.stadt-seeland.de/,wikidata
DE-G-15089310,Staßfurt,gemeinde,Sachsen-Anhalt,stassfurt.de,https://www.stassfurt.de/,wikidata
DE-G-15090070,Bismark (Altmark),gemeinde,Sachsen-Anhalt,stadt-bismark.de,https://www.stadt-bismark.de/,wikidata
DE-G-15090225,Havelberg,gemeinde,Sachsen-Anhalt,havelberg.de,https://www.havelberg.de/,wikidata
DE-G-15090415,Osterburg (Altmark),gemeinde,Sachsen-Anhalt,osterburg.de,https://www.osterburg.de/,wikidata
DE-G-15090535,Stendal,gemeinde,Sachsen-Anhalt,stendal.de,https://www.stendal.de/,wikidata
DE-G-15090546,Tangerhütte,gemeinde,Sachsen-Anhalt,tangerhuette.de,https://www.tangerhuette.de/,wikidata
DE-G-15090550,Tangermünde,gemeinde,Sachsen-Anhalt,tangermuende.de,https://www.tangermuende.de/,wikidata
DE-G-15091010,Annaburg,gemeinde,Sachsen-Anhalt,annaburg.info,https://annaburg.info/,wikidata
DE-G-15091020,Bad Schmiedeberg,gemeinde,Sachsen-Anhalt,bad-schmiedeberg.de,https://www.bad-schmiedeberg.de/,wikidata
DE-G-15091060,Coswig (Anhalt),gemeinde,Sachsen-Anhalt,coswigonline.de,https://www.coswigonline.de/,wikidata
DE-G-15091110,Gräfenhainichen,gemeinde,Sachsen-Anhalt,graefenhainichen.de,https://www.graefenhainichen.de/,wikidata
DE-G-15091145,Jessen (Elster),gemeinde,Sachsen-Anhalt,jessen.de,https://www.jessen.de/,wikidata
DE-G-15091160,Kemberg,gemeinde,Sachsen-Anhalt,stadt-kemberg.de,https://www.stadt-kemberg.de/,wikidata
DE-G-15091241,Oranienbaum-Wörlitz,gemeinde,Sachsen-Anhalt,oranienbaum-woerlitz.de,https://www.oranienbaum-woerlitz.de/,wikidata
DE-G-15091375,Wittenberg,gemeinde,Sachsen-Anhalt,wittenberg.de,https://www.wittenberg.de/,wikidata
DE-G-15091391,Zahna-Elster,gemeinde,Sachsen-Anhalt,stadt-zahna-elster.de,https://www.stadt-zahna-elster.de/,wikidata
DE-G-16051000,Erfurt,gemeinde,Thüringen,erfurt.de,https://www.erfurt.de/,wikidata
DE-G-16052000,Gera,gemeinde,Thüringen,gera.de,https://www.gera.de/,wikidata
DE-G-16053000,Jena,gemeinde,Thüringen,jena.de,https://www.jena.de/,wikidata
DE-G-16054000,Suhl,gemeinde,Thüringen,suhl.eu,https://www.suhl.eu/,wikidata
DE-G-16055000,Weimar,gemeinde,Thüringen,weimar.de,https://www.weimar.de/,wikidata
DE-G-16061045,Heilbad Heiligenstadt,gemeinde,Thüringen,heilbad-heiligenstadt.de,https://www.heilbad-heiligenstadt.de/,wikidata
DE-G-16061074,Niederorschel,gemeinde,Thüringen,niederorschel.de,https://www.niederorschel.de/,wikidata
DE-G-16061115,Leinefelde-Worbis,gemeinde,Thüringen,leinefelde-worbis.de,https://www.leinefelde-worbis.de/,wikidata
DE-G-16061116,Am Ohmberg,gemeinde,Thüringen,am-ohmberg.de,https://am-ohmberg.de/,wikidata
DE-G-16061117,Sonnenstein,gemeinde,Thüringen,gemeinde-sonnenstein.de,https://www.gemeinde-sonnenstein.de/,wikidata
DE-G-16061118,Dingelstädt,gemeinde,Thüringen,dingelstaedt.de,https://www.dingelstaedt.de/,wikidata
DE-G-16061002,Asbach-Sickenberg,gemeinde,Thüringen,lg-uder.de,https://www.lg-uder.de/mitgliedsgemeinden/asbach-sickenberg,wikidata
DE-G-16061024,Dietzenrode/Vatterode,gemeinde,Thüringen,lg-uder.de,https://www.lg-uder.de/mitgliedsgemeinden/dietzenrode/vatterode,wikidata
DE-G-16061119,Uder,gemeinde,Thüringen,lg-uder.de,https://www.lg-uder.de/,wikidata
DE-G-16062005,Ellrich,gemeinde,Thüringen,stadtellrich.de,https://www.stadtellrich.de/,wikidata
DE-G-16062041,Nordhausen,gemeinde,Thüringen,nordhausen.de,https://www.nordhausen.de/,wikidata
DE-G-16062049,Sollstedt,gemeinde,Thüringen,sollstedt.de,https://www.sollstedt.de/,wikidata
DE-G-16062062,Hohenstein,gemeinde,Thüringen,gemeindehohenstein-harz.de,https://www.gemeindehohenstein-harz.de/,wikidata
DE-G-16062063,Werther,gemeinde,Thüringen,gemeinde-werther.de,https://www.gemeinde-werther.de/,wikidata
DE-G-16062065,Harztor,gemeinde,Thüringen,harztor.de,https://www.harztor.de/,wikidata
DE-G-16062008,Görsbach,gemeinde,Thüringen,stadt-heringen.de,https://www.stadt-heringen.de/goersbach.html,wikidata
DE-G-16062054,Urbach,gemeinde,Thüringen,stadt-heringen.de,https://www.stadt-heringen.de/urbach.html,wikidata
DE-G-16062064,Heringen/Helme,gemeinde,Thüringen,stadt-heringen.de,http://www.stadt-heringen.de,wikidata
DE-G-16062009,Großlohra,gemeinde,Thüringen,vg-hainleite.de,http://www.vg-hainleite.de/,wikidata
DE-G-16062024,Kehmstedt,gemeinde,Thüringen,bleicherode.de,http://www.bleicherode.de/,wikidata
DE-G-16062026,Kleinfurra,gemeinde,Thüringen,vg-hainleite.de,http://www.vg-hainleite.de,wikidata
DE-G-16062033,Lipprechterode,gemeinde,Thüringen,bleicherode.de,http://www.bleicherode.de/,wikidata
DE-G-16062037,Niedergebra,gemeinde,Thüringen,bleicherode.de,https://www.bleicherode.de/,wikidata
DE-G-16062066,Bleicherode,gemeinde,Thüringen,bleicherode.de,http://www.bleicherode.de/,wikidata
DE-G-16063004,Barchfeld-Immelborn,gemeinde,Thüringen,barchfeld-immelborn.de,https://www.barchfeld-immelborn.de/,wikidata
DE-G-16063076,Treffurt,gemeinde,Thüringen,treffurt.de,https://treffurt.de/,wikidata
DE-G-16063078,Unterbreizbach,gemeinde,Thüringen,unterbreizbach.de,https://www.unterbreizbach.de/,wikidata
DE-G-16063082,Vacha,gemeinde,Thüringen,vacha.de,https://www.vacha.de/,wikidata
DE-G-16063092,Wutha-Farnroda,gemeinde,Thüringen,wutha-farnroda.de,https://wutha-farnroda.de/,wikidata
DE-G-16063097,Gerstungen,gemeinde,Thüringen,gerstungen.de,https://www.gerstungen.de/,wikidata
DE-G-16063098,Hörselberg-Hainich,gemeinde,Thüringen,hoerselberg-hainich.de,https://www.hoerselberg-hainich.de/,wikidata
DE-G-16063099,Bad Liebenstein,gemeinde,Thüringen,bad-liebenstein.de,https://www.bad-liebenstein.de/,wikidata
DE-G-16063101,Krayenberggemeinde,gemeinde,Thüringen,krayenberggemeinde.de,https://www.krayenberggemeinde.de/,wikidata
DE-G-16063103,Werra-Suhl-Tal,gemeinde,Thüringen,stadt-wst.de,https://www.stadt-wst.de/,wikidata
DE-G-16063105,Eisenach,gemeinde,Thüringen,eisenach.de,https://www.eisenach.de/,wikidata
DE-G-16063003,Bad Salzungen,gemeinde,Thüringen,badsalzungen.de,https://www.badsalzungen.de/,wikidata
DE-G-16063051,Leimbach,gemeinde,Thüringen,gemeinde-leimbach.de,http://www.gemeinde-leimbach.de/,wikidata
DE-G-16063011,Buttlar,gemeinde,Thüringen,stadt-geisa.org,https://stadt-geisa.org/ich-bin-buerger/geisa-und-geisaer-land/gemeinde-buttlar-und-ortsteile/,wikidata
DE-G-16063032,Geisa,gemeinde,Thüringen,stadt-geisa.org,https://stadt-geisa.org/,wikidata
DE-G-16063033,Gerstengrund,gemeinde,Thüringen,stadt-geisa.org,https://stadt-geisa.org/ich-bin-buerger/geisa-und-geisaer-land/gemeinde-gerstengrund/,wikidata
DE-G-16063068,Schleid,gemeinde,Thüringen,gemeinde-schleid.de,http://www.gemeinde-schleid.de/,wikidata
DE-G-16063066,Ruhla,gemeinde,Thüringen,ruhla.de,https://www.ruhla.de/,wikidata
DE-G-16063071,Seebach,gemeinde,Thüringen,seebach-wartburgkreis.de,https://www.seebach-wartburgkreis.de/,wikidata
DE-G-16063015,Dermbach,gemeinde,Thüringen,dermbach.de,https://www.dermbach.de/,wikidata
DE-G-16063023,Empfertshausen,gemeinde,Thüringen,wartburgkreisonline.de,http://www.wartburgkreisonline.de/,wikidata
DE-G-16063062,Oechsen,gemeinde,Thüringen,oechsen-rhoen.de,https://www.oechsen-rhoen.de/,wikidata
DE-G-16063084,Weilar,gemeinde,Thüringen,weilar.de,http://www.weilar.de/,wikidata
DE-G-16063086,Wiesenthal,gemeinde,Thüringen,wiesenthal.info,https://www.wiesenthal.info/,wikidata
DE-G-16064003,Bad Langensalza,gemeinde,Thüringen,badlangensalza.de,https://badlangensalza.de/,wikidata
DE-G-16064046,Mühlhausen/Thüringen,gemeinde,Thüringen,muehlhausen.de,https://www.muehlhausen.de/,wikidata
DE-G-16064071,Unstruttal,gemeinde,Thüringen,gemeinde-unstruttal.de,https://gemeinde-unstruttal.de/,wikidata
DE-G-16064074,Südeichsfeld,gemeinde,Thüringen,lg-suedeichsfeld.de,https://www.lg-suedeichsfeld.de/,wikidata
DE-G-16064076,Unstrut-Hainich,gemeinde,Thüringen,lg-unstrut-hainich.de,https://www.lg-unstrut-hainich.de/,wikidata
DE-G-16064019,Großvargula,gemeinde,Thüringen,grossvargula.de,https://www.grossvargula.de/,wikidata
DE-G-16064022,Herbsleben,gemeinde,Thüringen,gemeinde-herbsleben.de,https://www.gemeinde-herbsleben.de/,wikidata
DE-G-16064032,Kammerforst,gemeinde,Thüringen,kammerforst.de,https://kammerforst.de/,wikidata
DE-G-16064053,Oppershausen,gemeinde,Thüringen,oppershausen.de,https://www.oppershausen.de/,wikidata
DE-G-16064075,Vogtei,gemeinde,Thüringen,gemeinde-vogtei.de,https://www.gemeinde-vogtei.de/,wikidata
DE-G-16064037,Körner,gemeinde,Thüringen,nottertal-heilingerhoehen.de,https://www.nottertal-heilingerhoehen.de/kommunalpolitik/koerner/,wikidata
DE-G-16064043,Marolterode,gemeinde,Thüringen,vg-schlotheim.de,http://www.vg-schlotheim.de/,wikidata
DE-G-16064077,Nottertal-Heilinger Höhen,gemeinde,Thüringen,nottertal-heilingerhoehen.de,https://www.nottertal-heilingerhoehen.de/,wikidata
DE-G-16065003,Bad Frankenhausen/Kyffhäuser,gemeinde,Thüringen,bad-frankenhausen.de,https://bad-frankenhausen.de/,wikidata
DE-G-16065032,Helbedündorf,gemeinde,Thüringen,helbeduendorf.de,https://helbeduendorf.de/,wikidata
DE-G-16065067,Sondershausen,gemeinde,Thüringen,sondershausen.de,https://www.sondershausen.de/,wikidata
DE-G-16065085,Kyffhäuserland,gemeinde,Thüringen,kyffhaeuser-land.de,https://www.kyffhaeuser-land.de/,wikidata
DE-G-16065087,Roßleben-Wiehe,gemeinde,Thüringen,rossleben-wiehe.de,https://www.rossleben-wiehe.de/,wikidata
DE-G-16065089,Greußen,gemeinde,Thüringen,landgemeinde-greussen.de,http://www.landgemeinde-greussen.de/,wikidata
DE-G-16065001,Abtsbessingen,gemeinde,Thüringen,,,
DE-G-16065005,Bellstedt,gemeinde,Thüringen,stadt-ebeleben.de,http://www.stadt-ebeleben.de/,wikidata
DE-G-16065014,Ebeleben,gemeinde,Thüringen,ebeleben.de,https://www.ebeleben.de/,wikidata
DE-G-16065018,Freienbessingen,gemeinde,Thüringen,freienbessingen.net,http://www.freienbessingen.net,wikidata
DE-G-16065038,Holzsußra,gemeinde,Thüringen,stadt-ebeleben.de,http://www.stadt-ebeleben.de/,wikidata
DE-G-16065058,Rockstedt,gemeinde,Thüringen,rockstedt.de,http://www.rockstedt.de,wikidata
DE-G-16065008,Borxleben,gemeinde,Thüringen,kyffhaeuser.de,https://www.kyffhaeuser.de/,wikidata
DE-G-16065019,Gehofen,gemeinde,Thüringen,gehofen.de,http://www.gehofen.de/,wikidata
DE-G-16065042,Kalbsrieth,gemeinde,Thüringen,vgmzartern.de,http://www.vgmzartern.de/,wikidata
DE-G-16065046,Mönchpfiffel-Nikolausrieth,gemeinde,Thüringen,kyffhaeuser.de,https://www.kyffhaeuser.de/,wikidata
DE-G-16065056,Reinsdorf,gemeinde,Thüringen,,,
DE-G-16065086,Artern,gemeinde,Thüringen,artern.de,https://www.artern.de/,wikidata
DE-G-16065016,Etzleben,gemeinde,Thüringen,vgem-schmuecke.de,http://www.vgem-schmuecke.de/,wikidata
DE-G-16065052,Oberheldrungen,gemeinde,Thüringen,stadtanderschmuecke.de,https://www.stadtanderschmuecke.de/verzeichnis/visitenkarte.php?mandat=202391,wikidata
DE-G-16065088,An der Schmücke,gemeinde,Thüringen,stadtanderschmuecke.de,https://www.stadtanderschmuecke.de/,wikidata
DE-G-16066023,Floh-Seligenthal,gemeinde,Thüringen,floh-seligenthal.de,https://floh-seligenthal.de/,wikidata
DE-G-16066047,Oberhof,gemeinde,Thüringen,stadt-oberhof.de,https://www.stadt-oberhof.de/,wikidata
DE-G-16066063,Schmalkalden,gemeinde,Thüringen,schmalkalden.de,https://www.schmalkalden.de/,wikidata
DE-G-16066069,Steinbach-Hallenberg,gemeinde,Thüringen,steinbach-hallenberg.de,https://www.steinbach-hallenberg.de/,wikidata
DE-G-16066074,Brotterode-Trusetal,gemeinde,Thüringen,brotterode-trusetal.de,https://www.brotterode-trusetal.de/,wikidata
DE-G-16066092,Zella-Mehlis,gemeinde,Thüringen,zella-mehlis.de,https://zella-mehlis.de/,wikidata
DE-G-16066093,Rhönblick,gemeinde,Thüringen,gemeinde-rhoenblick.de,http://www.gemeinde-rhoenblick.de/,wikidata
DE-G-16066094,Grabfeld,gemeinde,Thüringen,grabfeld.de,https://www.grabfeld.de/,wikidata
DE-G-16066042,Meiningen,gemeinde,Thüringen,meiningen.de,https://www.meiningen.de/,wikidata
DE-G-16066056,Rippershausen,gemeinde,Thüringen,meiningen.de,http://www.meiningen.de/,wikidata
DE-G-16066076,Untermaßfeld,gemeinde,Thüringen,untermassfeld.de,http://www.untermassfeld.de,wikidata
DE-G-16066013,Breitungen/Werra,gemeinde,Thüringen,breitungen.de,https://www.breitungen.de/,wikidata
DE-G-16066022,Fambach,gemeinde,Thüringen,gemeinde-fambach.de,https://www.gemeinde-fambach.de/,wikidata
DE-G-16066059,Rosa,gemeinde,Thüringen,rosa-georgenzell.de,http://www.rosa-georgenzell.de,wikidata
DE-G-16066061,Roßdorf,gemeinde,Thüringen,rossdorf-rhoen.de,https://www.rossdorf-rhoen.de/,wikidata
DE-G-16067019,Friedrichroda,gemeinde,Thüringen,friedrichroda.info,https://www.friedrichroda.info/,wikidata
DE-G-16067029,Gotha,gemeinde,Thüringen,gotha.de,https://www.gotha.de/,wikidata
DE-G-16067064,Bad Tabarz,gemeinde,Thüringen,bad-tabarz.de,https://www.bad-tabarz.de/,wikidata
DE-G-16067065,Tambach-Dietharz/Thür. Wald,gemeinde,Thüringen,tambach-dietharz.de,https://www.tambach-dietharz.de/,wikidata
DE-G-16067072,Waltershausen,gemeinde,Thüringen,waltershausen.de,https://www.waltershausen.de/,wikidata
DE-G-16067087,Nesse-Apfelstädt,gemeinde,Thüringen,nesse-apfelstaedt.de,https://www.nesse-apfelstaedt.de/,wikidata
DE-G-16067088,Hörsel,gemeinde,Thüringen,hoersel.de,https://www.hoersel.de/,wikidata
DE-G-16067044,Luisenthal,gemeinde,Thüringen,ohrdruf.de,https://www.ohrdruf.de/unsere-stadt/erfuellende-gemeinde-ortsteile/gemeinde-luisenthal/,wikidata
DE-G-16067053,Ohrdruf,gemeinde,Thüringen,ohrdruf.de,https://www.ohrdruf.de/,wikidata
DE-G-16067059,Schwabhausen,gemeinde,Thüringen,,,
DE-G-16067089,Drei Gleichen,gemeinde,Thüringen,gemeinde-drei-gleichen.de,https://www.gemeinde-drei-gleichen.de/,wikidata
DE-G-16067063,Sonneborn,gemeinde,Thüringen,gemeinde-sonneborn.de,https://www.gemeinde-sonneborn.de/,wikidata
DE-G-16067091,Nessetal,gemeinde,Thüringen,gemeinde-nessetal.de,https://www.gemeinde-nessetal.de/,wikidata
DE-G-16067013,Emleben,gemeinde,Thüringen,vg-apfelstaedtaue.de,http://www.vg-apfelstaedtaue.de/,wikidata
DE-G-16067092,Georgenthal,gemeinde,Thüringen,georgenthal.de,https://www.georgenthal.de/,wikidata
DE-G-16068034,Kölleda,gemeinde,Thüringen,koelleda.de,https://www.koelleda.de/,wikidata
DE-G-16068051,Sömmerda,gemeinde,Thüringen,soemmerda.de,https://www.soemmerda.de/,wikidata
DE-G-16068058,Weißensee,gemeinde,Thüringen,weissensee.de,https://www.weissensee.de/,wikidata
DE-G-16068063,Buttstädt,gemeinde,Thüringen,lg-buttstaedt.de,https://lg-buttstaedt.de/,wikidata
DE-G-16068009,Elxleben,gemeinde,Thüringen,gemeinde-elxleben.de,https://gemeinde-elxleben.de/,wikidata
DE-G-16068061,Witterda,gemeinde,Thüringen,witterda.de,http://www.witterda.de,wikidata
DE-G-16069012,Eisfeld,gemeinde,Thüringen,stadt-eisfeld.de,https://www.stadt-eisfeld.de/,wikidata
DE-G-16069024,Hildburghausen,gemeinde,Thüringen,hildburghausen.de,https://www.hildburghausen.de/,wikidata
DE-G-16069042,Schleusegrund,gemeinde,Thüringen,schleusegrund.de,https://www.schleusegrund.de/,wikidata
DE-G-16069043,Schleusingen,gemeinde,Thüringen,schleusingen.de,https://www.schleusingen.de/,wikidata
DE-G-16069053,Veilsdorf,gemeinde,Thüringen,veilsdorf.de,https://veilsdorf.de/,wikidata
DE-G-16069061,Masserberg,gemeinde,Thüringen,masserberg.de,https://masserberg.de/,wikidata
DE-G-16069062,Römhild,gemeinde,Thüringen,stadt-roemhild.de,https://www.stadt-roemhild.de/,wikidata
DE-G-16069006,Brünn/Thür.,gemeinde,Thüringen,gemeinde-bruenn.de,http://www.gemeinde-bruenn.de/,wikidata
DE-G-16069058,Auengrund,gemeinde,Thüringen,auengrund.de,https://www.auengrund.de/,wikidata
DE-G-16070004,Arnstadt,gemeinde,Thüringen,arnstadt.de,https://www.arnstadt.de/,wikidata
DE-G-16070028,Amt Wachsenburg,gemeinde,Thüringen,amt-wachsenburg.de,https://www.amt-wachsenburg.de/,wikidata
DE-G-16070029,Ilmenau,gemeinde,Thüringen,ilmenau.de,https://www.ilmenau.de/,wikidata
DE-G-16070048,Stadtilm,gemeinde,Thüringen,stadtilm.com,https://stadtilm.com/,wikidata
DE-G-16070057,Geratal,gemeinde,Thüringen,gemeinde-geratal.de,https://www.gemeinde-geratal.de/,wikidata
DE-G-16070058,Großbreitenbach,gemeinde,Thüringen,lg-grossbreitenbach.de,https://www.lg-grossbreitenbach.de/,wikidata
DE-G-16071001,Apolda,gemeinde,Thüringen,apolda.de,https://www.apolda.de/,wikidata
DE-G-16071003,Bad Berka,gemeinde,Thüringen,bad-berka.de,https://www.bad-berka.de/,wikidata
DE-G-16071008,Blankenhain,gemeinde,Thüringen,blankenhain.de,https://www.blankenhain.de/,wikidata
DE-G-16071101,Ilmtal-Weinstraße,gemeinde,Thüringen,ilmtal-weinstrasse.de,https://www.ilmtal-weinstrasse.de/,wikidata
DE-G-16071103,Grammetal,gemeinde,Thüringen,grammetal.de,https://www.grammetal.de/,wikidata
DE-G-16071004,Bad Sulza,gemeinde,Thüringen,bad-sulza.de,https://www.bad-sulza.de/,wikidata
DE-G-16071015,Eberstedt,gemeinde,Thüringen,bad-sulza.de,https://www.bad-sulza.de/de/buergerservice/verwaltungsbereich/eberstedt,wikidata
DE-G-16071022,Großheringen,gemeinde,Thüringen,grossheringen.eu,https://grossheringen.eu/,wikidata
DE-G-16071064,Niedertrebra,gemeinde,Thüringen,bad-sulza.de,https://www.bad-sulza.de/de/buergerservice/verwaltungsbereich/niedertrebra,wikidata
DE-G-16071069,Obertrebra,gemeinde,Thüringen,bad-sulza.de,https://www.bad-sulza.de/de/buergerservice/verwaltungsbereich/obertrebra,wikidata
DE-G-16071083,Schmiedehausen,gemeinde,Thüringen,bad-sulza.de,https://www.bad-sulza.de/de/buergerservice/verwaltungsbereich/schmiedehausen,wikidata
DE-G-16071005,Ballstedt,gemeinde,Thüringen,am-ettersberg.de,https://www.am-ettersberg.de/orte/ballstedt/,wikidata
DE-G-16071017,Ettersburg,gemeinde,Thüringen,gemeinde-ettersburg.de,https://www.gemeinde-ettersburg.de/,wikidata
DE-G-16071061,Neumark,gemeinde,Thüringen,am-ettersberg.de,https://www.am-ettersberg.de/orte/neumark/,wikidata
DE-G-16071102,Am Ettersberg,gemeinde,Thüringen,am-ettersberg.de,https://www.am-ettersberg.de/,wikidata
DE-G-16072011,Lauscha,gemeinde,Thüringen,lauscha.de,https://www.lauscha.de/,wikidata
DE-G-16072015,Schalkau,gemeinde,Thüringen,schalkau.de,https://www.schalkau.de/,wikidata
DE-G-16072018,Sonneberg,gemeinde,Thüringen,sonneberg.de,https://sonneberg.de/,wikidata
DE-G-16072019,Steinach,gemeinde,Thüringen,steinach-thueringen.de,https://www.steinach-thueringen.de/,wikidata
DE-G-16072023,Frankenblick,gemeinde,Thüringen,frankenblick.eu,https://frankenblick.eu/,wikidata
DE-G-16072024,Föritztal,gemeinde,Thüringen,foeritztal.de,https://foeritztal.de/,wikidata
DE-G-16072006,Goldisthal,gemeinde,Thüringen,goldisthal.de,http://www.goldisthal.de,wikidata
DE-G-16072013,Neuhaus am Rennweg,gemeinde,Thüringen,neuhaus-am-rennweg.de,https://www.neuhaus-am-rennweg.de/,wikidata
DE-G-16073005,Bad Blankenburg,gemeinde,Thüringen,bad-blankenburg.de,https://www.bad-blankenburg.de/,wikidata
DE-G-16073076,Rudolstadt,gemeinde,Thüringen,rudolstadt.de,https://www.rudolstadt.de/,wikidata
DE-G-16073077,Saalfeld/Saale,gemeinde,Thüringen,saalfeld.de,https://www.saalfeld.de/,wikidata
DE-G-16073106,Leutenberg,gemeinde,Thüringen,leutenberg.de,https://www.leutenberg.de/,wikidata
DE-G-16073109,Uhlstädt-Kirchhasel,gemeinde,Thüringen,uhlstaedt-kirchhasel.de,https://www.uhlstaedt-kirchhasel.de/,wikidata
DE-G-16073111,Unterwellenborn,gemeinde,Thüringen,unterwellenborn.de,https://unterwellenborn.de/,wikidata
DE-G-16073002,Altenbeuthen,gemeinde,Thüringen,kaulsdorf-saale.de,https://www.kaulsdorf-saale.de/seite/395365/geschichte.html,wikidata
DE-G-16073035,Hohenwarte,gemeinde,Thüringen,gemeinde-hohenwarte.de,https://www.gemeinde-hohenwarte.de/,wikidata
DE-G-16073038,Kaulsdorf,gemeinde,Thüringen,kaulsdorf-saale.de,https://www.kaulsdorf-saale.de/,wikidata
DE-G-16073107,Drognitz,gemeinde,Thüringen,kaulsdorf-saale.de,https://www.kaulsdorf-saale.de/seite/395331/geschichte.html,wikidata
DE-G-16073001,Allendorf,gemeinde,Thüringen,mittleres-schwarzatal.de,http://www.mittleres-schwarzatal.de/,wikidata
DE-G-16073006,Bechstedt,gemeinde,Thüringen,mittleres-schwarzatal.de,http://www.mittleres-schwarzatal.de/,wikidata
DE-G-16073112,Königsee,gemeinde,Thüringen,koenigsee.de,https://www.koenigsee.de/,wikidata
DE-G-16074044,Kahla,gemeinde,Thüringen,kahla.de,https://kahla.de/,wikidata
DE-G-16074058,Möckern,gemeinde,Thüringen,stadtroda.de,http://www.stadtroda.de,wikidata
DE-G-16074081,Ruttersdorf-Lotschen,gemeinde,Thüringen,stadtroda.de,http://www.stadtroda.de,wikidata
DE-G-16074094,Stadtroda,gemeinde,Thüringen,stadtroda.de,http://www.stadtroda.de,wikidata
DE-G-16074009,Bürgel,gemeinde,Thüringen,stadt-buergel.de,https://www.stadt-buergel.de/,wikidata
DE-G-16074028,Graitschen b. Bürgel,gemeinde,Thüringen,graitschen.de,http://www.graitschen.de,wikidata
DE-G-16074061,Nausnitz,gemeinde,Thüringen,stadt-buergel.de,http://www.stadt-buergel.de,wikidata
DE-G-16074068,Poxdorf,gemeinde,Thüringen,stadt-buergel.de,https://www.stadt-buergel.de/verzeichnis/visitenkarte.php?mandat=264395,wikidata
DE-G-16074018,Eisenberg,gemeinde,Thüringen,stadt-eisenberg.de,https://www.stadt-eisenberg.de/,wikidata
DE-G-16074025,Gösen,gemeinde,Thüringen,stadt-eisenberg.de,https://www.stadt-eisenberg.de/rathaus/stadtverwaltung/gemeinden,wikidata
DE-G-16074037,Hainspitz,gemeinde,Thüringen,hainspitz.de,https://www.hainspitz.de/,wikidata
DE-G-16074055,Mertendorf,gemeinde,Thüringen,mertendorf-thueringen.de,https://www.mertendorf-thueringen.de/,wikidata
DE-G-16074067,Petersberg,gemeinde,Thüringen,stadt-eisenberg.de,https://www.stadt-eisenberg.de/rathaus/stadtverwaltung/gemeinden,wikidata
DE-G-16074073,Rauschwitz,gemeinde,Thüringen,stadt-eisenberg.de,https://www.stadt-eisenberg.de/rathaus/stadtverwaltung/gemeinden,wikidata
DE-G-16074001,Albersdorf,gemeinde,Thüringen,bad-klosterlausnitz.de,https://www.bad-klosterlausnitz.de/erfuellende-gemeinde-fuer/albersdorf/,wikidata
DE-G-16074003,Bad Klosterlausnitz,gemeinde,Thüringen,bad-klosterlausnitz.de,https://www.bad-klosterlausnitz.de/,wikidata
DE-G-16074005,Bobeck,gemeinde,Thüringen,bad-klosterlausnitz.de,https://www.bad-klosterlausnitz.de/erfuellende-gemeinde-fuer/bobeck/,wikidata
DE-G-16074082,Scheiditz,gemeinde,Thüringen,bad-klosterlausnitz.de,https://www.bad-klosterlausnitz.de/erfuellende-gemeinde-fuer/scheiditz/,wikidata
DE-G-16074085,Schlöben,gemeinde,Thüringen,bioenergiedorf.schloeben.eu,https://bioenergiedorf.schloeben.eu/,wikidata
DE-G-16074086,Schöngleina,gemeinde,Thüringen,bad-klosterlausnitz.de,https://www.bad-klosterlausnitz.de/erfuellende-gemeinde-fuer/schoengleina/,wikidata
DE-G-16074091,Serba,gemeinde,Thüringen,bad-klosterlausnitz.de,https://www.bad-klosterlausnitz.de/erfuellende-gemeinde-fuer/serba/,wikidata
DE-G-16074098,Tautenhain,gemeinde,Thüringen,bad-klosterlausnitz.de,https://www.bad-klosterlausnitz.de/erfuellende-gemeinde-fuer/tautenhain/,wikidata
DE-G-16074105,Waldeck,gemeinde,Thüringen,bad-klosterlausnitz.de,https://www.bad-klosterlausnitz.de/erfuellende-gemeinde-fuer/waldeck/,wikidata
DE-G-16074109,Weißenborn,gemeinde,Thüringen,bad-klosterlausnitz.de,https://www.bad-klosterlausnitz.de/erfuellende-gemeinde-fuer/weissenborn/,wikidata
DE-G-16075046,Hirschberg,gemeinde,Thüringen,stadt-hirschberg-saale.de,https://www.stadt-hirschberg-saale.de/,wikidata
DE-G-16075062,Bad Lobenstein,gemeinde,Thüringen,moorbad-lobenstein.de,http://www.moorbad-lobenstein.de/,wikidata
DE-G-16075085,Pößneck,gemeinde,Thüringen,poessneck.de,https://www.poessneck.de/,wikidata
DE-G-16075098,Schleiz,gemeinde,Thüringen,schleiz.de,https://schleiz.de/,wikidata
DE-G-16075131,Gefell,gemeinde,Thüringen,stadt-gefell.de,https://www.stadt-gefell.de/,wikidata
DE-G-16075132,Tanna,gemeinde,Thüringen,stadt-tanna.de,https://www.stadt-tanna.de/,wikidata
DE-G-16075133,Wurzbach,gemeinde,Thüringen,wurzbach.de,https://www.wurzbach.de/,wikidata
DE-G-16075134,Remptendorf,gemeinde,Thüringen,remptendorf.de,https://www.remptendorf.de/,wikidata
DE-G-16075135,Saalburg-Ebersdorf,gemeinde,Thüringen,saalburg-ebersdorf.de,https://www.saalburg-ebersdorf.de/,wikidata
DE-G-16075136,Rosenthal am Rennsteig,gemeinde,Thüringen,rosenthal-am-rennsteig.de,https://rosenthal-am-rennsteig.de/,wikidata
DE-G-16075051,Kospoda,gemeinde,Thüringen,kospoda.de,https://www.kospoda.de/,wikidata
DE-G-16075073,Neustadt an der Orla,gemeinde,Thüringen,neustadtanderorla.de,https://www.neustadtanderorla.de/,wikidata
DE-G-16076022,Greiz,gemeinde,Thüringen,greiz.de,https://www.greiz.de/,wikidata
DE-G-16076061,Ronneburg,gemeinde,Thüringen,ronneburg.de,https://ronneburg.de/,wikidata
DE-G-16076088,Harth-Pöllnitz,gemeinde,Thüringen,harthpoellnitz.de,https://www.harthpoellnitz.de/,wikidata
DE-G-16076089,Kraftsdorf,gemeinde,Thüringen,kraftsdorf.de,https://www.kraftsdorf.de/,wikidata
DE-G-16076092,Auma-Weidatal,gemeinde,Thüringen,rathaus-auma.de,https://www.rathaus-auma.de/,wikidata
DE-G-16076093,Mohlsdorf-Teichwolframsdorf,gemeinde,Thüringen,mohlsdorf-teichwolframsdorf.de,https://www.mohlsdorf-teichwolframsdorf.de/,wikidata
DE-G-16076094,Berga-Wünschendorf,gemeinde,Thüringen,stadt-berga.de,https://www.stadt-berga.de/,wikidata
DE-G-16076003,Bad Köstritz,gemeinde,Thüringen,stadtbadkoestritz.de,https://www.stadtbadkoestritz.de/,wikidata
DE-G-16076012,Caaschwitz,gemeinde,Thüringen,caaschwitz.de,https://caaschwitz.de/,wikidata
DE-G-16076014,Crimla,gemeinde,Thüringen,crimla.de,http://www.crimla.de/,wikidata
DE-G-16076079,Weida,gemeinde,Thüringen,weida.de,https://www.weida.de/,wikidata
DE-G-16076041,Langenwolschendorf,gemeinde,Thüringen,langenwolschendorf.de,https://langenwolschendorf.de/,wikidata
DE-G-16076081,Weißendorf,gemeinde,Thüringen,weissendorf.de,http://www.weissendorf.de/,wikidata
DE-G-16076087,Zeulenroda-Triebes,gemeinde,Thüringen,zeulenroda-triebes.de,https://www.zeulenroda-triebes.de/,wikidata
DE-G-16076029,Hohenleuben,gemeinde,Thüringen,stadt-hohenleuben.de,https://www.stadt-hohenleuben.de/,wikidata
DE-G-16076039,Langenwetzendorf,gemeinde,Thüringen,langenwetzendorf.de,https://www.langenwetzendorf.de/,wikidata
DE-G-16077001,Altenburg,gemeinde,Thüringen,stadt-altenburg.de,https://www.stadt-altenburg.de/,wikidata
DE-G-16077028,Lucka,gemeinde,Thüringen,lucka.de,https://www.lucka.de/,wikidata
DE-G-16077032,Meuselwitz,gemeinde,Thüringen,meuselwitz.org,https://www.meuselwitz.org/,wikidata
DE-G-16077012,Gößnitz,gemeinde,Thüringen,goessnitz.de,https://www.goessnitz.de/,wikidata
DE-G-16077017,Heyersdorf,gemeinde,Thüringen,goessnitz.de,https://www.goessnitz.de/inhalte/goessnitz/_inhalt/verwaltung/heyersdorf/heyersdorf,wikidata
DE-G-16077039,Ponitz,gemeinde,Thüringen,gemeinde-ponitz.de,https://www.gemeinde-ponitz.de/,wikidata
DE-G-16077011,Göpfersdorf,gemeinde,Thüringen,wieratal.de,http://www.wieratal.de,wikidata
DE-G-16077023,Langenleuba-Niederhain,gemeinde,Thüringen,gemeinde-langenleuba-niederhain.de,https://gemeinde-langenleuba-niederhain.de/,wikidata
DE-G-16077036,Nobitz,gemeinde,Thüringen,nobitz.de,https://www.nobitz.de/,wikidata
DE-G-16077003,Dobitschen,gemeinde,Thüringen,dobitschen.de,http://www.dobitschen.de/,wikidata
DE-G-16077043,Schmölln,gemeinde,Thüringen,schmoelln.de,https://www.schmoelln.de/,wikidata
DE-V-010515163,Amt Burg-St. Michaelisdonn,verband,Schleswig-Holstein,amt-burg-st-michaelisdonn.de,https://www.amt-burg-st-michaelisdonn.de,wikidata
DE-V-010515166,Amt Marne-Nordsee,verband,Schleswig-Holstein,amt-marne-nordsee.de,http://www.amt-marne-nordsee.de/,wikidata
DE-V-010515169,Kirchspielslandgemeinde Eider,verband,Schleswig-Holstein,amt-eider.de,http://www.amt-eider.de,wikidata
DE-V-010515172,Kirchspielslandgemeinde Heider Umland,verband,Schleswig-Holstein,amt-heider-umland.de,http://www.amt-heider-umland.de/,wikidata
DE-V-010515175,Amt Mitteldithmarschen,verband,Schleswig-Holstein,mitteldithmarschen.de,http://www.mitteldithmarschen.de/,wikidata
DE-V-010515178,Amt Büsum-Wesselburen,verband,Schleswig-Holstein,amt-buesum-wesselburen.de,https://www.amt-buesum-wesselburen.de,wikidata
DE-V-010535308,Amt Berkenthin,verband,Schleswig-Holstein,amt-berkenthin.de,http://www.amt-berkenthin.de/,wikidata
DE-V-010535313,Amt Breitenfelde,verband,Schleswig-Holstein,amt-breitenfelde.de,http://www.amt-breitenfelde.de/,wikidata
DE-V-010535318,Amt Büchen,verband,Schleswig-Holstein,amt-buechen.de,https://www.amt-buechen.de,wikidata
DE-V-010535323,Amt Hohe Elbgeest,verband,Schleswig-Holstein,amt-hohe-elbgeest.de,http://www.amt-hohe-elbgeest.de/,wikidata
DE-V-010535343,Amt Lütau,verband,Schleswig-Holstein,amt-luetau.de,https://www.amt-luetau.de,wikidata
DE-V-010535358,Amt Lauenburgische Seen,verband,Schleswig-Holstein,amt-lauenburgische-seen.de,https://amt-lauenburgische-seen.de/,wikidata
DE-V-010535373,Amt Schwarzenbek-Land,verband,Schleswig-Holstein,amt-schwarzenbek-land.de,http://www.amt-schwarzenbek-land.de/,wikidata
DE-V-010535391,Amt Sandesneben-Nusse,verband,Schleswig-Holstein,amt-sandesneben-nusse.de,http://www.amt-sandesneben-nusse.de/,wikidata
DE-V-010545417,Amt Eiderstedt,verband,Schleswig-Holstein,amt-eiderstedt.de,http://www.amt-eiderstedt.de/,wikidata
DE-V-010545439,Amt Landschaft Sylt,verband,Schleswig-Holstein,amtlandschaftsylt.de,http://www.amtlandschaftsylt.de/,wikidata
DE-V-010545453,Amt Viöl,verband,Schleswig-Holstein,amt-vioel.de,http://www.amt-vioel.de/,wikidata
DE-V-010545459,Amt Pellworm,verband,Schleswig-Holstein,amt-pellworm.de,http://www.amt-pellworm.de/,wikidata
DE-V-010545488,Amt Föhr-Amrum,verband,Schleswig-Holstein,amt-foehr-amrum.de,https://www.amt-foehr-amrum.de/,wikidata
DE-V-010545489,Amt Südtondern,verband,Schleswig-Holstein,amt-suedtondern.de,http://www.amt-suedtondern.de/,wikidata
DE-V-010545492,Amt Nordsee-Treene,verband,Schleswig-Holstein,amt-nordsee-treene.de,http://www.amt-nordsee-treene.de/,wikidata
DE-V-010545494,Amt Mittleres Nordfriesland,verband,Schleswig-Holstein,amnf.de,http://www.amnf.de/,wikidata
DE-V-010555543,Amt Oldenburg-Land,verband,Schleswig-Holstein,amt-oldenburg-land.de,http://www.amt-oldenburg-land.de/,wikidata
DE-V-010555546,Amt Lensahn,verband,Schleswig-Holstein,lensahn.de,http://www.lensahn.de/,wikidata
DE-V-010555591,Amt Ostholstein-Mitte,verband,Schleswig-Holstein,amt-ostholstein-mitte.de,http://www.amt-ostholstein-mitte.de/,wikidata
DE-V-010565616,Amt Elmshorn-Land,verband,Schleswig-Holstein,elmshorn-land.de,http://www.elmshorn-land.de/,wikidata
DE-V-010565636,Amt Hörnerkirchen,verband,Schleswig-Holstein,amt-hoernerkirchen.de,http://www.amt-hoernerkirchen.de/,wikidata
DE-V-010565660,Amt Rantzau,verband,Schleswig-Holstein,amt-rantzau.de,https://www.amt-rantzau.de/,wikidata
DE-V-010565687,Amt Pinnau,verband,Schleswig-Holstein,amt-pinnau.de,http://www.amt-pinnau.de/,wikidata
DE-V-010565690,Amt Geest und Marsch Südholstein,verband,Schleswig-Holstein,amt-geest-und-marsch-suedholstein.de,https://www.amt-geest-und-marsch-suedholstein.de/,wikidata
DE-V-010575727,Amt Amt Lütjenburg,verband,Schleswig-Holstein,amt-luetjenburg.de,http://www.amt-luetjenburg.de/,wikidata
DE-V-010575739,Amt Großer Plöner See,verband,Schleswig-Holstein,amt-grosser-ploener-see.de,http://www.amt-grosser-ploener-see.de/,wikidata
DE-V-010575747,Amt Preetz-Land,verband,Schleswig-Holstein,amtpreetzland.de,http://www.amtpreetzland.de/,wikidata
DE-V-010575755,Amt Probstei,verband,Schleswig-Holstein,amt-probstei.de,http://www.amt-probstei.de/,wikidata
DE-V-010575775,Amt Selent/ Schlesen,verband,Schleswig-Holstein,amt-selent-schlesen.de,http://www.amt-selent-schlesen.de/,wikidata
DE-V-010575782,Amt Schrevenborn,verband,Schleswig-Holstein,amt-schrevenborn.de,http://www.amt-schrevenborn.de/,wikidata
DE-V-010575785,Amt Bokhorst-Wankendorf,verband,Schleswig-Holstein,amt-bokhorst-wankendorf.de,http://www.amt-bokhorst-wankendorf.de/,wikidata
DE-V-010585803,Amt Achterwehr,verband,Schleswig-Holstein,amt-achterwehr.de,http://www.amt-achterwehr.de/,wikidata
DE-V-010585822,Amt Dänischenhagen,verband,Schleswig-Holstein,amt-daenischenhagen.de,http://www.amt-daenischenhagen.de/,wikidata
DE-V-010585824,Amt Dänischer Wohld,verband,Schleswig-Holstein,amt-daenischer-wohld.de,http://www.amt-daenischer-wohld.de/,wikidata
DE-V-010585833,Amt Fockbek,verband,Schleswig-Holstein,fockbek.de,http://www.fockbek.de/,wikidata
DE-V-010585847,Amt Hohner Harde,verband,Schleswig-Holstein,amt-hohner-harde.de,http://www.amt-hohner-harde.de/,wikidata
DE-V-010585853,Amt Jevenstedt,verband,Schleswig-Holstein,amt-jevenstedt.de,http://www.amt-jevenstedt.de/,wikidata
DE-V-010585864,Amt Nortorfer  Land,verband,Schleswig-Holstein,amt-nortorfer-land.de,https://www.amt-nortorfer-land.de/,wikidata
DE-V-010585888,Amt Eiderkanal,verband,Schleswig-Holstein,amt-eiderkanal.de,http://www.amt-eiderkanal.de/,wikidata
DE-V-010585889,Amt Bordesholm,verband,Schleswig-Holstein,bordesholm.de,http://www.bordesholm.de/,wikidata
DE-V-010585890,Amt Hüttener Berge,verband,Schleswig-Holstein,amt-huettener-berge.de,https://www.amt-huettener-berge.de/,wikidata
DE-V-010585893,Amt Schlei-Ostsee,verband,Schleswig-Holstein,amt-schlei-ostsee.de,http://www.amt-schlei-ostsee.de/,wikidata
DE-V-010585895,Amt Mittelholstein,verband,Schleswig-Holstein,amt-mittelholstein.de,http://www.amt-mittelholstein.de/,wikidata
DE-V-010585896,Amt Eidertal,verband,Schleswig-Holstein,amt-eidertal.de,https://www.amt-eidertal.de,wikidata
DE-V-010595912,Amt Eggebek,verband,Schleswig-Holstein,amt-eggebek.de,http://www.amt-eggebek.de,wikidata
DE-V-010595915,Amt Haddeby,verband,Schleswig-Holstein,haddeby.de,http://www.haddeby.de/,wikidata
DE-V-010595919,Amt Hürup,verband,Schleswig-Holstein,amt-huerup.de,http://www.amt-huerup.de/,wikidata
DE-V-010595920,Amt Kappeln-Land,verband,Schleswig-Holstein,kappeln.de,https://www.kappeln.de/Amt-Kappeln-Land/,wikidata
DE-V-010595937,Amt Langballig,verband,Schleswig-Holstein,langballig.de,http://www.langballig.de/,wikidata
DE-V-010595940,Amt Oeversee,verband,Schleswig-Holstein,amtoeversee.de,http://www.amtoeversee.de/,wikidata
DE-V-010595949,Amt Amt Mittelangeln,verband,Schleswig-Holstein,amt-mittelangeln.de,http://www.amt-mittelangeln.de,wikidata
DE-V-010595952,Amt Schafflund,verband,Schleswig-Holstein,amt-schafflund.de,https://www.amt-schafflund.de,wikidata
DE-V-010595974,Amt Süderbrarup,verband,Schleswig-Holstein,amt-suederbrarup.de,https://www.amt-suederbrarup.de,wikidata
DE-V-010595987,Amt Südangeln,verband,Schleswig-Holstein,amt-suedangeln.de,http://www.amt-suedangeln.de/,wikidata
DE-V-010595990,Amt Geltinger Bucht,verband,Schleswig-Holstein,amt-geltingerbucht.de,http://www.amt-geltingerbucht.de/,wikidata
DE-V-010595993,Amt Arensharde,verband,Schleswig-Holstein,amt-arensharde.de,http://www.amt-arensharde.de/,wikidata
DE-V-010595996,Amt Kropp-Stapelholm,verband,Schleswig-Holstein,kropp.de,http://www.kropp.de/,wikidata
DE-V-010605005,Amt Bad Bramstedt-Land,verband,Schleswig-Holstein,amt-bad-bramstedt-land.de,http://www.amt-bad-bramstedt-land.de/,wikidata
DE-V-010605024,Amt Bornhöved,verband,Schleswig-Holstein,amt-bornhoeved.de,http://www.amt-bornhoeved.de/,wikidata
DE-V-010605034,Amt Itzstedt,verband,Schleswig-Holstein,amt-itzstedt.de,https://www.amt-itzstedt.de,wikidata
DE-V-010605043,Amt Auenland Südholstein,verband,Schleswig-Holstein,auenland-suedholstein.de,https://www.auenland-suedholstein.de,wikidata
DE-V-010605048,Amt Kisdorf,verband,Schleswig-Holstein,amt-kisdorf.de,https://www.amt-kisdorf.de/,wikidata
DE-V-010605053,Amt Leezen,verband,Schleswig-Holstein,amt-leezen.de,http://www.amt-leezen.de/,wikidata
DE-V-010605063,Amt Boostedt-Rickling,verband,Schleswig-Holstein,amt-boostedt-rickling.de,http://www.amt-boostedt-rickling.de/,wikidata
DE-V-010605086,Amt Trave-Land,verband,Schleswig-Holstein,amt-trave-land.de,http://www.amt-trave-land.de/,wikidata
DE-V-010615104,Amt Breitenburg,verband,Schleswig-Holstein,amt-breitenburg.de,http://www.amt-breitenburg.de/,wikidata
DE-V-010615134,Amt Horst-Herzhorn,verband,Schleswig-Holstein,amt-horst-herzhorn.de,https://www.amt-horst-herzhorn.de/,wikidata
DE-V-010615138,Amt Itzehoe-Land,verband,Schleswig-Holstein,amt-itzehoe-land.de,https://www.amt-itzehoe-land.de/,wikidata
DE-V-010615153,Amt Krempermarsch,verband,Schleswig-Holstein,amt-krempermarsch.de,http://www.amt-krempermarsch.de/,wikidata
DE-V-010615168,Amt Schenefeld,verband,Schleswig-Holstein,amt-schenefeld.de,http://www.amt-schenefeld.de/,wikidata
DE-V-010615179,Amt Wilstermarsch,verband,Schleswig-Holstein,wilstermarsch.de,http://www.wilstermarsch.de/,wikidata
DE-V-010615189,Amt Kellinghusen,verband,Schleswig-Holstein,amt-kellinghusen.de,http://www.amt-kellinghusen.de/,wikidata
DE-V-010625207,Amt Bad Oldesloe-Land,verband,Schleswig-Holstein,amt-bad-oldesloe-land.de,http://www.amt-bad-oldesloe-land.de/,wikidata
DE-V-010625218,Amt Bargteheide-Land,verband,Schleswig-Holstein,bargteheide-land.de,http://www.bargteheide-land.de/,wikidata
DE-V-010625244,Amt Nordstormarn,verband,Schleswig-Holstein,amt-nordstormarn.de,http://www.amt-nordstormarn.de/,wikidata
DE-V-010625262,Amt Siek,verband,Schleswig-Holstein,amtsiek.de,https://www.amtsiek.de,wikidata
DE-V-010625270,Amt Trittau,verband,Schleswig-Holstein,amt-trittau.de,https://www.amt-trittau.de,wikidata
DE-V-031515401,Samtgemeinde Boldecker Land,verband,Niedersachsen,boldecker-land.de,http://www.boldecker-land.de,wikidata
DE-V-031515402,Samtgemeinde Brome,verband,Niedersachsen,samtgemeinde-brome.de,https://www.samtgemeinde-brome.de,wikidata
DE-V-031515403,Samtgemeinde Hankensbüttel,verband,Niedersachsen,sg-hankensbuettel.de,https://www.sg-hankensbuettel.de/,wikidata
DE-V-031515404,Samtgemeinde Isenbüttel,verband,Niedersachsen,isenbuettel.de,http://www.isenbuettel.de/,wikidata
DE-V-031515405,Samtgemeinde Meinersen,verband,Niedersachsen,sg-meinersen.de,http://www.sg-meinersen.de/,wikidata
DE-V-031515406,Samtgemeinde Papenteich,verband,Niedersachsen,papenteich.de,http://www.papenteich.de/,wikidata
DE-V-031515407,Samtgemeinde Wesendorf,verband,Niedersachsen,wesendorf.de,http://www.wesendorf.de/,wikidata
DE-V-031545401,Samtgemeinde Grasleben,verband,Niedersachsen,samtgemeinde-grasleben.de,http://www.samtgemeinde-grasleben.de/,wikidata
DE-V-031545402,Samtgemeinde Heeseberg,verband,Niedersachsen,samtgemeindeheeseberg.de,http://www.samtgemeindeheeseberg.de/,wikidata
DE-V-031545403,Samtgemeinde Nord-Elm,verband,Niedersachsen,samtgemeinde-nord-elm.de,http://www.samtgemeinde-nord-elm.de/,wikidata
DE-V-031545404,Samtgemeinde Velpke,verband,Niedersachsen,velpke.de,http://www.velpke.de/,wikidata
DE-V-031585402,Samtgemeinde Baddeckenstedt,verband,Niedersachsen,baddeckenstedt.de,http://www.baddeckenstedt.de/,wikidata
DE-V-031585403,Samtgemeinde Oderwald,verband,Niedersachsen,sg-oderwald.de,http://www.sg-oderwald.de/,wikidata
DE-V-031585406,Samtgemeinde Sickte,verband,Niedersachsen,sickte.de,https://www.sickte.de/,wikidata
DE-V-031585407,Samtgemeinde Elm-Asse,verband,Niedersachsen,elm-asse.de,http://www.elm-asse.de/,wikidata
DE-V-031595401,Samtgemeinde Dransfeld,verband,Niedersachsen,dransfeld.de,http://www.dransfeld.de/,wikidata
DE-V-031595402,Samtgemeinde Gieboldehausen,verband,Niedersachsen,samtgemeinde-gieboldehausen.de,http://samtgemeinde-gieboldehausen.de/,wikidata
DE-V-031595403,Samtgemeinde Hattorf am Harz,verband,Niedersachsen,hattorf-am-harz.de,http://www.hattorf-am-harz.de/,wikidata
DE-V-031595404,Samtgemeinde Radolfshausen,verband,Niedersachsen,radolfshausen.de,http://www.radolfshausen.de/,wikidata
DE-V-032515401,Samtgemeinde Altes Amt Lemförde,verband,Niedersachsen,lemfoerde.de,http://www.lemfoerde.de/,wikidata
DE-V-032515402,Samtgemeinde Barnstorf,verband,Niedersachsen,barnstorf.de,http://www.barnstorf.de/,wikidata
DE-V-032515403,Samtgemeinde Bruchhausen-Vilsen,verband,Niedersachsen,bruchhausen-vilsen.de,http://www.bruchhausen-vilsen.de/,wikidata
DE-V-032515404,Samtgemeinde Kirchdorf,verband,Niedersachsen,kirchdorf.de,http://www.kirchdorf.de/,wikidata
DE-V-032515405,Samtgemeinde Rehden,verband,Niedersachsen,rehden.de,https://www.rehden.de/,wikidata
DE-V-032515406,Samtgemeinde Schwaförden,verband,Niedersachsen,schwafoerden.de,https://www.schwafoerden.de/,wikidata
DE-V-032515407,Samtgemeinde Siedenburg,verband,Niedersachsen,siedenburg-online.de,http://www.siedenburg-online.de/,wikidata
DE-V-032545406,Samtgemeinde Leinebergland,verband,Niedersachsen,sg-leinebergland.de,http://www.sg-leinebergland.de/,wikidata
DE-V-032555401,Samtgemeinde Bevern,verband,Niedersachsen,bevern.de,http://www.bevern.de/,wikidata
DE-V-032555403,Samtgemeinde Boffzen,verband,Niedersachsen,boffzen.de,http://www.boffzen.de/,wikidata
DE-V-032555408,Samtgemeinde Bodenwerder-Polle,verband,Niedersachsen,muenchhausenland.de,https://www.muenchhausenland.de/,wikidata
DE-V-032555409,Samtgemeinde Eschershausen-Stadtoldendorf,verband,Niedersachsen,stadtoldendorf.de,http://www.stadtoldendorf.de/,wikidata
DE-V-032565402,Samtgemeinde Heemsen,verband,Niedersachsen,heemsen.de,http://www.heemsen.de/,wikidata
DE-V-032565407,Samtgemeinde Steimbke,verband,Niedersachsen,steimbke.de,http://www.steimbke.de/,wikidata
DE-V-032565408,Samtgemeinde Uchte,verband,Niedersachsen,uchte.de,http://www.uchte.de/,wikidata
DE-V-032565409,Samtgemeinde Grafschaft Hoya,verband,Niedersachsen,hoya-weser.de,http://www.hoya-weser.de/,wikidata
DE-V-032565410,Samtgemeinde Mittelweser,verband,Niedersachsen,sg-mittelweser.de,http://www.sg-mittelweser.de/,wikidata
DE-V-032565411,Samtgemeinde Weser-Aue,verband,Niedersachsen,,,
DE-V-032575401,Samtgemeinde Eilsen,verband,Niedersachsen,samtgemeinde-eilsen.de,http://www.samtgemeinde-eilsen.de/,wikidata
DE-V-032575402,Samtgemeinde Lindhorst,verband,Niedersachsen,sg-lindhorst.de,https://www.sg-lindhorst.de/,wikidata
DE-V-032575403,Samtgemeinde Nenndorf,verband,Niedersachsen,nenndorf.de,http://www.nenndorf.de/,wikidata
DE-V-032575404,Samtgemeinde Niedernwöhren,verband,Niedersachsen,sg-niedernwoehren.de,http://www.sg-niedernwoehren.de/,wikidata
DE-V-032575405,Samtgemeinde Nienstädt,verband,Niedersachsen,sg-nienstaedt.de,http://www.sg-nienstaedt.de/,wikidata
DE-V-032575406,Samtgemeinde Rodenberg,verband,Niedersachsen,rodenberg.de,http://www.rodenberg.de/,wikidata
DE-V-032575407,Samtgemeinde Sachsenhagen,verband,Niedersachsen,sachsenhagen.de,http://www.sachsenhagen.de/,wikidata
DE-V-033515402,Samtgemeinde Flotwedel,verband,Niedersachsen,flotwedel.de,http://www.flotwedel.de/,wikidata
DE-V-033515403,Samtgemeinde Lachendorf,verband,Niedersachsen,lachendorf.de,http://www.lachendorf.de/,wikidata
DE-V-033515404,Samtgemeinde Wathlingen,verband,Niedersachsen,wathlingen.de,https://www.wathlingen.de/,wikidata
DE-V-033525404,Samtgemeinde Börde Lamstedt,verband,Niedersachsen,boerde-lamstedt.de,http://www.boerde-lamstedt.de/,wikidata
DE-V-033525407,Samtgemeinde Hemmoor,verband,Niedersachsen,hemmoor.de,http://www.hemmoor.de/,wikidata
DE-V-033525411,Samtgemeinde Land Hadeln,verband,Niedersachsen,otterndorf.de,http://www.otterndorf.de/,wikidata
DE-V-033535401,Samtgemeinde Elbmarsch,verband,Niedersachsen,samtgemeinde-elbmarsch.de,http://www.samtgemeinde-elbmarsch.de/,wikidata
DE-V-033535402,Samtgemeinde Hanstedt,verband,Niedersachsen,hanstedt.de,https://www.hanstedt.de/,wikidata
DE-V-033535403,Samtgemeinde Hollenstedt,verband,Niedersachsen,hollenstedt.de,http://www.hollenstedt.de/,wikidata
DE-V-033535404,Samtgemeinde Jesteburg,verband,Niedersachsen,jesteburg-online.de,http://www.jesteburg-online.de/,wikidata
DE-V-033535405,Samtgemeinde Salzhausen,verband,Niedersachsen,salzhausen.de,http://www.salzhausen.de/,wikidata
DE-V-033535406,Samtgemeinde Tostedt,verband,Niedersachsen,tostedt.de,https://www.tostedt.de/,wikidata
DE-V-033545403,Samtgemeinde Gartow,verband,Niedersachsen,gartow.de,http://www.gartow.de/,wikidata
DE-V-033545406,Samtgemeinde Elbtalaue,verband,Niedersachsen,elbtalaue.de,http://www.elbtalaue.de/,wikidata
DE-V-033545407,Samtgemeinde Lüchow (Wendland),verband,Niedersachsen,luechow-wendland.de,http://www.luechow-wendland.de/,wikidata
DE-V-033555401,Samtgemeinde Amelinghausen,verband,Niedersachsen,amelinghausen.de,http://www.amelinghausen.de/,wikidata
DE-V-033555402,Samtgemeinde Bardowick,verband,Niedersachsen,samtgemeinde-bardowick.de,http://www.samtgemeinde-bardowick.de/,wikidata
DE-V-033555403,Samtgemeinde Dahlenburg,verband,Niedersachsen,dahlenburg.de,http://www.dahlenburg.de/,wikidata
DE-V-033555404,Samtgemeinde Gellersen,verband,Niedersachsen,gellersen.de,http://www.gellersen.de/,wikidata
DE-V-033555405,Samtgemeinde Ilmenau,verband,Niedersachsen,samtgemeinde-ilmenau.de,http://www.samtgemeinde-ilmenau.de/,wikidata
DE-V-033555406,Samtgemeinde Ostheide,verband,Niedersachsen,ostheide.de,http://www.ostheide.de/,wikidata
DE-V-033555407,Samtgemeinde Scharnebeck,verband,Niedersachsen,scharnebeck.de,http://www.scharnebeck.de/,wikidata
DE-V-033565401,Samtgemeinde Hambergen,verband,Niedersachsen,hambergen.de,https://www.hambergen.de/,wikidata
DE-V-033575401,Samtgemeinde Bothel,verband,Niedersachsen,bothel.de,http://www.bothel.de/,wikidata
DE-V-033575402,Samtgemeinde Fintel,verband,Niedersachsen,fintel.de,https://www.fintel.de/,wikidata
DE-V-033575403,Samtgemeinde Geestequelle,verband,Niedersachsen,geestequelle.de,http://www.geestequelle.de/,wikidata
DE-V-033575404,Samtgemeinde Selsingen,verband,Niedersachsen,selsingen.de,https://www.selsingen.de/,wikidata
DE-V-033575405,Samtgemeinde Sittensen,verband,Niedersachsen,sittensen.de,http://www.sittensen.de/,wikidata
DE-V-033575406,Samtgemeinde Sottrum,verband,Niedersachsen,sottrum.de,http://www.sottrum.de/,wikidata
DE-V-033575407,Samtgemeinde Tarmstedt,verband,Niedersachsen,tarmstedt.de,http://www.tarmstedt.de/,wikidata
DE-V-033575408,Samtgemeinde Zeven,verband,Niedersachsen,zeven.de,https://www.zeven.de/,wikidata
DE-V-033585401,Samtgemeinde Ahlden,verband,Niedersachsen,ahlden.info,http://www.ahlden.info/,wikidata
DE-V-033585402,"Samtgemeinde Rethem (Aller), Stadt",verband,Niedersachsen,rethem.de,http://www.rethem.de/,wikidata
DE-V-033585403,Samtgemeinde Schwarmstedt,verband,Niedersachsen,schwarmstedt.de,http://www.schwarmstedt.de/,wikidata
DE-V-033595401,Samtgemeinde Apensen,verband,Niedersachsen,apensen.de,http://www.apensen.de/,wikidata
DE-V-033595402,Samtgemeinde Fredenbeck,verband,Niedersachsen,fredenbeck.de,http://www.fredenbeck.de/,wikidata
DE-V-033595403,Samtgemeinde Harsefeld,verband,Niedersachsen,harsefeld.de,http://www.harsefeld.de/,wikidata
DE-V-033595405,Samtgemeinde Horneburg,verband,Niedersachsen,horneburg.de,http://www.horneburg.de/,wikidata
DE-V-033595406,Samtgemeinde Lühe,verband,Niedersachsen,luehe-online.de,https://www.luehe-online.de/,wikidata
DE-V-033595407,Samtgemeinde Nordkehdingen,verband,Niedersachsen,nordkehdingen.de,http://www.nordkehdingen.de/,wikidata
DE-V-033595409,Samtgemeinde Oldendorf-Himmelpforten,verband,Niedersachsen,oldendorf-himmelpforten.de,http://www.oldendorf-himmelpforten.de/,wikidata
DE-V-033605404,Samtgemeinde Rosche,verband,Niedersachsen,samtgemeinde-rosche.de,http://www.samtgemeinde-rosche.de/,wikidata
DE-V-033605405,Samtgemeinde Suderburg,verband,Niedersachsen,suderburg.de,http://www.suderburg.de/,wikidata
DE-V-033605407,Samtgemeinde Bevensen-Ebstorf,verband,Niedersachsen,bevensen-ebstorf.de,http://www.bevensen-ebstorf.de/desktopdefault.aspx,wikidata
DE-V-033605408,Samtgemeinde Aue,verband,Niedersachsen,samtgemeinde-aue.de,http://www.samtgemeinde-aue.de/,wikidata
DE-V-033615401,Samtgemeinde Thedinghausen,verband,Niedersachsen,thedinghausen.de,https://www.thedinghausen.de/,wikidata
DE-V-034525401,Samtgemeinde Brookmerland,verband,Niedersachsen,marienhafe.de,http://www.marienhafe.de/,wikidata
DE-V-034525403,Samtgemeinde Hage,verband,Niedersachsen,sg-hage.de,http://www.sg-hage.de/,wikidata
DE-V-034545401,Samtgemeinde Dörpen,verband,Niedersachsen,doerpen.de,http://www.doerpen.de/,wikidata
DE-V-034545402,Samtgemeinde Freren,verband,Niedersachsen,freren.de,http://www.freren.de/,wikidata
DE-V-034545403,Samtgemeinde Herzlake,verband,Niedersachsen,herzlake.de,http://www.herzlake.de/,wikidata
DE-V-034545404,Samtgemeinde Lathen,verband,Niedersachsen,lathen.de,http://www.lathen.de/,wikidata
DE-V-034545405,Samtgemeinde Lengerich,verband,Niedersachsen,lengerich-emsland.de,http://www.lengerich-emsland.de/,wikidata
DE-V-034545406,Samtgemeinde Nordhümmling,verband,Niedersachsen,sg-nordhuemmling.de,https://sg-nordhuemmling.de/,wikidata
DE-V-034545407,Samtgemeinde Sögel,verband,Niedersachsen,soegel.de,http://www.soegel.de/,wikidata
DE-V-034545408,Samtgemeinde Spelle,verband,Niedersachsen,spelle.de,http://www.spelle.de/,wikidata
DE-V-034545409,Samtgemeinde Werlte,verband,Niedersachsen,werlte.de,http://www.werlte.de/,wikidata
DE-V-034565401,Samtgemeinde Emlichheim,verband,Niedersachsen,emlichheim.de,http://www.emlichheim.de/,wikidata
DE-V-034565402,Samtgemeinde Neuenhaus,verband,Niedersachsen,neuenhaus.de,http://www.neuenhaus.de/,wikidata
DE-V-034565403,Samtgemeinde Schüttorf,verband,Niedersachsen,schuettorf.de,http://www.schuettorf.de/,wikidata
DE-V-034565404,Samtgemeinde Uelsen,verband,Niedersachsen,uelsen.de,http://www.uelsen.de/,wikidata
DE-V-034575402,Samtgemeinde Hesel,verband,Niedersachsen,hesel.de,http://www.hesel.de/,wikidata
DE-V-034575403,Samtgemeinde Jümme,verband,Niedersachsen,juemme.de,http://www.juemme.de/,wikidata
DE-V-034585401,Samtgemeinde Harpstedt,verband,Niedersachsen,harpstedt.de,http://www.harpstedt.de/,wikidata
DE-V-034595401,Samtgemeinde Artland,verband,Niedersachsen,artland.de,https://www.artland.de/,wikidata
DE-V-034595402,Samtgemeinde Bersenbrück,verband,Niedersachsen,bersenbrueck.de,https://www.bersenbrueck.de/,wikidata
DE-V-034595403,Samtgemeinde Fürstenau,verband,Niedersachsen,fuerstenau.de,http://www.fuerstenau.de/,wikidata
DE-V-034595404,Samtgemeinde Neuenkirchen,verband,Niedersachsen,neuenkirchen-os.de,https://www.neuenkirchen-os.de/,wikidata
DE-V-034625401,Samtgemeinde Esens,verband,Niedersachsen,samtgemeinde-esens.de,https://www.samtgemeinde-esens.de/,wikidata
DE-V-034625402,Samtgemeinde Holtriem,verband,Niedersachsen,holtriem.de,http://www.holtriem.de/,wikidata
DE-V-071315001,Verbandsgemeinde Adenau,verband,Rheinland-Pfalz,adenau.de,http://www.adenau.de/,wikidata
DE-V-071315002,Verbandsgemeinde Altenahr,verband,Rheinland-Pfalz,altenahr.de,http://www.altenahr.de/,wikidata
DE-V-071315003,Verbandsgemeinde Bad Breisig,verband,Rheinland-Pfalz,bad-breisig.de,https://www.bad-breisig.de/,wikidata
DE-V-071315004,Verbandsgemeinde Brohltal,verband,Rheinland-Pfalz,brohltal.de,http://www.brohltal.de/,wikidata
DE-V-071325003,Verbandsgemeinde Daaden-Herdorf,verband,Rheinland-Pfalz,daaden.de,http://www.daaden.de/,wikidata
DE-V-071325006,Verbandsgemeinde Hamm (Sieg),verband,Rheinland-Pfalz,hamm-sieg.de,http://www.hamm-sieg.de/,wikidata
DE-V-071325007,Verbandsgemeinde Kirchen (Sieg),verband,Rheinland-Pfalz,kirchen-sieg.de,http://www.kirchen-sieg.de/,wikidata
DE-V-071325008,Verbandsgemeinde Wissen,verband,Rheinland-Pfalz,wissen.eu,http://www.wissen.eu/,wikidata
DE-V-071325009,Verbandsgemeinde Betzdorf-Gebhardshain,verband,Rheinland-Pfalz,vg-bg.de,http://www.vg-bg.de/,wikidata
DE-V-071325010,Verbandsgemeinde Altenkirchen-Flammersfeld,verband,Rheinland-Pfalz,vg-altenkirchen-flammersfeld.de,https://www.vg-altenkirchen-flammersfeld.de/,wikidata
DE-V-071335001,Verbandsgemeinde Bad Kreuznach,verband,Rheinland-Pfalz,vg-badkreuznach.de,http://www.vg-badkreuznach.de/,wikidata
DE-V-071335006,Verbandsgemeinde Rüdesheim,verband,Rheinland-Pfalz,vg-ruedesheim.de,https://www.vg-ruedesheim.de/,wikidata
DE-V-071335009,Verbandsgemeinde Kirner Land,verband,Rheinland-Pfalz,kirn-land.de,https://www.kirn-land.de/,wikidata
DE-V-071335010,Verbandsgemeinde Nahe-Glan,verband,Rheinland-Pfalz,vg-nahe-glan.de,https://vg-nahe-glan.de/,wikidata
DE-V-071335011,Verbandsgemeinde Langenlonsheim-Stromberg,verband,Rheinland-Pfalz,langenlonsheim-stromberg.de,https://www.langenlonsheim-stromberg.de/,wikidata
DE-V-071345001,Verbandsgemeinde Baumholder,verband,Rheinland-Pfalz,vgv-baumholder.de,http://www.vgv-baumholder.de/,wikidata
DE-V-071345002,Verbandsgemeinde Birkenfeld,verband,Rheinland-Pfalz,vg-birkenfeld.de,http://www.vg-birkenfeld.de/,wikidata
DE-V-071345005,Verbandsgemeinde Herrstein-Rhaunen,verband,Rheinland-Pfalz,vg-hr.de,https://www.vg-hr.de/,wikidata
DE-V-071355001,Verbandsgemeinde Cochem,verband,Rheinland-Pfalz,vgcochem.de,https://www.vgcochem.de/,wikidata
DE-V-071355002,Verbandsgemeinde Kaisersesch,verband,Rheinland-Pfalz,kaisersesch.de,http://www.kaisersesch.de/,wikidata
DE-V-071355003,Verbandsgemeinde Ulmen,verband,Rheinland-Pfalz,ulmen.de,http://www.ulmen.de/,wikidata
DE-V-071355005,Verbandsgemeinde Zell (Mosel),verband,Rheinland-Pfalz,zell-mosel.de,http://www.zell-mosel.de/,wikidata
DE-V-071375001,Verbandsgemeinde Pellenz,verband,Rheinland-Pfalz,pellenz.de,https://www.pellenz.de/,wikidata
DE-V-071375002,Verbandsgemeinde Maifeld,verband,Rheinland-Pfalz,maifeld.de,https://www.maifeld.de/,wikidata
DE-V-071375003,Verbandsgemeinde Vordereifel,verband,Rheinland-Pfalz,vordereifel.de,http://www.vordereifel.de/,wikidata
DE-V-071375004,Verbandsgemeinde Mendig,verband,Rheinland-Pfalz,mendig.de,http://www.mendig.de/,wikidata
DE-V-071375007,Verbandsgemeinde Vallendar,verband,Rheinland-Pfalz,vallendar.eu,http://www.vallendar.eu/,wikidata
DE-V-071375008,Verbandsgemeinde Weißenthurm,verband,Rheinland-Pfalz,vgwthurm.de,http://www.vgwthurm.de,wikidata
DE-V-071375009,Verbandsgemeinde Rhein-Mosel,verband,Rheinland-Pfalz,vg-rhein-mosel.de,http://www.vg-rhein-mosel.de,wikidata
DE-V-071385001,Verbandsgemeinde Asbach,verband,Rheinland-Pfalz,vg-asbach.de,https://vg-asbach.de/,wikidata
DE-V-071385002,Verbandsgemeinde Bad Hönningen,verband,Rheinland-Pfalz,bad-hoenningen-vg.de,http://www.bad-hoenningen-vg.de/,wikidata
DE-V-071385003,Verbandsgemeinde Dierdorf,verband,Rheinland-Pfalz,vg-dierdorf.de,http://www.vg-dierdorf.de/,wikidata
DE-V-071385004,Verbandsgemeinde Linz am Rhein,verband,Rheinland-Pfalz,linz-vg.de,https://www.linz-vg.de/,wikidata
DE-V-071385005,Verbandsgemeinde Puderbach,verband,Rheinland-Pfalz,puderbach.de,https://www.puderbach.de/,wikidata
DE-V-071385007,Verbandsgemeinde Unkel,verband,Rheinland-Pfalz,vgvunkel.de,http://www.vgvunkel.de/,wikidata
DE-V-071385009,Verbandsgemeinde Rengsdorf-Waldbreitbach,verband,Rheinland-Pfalz,rengsdorf-waldbreitbach.de,https://www.rengsdorf-waldbreitbach.de/,wikidata
DE-V-071405003,Verbandsgemeinde Kastellaun,verband,Rheinland-Pfalz,kastellaun.de,https://www.kastellaun.de/,wikidata
DE-V-071405004,Verbandsgemeinde Kirchberg (Hunsrück),verband,Rheinland-Pfalz,kirchberg-hunsrueck.de,https://www.kirchberg-hunsrueck.de/,wikidata
DE-V-071405008,Verbandsgemeinde Simmern-Rheinböllen,verband,Rheinland-Pfalz,sim-rhb.de,https://www.sim-rhb.de/,wikidata
DE-V-071405009,Verbandsgemeinde Hunsrück-Mittelrhein,verband,Rheinland-Pfalz,emmelshausen.de,http://www.emmelshausen.de/,wikidata
DE-V-071415003,Verbandsgemeinde Diez,verband,Rheinland-Pfalz,vgdiez.de,http://www.vgdiez.de/,wikidata
DE-V-071415007,Verbandsgemeinde Nastätten,verband,Rheinland-Pfalz,vgnastaetten.de,https://www.vgnastaetten.de/,wikidata
DE-V-071415009,Verbandsgemeinde Loreley,verband,Rheinland-Pfalz,loreley.info,http://www.loreley.info/,wikidata
DE-V-071415010,Verbandsgemeinde Bad Ems-Nassau,verband,Rheinland-Pfalz,vgben.de,https://www.vgben.de,wikidata
DE-V-071415011,Verbandsgemeinde Aar-Einrich,verband,Rheinland-Pfalz,vg-aar-einrich.de,https://www.vg-aar-einrich.de/,wikidata
DE-V-071435001,Verbandsgemeinde Bad Marienberg (Westerwald),verband,Rheinland-Pfalz,bad-marienberg.de,http://www.bad-marienberg.de/,wikidata
DE-V-071435002,Verbandsgemeinde Hachenburg,verband,Rheinland-Pfalz,hachenburg-vg.de,http://www.hachenburg-vg.de/,wikidata
DE-V-071435003,Verbandsgemeinde Höhr-Grenzhausen,verband,Rheinland-Pfalz,hoehr-grenzhausen.de,http://www.hoehr-grenzhausen.de/,wikidata
DE-V-071435004,Verbandsgemeinde Montabaur,verband,Rheinland-Pfalz,vg-montabaur.de,http://www.vg-montabaur.de/,wikidata
DE-V-071435005,Verbandsgemeinde Ransbach-Baumbach,verband,Rheinland-Pfalz,ransbach-baumbach.de,http://www.ransbach-baumbach.de/,wikidata
DE-V-071435006,Verbandsgemeinde Rennerod,verband,Rheinland-Pfalz,rennerod.de,https://www.rennerod.de/,wikidata
DE-V-071435007,Verbandsgemeinde Selters (Westerwald),verband,Rheinland-Pfalz,vg-selters.de,https://www.vg-selters.de/,wikidata
DE-V-071435008,Verbandsgemeinde Wallmerod,verband,Rheinland-Pfalz,wallmerod.de,https://www.wallmerod.de/,wikidata
DE-V-071435009,Verbandsgemeinde Westerburg,verband,Rheinland-Pfalz,westerburger-land.de,http://www.westerburger-land.de/,wikidata
DE-V-071435010,Verbandsgemeinde Wirges,verband,Rheinland-Pfalz,wirges.de,https://www.wirges.de/,wikidata
DE-V-072315001,Verbandsgemeinde Bernkastel-Kues,verband,Rheinland-Pfalz,bernkastel-kues.de,https://www.bernkastel-kues.de,wikidata
DE-V-072315006,Verbandsgemeinde Thalfang am Erbeskopf,verband,Rheinland-Pfalz,vg-thalfang.de,http://www.vg-thalfang.de/,wikidata
DE-V-072315008,Verbandsgemeinde Wittlich-Land,verband,Rheinland-Pfalz,vg-wittlich-land.de,http://www.vg-wittlich-land.de,wikidata
DE-V-072315009,Verbandsgemeinde Traben-Trarbach,verband,Rheinland-Pfalz,vgtt.de,http://www.vgtt.de,wikidata
DE-V-072325001,Verbandsgemeinde Arzfeld,verband,Rheinland-Pfalz,vg-arzfeld.de,http://www.vg-arzfeld.de/,wikidata
DE-V-072325005,Verbandsgemeinde Südeifel,verband,Rheinland-Pfalz,vg-suedeifel.de,https://www.vg-suedeifel.de,wikidata
DE-V-072325006,Verbandsgemeinde Prüm,verband,Rheinland-Pfalz,pruem.de,https://www.pruem.de,wikidata
DE-V-072325007,Verbandsgemeinde Speicher,verband,Rheinland-Pfalz,vg-speicher.de,http://www.vg-speicher.de/,wikidata
DE-V-072325008,Verbandsgemeinde Bitburger Land,verband,Rheinland-Pfalz,bitburgerland.de,https://www.bitburgerland.de/,wikidata
DE-V-072335001,Verbandsgemeinde Daun,verband,Rheinland-Pfalz,daun.de,https://www.daun.de/,wikidata
DE-V-072335004,Verbandsgemeinde Kelberg,verband,Rheinland-Pfalz,vgv-kelberg.de,http://www.vgv-kelberg.de/,wikidata
DE-V-072335006,Verbandsgemeinde Gerolstein,verband,Rheinland-Pfalz,gerolstein.de,https://www.gerolstein.de,wikidata
DE-V-072355001,Verbandsgemeinde Hermeskeil,verband,Rheinland-Pfalz,hermeskeil.de,http://www.hermeskeil.de/,wikidata
DE-V-072355003,Verbandsgemeinde Konz,verband,Rheinland-Pfalz,konz.eu,https://www.konz.eu/,wikidata
DE-V-072355004,Verbandsgemeinde Ruwer,verband,Rheinland-Pfalz,ruwer.de,http://www.ruwer.de/,wikidata
DE-V-072355006,Verbandsgemeinde Schweich an der Römischen Weinstraße,verband,Rheinland-Pfalz,schweich.de,http://www.schweich.de/,wikidata
DE-V-072355007,Verbandsgemeinde Trier-Land,verband,Rheinland-Pfalz,trier-land.de,http://www.trier-land.de/,wikidata
DE-V-072355008,Verbandsgemeinde Saarburg-Kell,verband,Rheinland-Pfalz,saarburg-kell.de,http://www.saarburg-kell.de/,wikidata
DE-V-073315001,Verbandsgemeinde Alzey-Land,verband,Rheinland-Pfalz,alzey-land.de,https://www.alzey-land.de/,wikidata
DE-V-073315002,Verbandsgemeinde Eich,verband,Rheinland-Pfalz,vg-eich.de,https://www.vg-eich.de/,wikidata
DE-V-073315003,Verbandsgemeinde Monsheim,verband,Rheinland-Pfalz,vg-monsheim.de,http://www.vg-monsheim.de/,wikidata
DE-V-073315005,Verbandsgemeinde Wöllstein,verband,Rheinland-Pfalz,woellstein.de,http://www.woellstein.de/,wikidata
DE-V-073315006,Verbandsgemeinde Wörrstadt,verband,Rheinland-Pfalz,vgwoerrstadt.de,http://www.vgwoerrstadt.de/,wikidata
DE-V-073315007,Verbandsgemeinde Wonnegau,verband,Rheinland-Pfalz,vg-wonnegau.de,https://www.vg-wonnegau.de/,wikidata
DE-V-073325001,Verbandsgemeinde Deidesheim,verband,Rheinland-Pfalz,vg-deidesheim.rlp.de,http://www.vg-deidesheim.rlp.de/,wikidata
DE-V-073325002,Verbandsgemeinde Freinsheim,verband,Rheinland-Pfalz,freinsheim.de,http://www.freinsheim.de/,wikidata
DE-V-073325005,Verbandsgemeinde Lambrecht (Pfalz),verband,Rheinland-Pfalz,vg-lambrecht.de,http://www.vg-lambrecht.de/,wikidata
DE-V-073325006,Verbandsgemeinde Wachenheim an der Weinstraße,verband,Rheinland-Pfalz,vg-wachenheim.de,http://www.vg-wachenheim.de/,wikidata
DE-V-073325007,Verbandsgemeinde Leiningerland,verband,Rheinland-Pfalz,vg-l.de,https://www.vg-l.de/,wikidata
DE-V-073335002,Verbandsgemeinde Eisenberg (Pfalz),verband,Rheinland-Pfalz,eisenberg.de,http://www.eisenberg.de/,wikidata
DE-V-073335003,Verbandsgemeinde Göllheim,verband,Rheinland-Pfalz,goellheim.de,http://www.goellheim.de/,wikidata
DE-V-073335004,Verbandsgemeinde Kirchheimbolanden,verband,Rheinland-Pfalz,kirchheimbolanden.de,http://www.kirchheimbolanden.de/,wikidata
DE-V-073335006,Verbandsgemeinde Winnweiler,verband,Rheinland-Pfalz,winnweiler-vg.de,http://www.winnweiler-vg.de/,wikidata
DE-V-073335007,Verbandsgemeinde Nordpfälzer Land,verband,Rheinland-Pfalz,nordpfälzerland.de,https://www.nordpfälzerland.de/,wikidata
DE-V-073345001,Verbandsgemeinde Bellheim,verband,Rheinland-Pfalz,bellheim.de,http://www.bellheim.de/,wikidata
DE-V-073345002,Verbandsgemeinde Hagenbach,verband,Rheinland-Pfalz,vg-hagenbach.de,http://www.vg-hagenbach.de/,wikidata
DE-V-073345003,Verbandsgemeinde Jockgrim,verband,Rheinland-Pfalz,vg-jockgrim.de,https://www.vg-jockgrim.de/,wikidata
DE-V-073345004,Verbandsgemeinde Kandel,verband,Rheinland-Pfalz,vg-kandel.de,https://www.vg-kandel.de/,wikidata
DE-V-073345005,Verbandsgemeinde Lingenfeld,verband,Rheinland-Pfalz,vg-lingenfeld.de,http://www.vg-lingenfeld.de/,wikidata
DE-V-073345006,Verbandsgemeinde Rülzheim,verband,Rheinland-Pfalz,ruelzheim.de,http://www.ruelzheim.de/,wikidata
DE-V-073355001,Verbandsgemeinde Bruchmühlbach-Miesau,verband,Rheinland-Pfalz,bruchmuehlbach-miesau.de,http://www.bruchmuehlbach-miesau.de/,wikidata
DE-V-073355002,Verbandsgemeinde Enkenbach-Alsenborn,verband,Rheinland-Pfalz,enkenbach-alsenborn.de,http://www.enkenbach-alsenborn.de,wikidata
DE-V-073355008,Verbandsgemeinde Ramstein-Miesenbach,verband,Rheinland-Pfalz,ramstein-miesenbach.de,http://www.ramstein-miesenbach.de/,wikidata
DE-V-073355009,Verbandsgemeinde Weilerbach,verband,Rheinland-Pfalz,weilerbach.de,http://www.weilerbach.de/,wikidata
DE-V-073355010,Verbandsgemeinde Otterbach-Otterberg,verband,Rheinland-Pfalz,otterbach-otterberg.de,http://www.otterbach-otterberg.de,wikidata
DE-V-073355011,Verbandsgemeinde Landstuhl,verband,Rheinland-Pfalz,landstuhl.de,https://www.landstuhl.de/,wikidata
DE-V-073365008,Verbandsgemeinde Lauterecken-Wolfstein,verband,Rheinland-Pfalz,vg-lw.de,https://www.vg-lw.de/,wikidata
DE-V-073365009,Verbandsgemeinde Oberes Glantal,verband,Rheinland-Pfalz,vgog.de,http://www.vgog.de/,wikidata
DE-V-073365010,Verbandsgemeinde Kusel-Altenglan,verband,Rheinland-Pfalz,vgka.de,https://www.vgka.de/,wikidata
DE-V-073375001,Verbandsgemeinde Annweiler am Trifels,verband,Rheinland-Pfalz,vg-annweiler.de,https://www.vg-annweiler.de/,wikidata
DE-V-073375002,Verbandsgemeinde Bad Bergzabern,verband,Rheinland-Pfalz,bad-bergzabern.de,http://www.bad-bergzabern.de/,wikidata
DE-V-073375003,Verbandsgemeinde Edenkoben,verband,Rheinland-Pfalz,vg-edenkoben.de,http://www.vg-edenkoben.de/,wikidata
DE-V-073375004,Verbandsgemeinde Herxheim,verband,Rheinland-Pfalz,herxheim.de,http://www.herxheim.de/,wikidata
DE-V-073375005,Verbandsgemeinde Landau-Land,verband,Rheinland-Pfalz,landau-land.de,https://www.landau-land.de/,wikidata
DE-V-073375006,Verbandsgemeinde Maikammer,verband,Rheinland-Pfalz,maikammer.de,http://www.maikammer.de/,wikidata
DE-V-073375007,Verbandsgemeinde Offenbach an der Queich,verband,Rheinland-Pfalz,offenbach-queich.de,http://www.offenbach-queich.de/,wikidata
DE-V-073385001,Verbandsgemeinde Dannstadt-Schauernheim,verband,Rheinland-Pfalz,vg-dannstadt-schauernheim.de,https://www.vg-dannstadt-schauernheim.de/,wikidata
DE-V-073385004,Verbandsgemeinde Maxdorf,verband,Rheinland-Pfalz,vg-maxdorf.de,http://www.vg-maxdorf.de/,wikidata
DE-V-073385006,Verbandsgemeinde Lambsheim-Heßheim,verband,Rheinland-Pfalz,lambsheim-hessheim.de,http://www.lambsheim-hessheim.de,wikidata
DE-V-073385007,Verbandsgemeinde Römerberg-Dudenhofen,verband,Rheinland-Pfalz,vgrd.de,http://www.vgrd.de/,wikidata
DE-V-073385008,Verbandsgemeinde Rheinauen,verband,Rheinland-Pfalz,waldsee.de,http://www.waldsee.de/,wikidata
DE-V-073395001,Verbandsgemeinde Rhein-Nahe,verband,Rheinland-Pfalz,vgrn.de,https://www.vgrn.de/,wikidata
DE-V-073395002,Verbandsgemeinde Bodenheim,verband,Rheinland-Pfalz,vg-bodenheim.de,http://www.vg-bodenheim.de/,wikidata
DE-V-073395003,Verbandsgemeinde Gau-Algesheim,verband,Rheinland-Pfalz,gau-algesheimvg.de,http://www.gau-algesheimvg.de/,wikidata
DE-V-073395006,Verbandsgemeinde Nieder-Olm,verband,Rheinland-Pfalz,vg-nieder-olm.de,https://www.vg-nieder-olm.de/,wikidata
DE-V-073395007,Verbandsgemeinde Rhein-Selz,verband,Rheinland-Pfalz,vg-rhein-selz.de,https://www.vg-rhein-selz.de/,wikidata
DE-V-073395008,Verbandsgemeinde Sprendlingen-Gensingen,verband,Rheinland-Pfalz,sprendlingen-gensingen.de,https://www.sprendlingen-gensingen.de/,wikidata
DE-V-073405001,Verbandsgemeinde Dahner Felsenland,verband,Rheinland-Pfalz,dahner-felsenland.de,http://www.dahner-felsenland.de/,wikidata
DE-V-073405002,Verbandsgemeinde Hauenstein,verband,Rheinland-Pfalz,hauenstein-pfalz.de,http://www.hauenstein-pfalz.de/,wikidata
DE-V-073405003,Verbandsgemeinde Pirmasens-Land,verband,Rheinland-Pfalz,pirmasens-land.de,https://www.pirmasens-land.de/,wikidata
DE-V-073405004,Verbandsgemeinde Rodalben,verband,Rheinland-Pfalz,rodalben.de,http://www.rodalben.de/,wikidata
DE-V-073405006,Verbandsgemeinde Waldfischbach-Burgalben,verband,Rheinland-Pfalz,vgwaldfischbach-burgalben.de,http://www.vgwaldfischbach-burgalben.de/,wikidata
DE-V-073405008,Verbandsgemeinde Zweibrücken-Land,verband,Rheinland-Pfalz,vgzwland.de,http://www.vgzwland.de/,wikidata
DE-V-073405009,Verbandsgemeinde Thaleischweiler-Wallhalben,verband,Rheinland-Pfalz,vgtw.de,http://www.vgtw.de,wikidata
DE-V-082265009,GVV Waibstadt,verband,Baden-Württemberg,waibstadt.de,,manuell
DE-V-083165001,GVV Denzlingen-Vörstetten-Reute,verband,Baden-Württemberg,gvv-dvr.de denzlingen.de voerstetten.de reute.de,,manuell
DE-V-091715101,Verwaltungsgemeinschaft Emmerting,verband,Bayern,gemeinde-emmerting.de,http://www.gemeinde-emmerting.de/,wikidata
DE-V-091715102,Verwaltungsgemeinschaft Kirchweidach,verband,Bayern,vg-kirchweidach.de,http://www.vg-kirchweidach.de/,wikidata
DE-V-091715103,Verwaltungsgemeinschaft Marktl,verband,Bayern,,,
DE-V-091715104,Verwaltungsgemeinschaft Reischach,verband,Bayern,reischach.de,http://www.reischach.de/,wikidata
DE-V-091715106,Verwaltungsgemeinschaft Unterneukirchen,verband,Bayern,unterneukirchen.de,http://www.unterneukirchen.de,wikidata
DE-V-091735107,Verwaltungsgemeinschaft Benediktbeuern,verband,Bayern,benediktbeuern.de,http://www.benediktbeuern.de/,wikidata
DE-V-091735108,Verwaltungsgemeinschaft Kochel a.See,verband,Bayern,kochel.de,http://www.kochel.de/,wikidata
DE-V-091735109,Verwaltungsgemeinschaft Reichersbeuern,verband,Bayern,vgreichersbeuern.de,http://www.vgreichersbeuern.de/,wikidata
DE-V-091755112,Verwaltungsgemeinschaft Aßling,verband,Bayern,vg-assling.de,http://www.vg-assling.de/,wikidata
DE-V-091755114,Verwaltungsgemeinschaft Glonn,verband,Bayern,vg-glonn.de,http://www.vg-glonn.de/,wikidata
DE-V-091765115,Verwaltungsgemeinschaft Eichstätt,verband,Bayern,vg-eichstaett.de,https://www.vg-eichstaett.de/,wikidata
DE-V-091765116,Verwaltungsgemeinschaft Eitensheim,verband,Bayern,,,
DE-V-091765118,Verwaltungsgemeinschaft Nassenfels,verband,Bayern,vg-nassenfels.de,http://www.vg-nassenfels.de/,wikidata
DE-V-091765119,Verwaltungsgemeinschaft Pförring,verband,Bayern,,,
DE-V-091775120,Verwaltungsgemeinschaft Pastetten,verband,Bayern,vg-pastetten.de,https://www.vg-pastetten.de/,wikidata
DE-V-091775121,Verwaltungsgemeinschaft Hörlkofen,verband,Bayern,vg-hoerlkofen.de,https://www.vg-hoerlkofen.de/,wikidata
DE-V-091775123,Verwaltungsgemeinschaft Oberding,verband,Bayern,vg-oberding.de,http://www.vg-oberding.de/,wikidata
DE-V-091775124,Verwaltungsgemeinschaft Oberneuching,verband,Bayern,vg-oberneuching.de,http://www.vg-oberneuching.de/,wikidata
DE-V-091775125,Verwaltungsgemeinschaft Steinkirchen,verband,Bayern,vg-steinkirchen.de,http://www.vg-steinkirchen.de/,wikidata
DE-V-091775126,Verwaltungsgemeinschaft Wartenberg,verband,Bayern,vg-wartenberg.de,https://www.vg-wartenberg.de/,wikidata
DE-V-091785127,Verwaltungsgemeinschaft Allershausen,verband,Bayern,allershausen.de,http://www.allershausen.de/,wikidata
DE-V-091785129,Verwaltungsgemeinschaft Mauern,verband,Bayern,vg-mauern.de,http://www.vg-mauern.de/,wikidata
DE-V-091785130,Verwaltungsgemeinschaft Zolling,verband,Bayern,vg-zolling.de,http://www.vg-zolling.de/,wikidata
DE-V-091795131,Verwaltungsgemeinschaft Mammendorf,verband,Bayern,vgmammendorf.de,http://www.vgmammendorf.de/,wikidata
DE-V-091795132,Verwaltungsgemeinschaft Grafrath,verband,Bayern,grafrath.de,http://www.grafrath.de/,wikidata
DE-V-091805133,Verwaltungsgemeinschaft Saulgrub,verband,Bayern,,,
DE-V-091805135,Verwaltungsgemeinschaft Unterammergau,verband,Bayern,,,
DE-V-091805136,Verwaltungsgemeinschaft Ohlstadt,verband,Bayern,ohlstadt.de,http://www.ohlstadt.de/,wikidata
DE-V-091805137,Verwaltungsgemeinschaft Seehausen a.Staffelsee,verband,Bayern,vg-seehausen.de,http://www.vg-seehausen.de/,wikidata
DE-V-091815138,Verwaltungsgemeinschaft Fuchstal,verband,Bayern,vgem-fuchstal.de,http://www.vgem-fuchstal.de/,wikidata
DE-V-091815139,Verwaltungsgemeinschaft Igling,verband,Bayern,vg-igling.de,http://www.vg-igling.de/,wikidata
DE-V-091815140,Verwaltungsgemeinschaft Prittriching,verband,Bayern,vgprittriching.de,http://www.vgprittriching.de/,wikidata
DE-V-091815141,Verwaltungsgemeinschaft Pürgen,verband,Bayern,vg-puergen.de,http://www.vg-puergen.de/,wikidata
DE-V-091815142,Verwaltungsgemeinschaft Reichling,verband,Bayern,vg-reichling.de,https://www.vg-reichling.de/,wikidata
DE-V-091815143,Verwaltungsgemeinschaft Schondorf a.Ammersee,verband,Bayern,schondorf.de,http://www.schondorf.de/,wikidata
DE-V-091815144,Verwaltungsgemeinschaft Windach,verband,Bayern,vg-windach.de,https://www.vg-windach.de/,wikidata
DE-V-091835145,Verwaltungsgemeinschaft Heldenstein,verband,Bayern,heldenstein-online.de,http://www.heldenstein-online.de/,wikidata
DE-V-091835146,Verwaltungsgemeinschaft Gars a.Inn,verband,Bayern,gars.de,http://www.gars.de,wikidata
DE-V-091835147,Verwaltungsgemeinschaft Reichertsheim,verband,Bayern,,,
DE-V-091835148,Verwaltungsgemeinschaft Kraiburg a.Inn,verband,Bayern,lra-mue.de,http://www.lra-mue.de/de/gde/markt_kraiburg/verwaltungsgemeinschaft_kraibu.htm,wikidata
DE-V-091835149,Verwaltungsgemeinschaft Neumarkt-Sankt Veit,verband,Bayern,neumarkt-sankt-veit.de,http://www.neumarkt-sankt-veit.de/,wikidata
DE-V-091835150,Verwaltungsgemeinschaft Oberbergkirchen,verband,Bayern,oberbergkirchen.de,http://www.oberbergkirchen.de/,wikidata
DE-V-091835151,Verwaltungsgemeinschaft Polling,verband,Bayern,,,
DE-V-091835152,Verwaltungsgemeinschaft Rohrbach,verband,Bayern,vg-rohrbach.de,http://www.vg-rohrbach.de/,wikidata
DE-V-091835183,Verwaltungsgemeinschaft Maitenbeth,verband,Bayern,,,
DE-V-091855154,Verwaltungsgemeinschaft Neuburg a.d.Donau,verband,Bayern,vg-neuburg.de,http://www.vg-neuburg.de/,wikidata
DE-V-091855155,Verwaltungsgemeinschaft Schrobenhausen,verband,Bayern,vgem-sob.de,http://www.vgem-sob.de/,wikidata
DE-V-091865156,Verwaltungsgemeinschaft Geisenfeld,verband,Bayern,geisenfeld.de,http://www.geisenfeld.de/,wikidata
DE-V-091865157,Verwaltungsgemeinschaft Ilmmünster,verband,Bayern,ilmmuenster.de,http://www.ilmmuenster.de/,wikidata
DE-V-091865158,Verwaltungsgemeinschaft Reichertshofen,verband,Bayern,,,
DE-V-091875160,Verwaltungsgemeinschaft Breitbrunn a.Chiemsee,verband,Bayern,vg-breitbrunn.de,https://www.vg-breitbrunn.de/,wikidata
DE-V-091875162,Verwaltungsgemeinschaft Halfing,verband,Bayern,halfing.de,http://www.halfing.de/,wikidata
DE-V-091875165,Verwaltungsgemeinschaft Rott a.Inn,verband,Bayern,rottinn.de,https://www.rottinn.de/vg-rott-a-inn.html,wikidata
DE-V-091875184,Verwaltungsgemeinschaft Pfaffing,verband,Bayern,vgem-pfaffing.de,http://www.vgem-pfaffing.de/,wikidata
DE-V-091895166,Verwaltungsgemeinschaft Bergen,verband,Bayern,bergen-chiemgau.de,http://www.bergen-chiemgau.de/,wikidata
DE-V-091895169,Verwaltungsgemeinschaft Marquartstein,verband,Bayern,marquartstein.de,http://www.marquartstein.de/buerger/frames/frames_01.html,wikidata
DE-V-091895170,Verwaltungsgemeinschaft Obing,verband,Bayern,vg-obing.de,http://www.vg-obing.de/,wikidata
DE-V-091895173,Verwaltungsgemeinschaft Waging a.See,verband,Bayern,,,
DE-V-091905174,Verwaltungsgemeinschaft Altenstadt,verband,Bayern,vg-altenstadt.de,http://www.vg-altenstadt.de/,wikidata
DE-V-091905175,Verwaltungsgemeinschaft Bernbeuren,verband,Bayern,bernbeuren.de,http://www.bernbeuren.de/,wikidata
DE-V-091905176,Verwaltungsgemeinschaft Habach,verband,Bayern,vg-habach.de,http://www.vg-habach.de/,wikidata
DE-V-091905177,Verwaltungsgemeinschaft Huglfing,verband,Bayern,vghuglfing.de,http://www.vghuglfing.de/,wikidata
DE-V-091905178,Verwaltungsgemeinschaft Rottenbuch,verband,Bayern,rottenbuch-boebing.de,http://rottenbuch-boebing.de/,wikidata
DE-V-091905179,Verwaltungsgemeinschaft Seeshaupt,verband,Bayern,vg-seeshaupt.de,http://vg-seeshaupt.de/,wikidata
DE-V-091905180,Verwaltungsgemeinschaft Steingaden,verband,Bayern,,,
DE-V-092715202,Verwaltungsgemeinschaft Lalling,verband,Bayern,lalling.de,http://www.lalling.de/,wikidata
DE-V-092715204,Verwaltungsgemeinschaft Oberpöring,verband,Bayern,,,
DE-V-092715205,Verwaltungsgemeinschaft Moos,verband,Bayern,vg-moos.de,http://www.vg-moos.de/,wikidata
DE-V-092715206,Verwaltungsgemeinschaft Schöllnach,verband,Bayern,schoellnach.de,http://www.schoellnach.de/,wikidata
DE-V-092725211,Verwaltungsgemeinschaft Schönberg,verband,Bayern,vg-schoenberg.de,http://www.vg-schoenberg.de/,wikidata
DE-V-092725212,Verwaltungsgemeinschaft Hinterschmiding,verband,Bayern,vg-hinterschmiding.de,http://www.vg-hinterschmiding.de/,wikidata
DE-V-092725213,Verwaltungsgemeinschaft Thurmansbang,verband,Bayern,,,
DE-V-092725214,Verwaltungsgemeinschaft Perlesreut,verband,Bayern,perlesreut.de,http://www.vg.perlesreut.de/,wikidata
DE-V-092735215,Verwaltungsgemeinschaft Ihrlerstein,verband,Bayern,ihrlerstein.de,http://www.ihrlerstein.de/,wikidata
DE-V-092735216,Verwaltungsgemeinschaft Saal a.d.Donau,verband,Bayern,saal-donau.de,http://www.saal-donau.de/,wikidata
DE-V-092735217,Verwaltungsgemeinschaft Langquaid,verband,Bayern,,,
DE-V-092735218,Verwaltungsgemeinschaft Siegenburg,verband,Bayern,,,
DE-V-092735219,Verwaltungsgemeinschaft Mainburg,verband,Bayern,,,
DE-V-092745220,Verwaltungsgemeinschaft Ergoldsbach,verband,Bayern,vgem-ergoldsbach.de,http://www.vgem-ergoldsbach.de/,wikidata
DE-V-092745221,Verwaltungsgemeinschaft Furth,verband,Bayern,vg-furth.de,http://www.vg-furth.de/,wikidata
DE-V-092745222,Verwaltungsgemeinschaft Wörth a.d.Isar,verband,Bayern,woerth-isar.de,http://www.woerth-isar.de/,wikidata
DE-V-092745223,Verwaltungsgemeinschaft Gerzen,verband,Bayern,gerzen.de,http://www.gerzen.de/,wikidata
DE-V-092745226,Verwaltungsgemeinschaft Altfraunhofen,verband,Bayern,altfraunhofen.de,http://www.altfraunhofen.de,wikidata
DE-V-092745227,Verwaltungsgemeinschaft Velden,verband,Bayern,vg-velden.info,http://www.vg-velden.info/,wikidata
DE-V-092755229,Verwaltungsgemeinschaft Tittling,verband,Bayern,tittling.de,http://www.tittling.de/,wikidata
DE-V-092755232,Verwaltungsgemeinschaft Aidenbach,verband,Bayern,aidenbach.de,http://www.aidenbach.de/,wikidata
DE-V-092755234,Verwaltungsgemeinschaft Rotthalmünster,verband,Bayern,rotthalmuenster.de,https://www.rotthalmuenster.de/,wikidata
DE-V-092765238,Verwaltungsgemeinschaft Ruhmannsfelden,verband,Bayern,vg-ruhmannsfelden.com,http://www.vg-ruhmannsfelden.com/,wikidata
DE-V-092775239,Verwaltungsgemeinschaft Falkenberg,verband,Bayern,gemeinde-falkenberg.de,http://www.gemeinde-falkenberg.de/,wikidata
DE-V-092775240,Verwaltungsgemeinschaft Massing,verband,Bayern,massing.de,http://www.massing.de/,wikidata
DE-V-092775241,Verwaltungsgemeinschaft Bad Birnbach,verband,Bayern,badbirnbach.de,http://www.badbirnbach.de/,wikidata
DE-V-092775243,Verwaltungsgemeinschaft Tann,verband,Bayern,tann.de,http://www.tann.de/,wikidata
DE-V-092775244,Verwaltungsgemeinschaft Ering,verband,Bayern,vg-ering.de,http://www.vg-ering.de/,wikidata
DE-V-092785246,Verwaltungsgemeinschaft Stallwang,verband,Bayern,vg-stallwang.de,http://www.vg-stallwang.de/,wikidata
DE-V-092785248,Verwaltungsgemeinschaft Mitterfels,verband,Bayern,vg-mitterfels.de,http://www.vg-mitterfels.de/,wikidata
DE-V-092785249,Verwaltungsgemeinschaft Hunderdorf,verband,Bayern,hunderdorf.de,http://www.hunderdorf.de/,wikidata
DE-V-092785250,Verwaltungsgemeinschaft Rain,verband,Bayern,vgem-rain.de,http://www.vgem-rain.de/,wikidata
DE-V-092785252,Verwaltungsgemeinschaft Schwarzach,verband,Bayern,schwarzach-vgem.de,http://www.schwarzach-vgem.de/,wikidata
DE-V-092785256,Verwaltungsgemeinschaft Aiterhofen,verband,Bayern,aiterhofen.de,http://www.aiterhofen.de/verwaltg.html,wikidata
DE-V-092785257,Verwaltungsgemeinschaft Straßkirchen,verband,Bayern,vg-strasskirchen.de,http://www.vg-strasskirchen.de/,wikidata
DE-V-092795208,Verwaltungsgemeinschaft Mamming,verband,Bayern,mamming.de,http://www.mamming.de/,wikidata
DE-V-093715301,Verwaltungsgemeinschaft Hahnbach,verband,Bayern,hahnbach.de,http://www.hahnbach.de/,wikidata
DE-V-093715302,Verwaltungsgemeinschaft Königstein,verband,Bayern,markt-koenigstein.de,http://www.markt-koenigstein.de/,wikidata
DE-V-093715303,Verwaltungsgemeinschaft Neukirchen b.Sulzbach-R.,verband,Bayern,vg-neukirchen.de,http://www.vg-neukirchen.de/,wikidata
DE-V-093715304,Verwaltungsgemeinschaft Illschwang,verband,Bayern,illschwang.de,http://www.illschwang.de/,wikidata
DE-V-093725308,Verwaltungsgemeinschaft Tiefenbach,verband,Bayern,tiefenbach-opf.de,http://www.tiefenbach-opf.de/,wikidata
DE-V-093725310,Verwaltungsgemeinschaft Stamsried,verband,Bayern,stamsried.de,http://www.stamsried.de/,wikidata
DE-V-093725312,Verwaltungsgemeinschaft Weiding,verband,Bayern,weiding.de,http://www.weiding.de/,wikidata
DE-V-093725313,Verwaltungsgemeinschaft Walderbach,verband,Bayern,walderbach.de,http://www.walderbach.de/,wikidata
DE-V-093725317,Verwaltungsgemeinschaft Wald,verband,Bayern,gemeinde-wald.de,http://www.gemeinde-wald.de/,wikidata
DE-V-093725318,Verwaltungsgemeinschaft Falkenstein,verband,Bayern,markt-falkenstein.eu,http://markt-falkenstein.eu/hp1/Startseite.htm,wikidata
DE-V-093735321,Verwaltungsgemeinschaft Neumarkt i.d.OPf.,verband,Bayern,vg-neumarkt.de,http://www.vg-neumarkt.de/,wikidata
DE-V-093745323,Verwaltungsgemeinschaft Neustadt a.d.Waldnaab,verband,Bayern,vgem-neustadt.de,http://www.vgem-neustadt.de/,wikidata
DE-V-093745324,Verwaltungsgemeinschaft Pressath,verband,Bayern,pressath.de,https://www.pressath.de/,wikidata
DE-V-093745325,Verwaltungsgemeinschaft Weiherhammer,verband,Bayern,vgweiherhammer.de,http://vgweiherhammer.de/,wikidata
DE-V-093745326,Verwaltungsgemeinschaft Kirchenthumbach,verband,Bayern,vg-kirchenthumbach.de,http://www.vg-kirchenthumbach.de,wikidata
DE-V-093745327,Verwaltungsgemeinschaft Eschenbach i.d.OPf.,verband,Bayern,vg-eschenbach.de,http://www.vg-eschenbach.de/,wikidata
DE-V-093745329,Verwaltungsgemeinschaft Schirmitz,verband,Bayern,vgem-schirmitz.de,http://www.vgem-schirmitz.de/,wikidata
DE-V-093745330,Verwaltungsgemeinschaft Tännesberg,verband,Bayern,taennesberg.de,http://www.taennesberg.de/,wikidata
DE-V-093745331,Verwaltungsgemeinschaft Pleystein,verband,Bayern,,,
DE-V-093755332,Verwaltungsgemeinschaft Kallmünz,verband,Bayern,vg-kallmuenz.de,http://www.vg-kallmuenz.de/,wikidata
DE-V-093755333,Verwaltungsgemeinschaft Laaber,verband,Bayern,vg-laaber.de,https://www.vg-laaber.de/,wikidata
DE-V-093755334,Verwaltungsgemeinschaft Pielenhofen-Wolfsegg,verband,Bayern,vg-pielenhofen-wolfsegg.de,http://www.vg-pielenhofen-wolfsegg.de/,wikidata
DE-V-093755335,Verwaltungsgemeinschaft Donaustauf,verband,Bayern,vg-donaustauf.de,http://www.vg-donaustauf.de/,wikidata
DE-V-093755336,Verwaltungsgemeinschaft Wörth a.d.Donau,verband,Bayern,woerth-donau.de,http://www.woerth-donau.de/,wikidata
DE-V-093755337,Verwaltungsgemeinschaft Alteglofsheim,verband,Bayern,vg-alteglofsheim.de,http://www.vg-alteglofsheim.de/,wikidata
DE-V-093755338,Verwaltungsgemeinschaft Sünching,verband,Bayern,,,
DE-V-093765339,Verwaltungsgemeinschaft Oberviechtach,verband,Bayern,vg-oberviechtach.de,http://www.vg-oberviechtach.de/index.phtml,wikidata
DE-V-093765341,Verwaltungsgemeinschaft Nabburg,verband,Bayern,nabburg.de,http://www.nabburg.de/,wikidata
DE-V-093765342,Verwaltungsgemeinschaft Schwarzenfeld,verband,Bayern,,,
DE-V-093765343,Verwaltungsgemeinschaft Pfreimd,verband,Bayern,,,
DE-V-093765344,Verwaltungsgemeinschaft Schönsee,verband,Bayern,,,
DE-V-093765345,Verwaltungsgemeinschaft Neunburg vorm Wald,verband,Bayern,vg-neunburg.de,http://www.vg-neunburg.de/,wikidata
DE-V-093765346,Verwaltungsgemeinschaft Wackersdorf,verband,Bayern,vg-wackersdorf.de,http://www.vg-wackersdorf.de,wikidata
DE-V-093775347,Verwaltungsgemeinschaft Mitterteich,verband,Bayern,mitterteich.de,http://www.mitterteich.de,wikidata
DE-V-093775348,Verwaltungsgemeinschaft Kemnath,verband,Bayern,,,
DE-V-093775349,Verwaltungsgemeinschaft Neusorg,verband,Bayern,vgem-neusorg.de,http://www.vgem-neusorg.de/,wikidata
DE-V-093775350,Verwaltungsgemeinschaft Krummennaab,verband,Bayern,,,
DE-V-093775351,Verwaltungsgemeinschaft Wiesau,verband,Bayern,,,
DE-V-094715401,Verwaltungsgemeinschaft Baunach,verband,Bayern,vg-baunach.de,https://www.vg-baunach.de/,wikidata
DE-V-094715403,Verwaltungsgemeinschaft Steinfeld,verband,Bayern,steinfeld-oberfranken.de,http://www.steinfeld-oberfranken.de/,wikidata
DE-V-094715407,Verwaltungsgemeinschaft Ebrach,verband,Bayern,vg-ebrach.de,https://www.vg-ebrach.de/,wikidata
DE-V-094715408,Verwaltungsgemeinschaft Burgebrach,verband,Bayern,burgebrach.de,http://www.burgebrach.de/,wikidata
DE-V-094715445,Verwaltungsgemeinschaft Lisberg,verband,Bayern,vg-lisberg.de,http://www.vg-lisberg.de/,wikidata
DE-V-094725412,Verwaltungsgemeinschaft Hollfeld,verband,Bayern,hollfeld.de,http://www.hollfeld.de/,wikidata
DE-V-094725413,Verwaltungsgemeinschaft Mistelgau,verband,Bayern,mistelgau.de,https://www.mistelgau.de/,wikidata
DE-V-094725414,Verwaltungsgemeinschaft Mistelbach,verband,Bayern,vg-mistelbach.de,http://www.vg-mistelbach.de/,wikidata
DE-V-094725415,Verwaltungsgemeinschaft Weidenberg,verband,Bayern,weidenberg.de,http://www.weidenberg.de/,wikidata
DE-V-094725416,Verwaltungsgemeinschaft Creußen,verband,Bayern,,,
DE-V-094725417,Verwaltungsgemeinschaft Betzenstein,verband,Bayern,,,
DE-V-094735418,Verwaltungsgemeinschaft Grub a.Forst,verband,Bayern,grub-am-forst.de,http://www.grub-am-forst.de/,wikidata
DE-V-094745420,Verwaltungsgemeinschaft Ebermannstadt,verband,Bayern,ebermannstadt.de,http://www.ebermannstadt.de/,wikidata
DE-V-094745422,Verwaltungsgemeinschaft Gosberg,verband,Bayern,vg-gosberg.de,http://www.vg-gosberg.de/,wikidata
DE-V-094745423,Verwaltungsgemeinschaft Kirchehrenbach,verband,Bayern,kirchehrenbach.de,http://www.kirchehrenbach.de/,wikidata
DE-V-094745425,Verwaltungsgemeinschaft Effeltrich,verband,Bayern,effeltrich.de,http://www.effeltrich.de/,wikidata
DE-V-094745426,Verwaltungsgemeinschaft Dormitz,verband,Bayern,vgdormitz.de,http://www.vgdormitz.de/,wikidata
DE-V-094745427,Verwaltungsgemeinschaft Gräfenberg,verband,Bayern,verwaltungsgemeinschaft-graefenberg.de,http://www.verwaltungsgemeinschaft-graefenberg.de/,wikidata
DE-V-094755428,Verwaltungsgemeinschaft Lichtenberg,verband,Bayern,vg-lichtenberg.de,https://www.vg-lichtenberg.de/,wikidata
DE-V-094755430,Verwaltungsgemeinschaft Feilitzsch,verband,Bayern,feilitzsch.de,http://www.feilitzsch.de/,wikidata
DE-V-094755431,Verwaltungsgemeinschaft Schauenstein,verband,Bayern,schauenstein.de,http://www.schauenstein.de/,wikidata
DE-V-094755432,Verwaltungsgemeinschaft Sparneck,verband,Bayern,sparneck.de,http://www.sparneck.de/,wikidata
DE-V-094765433,Verwaltungsgemeinschaft Teuschnitz,verband,Bayern,teuschnitz.de,http://www.teuschnitz.de/,wikidata
DE-V-094765434,Verwaltungsgemeinschaft Mitwitz,verband,Bayern,mitwitz.de,http://www.mitwitz.de/,wikidata
DE-V-094775435,Verwaltungsgemeinschaft Stadtsteinach,verband,Bayern,stadtsteinach.de,http://www.stadtsteinach.de/,wikidata
DE-V-094775436,Verwaltungsgemeinschaft Marktleugast,verband,Bayern,marktleugast.de,http://marktleugast.de/,wikidata
DE-V-094775437,Verwaltungsgemeinschaft Untersteinach,verband,Bayern,vg-untersteinach.de,http://www.vg-untersteinach.de/,wikidata
DE-V-094775438,Verwaltungsgemeinschaft Kasendorf,verband,Bayern,kasendorf.de,http://www.kasendorf.de/,wikidata
DE-V-094775439,Verwaltungsgemeinschaft Trebgast,verband,Bayern,vg-trebgast.de,http://www.vg-trebgast.de/,wikidata
DE-V-094785441,Verwaltungsgemeinschaft Redwitz a.d.Rodach,verband,Bayern,redwitz.de,http://www.redwitz.de/,wikidata
DE-V-094785446,Verwaltungsgemeinschaft Hochstadt-Marktzeuln,verband,Bayern,vg-hochstadt-marktzeuln.de,http://www.vg-hochstadt-marktzeuln.de/,wikidata
DE-V-094795442,Verwaltungsgemeinschaft Thiersheim,verband,Bayern,vg-thiersheim.de,http://www.vg-thiersheim.de/,wikidata
DE-V-094795443,Verwaltungsgemeinschaft Schirnding,verband,Bayern,markt-schirnding.de,http://www.markt-schirnding.de/,wikidata
DE-V-094795444,Verwaltungsgemeinschaft Tröstau,verband,Bayern,vg-troestau.de,https://www.vg-troestau.de/,wikidata
DE-V-095715501,Verwaltungsgemeinschaft Rothenburg ob der Tauber,verband,Bayern,vg-rothenburg.de,http://www.vg-rothenburg.de/,wikidata
DE-V-095715502,Verwaltungsgemeinschaft Schillingsfürst,verband,Bayern,vg-schillingsfuerst.de,http://www.vg-schillingsfuerst.de/,wikidata
DE-V-095715504,Verwaltungsgemeinschaft Weihenzell,verband,Bayern,vg-weihenzell.de,http://www.vg-weihenzell.de/,wikidata
DE-V-095715506,Verwaltungsgemeinschaft Triesdorf,verband,Bayern,ornbau.de,http://www.ornbau.de/verwaltung/mitarbeiter.php?template=2&struktur=1,wikidata
DE-V-095715507,Verwaltungsgemeinschaft Dentlein a.Forst,verband,Bayern,dentlein.de,http://www.dentlein.de/,wikidata
DE-V-095715508,Verwaltungsgemeinschaft Wilburgstetten,verband,Bayern,vg-wilburgstetten.de,http://www.vg-wilburgstetten.de/,wikidata
DE-V-095715509,Verwaltungsgemeinschaft Hesselberg,verband,Bayern,vg-hesselberg.de,http://www.vg-hesselberg.de/,wikidata
DE-V-095715538,Verwaltungsgemeinschaft Wolframs-Eschenbach,verband,Bayern,wolframs-eschenbach.de,http://www.wolframs-eschenbach.de/,wikidata
DE-V-095725510,Verwaltungsgemeinschaft Höchstadt a.d.Aisch,verband,Bayern,vg-hoechstadt.de,http://www.vg-hoechstadt.de/,wikidata
DE-V-095725512,Verwaltungsgemeinschaft Aurachtal,verband,Bayern,aurachtal.de,http://www.aurachtal.de/VGem/Index_vg.htm,wikidata
DE-V-095725514,Verwaltungsgemeinschaft Uttenreuth,verband,Bayern,vg-uttenreuth.de,http://www.vg-uttenreuth.de/,wikidata
DE-V-095725539,Verwaltungsgemeinschaft Heßdorf,verband,Bayern,hessdorf.de,http://www.hessdorf.de/,wikidata
DE-V-095735517,Verwaltungsgemeinschaft Veitsbronn,verband,Bayern,veitsbronn.de,http://www.veitsbronn.de/rathaus,wikidata
DE-V-095735540,Verwaltungsgemeinschaft Obermichelbach-Tuchenbach,verband,Bayern,,,
DE-V-095745527,Verwaltungsgemeinschaft Velden,verband,Bayern,vgvelden.de,http://www.vgvelden.de/,wikidata
DE-V-095745528,Verwaltungsgemeinschaft Happurg,verband,Bayern,happurg.de,http://www.happurg.de/,wikidata
DE-V-095745529,Verwaltungsgemeinschaft Henfenfeld,verband,Bayern,offenhausen.de,http://www.offenhausen.de/vg.htm,wikidata
DE-V-095755518,Verwaltungsgemeinschaft Scheinfeld,verband,Bayern,vgem-scheinfeld.de,https://www.vgem-scheinfeld.de/,wikidata
DE-V-095755519,Verwaltungsgemeinschaft Uffenheim,verband,Bayern,uffenheim.de,https://www.uffenheim.de/,wikidata
DE-V-095755520,Verwaltungsgemeinschaft Hagenbüchach-Wilhelmsdorf,verband,Bayern,hagenbuechach.de,http://www.hagenbuechach.de/vgem/,wikidata
DE-V-095755521,Verwaltungsgemeinschaft Diespeck,verband,Bayern,diespeck.de,http://www.diespeck.de/index.php?id=14791,wikidata
DE-V-095755522,Verwaltungsgemeinschaft Uehlfeld,verband,Bayern,vg-uehlfeld.de,http://www.vg-uehlfeld.de/,wikidata
DE-V-095755524,Verwaltungsgemeinschaft Burgbernheim,verband,Bayern,burgbernheim.de,http://www.burgbernheim.de/rathaus___buergerservice/verwaltungsgemeinschaft/,wikidata
DE-V-095755525,Verwaltungsgemeinschaft Neuhof a.d.Zenn,verband,Bayern,vg-neuhof.de,http://www.vg-neuhof.de/,wikidata
DE-V-095775532,Verwaltungsgemeinschaft Gunzenhausen,verband,Bayern,vggunzenhausen.de,http://www.vggunzenhausen.de/,wikidata
DE-V-095775533,Verwaltungsgemeinschaft Altmühltal,verband,Bayern,meinheim.vgem-altmuehltal.de,http://meinheim.vgem-altmuehltal.de/,wikidata
DE-V-095775534,Verwaltungsgemeinschaft Ellingen,verband,Bayern,vgem-ellingen.de,http://www.vgem-ellingen.de/,wikidata
DE-V-095775535,Verwaltungsgemeinschaft Nennslingen,verband,Bayern,vg-nennslingen.de,http://www.vg-nennslingen.de/,wikidata
DE-V-095775536,Verwaltungsgemeinschaft Hahnenkamm,verband,Bayern,hahnenkamm.de,http://www.hahnenkamm.de/vg/,wikidata
DE-V-096715602,Verwaltungsgemeinschaft Heigenbrücken,verband,Bayern,vg-heigenbruecken.de,http://www.vg-heigenbruecken.de/,wikidata
DE-V-096715603,Verwaltungsgemeinschaft Mespelbrunn,verband,Bayern,mespelbrunn.de,http://www.mespelbrunn.de/,wikidata
DE-V-096715604,Verwaltungsgemeinschaft Schöllkrippen,verband,Bayern,vg-schoellkrippen.de,http://www.vg-schoellkrippen.de/,wikidata
DE-V-096725606,Verwaltungsgemeinschaft Bad Brückenau,verband,Bayern,vgem-bad-brueckenau.de,http://www.vgem-bad-brueckenau.de/,wikidata
DE-V-096725607,Verwaltungsgemeinschaft Elfershausen,verband,Bayern,vgelfershausen.rhoen-saale.net,http://www.vgelfershausen.rhoen-saale.net/Home,wikidata
DE-V-096725608,Verwaltungsgemeinschaft Euerdorf,verband,Bayern,vg-euerdorf.de,http://www.vg-euerdorf.de/,wikidata
DE-V-096725609,Verwaltungsgemeinschaft Maßbach,verband,Bayern,vgmassbach.rhoen-saale.net,http://www.vgmassbach.rhoen-saale.net/,wikidata
DE-V-096735633,Verwaltungsgemeinschaft Mellrichstadt,verband,Bayern,vg-mellrichstadt.de,http://www.vg-mellrichstadt.de/,wikidata
DE-V-096735634,Verwaltungsgemeinschaft Bad Königshofen i.Grabfeld,verband,Bayern,bad-koenigshofen-vgem.de,http://www.bad-koenigshofen-vgem.de/,wikidata
DE-V-096735635,Verwaltungsgemeinschaft Bad Neustadt a.d.Saale,verband,Bayern,bad-neustadt-vgem.de,http://www.bad-neustadt-vgem.de/,wikidata
DE-V-096735637,Verwaltungsgemeinschaft Fladungen,verband,Bayern,vgfladungen.rhoen-saale.net,http://www.vgfladungen.rhoen-saale.net/internet/index.php,wikidata
DE-V-096735638,Verwaltungsgemeinschaft Heustreu,verband,Bayern,heustreu-vgem.de,http://www.heustreu-vgem.de/,wikidata
DE-V-096735639,Verwaltungsgemeinschaft Ostheim v.d.Rhön,verband,Bayern,vgostheim.rhoen-saale.net,http://www.vgostheim.rhoen-saale.net/internet/index.php,wikidata
DE-V-096735640,Verwaltungsgemeinschaft Saal a.d.Saale,verband,Bayern,vgsaal.rhoen-saale.net,https://www.vgsaal.rhoen-saale.net/internet/index.php,wikidata
DE-V-096745610,Verwaltungsgemeinschaft Ebelsbach,verband,Bayern,vg-ebelsbach.de,http://www.vg-ebelsbach.de/,wikidata
DE-V-096745611,Verwaltungsgemeinschaft Ebern,verband,Bayern,ebern.de,http://www.ebern.de/,wikidata
DE-V-096745612,Verwaltungsgemeinschaft Hofheim i.UFr.,verband,Bayern,vghofheim.de,http://www.vghofheim.de/,wikidata
DE-V-096745613,Verwaltungsgemeinschaft Theres,verband,Bayern,vgtheres.de,http://www.vgtheres.de/verwaltungsgemeinschaft.html,wikidata
DE-V-096755614,Verwaltungsgemeinschaft Wiesentheid,verband,Bayern,vgem-wiesentheid.de,https://vgem-wiesentheid.de/,wikidata
DE-V-096755615,Verwaltungsgemeinschaft Großlangheim,verband,Bayern,,,
DE-V-096755616,Verwaltungsgemeinschaft Iphofen,verband,Bayern,,,
DE-V-096755617,Verwaltungsgemeinschaft Kitzingen,verband,Bayern,vgem-kitzingen.de,http://www.vgem-kitzingen.de,wikidata
DE-V-096755618,Verwaltungsgemeinschaft Marktbreit,verband,Bayern,,,
DE-V-096755619,Verwaltungsgemeinschaft Volkach,verband,Bayern,,,
DE-V-096765626,Verwaltungsgemeinschaft Erftal,verband,Bayern,buergstadt.de,http://www.buergstadt.de/verwaltung.htm,wikidata
DE-V-096765627,Verwaltungsgemeinschaft Kleinheubach,verband,Bayern,kleinheubach.de,http://www.kleinheubach.de/,wikidata
DE-V-096765630,Verwaltungsgemeinschaft Kleinwallstadt,verband,Bayern,kleinwallstadt.de,http://www.kleinwallstadt.de/,wikidata
DE-V-096765631,Verwaltungsgemeinschaft Mönchberg,verband,Bayern,,,
DE-V-096765632,Verwaltungsgemeinschaft Stadtprozelten,verband,Bayern,,,
DE-V-096775620,Verwaltungsgemeinschaft Kreuzwertheim,verband,Bayern,vgem-kreuzwertheim.de,http://www.vgem-kreuzwertheim.de/,wikidata
DE-V-096775621,Verwaltungsgemeinschaft Marktheidenfeld,verband,Bayern,vgem-marktheidenfeld.de,http://www.vgem-marktheidenfeld.de/,wikidata
DE-V-096775622,Verwaltungsgemeinschaft Burgsinn,verband,Bayern,sinngrundallianz.de,http://www.sinngrundallianz.de/seite/vg/main-spessart/02/-/Verwaltungsgemeinschaft.html,wikidata
DE-V-096775623,Verwaltungsgemeinschaft Gemünden a.Main,verband,Bayern,vgem-gemuenden.de,http://www.vgem-gemuenden.de/,wikidata
DE-V-096775624,Verwaltungsgemeinschaft Lohr a.Main,verband,Bayern,vgem-lohr.de,http://www.vgem-lohr.de/,wikidata
DE-V-096775625,Verwaltungsgemeinschaft Zellingen,verband,Bayern,vgem-zellingen.info,https://www.vgem-zellingen.info/seite/vg/main-spessart/010/WB/Startseite.html,wikidata
DE-V-096775656,Verwaltungsgemeinschaft Partenstein,verband,Bayern,partenstein.de,http://www.partenstein.de/vgp/,wikidata
DE-V-096785642,Verwaltungsgemeinschaft Gerolzhofen,verband,Bayern,vg-gerolzhofen.de,https://www.vg-gerolzhofen.de,wikidata
DE-V-096785643,Verwaltungsgemeinschaft Schwanfeld,verband,Bayern,,,
DE-V-096795644,Verwaltungsgemeinschaft Aub,verband,Bayern,stadt-aub.de,http://www.stadt-aub.de/aub,wikidata
DE-V-096795645,Verwaltungsgemeinschaft Bergtheim,verband,Bayern,vg-bergtheim.de,http://www.vg-bergtheim.de/,wikidata
DE-V-096795646,Verwaltungsgemeinschaft Eibelstadt,verband,Bayern,vgem-eibelstadt.de,http://www.vgem-eibelstadt.de,wikidata
DE-V-096795647,Verwaltungsgemeinschaft Estenfeld,verband,Bayern,estenfeld.net,http://www.estenfeld.net/,wikidata
DE-V-096795648,Verwaltungsgemeinschaft Giebelstadt,verband,Bayern,giebelstadt.de,http://www.giebelstadt.de,wikidata
DE-V-096795649,Verwaltungsgemeinschaft Helmstadt,verband,Bayern,vgem-helmstadt.de,http://www.vgem-helmstadt.de/,wikidata
DE-V-096795650,Verwaltungsgemeinschaft Kirchheim,verband,Bayern,,,
DE-V-096795651,Verwaltungsgemeinschaft Kist,verband,Bayern,,,
DE-V-096795652,Verwaltungsgemeinschaft Margetshöchheim,verband,Bayern,margetshoechheim.de,https://www.margetshoechheim.de/,wikidata
DE-V-096795654,Verwaltungsgemeinschaft Röttingen,verband,Bayern,roettingen.de,http://www.roettingen.de/,wikidata
DE-V-096795655,Verwaltungsgemeinschaft Hettstadt,verband,Bayern,hettstadt.de,https://www.hettstadt.de/,wikidata
DE-V-097715701,Verwaltungsgemeinschaft Aindling,verband,Bayern,vg-aindling.de,http://www.vg-aindling.de/,wikidata
DE-V-097715703,Verwaltungsgemeinschaft Kühbach,verband,Bayern,vg-kuehbach.de,http://www.vg-kuehbach.de/,wikidata
DE-V-097715704,Verwaltungsgemeinschaft Dasing,verband,Bayern,vg-dasing.de,http://www.vg-dasing.de/,wikidata
DE-V-097715705,Verwaltungsgemeinschaft Mering,verband,Bayern,vg-mering.de,http://www.vg-mering.de/,wikidata
DE-V-097715771,Verwaltungsgemeinschaft Pöttmes,verband,Bayern,vg-poettmes.de,http://www.vg-poettmes.de/,wikidata
DE-V-097725706,Verwaltungsgemeinschaft Nordendorf,verband,Bayern,vg-nordendorf.de,http://www.vg-nordendorf.de/,wikidata
DE-V-097725707,Verwaltungsgemeinschaft Welden,verband,Bayern,vg-welden.de,http://www.vg-welden.de/,wikidata
DE-V-097725708,Verwaltungsgemeinschaft Gessertshausen,verband,Bayern,gessertshausen.de,http://www.gessertshausen.de/,wikidata
DE-V-097725709,Verwaltungsgemeinschaft Stauden,verband,Bayern,vgstauden.de,http://www.vgstauden.de/,wikidata
DE-V-097725710,Verwaltungsgemeinschaft Großaitingen,verband,Bayern,grossaitingen.de,http://www.grossaitingen.de/,wikidata
DE-V-097725711,Verwaltungsgemeinschaft Lechfeld,verband,Bayern,lechfeld.de,http://www.lechfeld.de/,wikidata
DE-V-097725712,Verwaltungsgemeinschaft Langerringen,verband,Bayern,,,
DE-V-097735713,Verwaltungsgemeinschaft Gundelfingen a.d.Donau,verband,Bayern,gundelfingen-donau.de,http://www.gundelfingen-donau.de/,wikidata
DE-V-097735714,Verwaltungsgemeinschaft Syrgenstein,verband,Bayern,vg-syrgenstein.de,http://www.vg-syrgenstein.de/,wikidata
DE-V-097735715,Verwaltungsgemeinschaft Wittislingen,verband,Bayern,vg-wittislingen.de,http://www.vg-wittislingen.de/,wikidata
DE-V-097735716,Verwaltungsgemeinschaft Höchstädt a.d.Donau,verband,Bayern,vg-hoechstaedt.de,http://www.vg-hoechstaedt.de/,wikidata
DE-V-097735718,Verwaltungsgemeinschaft Wertingen,verband,Bayern,vg-wertingen.de,http://www.vg-wertingen.de/,wikidata
DE-V-097735719,Verwaltungsgemeinschaft Holzheim,verband,Bayern,vgem-holzheim.de,http://www.vgem-holzheim.de,wikidata
DE-V-097745727,Verwaltungsgemeinschaft Offingen,verband,Bayern,vg-offingen.de,http://www.vg-offingen.de/,wikidata
DE-V-097745728,Verwaltungsgemeinschaft Haldenwang,verband,Bayern,vgem-hw.de,http://www.vgem-hw.de/,wikidata
DE-V-097745729,Verwaltungsgemeinschaft Kötz,verband,Bayern,vg-koetz.de,http://www.vg-koetz.de/,wikidata
DE-V-097745730,Verwaltungsgemeinschaft Ichenhausen,verband,Bayern,ichenhausen.de,http://www.ichenhausen.de/,wikidata
DE-V-097745731,Verwaltungsgemeinschaft Krumbach (Schwaben),verband,Bayern,vg-krumbach.de,http://www.vg-krumbach.de/cms/,wikidata
DE-V-097745732,Verwaltungsgemeinschaft Thannhausen,verband,Bayern,vg-thannhausen.de,http://www.vg-thannhausen.de/,wikidata
DE-V-097745733,Verwaltungsgemeinschaft Ziemetshausen,verband,Bayern,vgziemetshausen.de,https://www.vgziemetshausen.de/,wikidata
DE-V-097755739,Verwaltungsgemeinschaft Pfaffenhofen a.d.Roth,verband,Bayern,markt-pfaffenhofen.de,https://www.markt-pfaffenhofen.de/,wikidata
DE-V-097755740,Verwaltungsgemeinschaft Altenstadt,verband,Bayern,altenstadt-vg.de,http://www.altenstadt-vg.de/,wikidata
DE-V-097755741,Verwaltungsgemeinschaft Buch,verband,Bayern,vg-buch.de,http://www.vg-buch.de/,wikidata
DE-V-097765735,Verwaltungsgemeinschaft Sigmarszell,verband,Bayern,vgem-sigmarszell.de,http://www.vgem-sigmarszell.de,wikidata
DE-V-097765737,Verwaltungsgemeinschaft Argental,verband,Bayern,vg-argental.de,http://www.vg-argental.de/,wikidata
DE-V-097765738,Verwaltungsgemeinschaft Stiefenhofen,verband,Bayern,vg-stiefenhofen.de,http://www.vg-stiefenhofen.de/,wikidata
DE-V-097775748,Verwaltungsgemeinschaft Buchloe,verband,Bayern,buchloe.de,http://www.buchloe.de/vg/vg_grusswort.php,wikidata
DE-V-097775749,Verwaltungsgemeinschaft Pforzen,verband,Bayern,vg-pforzen.de,https://www.vg-pforzen.de/,wikidata
DE-V-097775751,Verwaltungsgemeinschaft Westendorf,verband,Bayern,vg-westendorf.de,http://www.vg-westendorf.de/,wikidata
DE-V-097775752,Verwaltungsgemeinschaft Biessenhofen,verband,Bayern,biessenhofen.de,http://www.biessenhofen.de/,wikidata
DE-V-097775753,Verwaltungsgemeinschaft Eggenthal,verband,Bayern,vgem-eggenthal.de,https://www.vgem-eggenthal.de/,wikidata
DE-V-097775754,Verwaltungsgemeinschaft Obergünzburg,verband,Bayern,oberguenzburg.de,http://www.oberguenzburg.de/,wikidata
DE-V-097775755,Verwaltungsgemeinschaft Unterthingau,verband,Bayern,unterthingau.de,http://www.unterthingau.de/,wikidata
DE-V-097775756,Verwaltungsgemeinschaft Seeg,verband,Bayern,seeg.de,https://www.seeg.de/,wikidata
DE-V-097775770,Verwaltungsgemeinschaft Roßhaupten,verband,Bayern,rosshaupten.de,http://www.rosshaupten.de/,wikidata
DE-V-097775772,Verwaltungsgemeinschaft Stötten a.Auerberg,verband,Bayern,,,
DE-V-097785757,Verwaltungsgemeinschaft Ottobeuren,verband,Bayern,,,
DE-V-097785758,Verwaltungsgemeinschaft Babenhausen,verband,Bayern,vg-babenhausen.de,http://www.vg-babenhausen.de/,wikidata
DE-V-097785759,Verwaltungsgemeinschaft Pfaffenhausen,verband,Bayern,vgem-pfaffenhausen.de,http://www.vgem-pfaffenhausen.de/,wikidata
DE-V-097785760,Verwaltungsgemeinschaft Kirchheim i.Schw.,verband,Bayern,,,
DE-V-097785761,Verwaltungsgemeinschaft Boos,verband,Bayern,vg-boos.de,http://www.vg-boos.de/,wikidata
DE-V-097785762,Verwaltungsgemeinschaft Erkheim,verband,Bayern,vg-erkheim.de,http://www.vg-erkheim.de/,wikidata
DE-V-097785764,Verwaltungsgemeinschaft Türkheim,verband,Bayern,tuerkheim.de,http://www.tuerkheim.de/,wikidata
DE-V-097785765,Verwaltungsgemeinschaft Memmingerberg,verband,Bayern,vg-memmingerberg.de,http://www.vg-memmingerberg.de/,wikidata
DE-V-097785766,Verwaltungsgemeinschaft Dirlewang,verband,Bayern,vg-dirlewang.de,https://www.vg-dirlewang.de/,wikidata
DE-V-097785767,Verwaltungsgemeinschaft Illerwinkel,verband,Bayern,vg-illerwinkel.de,http://www.vg-illerwinkel.de/,wikidata
DE-V-097785768,Verwaltungsgemeinschaft Bad Grönenbach,verband,Bayern,bad-groenenbach.de,http://www.bad-groenenbach.de,wikidata
DE-V-097795720,Verwaltungsgemeinschaft Wallerstein,verband,Bayern,vg-wallerstein.de,https://www.vg-wallerstein.de/,wikidata
DE-V-097795721,Verwaltungsgemeinschaft Oettingen i.Bay.,verband,Bayern,vg-oettingen.de,http://www.vg-oettingen.de/,wikidata
DE-V-097795722,Verwaltungsgemeinschaft Ries,verband,Bayern,vgries.de,http://www.vgries.de/,wikidata
DE-V-097795723,Verwaltungsgemeinschaft Wemding,verband,Bayern,vg-wemding.de,http://www.vg-wemding.de/,wikidata
DE-V-097795724,Verwaltungsgemeinschaft Monheim,verband,Bayern,vg-monheim.de,https://www.vg-monheim.de/,wikidata
DE-V-097795725,Verwaltungsgemeinschaft Rain,verband,Bayern,vg-rain.de,http://www.vg-rain.de/,wikidata
DE-V-097805742,Verwaltungsgemeinschaft Hörnergruppe,verband,Bayern,hoernergruppe.de,https://www.hoernergruppe.de/,wikidata
DE-V-097805745,Verwaltungsgemeinschaft Weitnau,verband,Bayern,weitnau.de,https://www.weitnau.de/,wikidata
DE-V-120605003,Amt Biesenthal-Barnim,verband,Brandenburg,amt-biesenthal-barnim.de,http://www.amt-biesenthal-barnim.de/,wikidata
DE-V-120605006,Amt Joachimsthal (Schorfheide),verband,Brandenburg,amt-jaochimsthal.de,http://www.amt-jaochimsthal.de/,wikidata
DE-V-120605011,Amt Britz-Chorin-Oderberg,verband,Brandenburg,amt-bco.de,http://www.amt-bco.de/,wikidata
DE-V-120615108,Amt Schenkenländchen,verband,Brandenburg,amt-schenkenlaendchen.de,http://www.amt-schenkenlaendchen.de/,wikidata
DE-V-120615113,Amt Lieberose/Oberspreewald,verband,Brandenburg,amt-lieberose-oberspreewald.de,http://www.amt-lieberose-oberspreewald.de/,wikidata
DE-V-120615114,Amt Unterspreewald,verband,Brandenburg,unterspreewald.de,http://www.unterspreewald.de/,wikidata
DE-V-120625031,Verbandsgemeinde Liebenwerda,verband,Brandenburg,badliebenwerda.de,,manuell
DE-V-120625202,Amt Elsterland,verband,Brandenburg,elsterland.de,http://www.elsterland.de/,wikidata
DE-V-120625205,Amt Kleine Elster (Niederlausitz),verband,Brandenburg,amt-kleineelster.de,http://www.amt-kleineelster.de/,wikidata
DE-V-120625207,Amt Plessa,verband,Brandenburg,plessa.de,http://www.plessa.de/,wikidata
DE-V-120625209,Amt Schlieben,verband,Brandenburg,amt-schlieben.de,http://www.amt-schlieben.de/,wikidata
DE-V-120625211,Amt Schradenland,verband,Brandenburg,amt-schradenland.de,http://www.amt-schradenland.de/,wikidata
DE-V-120635302,Amt Friesack,verband,Brandenburg,amt-friesack.de,http://www.amt-friesack.de/,wikidata
DE-V-120635306,Amt Nennhausen,verband,Brandenburg,amt-nennhausen.de,https://www.amt-nennhausen.de/,wikidata
DE-V-120635309,Amt Rhinow,verband,Brandenburg,rhinow.de,http://www.rhinow.de/,wikidata
DE-V-120645403,Amt Falkenberg-Höhe,verband,Brandenburg,amt-fahoe.de,http://www.amt-fahoe.de/,wikidata
DE-V-120645404,Amt Golzow,verband,Brandenburg,amt-golzow.de,http://www.amt-golzow.de/,wikidata
DE-V-120645406,Amt Lebus,verband,Brandenburg,amt-lebus.de,https://www.amt-lebus.de/,wikidata
DE-V-120645408,Amt Märkische Schweiz,verband,Brandenburg,amt-maerkische-schweiz.de,http://www.amt-maerkische-schweiz.de/,wikidata
DE-V-120645412,Amt Seelow-Land,verband,Brandenburg,amt-seelow-land.de,http://www.amt-seelow-land.de/,wikidata
DE-V-120645414,Amt Barnim-Oderbruch,verband,Brandenburg,barnim-oderbruch.de,http://www.barnim-oderbruch.de/,wikidata
DE-V-120655502,Amt Gransee und Gemeinden,verband,Brandenburg,gransee.de,http://www.gransee.de/,wikidata
DE-V-120665601,Amt Altdöbern,verband,Brandenburg,amt-altdoebern.de,http://www.amt-altdoebern.de/,wikidata
DE-V-120665606,Amt Ortrand,verband,Brandenburg,amt-ortrand.de,http://www.amt-ortrand.de,wikidata
DE-V-120665607,Amt Ruhland,verband,Brandenburg,amt-ruhland.de,http://www.amt-ruhland.de/,wikidata
DE-V-120675701,Amt Brieskow-Finkenheerd,verband,Brandenburg,amt-b-f.de,http://www.amt-b-f.de/,wikidata
DE-V-120675705,Amt Neuzelle,verband,Brandenburg,neuzelle.de,https://www.neuzelle.de/,wikidata
DE-V-120675706,Amt Odervorland,verband,Brandenburg,amt-odervorland.de,http://www.amt-odervorland.de/,wikidata
DE-V-120675707,Amt Scharmützelsee,verband,Brandenburg,amt-scharmuetzelsee.de,https://www.amt-scharmuetzelsee.de/,wikidata
DE-V-120675708,Amt Schlaubetal,verband,Brandenburg,amt-schlaubetal.de,http://www.amt-schlaubetal.de/,wikidata
DE-V-120675709,Amt Spreenhagen,verband,Brandenburg,amt-spreenhagen.de,http://www.amt-spreenhagen.de/,wikidata
DE-V-120685804,Amt Lindow (Mark),verband,Brandenburg,amt-lindow-mark.de,http://www.amt-lindow-mark.de/,wikidata
DE-V-120685805,Amt Neustadt (Dosse),verband,Brandenburg,neustadt-dosse.de,http://www.neustadt-dosse.de/,wikidata
DE-V-120685807,Amt Temnitz,verband,Brandenburg,amt-temnitz.de,http://www.amt-temnitz.de,wikidata
DE-V-120695902,Amt Beetzsee,verband,Brandenburg,amt-beetzsee.de,http://www.amt-beetzsee.de/,wikidata
DE-V-120695904,Amt Brück,verband,Brandenburg,amt-brueck.de,http://www.amt-brueck.de/,wikidata
DE-V-120695910,Amt Niemegk,verband,Brandenburg,amt-niemegk.de,http://www.amt-niemegk.de/,wikidata
DE-V-120695917,Amt Wusterwitz,verband,Brandenburg,amt-wusterwitz.de,https://www.amt-wusterwitz.de/,wikidata
DE-V-120695918,Amt Ziesar,verband,Brandenburg,amt-ziesar.de,http://www.amt-ziesar.de/,wikidata
DE-V-120705001,Amt Bad Wilsnack/Weisen,verband,Brandenburg,amt-badwilsnack-weisen.de,http://www.amt-badwilsnack-weisen.de,wikidata
DE-V-120705005,Amt Lenzen-Elbtalaue,verband,Brandenburg,amtlenzen.de,http://www.amtlenzen.de,wikidata
DE-V-120705006,Amt Meyenburg,verband,Brandenburg,amtmeyenburg.de,http://www.amtmeyenburg.de/,wikidata
DE-V-120705009,Amt Putlitz-Berge,verband,Brandenburg,amtputlitz-berge.de,http://www.amtputlitz-berge.de/,wikidata
DE-V-120715101,Amt Burg (Spreewald),verband,Brandenburg,amt-burg-spreewald.de,http://www.amt-burg-spreewald.de/,wikidata
DE-V-120715102,Amt Döbern-Land,verband,Brandenburg,amt-doebern-land.de,http://www.amt-doebern-land.de/,wikidata
DE-V-120715107,Amt Peitz,verband,Brandenburg,peitz.de,http://www.peitz.de/,wikidata
DE-V-120725204,Amt Dahme/Mark,verband,Brandenburg,dahme.de,http://www.dahme.de/,wikidata
DE-V-120735303,Amt Brüssow (Uckermark),verband,Brandenburg,amt-bruessow.de,https://www.amt-bruessow.de/,wikidata
DE-V-120735304,Amt Gartz (Oder),verband,Brandenburg,gartz.de,http://www.gartz.de/,wikidata
DE-V-120735305,Amt Gerswalde,verband,Brandenburg,amt-gerswalde.de,https://www.amt-gerswalde.de/,wikidata
DE-V-120735306,Amt Gramzow,verband,Brandenburg,amt-gramzow.de,http://www.amt-gramzow.de/,wikidata
DE-V-130715151,Amt Demmin-Land,verband,Mecklenburg-Vorpommern,amt-demmin-land.de,http://www.amt-demmin-land.de/,wikidata
DE-V-130715152,Amt Friedland,verband,Mecklenburg-Vorpommern,friedland-mecklenburg.de,http://www.friedland-mecklenburg.de/,wikidata
DE-V-130715153,Amt Malchin am Kummerower See,verband,Mecklenburg-Vorpommern,amt-malchin-am-kummerower-see.de,http://amt-malchin-am-kummerower-see.de/,wikidata
DE-V-130715154,Amt Malchow,verband,Mecklenburg-Vorpommern,amt-malchow.de,http://www.amt-malchow.de/,wikidata
DE-V-130715155,Amt Mecklenburgische Kleinseenplatte,verband,Mecklenburg-Vorpommern,amt-mecklenburgische-kleinseenplatte.de,http://www.amt-mecklenburgische-kleinseenplatte.de/,wikidata
DE-V-130715156,Amt Neustrelitz-Land,verband,Mecklenburg-Vorpommern,amtneustrelitz-land.de,https://www.amtneustrelitz-land.de/,wikidata
DE-V-130715157,Amt Neverin,verband,Mecklenburg-Vorpommern,amt-neverin.de,http://www.amt-neverin.de/,wikidata
DE-V-130715158,Amt Penzliner Land,verband,Mecklenburg-Vorpommern,penzliner-land.de,http://www.penzliner-land.de/,wikidata
DE-V-130715159,Amt Röbel-Müritz,verband,Mecklenburg-Vorpommern,amt-roebel-mueritz.de,https://www.amt-roebel-mueritz.de/,wikidata
DE-V-130715160,Amt Seenlandschaft Waren,verband,Mecklenburg-Vorpommern,amt-slw.de,http://www.amt-slw.de/,wikidata
DE-V-130715161,Amt Stargarder Land,verband,Mecklenburg-Vorpommern,stargarder-land.de,http://www.stargarder-land.de/,wikidata
DE-V-130715162,Amt Stavenhagen,verband,Mecklenburg-Vorpommern,stavenhagen.de,http://www.stavenhagen.de,wikidata
DE-V-130715163,Amt Treptower Tollensewinkel,verband,Mecklenburg-Vorpommern,altentreptow.de,http://www.altentreptow.de/amt-treptower-tollensewinkel,wikidata
DE-V-130715164,Amt Woldegk,verband,Mecklenburg-Vorpommern,amt-woldegk.de,http://www.amt-woldegk.de/,wikidata
DE-V-130725251,Amt Bad Doberan-Land,verband,Mecklenburg-Vorpommern,amt-doberan-land.de,http://www.amt-doberan-land.de/,wikidata
DE-V-130725252,Amt Bützow-Land,verband,Mecklenburg-Vorpommern,buetzow.de,https://www.buetzow.de/,wikidata
DE-V-130725253,Amt Carbäk,verband,Mecklenburg-Vorpommern,amtcarbaek.de,http://www.amtcarbaek.de/,wikidata
DE-V-130725254,Amt Gnoien,verband,Mecklenburg-Vorpommern,amt-gnoien.de,https://www.amt-gnoien.de/,wikidata
DE-V-130725255,Amt Güstrow-Land,verband,Mecklenburg-Vorpommern,amt-guestrow-land.de,https://www.amt-guestrow-land.de/,wikidata
DE-V-130725256,Amt Krakow am See,verband,Mecklenburg-Vorpommern,amt.krakow-am-see.de,http://www.amt.krakow-am-see.de/,wikidata
DE-V-130725257,Amt Laage,verband,Mecklenburg-Vorpommern,amt-laage.de,http://www.amt-laage.de/,wikidata
DE-V-130725258,Amt Mecklenburgische Schweiz,verband,Mecklenburg-Vorpommern,amt-mecklenburgische-schweiz.de,http://www.amt-mecklenburgische-schweiz.de/,wikidata
DE-V-130725259,Amt Neubukow-Salzhaff,verband,Mecklenburg-Vorpommern,neubukow-salzhaff.de,http://www.neubukow-salzhaff.de/,wikidata
DE-V-130725260,Amt Rostocker Heide,verband,Mecklenburg-Vorpommern,amt-rostocker-heide.de,http://www.amt-rostocker-heide.de/,wikidata
DE-V-130725261,Amt Schwaan,verband,Mecklenburg-Vorpommern,amt-schwaan.de,http://www.amt-schwaan.de/,wikidata
DE-V-130725262,Amt Tessin,verband,Mecklenburg-Vorpommern,tessin.de,http://www.tessin.de/435.0.html,wikidata
DE-V-130725263,Amt Warnow-West,verband,Mecklenburg-Vorpommern,amt-warnow-west.de,https://www.amt-warnow-west.de/,wikidata
DE-V-130735351,Amt Altenpleen,verband,Mecklenburg-Vorpommern,altenpleen.de,http://www.altenpleen.de/,wikidata
DE-V-130735352,Amt Barth,verband,Mecklenburg-Vorpommern,amt-barth.de,http://www.amt-barth.de/,wikidata
DE-V-130735353,Amt Bergen auf Rügen,verband,Mecklenburg-Vorpommern,amt-bergen-auf-ruegen.de,http://www.amt-bergen-auf-ruegen.de/,wikidata
DE-V-130735354,Amt Darß/Fischland,verband,Mecklenburg-Vorpommern,darss-fischland.de,http://www.darss-fischland.de/,wikidata
DE-V-130735355,Amt Franzburg-Richtenberg,verband,Mecklenburg-Vorpommern,amt-franzburg-richtenberg.de,http://www.amt-franzburg-richtenberg.de/,wikidata
DE-V-130735356,Amt Miltzow,verband,Mecklenburg-Vorpommern,amt-miltzow.de,http://www.amt-miltzow.de/,wikidata
DE-V-130735357,Amt Mönchgut-Granitz,verband,Mecklenburg-Vorpommern,amt-moenchgut.de,http://www.amt-moenchgut.de/,wikidata
DE-V-130735358,Amt Niepars,verband,Mecklenburg-Vorpommern,amt-niepars.de,http://www.amt-niepars.de/,wikidata
DE-V-130735359,Amt Nord-Rügen,verband,Mecklenburg-Vorpommern,amt-nord-ruegen.de,http://www.amt-nord-ruegen.de/,wikidata
DE-V-130735360,Amt Recknitz-Trebeltal,verband,Mecklenburg-Vorpommern,recknitz-trebeltal.de,http://www.recknitz-trebeltal.de/,wikidata
DE-V-130735361,Amt Ribnitz-Damgarten,verband,Mecklenburg-Vorpommern,ribnitz-damgarten.de,https://www.ribnitz-damgarten.de/rathaus/amt-ribnitz-damgarten/,wikidata
DE-V-130735362,Amt West-Rügen,verband,Mecklenburg-Vorpommern,amt-westruegen.de,http://www.amt-westruegen.de/,wikidata
DE-V-130745451,Amt Dorf Mecklenburg-Bad Kleinen,verband,Mecklenburg-Vorpommern,amt-dorfmecklenburg-badkleinen.de,http://www.amt-dorfmecklenburg-badkleinen.de/,wikidata
DE-V-130745452,Amt Gadebusch,verband,Mecklenburg-Vorpommern,gadebusch.de,https://www.gadebusch.de/,wikidata
DE-V-130745453,Amt Grevesmühlen-Land,verband,Mecklenburg-Vorpommern,grevesmuehlen.de,http://www.grevesmuehlen.de/,wikidata
DE-V-130745454,Amt Klützer Winkel,verband,Mecklenburg-Vorpommern,kluetzer-winkel.de,http://www.kluetzer-winkel.de/,wikidata
DE-V-130745455,Amt Lützow-Lübstorf,verband,Mecklenburg-Vorpommern,luetzow-luebstorf.de,https://www.luetzow-luebstorf.de/,wikidata
DE-V-130745456,Amt Neuburg,verband,Mecklenburg-Vorpommern,amt-neuburg.de,http://www.amt-neuburg.de/,wikidata
DE-V-130745457,Amt Neukloster-Warin,verband,Mecklenburg-Vorpommern,neukloster.de,http://www.neukloster.de/,wikidata
DE-V-130745458,Amt Rehna,verband,Mecklenburg-Vorpommern,rehna.de,http://www.rehna.de/,wikidata
DE-V-130745459,Amt Schönberger Land,verband,Mecklenburg-Vorpommern,schoenberger-land.de,http://www.schoenberger-land.de,wikidata
DE-V-130755551,Amt Am Peenestrom,verband,Mecklenburg-Vorpommern,amt-am-peenestrom.de,http://www.amt-am-peenestrom.de/,wikidata
DE-V-130755552,Amt Am Stettiner Haff,verband,Mecklenburg-Vorpommern,amt-am-stettiner-haff.de,http://www.amt-am-stettiner-haff.de/,wikidata
DE-V-130755553,Amt Anklam-Land,verband,Mecklenburg-Vorpommern,amt-anklam-land.de,http://www.amt-anklam-land.de/,wikidata
DE-V-130755554,Amt Jarmen-Tutow,verband,Mecklenburg-Vorpommern,amt-jarmen-tutow.de,http://www.amt-jarmen-tutow.de/,wikidata
DE-V-130755555,Amt Landhagen,verband,Mecklenburg-Vorpommern,landhagen.de,http://www.landhagen.de/,wikidata
DE-V-130755556,Amt Löcknitz-Penkun,verband,Mecklenburg-Vorpommern,loecknitz-online.de,http://www.loecknitz-online.de/,wikidata
DE-V-130755557,Amt Lubmin,verband,Mecklenburg-Vorpommern,amtlubmin.de,http://www.amtlubmin.de/,wikidata
DE-V-130755558,Amt Peenetal/Loitz,verband,Mecklenburg-Vorpommern,loitz.de,https://www.loitz.de/amt-peenetal/,wikidata
DE-V-130755559,Amt Torgelow-Ferdinandshof,verband,Mecklenburg-Vorpommern,amt-ferdinandshof.de,http://www.amt-ferdinandshof.de/,wikidata
DE-V-130755560,Amt Uecker-Randow-Tal,verband,Mecklenburg-Vorpommern,amt-uecker-randow-tal.de,http://www.amt-uecker-randow-tal.de/,wikidata
DE-V-130755561,Amt Usedom-Nord,verband,Mecklenburg-Vorpommern,amt-usedom-nord.de,http://www.amt-usedom-nord.de/,wikidata
DE-V-130755562,Amt Usedom-Süd,verband,Mecklenburg-Vorpommern,amtusedom-sued.de,http://www.amtusedom-sued.de/,wikidata
DE-V-130755563,Amt Züssow,verband,Mecklenburg-Vorpommern,amt-zuessow.de,http://www.amt-zuessow.de/,wikidata
DE-V-130765652,Amt Boizenburg-Land,verband,Mecklenburg-Vorpommern,amtboizenburgland.de,http://www.amtboizenburgland.de/,wikidata
DE-V-130765654,Amt Dömitz-Malliß,verband,Mecklenburg-Vorpommern,kreis-lwl.de,http://www.kreis-lwl.de/Doemitz-Malliss/,wikidata
DE-V-130765655,Amt Eldenburg Lübz,verband,Mecklenburg-Vorpommern,amt-eldenburg-luebz.de,http://www.amt-eldenburg-luebz.de/,wikidata
DE-V-130765656,Amt Goldberg-Mildenitz,verband,Mecklenburg-Vorpommern,amt-mildenitz.de,http://www.amt-mildenitz.de/,wikidata
DE-V-130765657,Amt Grabow,verband,Mecklenburg-Vorpommern,grabow.de,http://www.grabow.de,wikidata
DE-V-130765658,Amt Hagenow-Land,verband,Mecklenburg-Vorpommern,amt-hagenow-land.de,https://www.amt-hagenow-land.de/,wikidata
DE-V-130765659,Amt Ludwigslust-Land,verband,Mecklenburg-Vorpommern,amt-ludwigslust-land.de,http://www.amt-ludwigslust-land.de/,wikidata
DE-V-130765660,Amt Neustadt-Glewe,verband,Mecklenburg-Vorpommern,neustadt-glewe.de,http://www.neustadt-glewe.de/,wikidata
DE-V-130765662,Amt Parchimer Umland,verband,Mecklenburg-Vorpommern,amt-parchimer-umland.de,http://www.amt-parchimer-umland.de/,wikidata
DE-V-130765663,Amt Plau am See,verband,Mecklenburg-Vorpommern,amtplau.de,http://www.amtplau.de/,wikidata
DE-V-130765664,Amt Sternberger Seenlandschaft,verband,Mecklenburg-Vorpommern,amt-sternberger-seenlandschaft.de,http://www.amt-sternberger-seenlandschaft.de/,wikidata
DE-V-130765665,Amt Stralendorf,verband,Mecklenburg-Vorpommern,amt-stralendorf.de,http://www.amt-stralendorf.de/,wikidata
DE-V-130765666,Amt Wittenburg,verband,Mecklenburg-Vorpommern,amt-wittenburg.de,https://www.amt-wittenburg.de/,wikidata
DE-V-130765667,Amt Zarrentin,verband,Mecklenburg-Vorpommern,zarrentin.de,http://www.zarrentin.de/,wikidata
DE-V-130765668,Amt Crivitz,verband,Mecklenburg-Vorpommern,amt-crivitz.de,https://www.amt-crivitz.de/,wikidata
DE-V-146265503,Verwaltungsverband Weißer Schöps/Neiße,verband,Sachsen,weisserschoeps-neisse.de,http://www.weisserschoeps-neisse.de/,wikidata
DE-V-150815051,Verbandsgemeinde Beetzendorf-Diesdorf,verband,Sachsen-Anhalt,beetzendorf-diesdorf.de,http://www.beetzendorf-diesdorf.de/,wikidata
DE-V-150835051,Verbandsgemeinde Elbe-Heide,verband,Sachsen-Anhalt,elbe-heide.de,http://www.elbe-heide.de/,wikidata
DE-V-150835052,Verbandsgemeinde Flechtingen,verband,Sachsen-Anhalt,verbandsgemeinde-flechtingen.de,http://www.verbandsgemeinde-flechtingen.de/,wikidata
DE-V-150835053,Verbandsgemeinde Obere Aller,verband,Sachsen-Anhalt,obere-aller.de,http://www.obere-aller.de,wikidata
DE-V-150835054,Verbandsgemeinde Westliche Börde,verband,Sachsen-Anhalt,westlicheboerde.de,http://www.westlicheboerde.de/,wikidata
DE-V-150845051,Verbandsgemeinde An der Finne,verband,Sachsen-Anhalt,vgem-finne.de,http://www.vgem-finne.de/,wikidata
DE-V-150845052,Verbandsgemeinde Droyßiger-Zeitzer Forst,verband,Sachsen-Anhalt,vgem-dzf.de,http://www.vgem-dzf.de/,wikidata
DE-V-150845053,Verbandsgemeinde Unstruttal,verband,Sachsen-Anhalt,verbgem-unstruttal.de,http://www.verbgem-unstruttal.de/,wikidata
DE-V-150845054,Verbandsgemeinde Wethautal,verband,Sachsen-Anhalt,vgem-wethautal.de,http://www.vgem-wethautal.de/,wikidata
DE-V-150855051,Verbandsgemeinde Vorharz,verband,Sachsen-Anhalt,vorharz.net,http://www.vorharz.net/,wikidata
DE-V-150875051,Verbandsgemeinde Goldene Aue,verband,Sachsen-Anhalt,vwg-goldene-aue.de,https://www.vwg-goldene-aue.de/,wikidata
DE-V-150875052,Verbandsgemeinde Mansfelder Grund-Helbra,verband,Sachsen-Anhalt,verwaltungsamt-helbra.de,http://www.verwaltungsamt-helbra.de/,wikidata
DE-V-150885051,Verbandsgemeinde Weida-Land,verband,Sachsen-Anhalt,weida-land.de,https://www.weida-land.de/,wikidata
DE-V-150895051,Verbandsgemeinde Egelner Mulde,verband,Sachsen-Anhalt,egelnermulde.de,https://www.egelnermulde.de/,wikidata
DE-V-150895052,Verbandsgemeinde Saale-Wipper,verband,Sachsen-Anhalt,saale-wipper.de,http://www.saale-wipper.de/,wikidata
DE-V-150905051,Verbandsgemeinde Arneburg-Goldbeck,verband,Sachsen-Anhalt,arneburg-goldbeck.de,http://www.arneburg-goldbeck.de/,wikidata
DE-V-150905052,Verbandsgemeinde Elbe-Havel-Land,verband,Sachsen-Anhalt,elbe-havel-land.de,http://www.elbe-havel-land.de/,wikidata
DE-V-150905053,Verbandsgemeinde Seehausen (Altmark),verband,Sachsen-Anhalt,seehausen-altmark.de,https://www.seehausen-altmark.de/content-pages/verwaltung-wirtschaft/verbandsgemeinde/,wikidata
DE-V-160615001,Verwaltungsgemeinschaft Lindenberg/Eichsfeld,verband,Thüringen,lindenberg-eichsfeld.de,http://www.lindenberg-eichsfeld.de/,wikidata
DE-V-160615006,Verwaltungsgemeinschaft Eichsfeld-Wipperaue,verband,Thüringen,eichsfeld-wipperaue.de,http://www.eichsfeld-wipperaue.de/,wikidata
DE-V-160615008,Verwaltungsgemeinschaft Hanstein-Rusteberg,verband,Thüringen,vg-hanstein-rusteberg.de,https://www.vg-hanstein-rusteberg.de/,wikidata
DE-V-160615009,Verwaltungsgemeinschaft Leinetal,verband,Thüringen,vg-leinetal.de,http://www.vg-leinetal.de/,wikidata
DE-V-160615013,Verwaltungsgemeinschaft Westerwald-Obereichsfeld,verband,Thüringen,westerwald-obereichsfeld.eu,http://www.westerwald-obereichsfeld.eu/,wikidata
DE-V-160615014,Verwaltungsgemeinschaft Ershausen/Geismar,verband,Thüringen,ershausen-geismar.de,http://www.ershausen-geismar.de/,wikidata
DE-V-160635006,Verwaltungsgemeinschaft Hainich-Werratal,verband,Thüringen,vg-hainich-werratal.de,https://www.vg-hainich-werratal.de/,wikidata
DE-V-160645001,Verwaltungsgemeinschaft Bad Tennstedt,verband,Thüringen,badtennstedt.de,http://www.badtennstedt.de/,wikidata
DE-V-160655002,Verwaltungsgemeinschaft Greußen,verband,Thüringen,vgem-greussen.de,https://www.vgem-greussen.de/,wikidata
DE-V-160665005,Verwaltungsgemeinschaft Hohe Rhön,verband,Thüringen,vgem-hoherhoen.de,http://www.vgem-hoherhoen.de/,wikidata
DE-V-160665013,Verwaltungsgemeinschaft Wasungen-Amt Sand,verband,Thüringen,vg-wasungen.de,http://www.vg-wasungen.de/,wikidata
DE-V-160665014,Verwaltungsgemeinschaft Dolmar-Salzbrücke,verband,Thüringen,vg-dolmar-salzbruecke.de,http://www.vg-dolmar-salzbruecke.de/,wikidata
DE-V-160675007,Verwaltungsgemeinschaft Nesseaue,verband,Thüringen,vg-nesseaue.de,https://www.vg-nesseaue.de/,wikidata
DE-V-160675012,Verwaltungsgemeinschaft Fahner Höhe,verband,Thüringen,vg-fahner-hoehe.de,http://www.vg-fahner-hoehe.de/,wikidata
DE-V-160685002,Verwaltungsgemeinschaft Gera-Aue,verband,Thüringen,,,
DE-V-160685005,Verwaltungsgemeinschaft Kindelbrück,verband,Thüringen,vg-kindelbrueck.de,http://www.vg-kindelbrueck.de/,wikidata
DE-V-160685006,Verwaltungsgemeinschaft Kölleda,verband,Thüringen,vgem-koelleda.de,http://www.vgem-koelleda.de,wikidata
DE-V-160685009,Verwaltungsgemeinschaft Straußfurt,verband,Thüringen,vgstraussfurt.de,http://www.vgstraussfurt.de/,wikidata
DE-V-160685012,Verwaltungsgemeinschaft Gramme-Vippach,verband,Thüringen,,,
DE-V-160695002,Verwaltungsgemeinschaft Feldstein,verband,Thüringen,verwaltungsgemeinschaft-feldstein.de,http://www.verwaltungsgemeinschaft-feldstein.de/,wikidata
DE-V-160695004,Verwaltungsgemeinschaft Heldburger Unterland,verband,Thüringen,vg-heldburgerunterland.de,http://www.vg-heldburgerunterland.de/,wikidata
DE-V-160705002,Verwaltungsgemeinschaft Geratal/Plaue,verband,Thüringen,geratal.de,http://www.geratal.de/,wikidata
DE-V-160705009,Verwaltungsgemeinschaft Riechheimer Berg,verband,Thüringen,vg-riechheimer-berg.de,http://www.vg-riechheimer-berg.de/,wikidata
DE-V-160715007,Verwaltungsgemeinschaft Kranichfeld,verband,Thüringen,vg-kranichfeld.de,http://www.vg-kranichfeld.de/,wikidata
DE-V-160715008,Verwaltungsgemeinschaft Mellingen,verband,Thüringen,vgem-mellingen.de,http://www.vgem-mellingen.de/,wikidata
DE-V-160735005,Verwaltungsgemeinschaft Schiefergebirge,verband,Thüringen,vg-schiefergebirge.de,http://www.vg-schiefergebirge.de/,wikidata
DE-V-160735012,Verwaltungsgemeinschaft Schwarzatal,verband,Thüringen,vg-schwarzatal.de,https://vg-schwarzatal.de/,wikidata
DE-V-160745005,Verwaltungsgemeinschaft Heideland-Elstertal-Schkölen,verband,Thüringen,heideland-elstertal.de,http://www.heideland-elstertal.de/,wikidata
DE-V-160745007,Verwaltungsgemeinschaft Hügelland/Täler,verband,Thüringen,huegelland-taeler.de,http://www.huegelland-taeler.de/,wikidata
DE-V-160745011,Verwaltungsgemeinschaft Südliches Saaletal,verband,Thüringen,vg-suedliches-saaletal.de,http://www.vg-suedliches-saaletal.de/,wikidata
DE-V-160745014,Verwaltungsgemeinschaft Hermsdorf,verband,Thüringen,vg-hermsdorf.de,http://www.vg-hermsdorf.de/,wikidata
DE-V-160745015,Verwaltungsgemeinschaft Dornburg-Camburg,verband,Thüringen,vg-dornburg-camburg.eu,http://www.vg-dornburg-camburg.eu/,wikidata
DE-V-160755004,Verwaltungsgemeinschaft Seenplatte,verband,Thüringen,vg-seenplatte.de,http://vg-seenplatte.de,wikidata
DE-V-160755005,Verwaltungsgemeinschaft Oppurg,verband,Thüringen,vg-oppurg.de,http://www.vg-oppurg.de/,wikidata
DE-V-160755011,Verwaltungsgemeinschaft Triptis,verband,Thüringen,triptis.de,https://www.triptis.de/,wikidata
DE-V-160755013,Verwaltungsgemeinschaft Ranis-Ziegenrück,verband,Thüringen,vg-ranis-ziegenrueck.de,http://www.vg-ranis-ziegenrueck.de/,wikidata
DE-V-160765004,Verwaltungsgemeinschaft Ländereck,verband,Thüringen,vg-wuenschendorf-elster.de,http://www.vg-wuenschendorf-elster.de/seite/71780/startseite.html/,wikidata
DE-V-160765006,Verwaltungsgemeinschaft Münchenbernsdorf,verband,Thüringen,,,
DE-V-160765008,Verwaltungsgemeinschaft Am Brahmetal,verband,Thüringen,vg-brahmetal.de,http://www.vg-brahmetal.de/,wikidata
DE-V-160775004,Verwaltungsgemeinschaft Pleißenaue,verband,Thüringen,vg-pleissenaue.de,http://www.vg-pleissenaue.de/,wikidata
DE-V-160775005,Verwaltungsgemeinschaft Rositz,verband,Thüringen,vg-rositz.de,http://www.vg-rositz.de/,wikidata
DE-V-160775009,Verwaltungsgemeinschaft Oberes Sprottental,verband,Thüringen,vg-sprottental.de,http://www.vg-sprottental.de/,wikidata
DE-K-01051,Kreis Dithmarschen,kreis,Schleswig-Holstein,dithmarschen.de,https://www.dithmarschen.de/,wikidata
DE-K-01053,Kreis Herzogtum Lauenburg,kreis,Schleswig-Holstein,kreis-rz.de,https://www.kreis-rz.de/,wikidata
DE-K-01054,Kreis Nordfriesland,kreis,Schleswig-Holstein,nordfriesland.de,https://www.nordfriesland.de/,wikidata
DE-K-01055,Kreis Ostholstein,kreis,Schleswig-Holstein,kreis-oh.de,https://www.kreis-oh.de/,wikidata
DE-K-01056,Kreis Pinneberg,kreis,Schleswig-Holstein,kreis-pinneberg.de,https://www.kreis-pinneberg.de/,wikidata
DE-K-01057,Kreis Plön,kreis,Schleswig-Holstein,kreis-ploen.de,https://www.kreis-ploen.de/,wikidata
DE-K-01058,Kreis Rendsburg-Eckernförde,kreis,Schleswig-Holstein,kreis-rendsburg-eckernfoerde.de,https://www.kreis-rendsburg-eckernfoerde.de/,wikidata
DE-K-01059,Kreis Schleswig-Flensburg,kreis,Schleswig-Holstein,schleswig-flensburg.de,https://www.schleswig-flensburg.de/,wikidata
DE-K-01060,Kreis Segeberg,kreis,Schleswig-Holstein,segeberg.de,https://www.segeberg.de/,wikidata
DE-K-01061,Kreis Steinburg,kreis,Schleswig-Holstein,steinburg.de,https://www.steinburg.de/,wikidata
DE-K-01062,Kreis Stormarn,kreis,Schleswig-Holstein,kreis-stormarn.de,https://www.kreis-stormarn.de/,wikidata
DE-K-03151,Landkreis Gifhorn,kreis,Niedersachsen,landkreis-gifhorn.de,https://landkreis-gifhorn.de,wikidata
DE-K-03153,Landkreis Goslar,kreis,Niedersachsen,landkreis-goslar.de,https://www.landkreis-goslar.de/,wikidata
DE-K-03154,Landkreis Helmstedt,kreis,Niedersachsen,landkreis-helmstedt.de,https://www.landkreis-helmstedt.de/,wikidata
DE-K-03155,Landkreis Northeim,kreis,Niedersachsen,landkreis-northeim.de,https://www.landkreis-northeim.de/,wikidata
DE-K-03157,Landkreis Peine,kreis,Niedersachsen,landkreis-peine.de,https://www.landkreis-peine.de/,wikidata
DE-K-03158,Landkreis Wolfenbüttel,kreis,Niedersachsen,lkwf.de,https://www.lkwf.de/,wikidata
DE-K-03159,Landkreis Göttingen,kreis,Niedersachsen,landkreisgoettingen.de,https://www.landkreisgoettingen.de/,wikidata
DE-K-03241,Landkreis Region Hannover,kreis,Niedersachsen,hannover.de,https://www.hannover.de/Leben-in-der-Region-Hannover/Verwaltungen-Kommunen/Die-Verwaltung-der-Region-Hannover,wikidata
DE-K-03251,Landkreis Diepholz,kreis,Niedersachsen,diepholz.de,https://www.diepholz.de/,wikidata
DE-K-03252,Landkreis Hameln-Pyrmont,kreis,Niedersachsen,hameln-pyrmont.de,https://www.hameln-pyrmont.de/,wikidata
DE-K-03254,Landkreis Hildesheim,kreis,Niedersachsen,landkreishildesheim.de,https://www.landkreishildesheim.de/,wikidata
DE-K-03255,Landkreis Holzminden,kreis,Niedersachsen,landkreis-holzminden.de,https://www.landkreis-holzminden.de/,wikidata
DE-K-03256,Landkreis Nienburg (Weser),kreis,Niedersachsen,lk-nienburg.de,https://www.lk-nienburg.de/,wikidata
DE-K-03257,Landkreis Schaumburg,kreis,Niedersachsen,schaumburg.de,https://www.schaumburg.de/,wikidata
DE-K-03351,Landkreis Celle,kreis,Niedersachsen,landkreis-celle.de,https://www.landkreis-celle.de/,wikidata
DE-K-03352,Landkreis Cuxhaven,kreis,Niedersachsen,landkreis-cuxhaven.de,https://www.landkreis-cuxhaven.de/,wikidata
DE-K-03353,Landkreis Harburg,kreis,Niedersachsen,landkreis-harburg.de,https://www.landkreis-harburg.de/,wikidata
DE-K-03354,Landkreis Lüchow-Dannenberg,kreis,Niedersachsen,luechow-dannenberg.de,https://www.luechow-dannenberg.de/,wikidata
DE-K-03355,Landkreis Lüneburg,kreis,Niedersachsen,landkreis-lueneburg.de,https://www.landkreis-lueneburg.de/,wikidata
DE-K-03356,Landkreis Osterholz,kreis,Niedersachsen,landkreis-osterholz.de,https://www.landkreis-osterholz.de/,wikidata
DE-K-03357,Landkreis Rotenburg (Wümme),kreis,Niedersachsen,lk-row.de,https://www.lk-row.de/,wikidata
DE-K-03358,Heidekreis,kreis,Niedersachsen,heidekreis.de,https://www.heidekreis.de/,wikidata
DE-K-03359,Landkreis Stade,kreis,Niedersachsen,landkreis-stade.de,https://www.landkreis-stade.de/,wikidata
DE-K-03360,Landkreis Uelzen,kreis,Niedersachsen,landkreis-uelzen.de,https://www.landkreis-uelzen.de/,wikidata
DE-K-03361,Landkreis Verden,kreis,Niedersachsen,landkreis-verden.de,https://www.landkreis-verden.de/,wikidata
DE-K-03451,Landkreis Ammerland,kreis,Niedersachsen,ammerland.de,https://www.ammerland.de/,wikidata
DE-K-03452,Landkreis Aurich,kreis,Niedersachsen,landkreis-aurich.de,https://www.landkreis-aurich.de/,wikidata
DE-K-03453,Landkreis Cloppenburg,kreis,Niedersachsen,lkclp.de,https://www.lkclp.de/,wikidata
DE-K-03454,Landkreis Emsland,kreis,Niedersachsen,emsland.de,https://www.emsland.de/,wikidata
DE-K-03455,Landkreis Friesland,kreis,Niedersachsen,friesland.de,https://www.friesland.de/,wikidata
DE-K-03456,Landkreis Grafschaft Bentheim,kreis,Niedersachsen,grafschaft-bentheim.de,https://www.grafschaft-bentheim.de/,wikidata
DE-K-03457,Landkreis Leer,kreis,Niedersachsen,landkreis-leer.de,https://www.landkreis-leer.de/,wikidata
DE-K-03458,Landkreis Oldenburg,kreis,Niedersachsen,oldenburg-kreis.de,https://www.oldenburg-kreis.de/,wikidata
DE-K-03459,Landkreis Osnabrück,kreis,Niedersachsen,landkreis-osnabrueck.de,https://www.landkreis-osnabrueck.de/,wikidata
DE-K-03460,Landkreis Vechta,kreis,Niedersachsen,landkreis-vechta.de,https://www.landkreis-vechta.de/,wikidata
DE-K-03461,Landkreis Wesermarsch,kreis,Niedersachsen,wesermarsch.de,https://wesermarsch.de/,wikidata
DE-K-03462,Landkreis Wittmund,kreis,Niedersachsen,landkreis-wittmund.de,https://www.landkreis-wittmund.de/,wikidata
DE-K-05154,Kreis Kleve,kreis,Nordrhein-Westfalen,kreis-kleve.de,https://www.kreis-kleve.de/,wikidata
DE-K-05158,Kreis Mettmann,kreis,Nordrhein-Westfalen,kreis-mettmann.de,https://www.kreis-mettmann.de/,wikidata
DE-K-05162,Rhein-Kreis Neuss,kreis,Nordrhein-Westfalen,rhein-kreis-neuss.de,https://www.rhein-kreis-neuss.de/,wikidata
DE-K-05166,Kreis Viersen,kreis,Nordrhein-Westfalen,kreis-viersen.de,https://www.kreis-viersen.de/,wikidata
DE-K-05170,Kreis Wesel,kreis,Nordrhein-Westfalen,kreis-wesel.de,https://www.kreis-wesel.de/,wikidata
DE-K-05334,Kreis Städteregion Aachen,kreis,Nordrhein-Westfalen,staedteregion-aachen.de,https://www.staedteregion-aachen.de/,wikidata
DE-K-05358,Kreis Düren,kreis,Nordrhein-Westfalen,kreis-dueren.de,https://www.kreis-dueren.de/,wikidata
DE-K-05362,Rhein-Erft-Kreis,kreis,Nordrhein-Westfalen,rhein-erft-kreis.de,https://www.rhein-erft-kreis.de/,wikidata
DE-K-05366,Kreis Euskirchen,kreis,Nordrhein-Westfalen,kreis-euskirchen.de,https://www.kreis-euskirchen.de/,wikidata
DE-K-05370,Kreis Heinsberg,kreis,Nordrhein-Westfalen,kreis-heinsberg.de,https://www.kreis-heinsberg.de/,wikidata
DE-K-05374,Oberbergischer Kreis,kreis,Nordrhein-Westfalen,obk.de,https://www.obk.de/,wikidata
DE-K-05378,Rheinisch-Bergischer Kreis,kreis,Nordrhein-Westfalen,rbk-direkt.de,https://www.rbk-direkt.de/,wikidata
DE-K-05382,Rhein-Sieg-Kreis,kreis,Nordrhein-Westfalen,rhein-sieg-kreis.de,https://www.rhein-sieg-kreis.de/,wikidata
DE-K-05554,Kreis Borken,kreis,Nordrhein-Westfalen,kreis-borken.de,https://www.kreis-borken.de/,wikidata
DE-K-05558,Kreis Coesfeld,kreis,Nordrhein-Westfalen,kreis-coesfeld.de,https://www.kreis-coesfeld.de/,wikidata
DE-K-05562,Kreis Recklinghausen,kreis,Nordrhein-Westfalen,kreis-re.de,https://www.kreis-re.de/,wikidata
DE-K-05566,Kreis Steinfurt,kreis,Nordrhein-Westfalen,kreis-steinfurt.de,https://www.kreis-steinfurt.de/,wikidata
DE-K-05570,Kreis Warendorf,kreis,Nordrhein-Westfalen,kreis-warendorf.de,https://www.kreis-warendorf.de/,wikidata
DE-K-05754,Kreis Gütersloh,kreis,Nordrhein-Westfalen,kreis-guetersloh.de,https://www.kreis-guetersloh.de/,wikidata
DE-K-05758,Kreis Herford,kreis,Nordrhein-Westfalen,kreis-herford.de,https://www.kreis-herford.de/,wikidata
DE-K-05762,Kreis Höxter,kreis,Nordrhein-Westfalen,kreis-hoexter.de,https://www.kreis-hoexter.de/,wikidata
DE-K-05766,Kreis Lippe,kreis,Nordrhein-Westfalen,kreis-lippe.de,https://www.kreis-lippe.de/,wikidata
DE-K-05770,Kreis Minden-Lübbecke,kreis,Nordrhein-Westfalen,minden-luebbecke.de,https://www.minden-luebbecke.de/,wikidata
DE-K-05774,Kreis Paderborn,kreis,Nordrhein-Westfalen,kreis-paderborn.de,https://www.kreis-paderborn.de/,wikidata
DE-K-05954,Ennepe-Ruhr-Kreis,kreis,Nordrhein-Westfalen,enkreis.de,https://www.enkreis.de/,wikidata
DE-K-05958,Hochsauerlandkreis,kreis,Nordrhein-Westfalen,hochsauerlandkreis.de,https://www.hochsauerlandkreis.de/,wikidata
DE-K-05962,Märkischer Kreis,kreis,Nordrhein-Westfalen,maerkischer-kreis.de,http://www.maerkischer-kreis.de,wikidata
DE-K-05966,Kreis Olpe,kreis,Nordrhein-Westfalen,kreis-olpe.de,https://kreis-olpe.de/,wikidata
DE-K-05970,Kreis Siegen-Wittgenstein,kreis,Nordrhein-Westfalen,siegen-wittgenstein.de,https://www.siegen-wittgenstein.de/,wikidata
DE-K-05974,Kreis Soest,kreis,Nordrhein-Westfalen,kreis-soest.de,https://www.kreis-soest.de/,wikidata
DE-K-05978,Kreis Unna,kreis,Nordrhein-Westfalen,kreis-unna.de,https://www.kreis-unna.de/,wikidata
DE-K-06431,Landkreis Bergstraße,kreis,Hessen,kreis-bergstrasse.de,https://www.kreis-bergstrasse.de/,wikidata
DE-K-06432,Landkreis Darmstadt-Dieburg,kreis,Hessen,ladadi.de,https://www.ladadi.de/,wikidata
DE-K-06433,Landkreis Groß-Gerau,kreis,Hessen,kreisgg.de,https://www.kreisgg.de/,wikidata
DE-K-06434,Hochtaunuskreis,kreis,Hessen,hochtaunuskreis.de,https://www.hochtaunuskreis.de/,wikidata
DE-K-06435,Main-Kinzig-Kreis,kreis,Hessen,mkk.de,https://www.mkk.de/,wikidata
DE-K-06436,Main-Taunus-Kreis,kreis,Hessen,mtk.org,https://www.mtk.org/,wikidata
DE-K-06437,Odenwaldkreis,kreis,Hessen,odenwaldkreis.de,https://www.odenwaldkreis.de/,wikidata
DE-K-06438,Landkreis Offenbach,kreis,Hessen,kreis-offenbach.de,https://www.kreis-offenbach.de/,wikidata
DE-K-06439,Rheingau-Taunus-Kreis,kreis,Hessen,rheingau-taunus.de,https://www.rheingau-taunus.de/,wikidata
DE-K-06440,Wetteraukreis,kreis,Hessen,wetteraukreis.de,https://wetteraukreis.de/,wikidata
DE-K-06531,Landkreis Gießen,kreis,Hessen,lkgi.de,https://www.lkgi.de/,wikidata
DE-K-06532,Lahn-Dill-Kreis,kreis,Hessen,lahn-dill-kreis.de,https://www.lahn-dill-kreis.de/,wikidata
DE-K-06533,Landkreis Limburg-Weilburg,kreis,Hessen,landkreis-limburg-weilburg.de,https://www.landkreis-limburg-weilburg.de/,wikidata
DE-K-06534,Landkreis Marburg-Biedenkopf,kreis,Hessen,marburg-biedenkopf.de,https://www.marburg-biedenkopf.de/,wikidata
DE-K-06535,Vogelsbergkreis,kreis,Hessen,vogelsbergkreis.de,https://www.vogelsbergkreis.de/,wikidata
DE-K-06631,Landkreis Fulda,kreis,Hessen,landkreis-fulda.de,https://www.landkreis-fulda.de/,wikidata
DE-K-06632,Landkreis Hersfeld-Rotenburg,kreis,Hessen,hef-rof.de,https://www.hef-rof.de/,wikidata
DE-K-06633,Landkreis Kassel,kreis,Hessen,landkreiskassel.de,https://www.landkreiskassel.de/,wikidata
DE-K-06634,Schwalm-Eder-Kreis,kreis,Hessen,schwalm-eder-kreis.de,https://www.schwalm-eder-kreis.de/,wikidata
DE-K-06635,Landkreis Waldeck-Frankenberg,kreis,Hessen,landkreis-waldeck-frankenberg.de,https://www.landkreis-waldeck-frankenberg.de/,wikidata
DE-K-06636,Werra-Meißner-Kreis,kreis,Hessen,werra-meissner-kreis.de,https://www.werra-meissner-kreis.de/,wikidata
DE-K-07131,Landkreis Ahrweiler,kreis,Rheinland-Pfalz,kreis-ahrweiler.de,https://www.kreis-ahrweiler.de/,wikidata
DE-K-07132,Landkreis Altenkirchen (Westerwald),kreis,Rheinland-Pfalz,kreis-altenkirchen.de,https://www.kreis-altenkirchen.de/,wikidata
DE-K-07133,Landkreis Bad Kreuznach,kreis,Rheinland-Pfalz,kreis-badkreuznach.de,https://www.kreis-badkreuznach.de/,wikidata
DE-K-07134,Landkreis Birkenfeld,kreis,Rheinland-Pfalz,landkreis-birkenfeld.de,https://www.landkreis-birkenfeld.de/,wikidata
DE-K-07135,Landkreis Cochem-Zell,kreis,Rheinland-Pfalz,cochem-zell.de,https://www.cochem-zell.de/,wikidata
DE-K-07137,Landkreis Mayen-Koblenz,kreis,Rheinland-Pfalz,mayen-koblenz.de,http://www.mayen-koblenz.de,wikidata
DE-K-07138,Landkreis Neuwied,kreis,Rheinland-Pfalz,kreis-neuwied.de,https://www.kreis-neuwied.de,wikidata
DE-K-07140,Rhein-Hunsrück-Kreis,kreis,Rheinland-Pfalz,kreis-sim.de,https://www.kreis-sim.de/,wikidata
DE-K-07141,Rhein-Lahn-Kreis,kreis,Rheinland-Pfalz,rhein-lahn-kreis.de,https://www.rhein-lahn-kreis.de/,wikidata
DE-K-07143,Westerwaldkreis,kreis,Rheinland-Pfalz,westerwald-kreis.de,http://www.westerwald-kreis.de,wikidata
DE-K-07231,Landkreis Bernkastel-Wittlich,kreis,Rheinland-Pfalz,bernkastel-wittlich.de,https://www.bernkastel-wittlich.de/,wikidata
DE-K-07232,Eifelkreis Bitburg-Prüm,kreis,Rheinland-Pfalz,bitburg-pruem.de,https://www.bitburg-pruem.de/,wikidata
DE-K-07233,Landkreis Vulkaneifel,kreis,Rheinland-Pfalz,vulkaneifel.de,https://www.vulkaneifel.de/,wikidata
DE-K-07235,Landkreis Trier-Saarburg,kreis,Rheinland-Pfalz,trier-saarburg.de,http://www.trier-saarburg.de,wikidata
DE-K-07331,Landkreis Alzey-Worms,kreis,Rheinland-Pfalz,kreis-alzey-worms.de,https://www.kreis-alzey-worms.de/,wikidata
DE-K-07332,Landkreis Bad Dürkheim,kreis,Rheinland-Pfalz,kreis-bad-duerkheim.de,https://www.kreis-bad-duerkheim.de/,wikidata
DE-K-07333,Donnersbergkreis,kreis,Rheinland-Pfalz,donnersberg.de,http://www.donnersberg.de/,wikidata
DE-K-07334,Landkreis Germersheim,kreis,Rheinland-Pfalz,kreis-germersheim.de,https://www.kreis-germersheim.de/,wikidata
DE-K-07335,Landkreis Kaiserslautern,kreis,Rheinland-Pfalz,kaiserslautern-kreis.de,https://www.kaiserslautern-kreis.de/,wikidata
DE-K-07336,Landkreis Kusel,kreis,Rheinland-Pfalz,landkreis-kusel.de,https://www.landkreis-kusel.de/,wikidata
DE-K-07337,Landkreis Südliche Weinstraße,kreis,Rheinland-Pfalz,suedliche-weinstrasse.de,https://www.suedliche-weinstrasse.de/,wikidata
DE-K-07338,Rhein-Pfalz-Kreis,kreis,Rheinland-Pfalz,rhein-pfalz-kreis.de,https://www.rhein-pfalz-kreis.de/,wikidata
DE-K-07339,Landkreis Mainz-Bingen,kreis,Rheinland-Pfalz,mainz-bingen.de,http://www.mainz-bingen.de/,wikidata
DE-K-07340,Landkreis Südwestpfalz,kreis,Rheinland-Pfalz,lksuedwestpfalz.de,https://www.lksuedwestpfalz.de/,wikidata
DE-K-08115,Landkreis Böblingen,kreis,Baden-Württemberg,lrabb.de,https://www.lrabb.de/,wikidata
DE-K-08116,Landkreis Esslingen,kreis,Baden-Württemberg,landkreis-esslingen.de,https://www.landkreis-esslingen.de/,wikidata
DE-K-08117,Landkreis Göppingen,kreis,Baden-Württemberg,landkreis-goeppingen.de,https://www.landkreis-goeppingen.de/,wikidata
DE-K-08118,Landkreis Ludwigsburg,kreis,Baden-Württemberg,landkreis-ludwigsburg.de,https://www.landkreis-ludwigsburg.de/,wikidata
DE-K-08119,Rems-Murr-Kreis,kreis,Baden-Württemberg,rems-murr-kreis.de,https://www.rems-murr-kreis.de/,wikidata
DE-K-08125,Landkreis Heilbronn,kreis,Baden-Württemberg,landkreis-heilbronn.de,https://www.landkreis-heilbronn.de/,wikidata
DE-K-08126,Hohenlohekreis,kreis,Baden-Württemberg,hohenlohekreis.de,https://www.hohenlohekreis.de/,wikidata
DE-K-08127,Landkreis Schwäbisch Hall,kreis,Baden-Württemberg,lrasha.de,https://www.lrasha.de/,wikidata
DE-K-08128,Main-Tauber-Kreis,kreis,Baden-Württemberg,main-tauber-kreis.de,https://www.main-tauber-kreis.de/,wikidata
DE-K-08135,Landkreis Heidenheim,kreis,Baden-Württemberg,landkreis-heidenheim.de,http://www.landkreis-heidenheim.de,wikidata
DE-K-08136,Ostalbkreis,kreis,Baden-Württemberg,ostalbkreis.de,https://www.ostalbkreis.de/,wikidata
DE-K-08215,Landkreis Karlsruhe,kreis,Baden-Württemberg,landkreis-karlsruhe.de,https://www.landkreis-karlsruhe.de/,wikidata
DE-K-08216,Landkreis Rastatt,kreis,Baden-Württemberg,landkreis-rastatt.de,https://www.landkreis-rastatt.de/,wikidata
DE-K-08225,Neckar-Odenwald-Kreis,kreis,Baden-Württemberg,neckar-odenwald-kreis.de,http://www.neckar-odenwald-kreis.de,wikidata
DE-K-08226,Rhein-Neckar-Kreis,kreis,Baden-Württemberg,rhein-neckar-kreis.de,https://www.rhein-neckar-kreis.de,wikidata
DE-K-08235,Landkreis Calw,kreis,Baden-Württemberg,kreis-calw.de,https://www.kreis-calw.de/,wikidata
DE-K-08236,Enzkreis,kreis,Baden-Württemberg,enzkreis.de,https://www.enzkreis.de/,wikidata
DE-K-08237,Landkreis Freudenstadt,kreis,Baden-Württemberg,landkreis-freudenstadt.de,https://www.landkreis-freudenstadt.de/,wikidata
DE-K-08315,Landkreis Breisgau-Hochschwarzwald,kreis,Baden-Württemberg,breisgau-hochschwarzwald.de,https://www.breisgau-hochschwarzwald.de,wikidata
DE-K-08316,Landkreis Emmendingen,kreis,Baden-Württemberg,landkreis-emmendingen.de,http://www.landkreis-emmendingen.de/,wikidata
DE-K-08317,Ortenaukreis,kreis,Baden-Württemberg,ortenaukreis.de,https://www.ortenaukreis.de/,wikidata
DE-K-08325,Landkreis Rottweil,kreis,Baden-Württemberg,landkreis-rottweil.de,https://www.landkreis-rottweil.de,wikidata
DE-K-08326,Schwarzwald-Baar-Kreis,kreis,Baden-Württemberg,lrasbk.de,https://www.lrasbk.de/,wikidata
DE-K-08327,Landkreis Tuttlingen,kreis,Baden-Württemberg,landkreis-tuttlingen.de,http://www.landkreis-tuttlingen.de/,wikidata
DE-K-08335,Landkreis Konstanz,kreis,Baden-Württemberg,landkreis-konstanz.de,http://www.landkreis-konstanz.de/,wikidata
DE-K-08336,Landkreis Lörrach,kreis,Baden-Württemberg,loerrach-landkreis.de,https://www.loerrach-landkreis.de/,wikidata
DE-K-08337,Landkreis Waldshut,kreis,Baden-Württemberg,landkreis-waldshut.de,https://www.landkreis-waldshut.de/,wikidata
DE-K-08415,Landkreis Reutlingen,kreis,Baden-Württemberg,kreis-reutlingen.de,http://www.kreis-reutlingen.de/,wikidata
DE-K-08416,Landkreis Tübingen,kreis,Baden-Württemberg,kreis-tuebingen.de,http://www.kreis-tuebingen.de/,wikidata
DE-K-08417,Zollernalbkreis,kreis,Baden-Württemberg,zollernalbkreis.de,http://www.zollernalbkreis.de,wikidata
DE-K-08425,Alb-Donau-Kreis,kreis,Baden-Württemberg,alb-donau-kreis.de,https://www.alb-donau-kreis.de,wikidata
DE-K-08426,Landkreis Biberach,kreis,Baden-Württemberg,biberach.de,https://www.biberach.de/,wikidata
DE-K-08435,Bodenseekreis,kreis,Baden-Württemberg,bodenseekreis.de,http://www.bodenseekreis.de,wikidata
DE-K-08436,Landkreis Ravensburg,kreis,Baden-Württemberg,rv.de,https://www.rv.de/,wikidata
DE-K-08437,Landkreis Sigmaringen,kreis,Baden-Württemberg,landkreis-sigmaringen.de,https://www.landkreis-sigmaringen.de/,wikidata
DE-K-09171,Landkreis Altötting,kreis,Bayern,lra-aoe.de,https://www.lra-aoe.de/,wikidata
DE-K-09172,Landkreis Berchtesgadener Land,kreis,Bayern,lra-bgl.de,https://www.lra-bgl.de/,wikidata
DE-K-09173,Landkreis Bad Tölz-Wolfratshausen,kreis,Bayern,lra-toelz.de,http://www.lra-toelz.de/,wikidata
DE-K-09174,Landkreis Dachau,kreis,Bayern,landkreis-dachau.de,http://www.landkreis-dachau.de/,wikidata
DE-K-09175,Landkreis Ebersberg,kreis,Bayern,lra-ebe.de,https://www.lra-ebe.de/,wikidata
DE-K-09176,Landkreis Eichstätt,kreis,Bayern,landkreis-eichstaett.de,https://www.landkreis-eichstaett.de,wikidata
DE-K-09177,Landkreis Erding,kreis,Bayern,landkreis-erding.de,http://www.landkreis-erding.de/,wikidata
DE-K-09178,Landkreis Freising,kreis,Bayern,landkreis-freising.de,http://www.landkreis-freising.de/,wikidata
DE-K-09179,Landkreis Fürstenfeldbruck,kreis,Bayern,lra-ffb.de,https://www.lra-ffb.de/,wikidata
DE-K-09180,Landkreis Garmisch-Partenkirchen,kreis,Bayern,landkreis-garmisch-partenkirchen.de,http://www.landkreis-garmisch-partenkirchen.de/,wikidata
DE-K-09181,Landkreis Landsberg am Lech,kreis,Bayern,lra-landsberg.de,http://www.lra-landsberg.de/,wikidata
DE-K-09182,Landkreis Miesbach,kreis,Bayern,landkreis-miesbach.de,https://www.landkreis-miesbach.de/,wikidata
DE-K-09183,Landkreis Mühldorf a.Inn,kreis,Bayern,lra-mue.de,https://www.lra-mue.de/,wikidata
DE-K-09184,Landkreis München,kreis,Bayern,landkreis-muenchen.de,https://www.landkreis-muenchen.de/,wikidata
DE-K-09185,Landkreis Neuburg-Schrobenhausen,kreis,Bayern,neuburg-schrobenhausen.de,http://www.neuburg-schrobenhausen.de/,wikidata
DE-K-09186,Landkreis Pfaffenhofen a.d.Ilm,kreis,Bayern,landkreis-pfaffenhofen.de,http://www.landkreis-pfaffenhofen.de/,wikidata
DE-K-09187,Landkreis Rosenheim,kreis,Bayern,landkreis-rosenheim.de,http://www.landkreis-rosenheim.de/,wikidata
DE-K-09188,Landkreis Starnberg,kreis,Bayern,landkreis-starnberg.de,http://www.landkreis-starnberg.de/,wikidata
DE-K-09189,Landkreis Traunstein,kreis,Bayern,traunstein.com,https://www.traunstein.com/,wikidata
DE-K-09190,Landkreis Weilheim-Schongau,kreis,Bayern,weilheim-schongau.de,https://www.weilheim-schongau.de/,wikidata
DE-K-09271,Landkreis Deggendorf,kreis,Bayern,landkreis-deggendorf.de,http://www.landkreis-deggendorf.de/,wikidata
DE-K-09272,Landkreis Freyung-Grafenau,kreis,Bayern,freyung-grafenau.de,http://www.freyung-grafenau.de/,wikidata
DE-K-09273,Landkreis Kelheim,kreis,Bayern,landkreis-kelheim.de,http://www.landkreis-kelheim.de/,wikidata
DE-K-09274,Landkreis Landshut,kreis,Bayern,landkreis-landshut.de,https://www.landkreis-landshut.de/,wikidata
DE-K-09275,Landkreis Passau,kreis,Bayern,landkreis-passau.de,http://www.landkreis-passau.de/,wikidata
DE-K-09276,Landkreis Regen,kreis,Bayern,landkreis-regen.de,http://www.landkreis-regen.de/,wikidata
DE-K-09277,Landkreis Rottal-Inn,kreis,Bayern,rottal-inn.de,https://www.rottal-inn.de/,wikidata
DE-K-09278,Landkreis Straubing-Bogen,kreis,Bayern,straubing-bogen.de,http://www.straubing-bogen.de,wikidata
DE-K-09279,Landkreis Dingolfing-Landau,kreis,Bayern,landkreis-dingolfing-landau.de,http://www.landkreis-dingolfing-landau.de,wikidata
DE-K-09371,Landkreis Amberg-Sulzbach,kreis,Bayern,kreis-as.de,http://www.kreis-as.de/,wikidata
DE-K-09372,Landkreis Cham,kreis,Bayern,landkreis-cham.de,https://www.landkreis-cham.de/,wikidata
DE-K-09373,Landkreis Neumarkt i.d.OPf.,kreis,Bayern,landkreis-neumarkt.de,http://www.landkreis-neumarkt.de/,wikidata
DE-K-09374,Landkreis Neustadt a.d.Waldnaab,kreis,Bayern,neustadt.de,http://www.neustadt.de/,wikidata
DE-K-09375,Landkreis Regensburg,kreis,Bayern,landkreis-regensburg.de,https://www.landkreis-regensburg.de/,wikidata
DE-K-09376,Landkreis Schwandorf,kreis,Bayern,landkreis-schwandorf.de,http://www.landkreis-schwandorf.de/,wikidata
DE-K-09377,Landkreis Tirschenreuth,kreis,Bayern,kreis-tir.de,http://www.kreis-tir.de/,wikidata
DE-K-09471,Landkreis Bamberg,kreis,Bayern,landkreis-bamberg.de,http://www.landkreis-bamberg.de/,wikidata
DE-K-09472,Landkreis Bayreuth,kreis,Bayern,landkreis-bayreuth.de,http://www.landkreis-bayreuth.de/,wikidata
DE-K-09473,Landkreis Coburg,kreis,Bayern,landkreis-coburg.de,http://www.landkreis-coburg.de/,wikidata
DE-K-09474,Landkreis Forchheim,kreis,Bayern,landkreis-forchheim.de,http://www.landkreis-forchheim.de/,wikidata
DE-K-09475,Landkreis Hof,kreis,Bayern,landkreis-hof.de,http://www.landkreis-hof.de,wikidata
DE-K-09476,Landkreis Kronach,kreis,Bayern,landkreis-kronach.de,http://www.landkreis-kronach.de,wikidata
DE-K-09477,Landkreis Kulmbach,kreis,Bayern,landkreis-kulmbach.de,http://www.landkreis-kulmbach.de,wikidata
DE-K-09478,Landkreis Lichtenfels,kreis,Bayern,landkreis-lichtenfels.de,http://www.landkreis-lichtenfels.de/,wikidata
DE-K-09479,Landkreis Wunsiedel i.Fichtelgebirge,kreis,Bayern,landkreis-wunsiedel.de,http://www.landkreis-wunsiedel.de/,wikidata
DE-K-09571,Landkreis Ansbach,kreis,Bayern,landkreis-ansbach.de,https://www.landkreis-ansbach.de/,wikidata
DE-K-09572,Landkreis Erlangen-Höchstadt,kreis,Bayern,erlangen-hoechstadt.de,https://www.erlangen-hoechstadt.de/,wikidata
DE-K-09573,Landkreis Fürth,kreis,Bayern,landkreis-fuerth.de,http://www.landkreis-fuerth.de/,wikidata
DE-K-09574,Landkreis Nürnberger Land,kreis,Bayern,nuernberger-land.de,http://www.nuernberger-land.de/,wikidata
DE-K-09575,Landkreis Neustadt a.d.Aisch-Bad Windsheim,kreis,Bayern,landkreis-nea.de,http://www.landkreis-nea.de/,wikidata
DE-K-09576,Landkreis Roth,kreis,Bayern,landratsamt-roth.de,https://www.landratsamt-roth.de/,wikidata
DE-K-09577,Landkreis Weißenburg-Gunzenhausen,kreis,Bayern,landkreis-wug.de,https://www.landkreis-wug.de/,wikidata
DE-K-09671,Landkreis Aschaffenburg,kreis,Bayern,landkreis-aschaffenburg.de,https://www.landkreis-aschaffenburg.de,wikidata
DE-K-09672,Landkreis Bad Kissingen,kreis,Bayern,landkreis-badkissingen.de,https://www.landkreis-badkissingen.de/,wikidata
DE-K-09673,Landkreis Rhön-Grabfeld,kreis,Bayern,rhoen-grabfeld.de,http://www.rhoen-grabfeld.de/,wikidata
DE-K-09674,Landkreis Haßberge,kreis,Bayern,hassberge.de,https://www.hassberge.de/,wikidata
DE-K-09675,Landkreis Kitzingen,kreis,Bayern,landkreis-kitzingen.de,http://www.landkreis-kitzingen.de,wikidata
DE-K-09676,Landkreis Miltenberg,kreis,Bayern,landkreis-miltenberg.de,https://www.landkreis-miltenberg.de/,wikidata
DE-K-09677,Landkreis Main-Spessart,kreis,Bayern,main-spessart.de,https://www.main-spessart.de,wikidata
DE-K-09678,Landkreis Schweinfurt,kreis,Bayern,landkreis-schweinfurt.de,https://www.landkreis-schweinfurt.de/,wikidata
DE-K-09679,Landkreis Würzburg,kreis,Bayern,landkreis-wuerzburg.de,http://www.landkreis-wuerzburg.de/,wikidata
DE-K-09771,Landkreis Aichach-Friedberg,kreis,Bayern,lra-aic-fdb.de,http://www.lra-aic-fdb.de/,wikidata
DE-K-09772,Landkreis Augsburg,kreis,Bayern,landkreis-augsburg.de,https://www.landkreis-augsburg.de/,wikidata
DE-K-09773,Landkreis Dillingen a.d.Donau,kreis,Bayern,landkreis-dillingen.de,http://www.landkreis-dillingen.de,wikidata
DE-K-09774,Landkreis Günzburg,kreis,Bayern,landkreis-guenzburg.de,http://www.landkreis-guenzburg.de/,wikidata
DE-K-09775,Landkreis Neu-Ulm,kreis,Bayern,landkreis-nu.de,https://www.landkreis-nu.de/,wikidata
DE-K-09776,Landkreis Lindau (Bodensee),kreis,Bayern,landkreis-lindau.de,http://www.landkreis-lindau.de/,wikidata
DE-K-09777,Landkreis Ostallgäu,kreis,Bayern,ostallgaeu.de,http://www.ostallgaeu.de/,wikidata
DE-K-09778,Landkreis Unterallgäu,kreis,Bayern,unterallgaeu.de,https://www.unterallgaeu.de,wikidata
DE-K-09779,Landkreis Donau-Ries,kreis,Bayern,donau-ries.de,https://donau-ries.de,wikidata
DE-K-09780,Landkreis Oberallgäu,kreis,Bayern,oberallgaeu.de,https://www.oberallgaeu.de/,wikidata
DE-K-10041,Regionalverband Saarbrücken,kreis,Saarland,regionalverband-saarbruecken.de,https://www.regionalverband-saarbruecken.de/,wikidata
DE-K-10042,Landkreis Merzig-Wadern,kreis,Saarland,merzig-wadern.de,https://www.merzig-wadern.de/,wikidata
DE-K-10043,Landkreis Neunkirchen,kreis,Saarland,landkreis-neunkirchen.de,https://www.landkreis-neunkirchen.de/,wikidata
DE-K-10044,Landkreis Saarlouis,kreis,Saarland,kreis-saarlouis.de,https://www.kreis-saarlouis.de/,wikidata
DE-K-10045,Saarpfalz-Kreis,kreis,Saarland,saarpfalz-kreis.de,https://www.saarpfalz-kreis.de/,wikidata
DE-K-10046,Landkreis St. Wendel,kreis,Saarland,landkreis-st-wendel.de,https://www.landkreis-st-wendel.de/,wikidata
DE-K-12060,Landkreis Barnim,kreis,Brandenburg,barnim.de,https://www.barnim.de/,wikidata
DE-K-12061,Landkreis Dahme-Spreewald,kreis,Brandenburg,dahme-spreewald.info,https://www.dahme-spreewald.info/,wikidata
DE-K-12062,Landkreis Elbe-Elster,kreis,Brandenburg,lkee.de,https://www.lkee.de/,wikidata
DE-K-12063,Landkreis Havelland,kreis,Brandenburg,havelland.de,https://www.havelland.de/,wikidata
DE-K-12064,Landkreis Märkisch-Oderland,kreis,Brandenburg,maerkisch-oderland.de,https://www.maerkisch-oderland.de/,wikidata
DE-K-12065,Landkreis Oberhavel,kreis,Brandenburg,oberhavel.de,https://www.oberhavel.de/,wikidata
DE-K-12066,Landkreis Oberspreewald-Lausitz,kreis,Brandenburg,osl-online.de,https://www.osl-online.de/,wikidata
DE-K-12067,Landkreis Oder-Spree,kreis,Brandenburg,landkreis-oder-spree.de,https://www.landkreis-oder-spree.de/,wikidata
DE-K-12068,Landkreis Ostprignitz-Ruppin,kreis,Brandenburg,ostprignitz-ruppin.de,https://www.ostprignitz-ruppin.de/,wikidata
DE-K-12069,Landkreis Potsdam-Mittelmark,kreis,Brandenburg,potsdam-mittelmark.de,https://www.potsdam-mittelmark.de/,wikidata
DE-K-12070,Landkreis Prignitz,kreis,Brandenburg,landkreis-prignitz.de,https://landkreis-prignitz.de,wikidata
DE-K-12071,Landkreis Spree-Neiße,kreis,Brandenburg,lkspn.de,https://www.lkspn.de/,wikidata
DE-K-12072,Landkreis Teltow-Fläming,kreis,Brandenburg,teltow-flaeming.de,https://www.teltow-flaeming.de/,wikidata
DE-K-12073,Landkreis Uckermark,kreis,Brandenburg,uckermark.de,https://www.uckermark.de/,wikidata
DE-K-13071,Landkreis Mecklenburgische Seenplatte,kreis,Mecklenburg-Vorpommern,lk-mecklenburgische-seenplatte.de,https://www.lk-mecklenburgische-seenplatte.de/,wikidata
DE-K-13072,Landkreis Rostock,kreis,Mecklenburg-Vorpommern,landkreis-rostock.de,https://www.landkreis-rostock.de/,wikidata
DE-K-13073,Landkreis Vorpommern-Rügen,kreis,Mecklenburg-Vorpommern,lk-vr.de,https://www.lk-vr.de/,wikidata
DE-K-13074,Landkreis Nordwestmecklenburg,kreis,Mecklenburg-Vorpommern,nordwestmecklenburg.de,https://www.nordwestmecklenburg.de/,wikidata
DE-K-13075,Landkreis Vorpommern-Greifswald,kreis,Mecklenburg-Vorpommern,kreis-vg.de,https://www.kreis-vg.de/,wikidata
DE-K-13076,Landkreis Ludwigslust-Parchim,kreis,Mecklenburg-Vorpommern,kreis-lup.de,https://www.kreis-lup.de/,wikidata
DE-K-14521,Erzgebirgskreis,kreis,Sachsen,erzgebirgskreis.de,https://www.erzgebirgskreis.de/,wikidata
DE-K-14522,Landkreis Mittelsachsen,kreis,Sachsen,landkreis-mittelsachsen.de,https://www.landkreis-mittelsachsen.de/,wikidata
DE-K-14523,Vogtlandkreis,kreis,Sachsen,vogtlandkreis.de,https://www.vogtlandkreis.de/,wikidata
DE-K-14524,Landkreis Zwickau,kreis,Sachsen,landkreis-zwickau.de,https://www.landkreis-zwickau.de/,wikidata
DE-K-14625,Landkreis Bautzen,kreis,Sachsen,landkreis-bautzen.de,https://www.landkreis-bautzen.de/,wikidata
DE-K-14626,Landkreis Görlitz,kreis,Sachsen,kreis-goerlitz.de,https://www.kreis-goerlitz.de/,wikidata
DE-K-14627,Landkreis Meißen,kreis,Sachsen,kreis-meissen.de,https://www.kreis-meissen.de/,wikidata
DE-K-14628,Landkreis Sächsische Schweiz-Osterzgebirge,kreis,Sachsen,landratsamt-pirna.de,https://www.landratsamt-pirna.de/,wikidata
DE-K-14729,Landkreis Leipzig,kreis,Sachsen,landkreisleipzig.de,https://www.landkreisleipzig.de/,wikidata
DE-K-14730,Landkreis Nordsachsen,kreis,Sachsen,landkreis-nordsachsen.de,https://www.landkreis-nordsachsen.de/,wikidata
DE-K-15081,Altmarkkreis Salzwedel,kreis,Sachsen-Anhalt,altmarkkreis-salzwedel.de,https://www.altmarkkreis-salzwedel.de/,wikidata
DE-K-15082,Landkreis Anhalt-Bitterfeld,kreis,Sachsen-Anhalt,anhalt-bitterfeld.de,https://www.anhalt-bitterfeld.de/,wikidata
DE-K-15083,Landkreis Börde,kreis,Sachsen-Anhalt,landkreis-boerde.de,https://www.landkreis-boerde.de/,wikidata
DE-K-15084,Burgenlandkreis,kreis,Sachsen-Anhalt,burgenlandkreis.de,https://www.burgenlandkreis.de/,wikidata
DE-K-15085,Landkreis Harz,kreis,Sachsen-Anhalt,kreis-hz.de,https://www.kreis-hz.de/,wikidata
DE-K-15086,Landkreis Jerichower Land,kreis,Sachsen-Anhalt,lkjl.de,https://www.lkjl.de/,wikidata
DE-K-15087,Landkreis Mansfeld-Südharz,kreis,Sachsen-Anhalt,mansfeldsuedharz.de,https://www.mansfeldsuedharz.de/,wikidata
DE-K-15088,Saalekreis,kreis,Sachsen-Anhalt,saalekreis.de,https://www.saalekreis.de/,wikidata
DE-K-15089,Salzlandkreis,kreis,Sachsen-Anhalt,salzlandkreis.de,https://www.salzlandkreis.de/,wikidata
DE-K-15090,Landkreis Stendal,kreis,Sachsen-Anhalt,landkreis-stendal.de,https://www.landkreis-stendal.de/,wikidata
DE-K-15091,Landkreis Wittenberg,kreis,Sachsen-Anhalt,landkreis-wittenberg.de,https://www.landkreis-wittenberg.de/,wikidata
DE-K-16061,Landkreis Eichsfeld,kreis,Thüringen,kreis-eic.de,https://www.kreis-eic.de/,wikidata
DE-K-16062,Landkreis Nordhausen,kreis,Thüringen,landkreis-nordhausen.de,https://landkreis-nordhausen.de/,wikidata
DE-K-16063,Wartburgkreis,kreis,Thüringen,wartburgkreis.de,https://www.wartburgkreis.de/,wikidata
DE-K-16064,Unstrut-Hainich-Kreis,kreis,Thüringen,unstrut-hainich-kreis.de,https://www.unstrut-hainich-kreis.de/,wikidata
DE-K-16065,Kyffhäuserkreis,kreis,Thüringen,kyffhaeuser.de,https://www.kyffhaeuser.de/,wikidata
DE-K-16066,Landkreis Schmalkalden-Meiningen,kreis,Thüringen,lra-sm.de,https://www.lra-sm.de/,wikidata
DE-K-16067,Landkreis Gotha,kreis,Thüringen,landkreis-gotha.de,https://www.landkreis-gotha.de/,wikidata
DE-K-16068,Landkreis Sömmerda,kreis,Thüringen,lra-soemmerda.de,https://www.lra-soemmerda.de/,wikidata
DE-K-16069,Landkreis Hildburghausen,kreis,Thüringen,landkreis-hildburghausen.de,https://www.landkreis-hildburghausen.de/,wikidata
DE-K-16070,Ilm-Kreis,kreis,Thüringen,ilm-kreis.de,https://www.ilm-kreis.de/,wikidata
DE-K-16071,Landkreis Weimarer Land,kreis,Thüringen,weimarerland.de,https://weimarerland.de/,wikidata
DE-K-16072,Landkreis Sonneberg,kreis,Thüringen,kreis-sonneberg.de,https://www.kreis-sonneberg.de/,wikidata
DE-K-16073,Landkreis Saalfeld-Rudolstadt,kreis,Thüringen,kreis-slf.de,https://www.kreis-slf.de/,wikidata
DE-K-16074,Saale-Holzland-Kreis,kreis,Thüringen,saaleholzlandkreis.de,https://www.saaleholzlandkreis.de/,wikidata
DE-K-16075,Saale-Orla-Kreis,kreis,Thüringen,saale-orla-kreis.de,https://www.saale-orla-kreis.de/,wikidata
DE-K-16076,Landkreis Greiz,kreis,Thüringen,landkreis-greiz.de,https://www.landkreis-greiz.de/,wikidata
DE-K-16077,Landkreis Altenburger Land,kreis,Thüringen,altenburgerland.de,https://www.altenburgerland.de/,wikidata
AT-G-10101,Eisenstadt,gemeinde,Burgenland,eisenstadt.gv.at,https://www.eisenstadt.gv.at/,wikidata
AT-G-10201,Rust,gemeinde,Burgenland,freistadt-rust.at,https://www.freistadt-rust.at/,wikidata
AT-G-10301,Breitenbrunn am Neusiedler See,gemeinde,Burgenland,breitenbrunn.at,http://www.breitenbrunn.at/home.html,wikidata
AT-G-10302,Donnerskirchen,gemeinde,Burgenland,donnerskirchen.at,http://www.donnerskirchen.at/,wikidata
AT-G-10303,Großhöflein,gemeinde,Burgenland,grosshoeflein.at,http://www.grosshoeflein.at/,wikidata
AT-G-10304,Hornstein,gemeinde,Burgenland,hornstein.at,https://www.hornstein.at/,wikidata
AT-G-10305,Klingenbach,gemeinde,Burgenland,klingenbach.info,http://www.klingenbach.info/,wikidata
AT-G-10306,Leithaprodersdorf,gemeinde,Burgenland,leithaprodersdorf.gv.at,http://www.leithaprodersdorf.gv.at/,wikidata
AT-G-10307,Mörbisch am See,gemeinde,Burgenland,moerbisch.com,http://www.moerbisch.com/,wikidata
AT-G-10308,Müllendorf,gemeinde,Burgenland,muellendorf.at,http://www.muellendorf.at/,wikidata
AT-G-10309,Neufeld an der Leitha,gemeinde,Burgenland,neufeld-leitha.at,http://www.neufeld-leitha.at/,wikidata
AT-G-10310,Oggau am Neusiedler See,gemeinde,Burgenland,oggau.at,http://www.oggau.at/,wikidata
AT-G-10311,Oslip,gemeinde,Burgenland,oslip.at,http://www.oslip.at,wikidata
AT-G-10312,Purbach am Neusiedler See,gemeinde,Burgenland,purbach.at,http://www.purbach.at,wikidata
AT-G-10313,Sankt Margarethen im Burgenland,gemeinde,Burgenland,st-margarethen.at,https://www.st-margarethen.at/,wikidata
AT-G-10314,Schützen am Gebirge,gemeinde,Burgenland,schuetzen-am-gebirge.com,http://www.schuetzen-am-gebirge.com,wikidata
AT-G-10315,Siegendorf,gemeinde,Burgenland,siegendorf.info,http://www.siegendorf.info/,wikidata
AT-G-10316,Steinbrunn,gemeinde,Burgenland,steinbrunn.at,http://www.steinbrunn.at/,wikidata
AT-G-10317,Trausdorf an der Wulka,gemeinde,Burgenland,trausdorf-wulka.gv.at,http://www.trausdorf-wulka.gv.at/,wikidata
AT-G-10318,Wimpassing an der Leitha,gemeinde,Burgenland,wimpassing-leitha.at,https://www.wimpassing-leitha.at/,wikidata
AT-G-10319,Wulkaprodersdorf,gemeinde,Burgenland,wulkaprodersdorf.at,http://www.wulkaprodersdorf.at,wikidata
AT-G-10320,Loretto,gemeinde,Burgenland,gemeinde-loretto.at,http://www.gemeinde-loretto.at/,wikidata
AT-G-10321,Stotzing,gemeinde,Burgenland,stotzing.at,https://www.stotzing.at/,wikidata
AT-G-10322,Zillingtal,gemeinde,Burgenland,zillingtal.eu,https://www.zillingtal.eu/,wikidata
AT-G-10323,Zagersdorf,gemeinde,Burgenland,zagersdorf.at,http://www.zagersdorf.at/,wikidata
AT-G-10401,Bocksdorf,gemeinde,Burgenland,bocksdorf.at,http://www.bocksdorf.at,wikidata
AT-G-10402,Burgauberg-Neudauberg,gemeinde,Burgenland,burgauberg-neudauberg.at,http://www.burgauberg-neudauberg.at/,wikidata
AT-G-10403,Eberau,gemeinde,Burgenland,eberau.at,http://www.eberau.at/,wikidata
AT-G-10404,Gerersdorf-Sulz,gemeinde,Burgenland,gerersdorf-sulz.at,https://www.gerersdorf-sulz.at/,wikidata
AT-G-10405,Güssing,gemeinde,Burgenland,gussing.at,http://www.gussing.at,wikidata
AT-G-10406,Güttenbach,gemeinde,Burgenland,guettenbach.at,http://www.guettenbach.at/front_content.php,wikidata
AT-G-10407,Heiligenbrunn,gemeinde,Burgenland,heiligenbrunn.at,http://www.heiligenbrunn.at/,wikidata
AT-G-10408,Kukmirn,gemeinde,Burgenland,kukmirn.at,http://www.kukmirn.at,wikidata
AT-G-10409,Neuberg im Burgenland,gemeinde,Burgenland,neuberg-bgld.at,http://www.neuberg-bgld.at/,wikidata
AT-G-10410,Neustift bei Güssing,gemeinde,Burgenland,neustift-bei-güssing.at,http://www.neustift-bei-güssing.at/,wikidata
AT-G-10411,Olbendorf,gemeinde,Burgenland,olbendorf.at,https://www.olbendorf.at/,wikidata
AT-G-10412,Ollersdorf im Burgenland,gemeinde,Burgenland,ollersdorf-burgenland.at,http://www.ollersdorf-burgenland.at/,wikidata
AT-G-10413,Sankt Michael im Burgenland,gemeinde,Burgenland,gde-st-michael-b.nwy.at,http://www.gde-st-michael-b.nwy.at/,wikidata
AT-G-10414,Stegersbach,gemeinde,Burgenland,stegersbach.at,https://www.stegersbach.at/,wikidata
AT-G-10415,Stinatz,gemeinde,Burgenland,stinatz.gv.at,http://www.stinatz.gv.at,wikidata
AT-G-10416,Strem,gemeinde,Burgenland,strem.co.at,http://www.strem.co.at/,wikidata
AT-G-10417,Tobaj,gemeinde,Burgenland,tobaj.gv.at,http://www.tobaj.gv.at/,wikidata
AT-G-10418,Hackerberg,gemeinde,Burgenland,hackerberg.at,http://www.hackerberg.at/,wikidata
AT-G-10419,Wörterberg,gemeinde,Burgenland,woerterberg.at,http://www.woerterberg.at/,wikidata
AT-G-10420,Großmürbisch,gemeinde,Burgenland,grossmuerbisch.at,http://www.grossmuerbisch.at,wikidata
AT-G-10421,Inzenhof,gemeinde,Burgenland,inzenhof.at,http://www.inzenhof.at/,wikidata
AT-G-10422,Kleinmürbisch,gemeinde,Burgenland,kleinmuerbisch.at,http://www.kleinmuerbisch.at/,wikidata
AT-G-10423,Tschanigraben,gemeinde,Burgenland,tschanigraben.at,https://www.tschanigraben.at/,wikidata
AT-G-10424,Heugraben,gemeinde,Burgenland,heugraben.at,http://www.heugraben.at/,wikidata
AT-G-10425,Rohr im Burgenland,gemeinde,Burgenland,rohr-bgld.at,http://www.rohr-bgld.at/,wikidata
AT-G-10426,Bildein,gemeinde,Burgenland,bildein.at,http://www.bildein.at/,wikidata
AT-G-10427,Rauchwart,gemeinde,Burgenland,rauchwart.at,http://www.rauchwart.at/,wikidata
AT-G-10428,Moschendorf,gemeinde,Burgenland,moschendorf.at,http://www.moschendorf.at//,wikidata
AT-G-10501,Deutsch Kaltenbrunn,gemeinde,Burgenland,deutschkaltenbrunn.eu,http://www.deutschkaltenbrunn.eu/,wikidata
AT-G-10502,Eltendorf,gemeinde,Burgenland,eltendorf.at,http://www.eltendorf.at/,wikidata
AT-G-10503,Heiligenkreuz im Lafnitztal,gemeinde,Burgenland,heiligenkreuz-lafnitztal.at,http://www.heiligenkreuz-lafnitztal.at/,wikidata
AT-G-10504,Jennersdorf,gemeinde,Burgenland,jennersdorf.eu,http://www.jennersdorf.eu/,wikidata
AT-G-10505,Minihof-Liebau,gemeinde,Burgenland,minihof-liebau.at,http://www.minihof-liebau.at/,wikidata
AT-G-10506,Mogersdorf,gemeinde,Burgenland,mogersdorf.at,http://www.mogersdorf.at,wikidata
AT-G-10507,Neuhaus am Klausenbach,gemeinde,Burgenland,neuhaus-klausenbach.at,http://www.neuhaus-klausenbach.at,wikidata
AT-G-10508,Rudersdorf,gemeinde,Burgenland,rudersdorf.at,http://www.rudersdorf.at,wikidata
AT-G-10509,Sankt Martin an der Raab,gemeinde,Burgenland,st-martin-raab.at,https://st-martin-raab.at/,wikidata
AT-G-10510,Weichselbaum,gemeinde,Burgenland,gemeinde-weichselbaum.at,https://www.gemeinde-weichselbaum.at/,wikidata
AT-G-10511,Königsdorf,gemeinde,Burgenland,koenigsdorf.at,http://www.koenigsdorf.at/,wikidata
AT-G-10512,Mühlgraben,gemeinde,Burgenland,,,
AT-G-10601,Draßburg,gemeinde,Burgenland,drassburg.at,http://www.drassburg.at/,wikidata
AT-G-10602,Forchtenstein,gemeinde,Burgenland,forchtenstein.at,https://www.forchtenstein.at,wikidata
AT-G-10603,Hirm,gemeinde,Burgenland,gemeinde-hirm.at,http://www.gemeinde-hirm.at/,wikidata
AT-G-10604,Loipersbach im Burgenland,gemeinde,Burgenland,loipersbach.info,http://www.loipersbach.info,wikidata
AT-G-10605,Marz,gemeinde,Burgenland,marz.at,http://www.marz.at/,wikidata
AT-G-10606,Mattersburg,gemeinde,Burgenland,mattersburg.gv.at,http://www.mattersburg.gv.at/,wikidata
AT-G-10607,Neudörfl,gemeinde,Burgenland,neudoerfl.gv.at,http://www.neudoerfl.gv.at/,wikidata
AT-G-10608,Pöttelsdorf,gemeinde,Burgenland,gemeindepoettelsdorf.at,http://www.gemeindepoettelsdorf.at/,wikidata
AT-G-10609,Pöttsching,gemeinde,Burgenland,poettsching.info,http://www.poettsching.info/,wikidata
AT-G-10610,Rohrbach bei Mattersburg,gemeinde,Burgenland,rohrbach-bm.at,http://www.rohrbach-bm.at/,wikidata
AT-G-10611,Bad Sauerbrunn,gemeinde,Burgenland,bad-sauerbrunn.at,http://www.bad-sauerbrunn.at,wikidata
AT-G-10612,Schattendorf,gemeinde,Burgenland,schattendorf.at,http://www.schattendorf.at,wikidata
AT-G-10613,Sieggraben,gemeinde,Burgenland,sieggraben.at,http://www.sieggraben.at,wikidata
AT-G-10614,Sigleß,gemeinde,Burgenland,sigless.at,http://www.sigless.at,wikidata
AT-G-10615,Wiesen,gemeinde,Burgenland,wiesen.eu,http://www.wiesen.eu/,wikidata
AT-G-10616,Antau,gemeinde,Burgenland,antau.gv.at,http://www.antau.gv.at,wikidata
AT-G-10617,Baumgarten,gemeinde,Burgenland,baumgarten.gv.at,https://www.baumgarten.gv.at/,wikidata
AT-G-10618,Zemendorf-Stöttera,gemeinde,Burgenland,zemendorf-stoettera.at,http://www.zemendorf-stoettera.at,wikidata
AT-G-10619,Krensdorf,gemeinde,Burgenland,krensdorf.at,http://www.krensdorf.at/,wikidata
AT-G-10701,Andau,gemeinde,Burgenland,andau-gemeinde.at,http://www.andau-gemeinde.at/,wikidata
AT-G-10702,Apetlon,gemeinde,Burgenland,gemeinde-apetlon.at,http://www.gemeinde-apetlon.at/,wikidata
AT-G-10703,Bruckneudorf,gemeinde,Burgenland,bruckneudorf.eu,http://www.bruckneudorf.eu/,wikidata
AT-G-10704,Deutsch Jahrndorf,gemeinde,Burgenland,deutsch-jahrndorf.at,http://www.deutsch-jahrndorf.at/,wikidata
AT-G-10705,Frauenkirchen,gemeinde,Burgenland,frauenkirchen.at,https://www.frauenkirchen.at,wikidata
AT-G-10706,Gattendorf,gemeinde,Burgenland,gattendorf.at,http://www.gattendorf.at,wikidata
AT-G-10707,Gols,gemeinde,Burgenland,gols.at,https://www.gols.at/,wikidata
AT-G-10708,Halbturn,gemeinde,Burgenland,halbturn.at,http://www.halbturn.at/,wikidata
AT-G-10709,Illmitz,gemeinde,Burgenland,illmitz.co.at,http://www.Illmitz.co.at,wikidata
AT-G-10710,Jois,gemeinde,Burgenland,jois.at,http://www.jois.at/,wikidata
AT-G-10711,Kittsee,gemeinde,Burgenland,kittsee.at,http://www.kittsee.at/,wikidata
AT-G-10712,Mönchhof,gemeinde,Burgenland,moenchhof.at,https://www.moenchhof.at/,wikidata
AT-G-10713,Neusiedl am See,gemeinde,Burgenland,neusiedlamsee.at,http://www.neusiedlamsee.at/,wikidata
AT-G-10714,Nickelsdorf,gemeinde,Burgenland,nickelsdorf.at,http://www.nickelsdorf.at/,wikidata
AT-G-10715,Pama,gemeinde,Burgenland,gemeinde-pama.at,http://www.gemeinde-pama.at/,wikidata
AT-G-10716,Pamhagen,gemeinde,Burgenland,gemeinde-pamhagen.at,https://www.gemeinde-pamhagen.at/,wikidata
AT-G-10717,Parndorf,gemeinde,Burgenland,gemeinde-parndorf.at,http://www.gemeinde-parndorf.at,wikidata
AT-G-10718,Podersdorf am See,gemeinde,Burgenland,gemeindepodersdorfamsee.at,http://www.gemeindepodersdorfamsee.at/,wikidata
AT-G-10719,Sankt Andrä am Zicksee,gemeinde,Burgenland,standraezicksee.at,http://www.standraezicksee.at/,wikidata
AT-G-10720,Tadten,gemeinde,Burgenland,tadten.eu,http://www.tadten.eu,wikidata
AT-G-10721,Wallern im Burgenland,gemeinde,Burgenland,marktgemeinde-wallern-im-burgenland.at,http://www.marktgemeinde-wallern-im-burgenland.at/,wikidata
AT-G-10722,Weiden am See,gemeinde,Burgenland,weiden-see.at,http://www.weiden-see.at,wikidata
AT-G-10723,Winden am See,gemeinde,Burgenland,winden.at,http://www.winden.at/,wikidata
AT-G-10724,Zurndorf,gemeinde,Burgenland,zurndorf.at,http://www.zurndorf.at,wikidata
AT-G-10725,Neudorf,gemeinde,Burgenland,neudorfbeiparndorf.at,https://www.neudorfbeiparndorf.at,wikidata
AT-G-10726,Potzneusiedl,gemeinde,Burgenland,potzneusiedl.at,http://www.potzneusiedl.at,wikidata
AT-G-10727,Edelstal,gemeinde,Burgenland,gemeinde-edelstal.at,http://www.gemeinde-edelstal.at,wikidata
AT-G-10801,Deutschkreutz,gemeinde,Burgenland,deutschkreutz.at,http://www.deutschkreutz.at/,wikidata
AT-G-10802,Draßmarkt,gemeinde,Burgenland,drassmarkt.at,http://www.drassmarkt.at,wikidata
AT-G-10803,Frankenau-Unterpullendorf,gemeinde,Burgenland,frankenau-unterpullendorf.gv.at,http://www.frankenau-unterpullendorf.gv.at/,wikidata
AT-G-10804,Großwarasdorf,gemeinde,Burgenland,grosswarasdorf.at,http://www.grosswarasdorf.at,wikidata
AT-G-10805,Horitschon,gemeinde,Burgenland,horitschon.at,http://www.horitschon.at/,wikidata
AT-G-10806,Kaisersdorf,gemeinde,Burgenland,kaisersdorf.com,http://www.kaisersdorf.com/,wikidata
AT-G-10807,Kobersdorf,gemeinde,Burgenland,kobersdorf.at,http://www.kobersdorf.at,wikidata
AT-G-10808,Lackenbach,gemeinde,Burgenland,gemeinde-lackenbach.at,http://www.gemeinde-lackenbach.at/,wikidata
AT-G-10809,Lockenhaus,gemeinde,Burgenland,lockenhaus.at,http://www.lockenhaus.at/,wikidata
AT-G-10810,Lutzmannsburg,gemeinde,Burgenland,lutzmannsburg.info,http://www.lutzmannsburg.info,wikidata
AT-G-10811,Mannersdorf an der Rabnitz,gemeinde,Burgenland,mannersdorf-adr.at,http://www.mannersdorf-adr.at,wikidata
AT-G-10812,Markt Sankt Martin,gemeinde,Burgenland,marktstmartin.at,http://www.marktstmartin.at,wikidata
AT-G-10813,Neckenmarkt,gemeinde,Burgenland,neckenmarkt.eu,http://www.neckenmarkt.eu/,wikidata
AT-G-10814,Neutal,gemeinde,Burgenland,neutal.at,http://www.neutal.at,wikidata
AT-G-10815,Nikitsch,gemeinde,Burgenland,gemeinde-nikitsch.at,http://www.gemeinde-nikitsch.at/,wikidata
AT-G-10816,Oberpullendorf,gemeinde,Burgenland,oberpullendorf.at,https://www.oberpullendorf.at,wikidata
AT-G-10817,Pilgersdorf,gemeinde,Burgenland,pilgersdorf.at,http://www.pilgersdorf.at/,wikidata
AT-G-10818,Piringsdorf,gemeinde,Burgenland,piringsdorf.at,https://www.piringsdorf.at/,wikidata
AT-G-10819,Raiding,gemeinde,Burgenland,raiding.at,http://www.raiding.at/,wikidata
AT-G-10820,Ritzing,gemeinde,Burgenland,ritzing.at,http://www.ritzing.at/,wikidata
AT-G-10821,Steinberg-Dörfl,gemeinde,Burgenland,steinberg-dörfl.at,http://www.steinberg-dörfl.at/,wikidata
AT-G-10822,Stoob,gemeinde,Burgenland,stoob.at,http://www.stoob.at,wikidata
AT-G-10823,Weppersdorf,gemeinde,Burgenland,weppersdorf.at,https://www.weppersdorf.at/,wikidata
AT-G-10824,Lackendorf,gemeinde,Burgenland,lackendorf.at,http://www.lackendorf.at/,wikidata
AT-G-10825,Unterfrauenhaid,gemeinde,Burgenland,unterfrauenhaid.at,http://www.unterfrauenhaid.at/,wikidata
AT-G-10826,Unterrabnitz-Schwendgraben,gemeinde,Burgenland,unterrabnitz.at,http://www.unterrabnitz.at/,wikidata
AT-G-10827,Weingraben,gemeinde,Burgenland,,,
AT-G-10828,Oberloisdorf,gemeinde,Burgenland,oberloisdorf.at,http://www.oberloisdorf.at/,wikidata
AT-G-10901,Bad Tatzmannsdorf,gemeinde,Burgenland,bad-tatzmannsdorf.at,http://www.bad-tatzmannsdorf.at/,wikidata
AT-G-10902,Bernstein,gemeinde,Burgenland,bernstein.gv.at,http://www.bernstein.gv.at,wikidata
AT-G-10903,Deutsch Schützen-Eisenberg,gemeinde,Burgenland,eisenberg.at,https://eisenberg.at/,wikidata
AT-G-10904,Grafenschachen,gemeinde,Burgenland,grafenschachen.at,http://www.grafenschachen.at/,wikidata
AT-G-10905,Großpetersdorf,gemeinde,Burgenland,grosspetersdorf.at,http://www.grosspetersdorf.at/,wikidata
AT-G-10906,Hannersdorf,gemeinde,Burgenland,hannersdorf.at,http://www.hannersdorf.at,wikidata
AT-G-10907,Kemeten,gemeinde,Burgenland,kemeten.at,http://www.kemeten.at/,wikidata
AT-G-10908,Kohfidisch,gemeinde,Burgenland,kohfidisch.at,http://www.kohfidisch.at,wikidata
AT-G-10909,Litzelsdorf,gemeinde,Burgenland,litzelsdorf.at,http://www.litzelsdorf.at/,wikidata
AT-G-10910,Loipersdorf-Kitzladen,gemeinde,Burgenland,loipersdorf-kitzladen.at,http://www.loipersdorf-kitzladen.at/,wikidata
AT-G-10911,Mariasdorf,gemeinde,Burgenland,mariasdorf.at,http://www.mariasdorf.at,wikidata
AT-G-10912,Markt Allhau,gemeinde,Burgenland,marktallhau.at,http://www.marktallhau.at,wikidata
AT-G-10913,Markt Neuhodis,gemeinde,Burgenland,markt-neuhodis.eu,http://www.markt-neuhodis.eu/,wikidata
AT-G-10914,Mischendorf,gemeinde,Burgenland,mischendorf.at,http://www.mischendorf.at,wikidata
AT-G-10915,Oberdorf im Burgenland,gemeinde,Burgenland,oberdorf.at,http://www.oberdorf.at,wikidata
AT-G-10916,Oberschützen,gemeinde,Burgenland,oberschuetzen.at,http://www.oberschuetzen.at,wikidata
AT-G-10917,Oberwart,gemeinde,Burgenland,oberwart.gv.at,http://www.oberwart.gv.at/,wikidata
AT-G-10918,Pinkafeld,gemeinde,Burgenland,pinkafeld-online.at,http://www.pinkafeld-online.at,wikidata
AT-G-10919,Rechnitz,gemeinde,Burgenland,rechnitz.com,http://www.rechnitz.com/,wikidata
AT-G-10920,Riedlingsdorf,gemeinde,Burgenland,riedlingsdorf.at,http://www.riedlingsdorf.at/,wikidata
AT-G-10921,Rotenturm an der Pinka,gemeinde,Burgenland,gemeinde-rotenturm.at,https://www.gemeinde-rotenturm.at/,wikidata
AT-G-10922,Schachendorf,gemeinde,Burgenland,schachendorf.at,http://www.schachendorf.at/,wikidata
AT-G-10923,Stadtschlaining,gemeinde,Burgenland,stadtschlaining.co.at,http://www.stadtschlaining.co.at,wikidata
AT-G-10924,Unterkohlstätten,gemeinde,Burgenland,unterkohlstaetten.at,http://www.unterkohlstaetten.at/,wikidata
AT-G-10925,Unterwart,gemeinde,Burgenland,unterwart.at,http://www.unterwart.at,wikidata
AT-G-10926,Weiden bei Rechnitz,gemeinde,Burgenland,weiden-rechnitz.at,http://www.weiden-rechnitz.at/,wikidata
AT-G-10927,Wiesfleck,gemeinde,Burgenland,wiesfleck.at,https://www.wiesfleck.at,wikidata
AT-G-10928,Wolfau,gemeinde,Burgenland,wolfau.at,http://www.wolfau.at,wikidata
AT-G-10929,Neustift an der Lafnitz,gemeinde,Burgenland,neustift-lafnitz.at,http://www.neustift-lafnitz.at/,wikidata
AT-G-10930,Jabing,gemeinde,Burgenland,gemeinde-jabing.at,http://www.gemeinde-jabing.at,wikidata
AT-G-10931,Badersdorf,gemeinde,Burgenland,badersdorf.at,http://www.badersdorf.at/,wikidata
AT-G-10932,Schandorf,gemeinde,Burgenland,schandorf.at,http://www.schandorf.at,wikidata
AT-G-20101,Klagenfurt am Wörthersee,gemeinde,Kärnten,klagenfurt.at,https://www.klagenfurt.at,wikidata
AT-G-20201,Villach,gemeinde,Kärnten,villach.at,https://villach.at/,wikidata
AT-G-20302,Dellach,gemeinde,Kärnten,dellach.at,http://gemeinde.dellach.at/,wikidata
AT-G-20305,Hermagor-Pressegger See,gemeinde,Kärnten,hermagor.at,http://www.hermagor.at/,wikidata
AT-G-20306,Kirchbach,gemeinde,Kärnten,kirchbach-kaernten.at,http://www.kirchbach-kaernten.at/,wikidata
AT-G-20307,Kötschach-Mauthen,gemeinde,Kärnten,koetschach-mauthen.gv.at,https://koetschach-mauthen.gv.at/,wikidata
AT-G-20316,St. Stefan im Gailtal,gemeinde,Kärnten,st.stefan-gailtal.at,http://www.st.stefan-gailtal.at/,wikidata
AT-G-20320,Gitschtal,gemeinde,Kärnten,gitschtal.at,https://www.gitschtal.at/,wikidata
AT-G-20321,Lesachtal,gemeinde,Kärnten,lesachtal.com,http://www.lesachtal.com/,wikidata
AT-G-20402,Ebenthal in Kärnten,gemeinde,Kärnten,ebenthal.co.at,http://www.ebenthal.co.at/,wikidata
AT-G-20403,Feistritz im Rosental,gemeinde,Kärnten,rosengemeinde.at,http://www.rosengemeinde.at,wikidata
AT-G-20405,Ferlach,gemeinde,Kärnten,ferlach.at,http://www.ferlach.at/,wikidata
AT-G-20409,Grafenstein,gemeinde,Kärnten,grafenstein.co.at,http://www.grafenstein.co.at,wikidata
AT-G-20412,Keutschach am See,gemeinde,Kärnten,keutschach-see.gv.at,http://www.keutschach-see.gv.at,wikidata
AT-G-20414,Köttmannsdorf,gemeinde,Kärnten,koettmannsdorf.at,http://www.koettmannsdorf.at,wikidata
AT-G-20415,Krumpendorf am Wörthersee,gemeinde,Kärnten,krumpendorf.at,http://www.krumpendorf.at,wikidata
AT-G-20416,Ludmannsdorf,gemeinde,Kärnten,ludmannsdorf.at,http://www.ludmannsdorf.at,wikidata
AT-G-20417,Maria Rain,gemeinde,Kärnten,maria-rain.gv.at,http://www.maria-rain.gv.at,wikidata
AT-G-20418,Maria Saal,gemeinde,Kärnten,maria.saal.at,http://www.maria.saal.at,wikidata
AT-G-20419,Maria Wörth,gemeinde,Kärnten,maria-woerth.at,http://www.maria-woerth.at,wikidata
AT-G-20421,Moosburg,gemeinde,Kärnten,moosburg.gv.at,http://www.moosburg.gv.at,wikidata
AT-G-20424,Pörtschach am Wörther See,gemeinde,Kärnten,poertschach.net,http://www.poertschach.net/,wikidata
AT-G-20425,Poggersdorf,gemeinde,Kärnten,poggersdorf.at,http://www.poggersdorf.at/,wikidata
AT-G-20428,St. Margareten im Rosental,gemeinde,Kärnten,st-margareten.at,http://www.st-margareten.at,wikidata
AT-G-20432,Schiefling am Wörthersee,gemeinde,Kärnten,schiefling.gv.at,http://www.schiefling.gv.at,wikidata
AT-G-20435,Techelsberg am Wörther See,gemeinde,Kärnten,techelsberg.gv.at,http://www.techelsberg.gv.at,wikidata
AT-G-20441,Zell,gemeinde,Kärnten,zell-sele.at,http://www.zell-sele.at,wikidata
AT-G-20442,Magdalensberg,gemeinde,Kärnten,magdalensberg.gv.at,http://www.magdalensberg.gv.at/,wikidata
AT-G-20501,Althofen,gemeinde,Kärnten,althofen-treibach.at,http://www.althofen-treibach.at,wikidata
AT-G-20502,Brückl,gemeinde,Kärnten,brueckl.at,http://www.brueckl.at/,wikidata
AT-G-20503,Deutsch-Griffen,gemeinde,Kärnten,deutsch-griffen.at,http://www.deutsch-griffen.at,wikidata
AT-G-20504,Eberstein,gemeinde,Kärnten,eberstein.at,http://www.eberstein.at,wikidata
AT-G-20505,Friesach,gemeinde,Kärnten,friesach.at,http://www.friesach.at/,wikidata
AT-G-20506,Glödnitz,gemeinde,Kärnten,gloednitz.com,http://www.gloednitz.com,wikidata
AT-G-20508,Gurk,gemeinde,Kärnten,gurk.at,https://gurk.at,wikidata
AT-G-20509,Guttaring,gemeinde,Kärnten,guttaring.at,http://www.guttaring.at,wikidata
AT-G-20511,Hüttenberg,gemeinde,Kärnten,huettenberg.at,http://www.huettenberg.at,wikidata
AT-G-20512,Kappel am Krappfeld,gemeinde,Kärnten,kappel-am-krappfeld.at,http://www.kappel-am-krappfeld.at,wikidata
AT-G-20513,Klein St. Paul,gemeinde,Kärnten,klein-st-paul.at,http://www.klein-st-paul.at,wikidata
AT-G-20515,Liebenfels,gemeinde,Kärnten,liebenfels.at,http://www.liebenfels.at,wikidata
AT-G-20518,Metnitz,gemeinde,Kärnten,metnitz.at,http://www.metnitz.at,wikidata
AT-G-20519,Micheldorf,gemeinde,Kärnten,micheldorf-hirt.at,http://www.micheldorf-hirt.at,wikidata
AT-G-20520,Mölbling,gemeinde,Kärnten,moelbling.at,http://www.moelbling.at,wikidata
AT-G-20523,St. Georgen am Längsee,gemeinde,Kärnten,stgeorgen-laengsee.at,http://www.stgeorgen-laengsee.at,wikidata
AT-G-20527,St. Veit an der Glan,gemeinde,Kärnten,stveit.carinthia.at,http://www.stveit.carinthia.at,wikidata
AT-G-20530,Straßburg,gemeinde,Kärnten,strassburg.at,http://www.strassburg.at,wikidata
AT-G-20531,Weitensfeld im Gurktal,gemeinde,Kärnten,weitensfeldimgurktal.at,http://www.weitensfeldimgurktal.at,wikidata
AT-G-20534,Frauenstein,gemeinde,Kärnten,frauenstein.at,http://www.frauenstein.at,wikidata
AT-G-20601,Bad Kleinkirchheim,gemeinde,Kärnten,bad-kleinkirchheim.gv.at,http://www.bad-kleinkirchheim.gv.at/,wikidata
AT-G-20602,Baldramsdorf,gemeinde,Kärnten,baldramsdorf.at,http://www.baldramsdorf.at/,wikidata
AT-G-20603,Berg im Drautal,gemeinde,Kärnten,bergimdrautal.at,http://www.bergimdrautal.at,wikidata
AT-G-20604,Dellach im Drautal,gemeinde,Kärnten,dellach-drau.at,http://www.dellach-drau.at,wikidata
AT-G-20605,Großkirchheim,gemeinde,Kärnten,,,
AT-G-20607,Flattach,gemeinde,Kärnten,flattach.at,http://www.flattach.at,wikidata
AT-G-20608,Gmünd in Kärnten,gemeinde,Kärnten,stadt-gmuend.at,http://www.stadt-gmuend.at,wikidata
AT-G-20609,Greifenburg,gemeinde,Kärnten,greifenburg.com,http://www.greifenburg.com,wikidata
AT-G-20610,Heiligenblut am Großglockner,gemeinde,Kärnten,heiligenblut.at,http://www.heiligenblut.at,wikidata
AT-G-20611,Irschen,gemeinde,Kärnten,irschen.at,http://www.irschen.at,wikidata
AT-G-20613,Kleblach-Lind,gemeinde,Kärnten,,,
AT-G-20616,Lendorf,gemeinde,Kärnten,lendorf.at,http://www.lendorf.at/,wikidata
AT-G-20618,Mallnitz,gemeinde,Kärnten,mallnitz.gv.at,https://www.mallnitz.gv.at/,wikidata
AT-G-20619,Malta,gemeinde,Kärnten,maltatal.com,http://www.maltatal.com/,wikidata
AT-G-20620,Millstatt am See,gemeinde,Kärnten,millstatt.at,http://www.millstatt.at,wikidata
AT-G-20622,Mörtschach,gemeinde,Kärnten,nationalparkgemeinde-moertschach.at,http://www.nationalparkgemeinde-moertschach.at/,wikidata
AT-G-20624,Mühldorf,gemeinde,Kärnten,muehldorf-ktn.at,https://www.muehldorf-ktn.at/,wikidata
AT-G-20625,Oberdrauburg,gemeinde,Kärnten,oberdrauburg.at,http://www.oberdrauburg.at,wikidata
AT-G-20627,Obervellach,gemeinde,Kärnten,obervellach.gv.at,https://obervellach.gv.at,wikidata
AT-G-20630,Radenthein,gemeinde,Kärnten,radenthein.gv.at,http://www.radenthein.gv.at,wikidata
AT-G-20631,Rangersdorf,gemeinde,Kärnten,rangersdorf.at,http://www.rangersdorf.at/,wikidata
AT-G-20632,Rennweg am Katschberg,gemeinde,Kärnten,rennweg-katschberg.gv.at,https://www.rennweg-katschberg.gv.at,wikidata
AT-G-20633,Sachsenburg,gemeinde,Kärnten,sachsenburg.at,http://www.sachsenburg.at,wikidata
AT-G-20634,Seeboden am Millstätter See,gemeinde,Kärnten,seeboden.at,https://www.seeboden.at/,wikidata
AT-G-20635,Spittal an der Drau,gemeinde,Kärnten,spittal-drau.at,http://www.spittal-drau.at,wikidata
AT-G-20636,Stall,gemeinde,Kärnten,gemeinde-stall.at,http://www.gemeinde-stall.at,wikidata
AT-G-20637,Steinfeld,gemeinde,Kärnten,steinfeld.at,http://www.steinfeld.at,wikidata
AT-G-20638,Trebesing,gemeinde,Kärnten,trebesing.at,http://www.trebesing.at/,wikidata
AT-G-20639,Weißensee,gemeinde,Kärnten,weissensee.org,http://www.weissensee.org/gemeinde/,wikidata
AT-G-20640,Winklern,gemeinde,Kärnten,winklern.at,http://www.winklern.at,wikidata
AT-G-20642,Krems in Kärnten,gemeinde,Kärnten,krems-in-kaernten.at,http://www.krems-in-kaernten.at/,wikidata
AT-G-20643,Lurnfeld,gemeinde,Kärnten,lurnfeld.at,http://www.lurnfeld.at,wikidata
AT-G-20644,Reißeck,gemeinde,Kärnten,reisseck.at,http://www.reisseck.at/,wikidata
AT-G-20701,Afritz am See,gemeinde,Kärnten,afritz.gv.at,http://www.afritz.gv.at/,wikidata
AT-G-20702,Arnoldstein,gemeinde,Kärnten,arnoldstein.gv.at,https://www.arnoldstein.gv.at/,wikidata
AT-G-20703,Arriach,gemeinde,Kärnten,arriach.gv.at,https://arriach.gv.at/,wikidata
AT-G-20705,Bad Bleiberg,gemeinde,Kärnten,bad-bleiberg.at,http://www.bad-bleiberg.at,wikidata
AT-G-20707,Feistritz an der Gail,gemeinde,Kärnten,feistritz-gail.gv.at,https://feistritz-gail.gv.at/,wikidata
AT-G-20708,Feld am See,gemeinde,Kärnten,feld-am-see.gv.at,http://www.feld-am-see.gv.at,wikidata
AT-G-20710,Ferndorf,gemeinde,Kärnten,ferndorf.gv.at,https://www.ferndorf.gv.at/,wikidata
AT-G-20711,Finkenstein am Faaker See,gemeinde,Kärnten,finkenstein.gv.at,http://www.finkenstein.gv.at/,wikidata
AT-G-20712,Fresach,gemeinde,Kärnten,fresach.gv.at,http://www.fresach.gv.at,wikidata
AT-G-20713,Hohenthurn,gemeinde,Kärnten,hohenthurn.gv.at,http://www.hohenthurn.gv.at,wikidata
AT-G-20719,Nötsch im Gailtal,gemeinde,Kärnten,noetsch.at,https://noetsch.at/,wikidata
AT-G-20720,Paternion,gemeinde,Kärnten,paternion.gv.at,https://www.paternion.gv.at,wikidata
AT-G-20721,Rosegg,gemeinde,Kärnten,rosegg.gv.at,http://www.rosegg.gv.at,wikidata
AT-G-20722,St. Jakob im Rosental,gemeinde,Kärnten,st-jakob-rosental.gv.at,http://www.st-jakob-rosental.gv.at,wikidata
AT-G-20723,Stockenboi,gemeinde,Kärnten,stockenboi.at,http://www.stockenboi.at,wikidata
AT-G-20724,Treffen am Ossiacher See,gemeinde,Kärnten,treffen.at,http://www.treffen.at,wikidata
AT-G-20725,Velden am Wörther See,gemeinde,Kärnten,velden.gv.at,http://www.velden.gv.at,wikidata
AT-G-20726,Weißenstein,gemeinde,Kärnten,weissenstein.gv.at,http://www.weissenstein.gv.at,wikidata
AT-G-20727,Wernberg,gemeinde,Kärnten,wernberg.gv.at,http://www.wernberg.gv.at,wikidata
AT-G-20801,Bleiburg,gemeinde,Kärnten,bleiburg.gv.at,http://www.bleiburg.gv.at/,wikidata
AT-G-20802,Diex,gemeinde,Kärnten,sonnenort-diex.at,http://www.sonnenort-diex.at,wikidata
AT-G-20803,Eberndorf,gemeinde,Kärnten,eberndorf.at,http://www.eberndorf.at,wikidata
AT-G-20804,Eisenkappel-Vellach,gemeinde,Kärnten,eisenkappel.at,http://www.eisenkappel.at,wikidata
AT-G-20805,Feistritz ob Bleiburg,gemeinde,Kärnten,,,
AT-G-20806,Gallizien,gemeinde,Kärnten,gallizien.at,http://www.gallizien.at/,wikidata
AT-G-20807,Globasnitz,gemeinde,Kärnten,globasnitz.at,https://www.globasnitz.at/,wikidata
AT-G-20808,Griffen,gemeinde,Kärnten,griffen.at,https://www.griffen.at/,wikidata
AT-G-20810,Neuhaus,gemeinde,Kärnten,neuhaus.at,http://www.neuhaus.at/,wikidata
AT-G-20812,Ruden,gemeinde,Kärnten,ruden.at,http://www.ruden.at/,wikidata
AT-G-20813,St. Kanzian am Klopeiner See,gemeinde,Kärnten,st.kanzian.at,http://www.st.kanzian.at,wikidata
AT-G-20815,Sittersdorf,gemeinde,Kärnten,sittersdorf.at,http://www.sittersdorf.at,wikidata
AT-G-20817,Völkermarkt,gemeinde,Kärnten,voelkermarkt.gv.at,https://voelkermarkt.gv.at,wikidata
AT-G-20901,Bad St. Leonhard im Lavanttal,gemeinde,Kärnten,bad-st-leonhard-i-lav.at,http://www.bad-st-leonhard-i-lav.at,wikidata
AT-G-20905,Frantschach-St. Gertraud,gemeinde,Kärnten,frantschach-st-gertraud.gv.at,http://www.frantschach-st-gertraud.gv.at,wikidata
AT-G-20909,Lavamünd,gemeinde,Kärnten,lavamuend.at,http://www.lavamuend.at,wikidata
AT-G-20911,Preitenegg,gemeinde,Kärnten,preitenegg.at,http://www.preitenegg.at,wikidata
AT-G-20912,Reichenfels,gemeinde,Kärnten,marktgemeinde-reichenfels.at,http://www.marktgemeinde-reichenfels.at,wikidata
AT-G-20913,St. Andrä,gemeinde,Kärnten,st-andrae.at,http://www.st-andrae.at,wikidata
AT-G-20914,St. Georgen im Lavanttal,gemeinde,Kärnten,st-georgen-lav.at,http://www.st-georgen-lav.at,wikidata
AT-G-20918,St. Paul im Lavanttal,gemeinde,Kärnten,sanktpaul.at,http://www.sanktpaul.at,wikidata
AT-G-20923,Wolfsberg,gemeinde,Kärnten,wolfsberg.at,http://www.wolfsberg.at/,wikidata
AT-G-21001,Albeck,gemeinde,Kärnten,albeck.gv.at,https://www.albeck.gv.at/,wikidata
AT-G-21002,Feldkirchen in Kärnten,gemeinde,Kärnten,feldkirchen.at,http://www.feldkirchen.at,wikidata
AT-G-21003,Glanegg,gemeinde,Kärnten,glanegg.gv.at,http://www.glanegg.gv.at/,wikidata
AT-G-21004,Gnesau,gemeinde,Kärnten,gnesau.at,http://www.gnesau.at/,wikidata
AT-G-21005,Himmelberg,gemeinde,Kärnten,himmelberg.at,http://www.himmelberg.at,wikidata
AT-G-21006,Ossiach,gemeinde,Kärnten,ossiach.at,http://www.ossiach.at,wikidata
AT-G-21007,Reichenau,gemeinde,Kärnten,ebene-reichenau.at,http://www.ebene-reichenau.at,wikidata
AT-G-21008,St. Urban,gemeinde,Kärnten,sturban.at,http://www.sturban.at,wikidata
AT-G-21009,Steindorf am Ossiacher See,gemeinde,Kärnten,steindorf.at,http://www.steindorf.at,wikidata
AT-G-21010,Steuerberg,gemeinde,Kärnten,steuerberg.at,http://www.steuerberg.at,wikidata
AT-G-30101,Krems an der Donau,gemeinde,Niederösterreich,krems.gv.at,https://www.krems.gv.at/,wikidata
AT-G-30201,St. Pölten,gemeinde,Niederösterreich,st-poelten.gv.at,https://www.st-poelten.gv.at,wikidata
AT-G-30301,Waidhofen an der Ybbs,gemeinde,Niederösterreich,waidhofen.at,https://www.waidhofen.at/,wikidata
AT-G-30401,Wiener Neustadt,gemeinde,Niederösterreich,wiener-neustadt.at,https://www.wiener-neustadt.at/,wikidata
AT-G-30501,Allhartsberg,gemeinde,Niederösterreich,allhartsberg.gv.at,https://www.allhartsberg.gv.at/,wikidata
AT-G-30502,Amstetten,gemeinde,Niederösterreich,amstetten.at,https://www.amstetten.at/,wikidata
AT-G-30503,Ardagger,gemeinde,Niederösterreich,ardagger.gv.at,https://www.ardagger.gv.at/,wikidata
AT-G-30504,Aschbach-Markt,gemeinde,Niederösterreich,aschbach-markt.gv.at,https://www.aschbach-markt.gv.at/,wikidata
AT-G-30506,Behamberg,gemeinde,Niederösterreich,behamberg.gv.at,https://www.behamberg.gv.at/,wikidata
AT-G-30507,Biberbach,gemeinde,Niederösterreich,biberbach.gv.at,https://www.biberbach.gv.at/,wikidata
AT-G-30508,Ennsdorf,gemeinde,Niederösterreich,ennsdorf.gv.at,https://www.ennsdorf.gv.at/,wikidata
AT-G-30509,Ernsthofen,gemeinde,Niederösterreich,ernsthofen.gv.at,https://www.ernsthofen.gv.at/,wikidata
AT-G-30510,Ertl,gemeinde,Niederösterreich,ertl.gv.at,https://www.ertl.gv.at/,wikidata
AT-G-30511,Euratsfeld,gemeinde,Niederösterreich,euratsfeld.gv.at,https://www.euratsfeld.gv.at/,wikidata
AT-G-30512,Ferschnitz,gemeinde,Niederösterreich,ferschnitz.gv.at,https://www.ferschnitz.gv.at/,wikidata
AT-G-30514,Haag,gemeinde,Niederösterreich,haag.gv.at,https://www.haag.gv.at,wikidata
AT-G-30515,Haidershofen,gemeinde,Niederösterreich,haidershofen.gv.at,https://www.haidershofen.gv.at/,wikidata
AT-G-30516,Hollenstein an der Ybbs,gemeinde,Niederösterreich,hollenstein-ybbs.gv.at,https://www.hollenstein-ybbs.gv.at/,wikidata
AT-G-30517,Kematen an der Ybbs,gemeinde,Niederösterreich,kematen-ybbs.gv.at,https://www.kematen-ybbs.gv.at/,wikidata
AT-G-30520,Neuhofen an der Ybbs,gemeinde,Niederösterreich,neuhofen-ybbs.gv.at,https://www.neuhofen-ybbs.gv.at/,wikidata
AT-G-30521,Neustadtl an der Donau,gemeinde,Niederösterreich,neustadtl.at,https://www.neustadtl.at/,wikidata
AT-G-30522,Oed-Oehling,gemeinde,Niederösterreich,oed-oehling.at,https://www.oed-oehling.at/,wikidata
AT-G-30524,Opponitz,gemeinde,Niederösterreich,opponitz.gv.at,https://www.opponitz.gv.at/,wikidata
AT-G-30526,St. Georgen am Reith,gemeinde,Niederösterreich,st-georgen-reith.gv.at,https://www.st-georgen-reith.gv.at/,wikidata
AT-G-30527,St. Georgen am Ybbsfelde,gemeinde,Niederösterreich,st-georgen-ybbsfelde.gv.at,https://www.st-georgen-ybbsfelde.gv.at/,wikidata
AT-G-30529,St. Pantaleon-Erla,gemeinde,Niederösterreich,st-pantaleon-erla.gv.at,https://www.st-pantaleon-erla.gv.at/,wikidata
AT-G-30530,St. Peter in der Au,gemeinde,Niederösterreich,stpeterau.at,https://www.stpeterau.at/,wikidata
AT-G-30531,St. Valentin,gemeinde,Niederösterreich,st-valentin.at,https://www.st-valentin.at,wikidata
AT-G-30532,Seitenstetten,gemeinde,Niederösterreich,seitenstetten.gv.at,https://www.seitenstetten.gv.at/,wikidata
AT-G-30533,Sonntagberg,gemeinde,Niederösterreich,sonntagberg.gv.at,https://www.sonntagberg.gv.at/,wikidata
AT-G-30534,Strengberg,gemeinde,Niederösterreich,strengberg.gv.at,https://www.strengberg.gv.at/,wikidata
AT-G-30536,Viehdorf,gemeinde,Niederösterreich,viehdorf.gv.at,https://www.viehdorf.gv.at/,wikidata
AT-G-30538,Wallsee-Sindelburg,gemeinde,Niederösterreich,wallsee-sindelburg.gv.at,https://www.wallsee-sindelburg.gv.at/,wikidata
AT-G-30539,Weistrach,gemeinde,Niederösterreich,weistrach.gv.at,https://www.weistrach.gv.at/,wikidata
AT-G-30541,Winklarn,gemeinde,Niederösterreich,winklarn.gv.at,https://www.winklarn.gv.at/,wikidata
AT-G-30542,Wolfsbach,gemeinde,Niederösterreich,wolfsbach.gv.at,https://www.wolfsbach.gv.at/,wikidata
AT-G-30543,Ybbsitz,gemeinde,Niederösterreich,ybbsitz.at,https://www.ybbsitz.at/,wikidata
AT-G-30544,Zeillern,gemeinde,Niederösterreich,zeillern.gv.at,https://www.zeillern.gv.at/,wikidata
AT-G-30601,Alland,gemeinde,Niederösterreich,alland.at,https://www.alland.at,wikidata
AT-G-30602,Altenmarkt an der Triesting,gemeinde,Niederösterreich,altenmarkt-triesting.gv.at,https://www.altenmarkt-triesting.gv.at,wikidata
AT-G-30603,Bad Vöslau,gemeinde,Niederösterreich,badvoeslau.at,https://www.badvoeslau.at,wikidata
AT-G-30604,Baden,gemeinde,Niederösterreich,baden.at,https://baden.at,wikidata
AT-G-30605,Berndorf,gemeinde,Niederösterreich,berndorf.gv.at,https://www.berndorf.gv.at/,wikidata
AT-G-30607,Ebreichsdorf,gemeinde,Niederösterreich,ebreichsdorf.at,https://www.ebreichsdorf.at/,wikidata
AT-G-30608,Enzesfeld-Lindabrunn,gemeinde,Niederösterreich,enzesfeld-lindabrunn.at,https://www.enzesfeld-lindabrunn.at/,wikidata
AT-G-30609,Furth an der Triesting,gemeinde,Niederösterreich,furth-triesting.at,https://www.furth-triesting.at,wikidata
AT-G-30612,Günselsdorf,gemeinde,Niederösterreich,guenselsdorf.at,https://www.guenselsdorf.at,wikidata
AT-G-30613,Heiligenkreuz,gemeinde,Niederösterreich,heiligenkreuz.at,https://www.heiligenkreuz.at,wikidata
AT-G-30614,Hernstein,gemeinde,Niederösterreich,hernstein.gv.at,https://www.hernstein.gv.at,wikidata
AT-G-30615,Hirtenberg,gemeinde,Niederösterreich,hirtenberg.at,https://www.hirtenberg.at,wikidata
AT-G-30616,Klausen-Leopoldsdorf,gemeinde,Niederösterreich,klausen-leopoldsdorf.gv.at,https://www.klausen-leopoldsdorf.gv.at,wikidata
AT-G-30618,Kottingbrunn,gemeinde,Niederösterreich,kottingbrunn.or.at,https://www.kottingbrunn.or.at,wikidata
AT-G-30620,Leobersdorf,gemeinde,Niederösterreich,leobersdorf.at,https://www.leobersdorf.at,wikidata
AT-G-30621,Mitterndorf an der Fischa,gemeinde,Niederösterreich,mitterndorf.at,https://www.mitterndorf.at,wikidata
AT-G-30623,Oberwaltersdorf,gemeinde,Niederösterreich,oberwaltersdorf.at,https://www.oberwaltersdorf.at,wikidata
AT-G-30625,Pfaffstätten,gemeinde,Niederösterreich,pfaffstaetten.at,https://www.pfaffstaetten.at,wikidata
AT-G-30626,Pottendorf,gemeinde,Niederösterreich,pottendorf.gv.at,https://www.pottendorf.gv.at,wikidata
AT-G-30627,Pottenstein,gemeinde,Niederösterreich,pottenstein.at,https://www.pottenstein.at/,wikidata
AT-G-30629,Reisenberg,gemeinde,Niederösterreich,reisenberg.gv.at,https://www.reisenberg.gv.at,wikidata
AT-G-30631,Schönau an der Triesting,gemeinde,Niederösterreich,schoenautriesting.at,https://www.schoenautriesting.at,wikidata
AT-G-30633,Seibersdorf,gemeinde,Niederösterreich,marktgemeinde-seibersdorf.at,https://www.marktgemeinde-seibersdorf.at/,wikidata
AT-G-30635,Sooß,gemeinde,Niederösterreich,sooss.gv.at,https://www.sooss.gv.at,wikidata
AT-G-30636,Tattendorf,gemeinde,Niederösterreich,tattendorf.at,https://www.tattendorf.at,wikidata
AT-G-30637,Teesdorf,gemeinde,Niederösterreich,teesdorf.at,https://www.teesdorf.at,wikidata
AT-G-30639,Traiskirchen,gemeinde,Niederösterreich,traiskirchen.gv.at,https://www.traiskirchen.gv.at,wikidata
AT-G-30641,Trumau,gemeinde,Niederösterreich,trumau.at,https://www.trumau.at,wikidata
AT-G-30645,Weissenbach an der Triesting,gemeinde,Niederösterreich,weissenbach-triesting.gv.at,https://www.weissenbach-triesting.gv.at/,wikidata
AT-G-30646,Blumau-Neurißhof,gemeinde,Niederösterreich,blumau-neurisshof.gv.at,https://www.blumau-neurisshof.gv.at,wikidata
AT-G-30701,Au am Leithaberge,gemeinde,Niederösterreich,au-leithaberge.gv.at,https://www.au-leithaberge.gv.at,wikidata
AT-G-30702,Bad Deutsch-Altenburg,gemeinde,Niederösterreich,bad-deutsch-altenburg.gv.at,https://www.bad-deutsch-altenburg.gv.at,wikidata
AT-G-30703,Berg,gemeinde,Niederösterreich,gemeindeberg.at,https://www.gemeindeberg.at/,wikidata
AT-G-30704,Bruck an der Leitha,gemeinde,Niederösterreich,bruckleitha.at,https://www.bruckleitha.at,wikidata
AT-G-30706,Enzersdorf an der Fischa,gemeinde,Niederösterreich,enzersdorf-fischa.gv.at,https://www.enzersdorf-fischa.gv.at,wikidata
AT-G-30708,Göttlesbrunn-Arbesthal,gemeinde,Niederösterreich,goettlesbrunn-arbesthal.gv.at,https://www.goettlesbrunn-arbesthal.gv.at/,wikidata
AT-G-30709,Götzendorf an der Leitha,gemeinde,Niederösterreich,goetzendorf.at,https://www.goetzendorf.at,wikidata
AT-G-30710,Hainburg a.d. Donau,gemeinde,Niederösterreich,hainburg.at,https://www.hainburg.at,wikidata
AT-G-30711,Haslau-Maria Ellend,gemeinde,Niederösterreich,haslau-mariaellend.gv.at,https://www.haslau-mariaellend.gv.at,wikidata
AT-G-30712,Höflein,gemeinde,Niederösterreich,hoeflein.gv.at,http://www.hoeflein.gv.at,wikidata
AT-G-30713,Hof am Leithaberge,gemeinde,Niederösterreich,hof-leithaberge.gv.at,https://www.hof-leithaberge.gv.at,wikidata
AT-G-30715,Hundsheim,gemeinde,Niederösterreich,hundsheim.at,https://www.hundsheim.at,wikidata
AT-G-30716,Mannersdorf am Leithagebirge,gemeinde,Niederösterreich,mannersdorf-leithagebirge.gv.at,https://www.mannersdorf-leithagebirge.gv.at,wikidata
AT-G-30718,Petronell-Carnuntum,gemeinde,Niederösterreich,petronell.at,https://www.petronell.at,wikidata
AT-G-30719,Prellenkirchen,gemeinde,Niederösterreich,prellenkirchen.at,https://www.prellenkirchen.at,wikidata
AT-G-30721,Rohrau,gemeinde,Niederösterreich,rohrau.at,http://www.rohrau.at,wikidata
AT-G-30722,Scharndorf,gemeinde,Niederösterreich,scharndorf.gv.at,https://www.scharndorf.gv.at,wikidata
AT-G-30724,Sommerein,gemeinde,Niederösterreich,sommerein.at,https://www.sommerein.at,wikidata
AT-G-30726,Trautmannsdorf an der Leitha,gemeinde,Niederösterreich,trautmannsdorf.at,https://www.trautmannsdorf.at,wikidata
AT-G-30728,Wolfsthal,gemeinde,Niederösterreich,wolfsthal.gv.at,https://www.wolfsthal.gv.at/,wikidata
AT-G-30729,Ebergassing,gemeinde,Niederösterreich,ebergassing.at,https://www.ebergassing.at/,wikidata
AT-G-30730,Fischamend,gemeinde,Niederösterreich,fischamend.gv.at,https://www.fischamend.gv.at/,wikidata
AT-G-30731,Gramatneusiedl,gemeinde,Niederösterreich,gramatneusiedl.at,https://www.gramatneusiedl.at/,wikidata
AT-G-30732,Himberg,gemeinde,Niederösterreich,gemeinde-himberg.at,https://www.gemeinde-himberg.at/,wikidata
AT-G-30733,Klein-Neusiedl,gemeinde,Niederösterreich,klein-neusiedl.gv.at,https://www.klein-neusiedl.gv.at/,wikidata
AT-G-30734,Lanzendorf,gemeinde,Niederösterreich,lanzendorf.at,https://www.lanzendorf.at/,wikidata
AT-G-30735,Leopoldsdorf,gemeinde,Niederösterreich,leopoldsdorf.gv.at,https://www.leopoldsdorf.gv.at,wikidata
AT-G-30736,Maria-Lanzendorf,gemeinde,Niederösterreich,maria-lanzendorf.gv.at,https://www.maria-lanzendorf.gv.at/,wikidata
AT-G-30737,Moosbrunn,gemeinde,Niederösterreich,moosbrunn.at,https://www.moosbrunn.at/,wikidata
AT-G-30738,Rauchenwarth,gemeinde,Niederösterreich,rauchenwarth.gv.at,https://www.rauchenwarth.gv.at/,wikidata
AT-G-30739,Schwadorf,gemeinde,Niederösterreich,schwadorf.gv.at,https://www.schwadorf.gv.at/,wikidata
AT-G-30740,Schwechat,gemeinde,Niederösterreich,schwechat.gv.at,https://www.schwechat.gv.at/,wikidata
AT-G-30741,Zwölfaxing,gemeinde,Niederösterreich,zwoelfaxing.gv.at,https://www.zwoelfaxing.gv.at,wikidata
AT-G-30801,Aderklaa,gemeinde,Niederösterreich,aderklaa.gv.at,https://www.aderklaa.gv.at,wikidata
AT-G-30802,Andlersdorf,gemeinde,Niederösterreich,,,
AT-G-30803,Angern an der March,gemeinde,Niederösterreich,angern.at,https://www.angern.at/,wikidata
AT-G-30804,Auersthal,gemeinde,Niederösterreich,auersthal.at,https://www.auersthal.at,wikidata
AT-G-30805,Bad Pirawarth,gemeinde,Niederösterreich,badpirawarth.at,https://www.badpirawarth.at,wikidata
AT-G-30808,Deutsch-Wagram,gemeinde,Niederösterreich,deutsch-wagram.gv.at,https://www.deutsch-wagram.gv.at,wikidata
AT-G-30810,Drösing,gemeinde,Niederösterreich,droesing.at,https://www.droesing.at,wikidata
AT-G-30811,Dürnkrut,gemeinde,Niederösterreich,duernkrut.gv.at,https://duernkrut.gv.at,wikidata
AT-G-30812,Ebenthal,gemeinde,Niederösterreich,ebenthal.at,https://www.ebenthal.at,wikidata
AT-G-30813,Eckartsau,gemeinde,Niederösterreich,eckartsau.gv.at,https://www.eckartsau.gv.at,wikidata
AT-G-30814,Engelhartstetten,gemeinde,Niederösterreich,engelhartstetten.at,https://www.engelhartstetten.at,wikidata
AT-G-30817,Gänserndorf,gemeinde,Niederösterreich,gaenserndorf.at,https://www.gaenserndorf.at/,wikidata
AT-G-30819,Glinzendorf,gemeinde,Niederösterreich,glinzendorf.gv.at,https://www.glinzendorf.gv.at,wikidata
AT-G-30821,Groß-Enzersdorf,gemeinde,Niederösterreich,grossenzersdorf.at,https://www.grossenzersdorf.at,wikidata
AT-G-30822,Großhofen,gemeinde,Niederösterreich,grosshofen.gv.at,https://www.grosshofen.gv.at,wikidata
AT-G-30824,Groß-Schweinbarth,gemeinde,Niederösterreich,gross-schweinbarth.at,https://www.gross-schweinbarth.at,wikidata
AT-G-30825,Haringsee,gemeinde,Niederösterreich,haringsee.at,https://www.haringsee.at/,wikidata
AT-G-30826,Hauskirchen,gemeinde,Niederösterreich,hauskirchen.gv.at,https://www.hauskirchen.gv.at/,wikidata
AT-G-30827,Hohenau an der March,gemeinde,Niederösterreich,hohenau-march.at,https://www.hohenau-march.at,wikidata
AT-G-30828,Hohenruppersdorf,gemeinde,Niederösterreich,hohenruppersdorf.gv.at,https://www.hohenruppersdorf.gv.at,wikidata
AT-G-30829,Jedenspeigen,gemeinde,Niederösterreich,jedenspeigen.at,https://www.jedenspeigen.at,wikidata
AT-G-30830,Lassee,gemeinde,Niederösterreich,lassee.at,https://www.lassee.at,wikidata
AT-G-30831,Leopoldsdorf im Marchfeld,gemeinde,Niederösterreich,leopoldsdorf.net,https://www.leopoldsdorf.net,wikidata
AT-G-30834,Mannsdorf an der Donau,gemeinde,Niederösterreich,mannsdorf.at,https://www.mannsdorf.at/,wikidata
AT-G-30835,Marchegg,gemeinde,Niederösterreich,marchegg.at,https://www.marchegg.at,wikidata
AT-G-30836,Markgrafneusiedl,gemeinde,Niederösterreich,markgrafneusiedl.at,https://www.markgrafneusiedl.at/,wikidata
AT-G-30838,Matzen-Raggendorf,gemeinde,Niederösterreich,matzen-raggendorf.gv.at,https://www.matzen-raggendorf.gv.at,wikidata
AT-G-30841,Neusiedl an der Zaya,gemeinde,Niederösterreich,neusiedl-zaya.gv.at,https://www.neusiedl-zaya.gv.at/,wikidata
AT-G-30842,Obersiebenbrunn,gemeinde,Niederösterreich,obersiebenbrunn.at,https://www.obersiebenbrunn.at,wikidata
AT-G-30844,Orth an der Donau,gemeinde,Niederösterreich,orth.at,https://www.orth.at,wikidata
AT-G-30845,Palterndorf-Dobermannsdorf,gemeinde,Niederösterreich,palterndorf.at,https://www.palterndorf.at,wikidata
AT-G-30846,Parbasdorf,gemeinde,Niederösterreich,parbasdorf.gv.at,https://www.parbasdorf.gv.at,wikidata
AT-G-30848,Prottes,gemeinde,Niederösterreich,prottes.at,https://www.prottes.at,wikidata
AT-G-30849,Raasdorf,gemeinde,Niederösterreich,raasdorf.at,https://www.raasdorf.at/,wikidata
AT-G-30850,Ringelsdorf-Niederabsdorf,gemeinde,Niederösterreich,ringelsdorf.at,https://www.ringelsdorf.at,wikidata
AT-G-30852,Schönkirchen-Reyersdorf,gemeinde,Niederösterreich,schoenkirchen-reyersdorf.at,https://www.schoenkirchen-reyersdorf.at,wikidata
AT-G-30854,Spannberg,gemeinde,Niederösterreich,spannberg.gv.at,https://www.spannberg.gv.at,wikidata
AT-G-30856,Strasshof an der Nordbahn,gemeinde,Niederösterreich,strasshofandernordbahn.at,https://www.strasshofandernordbahn.at/,wikidata
AT-G-30857,Sulz im Weinviertel,gemeinde,Niederösterreich,sulz-weinviertel.gv.at,https://www.sulz-weinviertel.gv.at,wikidata
AT-G-30858,Untersiebenbrunn,gemeinde,Niederösterreich,untersiebenbrunn.gv.at,https://www.untersiebenbrunn.gv.at/,wikidata
AT-G-30859,Velm-Götzendorf,gemeinde,Niederösterreich,velm-goetzendorf.at,https://www.velm-goetzendorf.at,wikidata
AT-G-30860,Weikendorf,gemeinde,Niederösterreich,gdeweikendorf.at,https://www.gdeweikendorf.at,wikidata
AT-G-30863,Zistersdorf,gemeinde,Niederösterreich,zistersdorf.gv.at,https://www.zistersdorf.gv.at/,wikidata
AT-G-30865,Weiden an der March,gemeinde,Niederösterreich,weiden-march.at,https://www.weiden-march.at/,wikidata
AT-G-30902,Amaliendorf-Aalfang,gemeinde,Niederösterreich,amaliendorf.at,https://www.amaliendorf.at/,wikidata
AT-G-30903,Brand-Nagelberg,gemeinde,Niederösterreich,brand-nagelberg.at,http://www.brand-nagelberg.at,wikidata
AT-G-30904,Eggern,gemeinde,Niederösterreich,eggern.gv.at,https://www.eggern.gv.at,wikidata
AT-G-30906,Eisgarn,gemeinde,Niederösterreich,eisgarn.gv.at,https://www.eisgarn.gv.at/eisgarn,wikidata
AT-G-30908,Gmünd,gemeinde,Niederösterreich,gmuend.at,https://www.gmuend.at,wikidata
AT-G-30909,Großdietmanns,gemeinde,Niederösterreich,grossdietmanns.gv.at,https://www.grossdietmanns.gv.at,wikidata
AT-G-30910,Bad Großpertholz,gemeinde,Niederösterreich,bad-grosspertholz.gv.at,https://www.bad-grosspertholz.gv.at,wikidata
AT-G-30912,Großschönau,gemeinde,Niederösterreich,grossschoenau.gv.at,https://www.grossschoenau.gv.at,wikidata
AT-G-30913,Moorbad Harbach,gemeinde,Niederösterreich,moorbad-harbach.gv.at,https://www.moorbad-harbach.gv.at,wikidata
AT-G-30915,Haugschlag,gemeinde,Niederösterreich,haugschlag.at,https://www.haugschlag.at,wikidata
AT-G-30916,Heidenreichstein,gemeinde,Niederösterreich,heidenreichstein.gv.at,https://www.heidenreichstein.gv.at,wikidata
AT-G-30917,Hirschbach,gemeinde,Niederösterreich,hirschbach.gv.at,https://www.hirschbach.gv.at,wikidata
AT-G-30920,Hoheneich,gemeinde,Niederösterreich,hoheneich.at,https://www.hoheneich.at,wikidata
AT-G-30921,Kirchberg am Walde,gemeinde,Niederösterreich,kirchberg-walde.gv.at,https://www.kirchberg-walde.gv.at,wikidata
AT-G-30925,Litschau,gemeinde,Niederösterreich,litschau.at,https://www.litschau.at,wikidata
AT-G-30929,Reingers,gemeinde,Niederösterreich,reingers.gv.at,https://www.reingers.gv.at,wikidata
AT-G-30932,St. Martin,gemeinde,Niederösterreich,st-martin.eu,https://www.st-martin.eu,wikidata
AT-G-30935,Schrems,gemeinde,Niederösterreich,schrems.gv.at,https://www.schrems.gv.at,wikidata
AT-G-30939,Unserfrau-Altweitra,gemeinde,Niederösterreich,unserfrau-altweitra.at,https://www.unserfrau-altweitra.at,wikidata
AT-G-30940,Waldenstein,gemeinde,Niederösterreich,waldenstein.at,https://www.waldenstein.at,wikidata
AT-G-30942,Weitra,gemeinde,Niederösterreich,weitra.gv.at,https://www.weitra.gv.at,wikidata
AT-G-31001,Alberndorf im Pulkautal,gemeinde,Niederösterreich,alberndorf-pulkautal.at,https://www.alberndorf-pulkautal.at,wikidata
AT-G-31008,Göllersdorf,gemeinde,Niederösterreich,goellersdorf.at,https://www.goellersdorf.at,wikidata
AT-G-31009,Grabern,gemeinde,Niederösterreich,gemeinde-grabern.at,https://www.gemeinde-grabern.at,wikidata
AT-G-31014,Guntersdorf,gemeinde,Niederösterreich,guntersdorf.at,https://www.guntersdorf.at,wikidata
AT-G-31015,Hadres,gemeinde,Niederösterreich,hadres.at,https://www.hadres.at,wikidata
AT-G-31016,Hardegg,gemeinde,Niederösterreich,hardegg.gv.at,https://www.hardegg.gv.at,wikidata
AT-G-31018,Haugsdorf,gemeinde,Niederösterreich,haugsdorf.at,https://www.haugsdorf.at,wikidata
AT-G-31019,Heldenberg,gemeinde,Niederösterreich,heldenberg.gv.at,https://www.heldenberg.gv.at,wikidata
AT-G-31021,Hohenwarth-Mühlbach a.M.,gemeinde,Niederösterreich,hohenwarth-muehlbach.at,https://www.hohenwarth-muehlbach.at/,wikidata
AT-G-31022,Hollabrunn,gemeinde,Niederösterreich,hollabrunn.gv.at,https://www.hollabrunn.gv.at,wikidata
AT-G-31025,Mailberg,gemeinde,Niederösterreich,mailberg.at,https://www.mailberg.at,wikidata
AT-G-31026,Maissau,gemeinde,Niederösterreich,maissau.at,https://www.maissau.at,wikidata
AT-G-31028,Nappersdorf-Kammersdorf,gemeinde,Niederösterreich,ndkd.at,https://www.ndkd.at,wikidata
AT-G-31033,Pernersdorf,gemeinde,Niederösterreich,pernersdorf.gv.at,https://www.pernersdorf.gv.at/,wikidata
AT-G-31035,Pulkau,gemeinde,Niederösterreich,pulkau.gv.at,https://www.pulkau.gv.at,wikidata
AT-G-31036,Ravelsbach,gemeinde,Niederösterreich,ravelsbach.at,https://www.ravelsbach.at,wikidata
AT-G-31037,Retz,gemeinde,Niederösterreich,retz.at,https://www.retz.at/,wikidata
AT-G-31038,Retzbach,gemeinde,Niederösterreich,retzbach.gv.at,https://www.retzbach.gv.at,wikidata
AT-G-31041,Schrattenthal,gemeinde,Niederösterreich,schrattenthal.at,https://www.schrattenthal.at,wikidata
AT-G-31042,Seefeld-Kadolz,gemeinde,Niederösterreich,seefeld-kadolz.at,https://www.seefeld-kadolz.at,wikidata
AT-G-31043,Sitzendorf an der Schmida,gemeinde,Niederösterreich,sitzendorf.at,https://www.sitzendorf.at,wikidata
AT-G-31051,Wullersdorf,gemeinde,Niederösterreich,wullersdorf.at,https://www.wullersdorf.at,wikidata
AT-G-31052,Zellerndorf,gemeinde,Niederösterreich,zellerndorf.gv.at,https://www.zellerndorf.gv.at,wikidata
AT-G-31053,Ziersdorf,gemeinde,Niederösterreich,ziersdorf.at,https://www.ziersdorf.at/,wikidata
AT-G-31101,Altenburg,gemeinde,Niederösterreich,altenburg.gv.at,https://www.altenburg.gv.at,wikidata
AT-G-31102,Brunn an der Wild,gemeinde,Niederösterreich,brunn-wild.gv.at,https://www.brunn-wild.gv.at,wikidata
AT-G-31103,Burgschleinitz-Kühnring,gemeinde,Niederösterreich,burgschleinitz-kuehnring.at,https://www.burgschleinitz-kuehnring.at,wikidata
AT-G-31104,Drosendorf-Zissersdorf,gemeinde,Niederösterreich,drosendorf.at,https://www.drosendorf.at/,wikidata
AT-G-31105,Eggenburg,gemeinde,Niederösterreich,eggenburg.gv.at,https://www.eggenburg.gv.at,wikidata
AT-G-31106,Gars am Kamp,gemeinde,Niederösterreich,gars.at,http://www.gars.at,wikidata
AT-G-31107,Geras,gemeinde,Niederösterreich,geras.gv.at,https://www.geras.gv.at,wikidata
AT-G-31109,Horn,gemeinde,Niederösterreich,horn.gv.at,https://www.horn.gv.at,wikidata
AT-G-31110,Irnfritz-Messern,gemeinde,Niederösterreich,irnfritz.at,https://www.irnfritz.at/,wikidata
AT-G-31111,Japons,gemeinde,Niederösterreich,japons.at,https://www.japons.at,wikidata
AT-G-31113,Langau,gemeinde,Niederösterreich,langau.at,https://www.langau.at,wikidata
AT-G-31114,Meiseldorf,gemeinde,Niederösterreich,meiseldorf.at,https://www.meiseldorf.at,wikidata
AT-G-31117,Pernegg,gemeinde,Niederösterreich,pernegg.info,https://www.pernegg.info,wikidata
AT-G-31119,Röhrenbach,gemeinde,Niederösterreich,roehrenbach.gv.at,https://www.roehrenbach.gv.at/,wikidata
AT-G-31120,Röschitz,gemeinde,Niederösterreich,roeschitz.at,https://www.roeschitz.at,wikidata
AT-G-31121,Rosenburg-Mold,gemeinde,Niederösterreich,rosenburg-mold.at,https://www.rosenburg-mold.at,wikidata
AT-G-31123,St. Bernhard-Frauenhofen,gemeinde,Niederösterreich,stbernhard.at,https://www.stbernhard.at,wikidata
AT-G-31124,Sigmundsherberg,gemeinde,Niederösterreich,sigmundsherberg.gv.at,https://www.sigmundsherberg.gv.at,wikidata
AT-G-31129,Weitersfeld,gemeinde,Niederösterreich,weitersfeld.at,https://www.weitersfeld.at,wikidata
AT-G-31130,Straning-Grafenberg,gemeinde,Niederösterreich,straning-grafenberg.at,https://www.straning-grafenberg.at,wikidata
AT-G-31201,Bisamberg,gemeinde,Niederösterreich,bisamberg.at,http://www.bisamberg.at,wikidata
AT-G-31202,Enzersfeld im Weinviertel,gemeinde,Niederösterreich,enzersfeld.at,http://www.enzersfeld.at,wikidata
AT-G-31203,Ernstbrunn,gemeinde,Niederösterreich,ernstbrunn.gv.at,https://www.ernstbrunn.gv.at,wikidata
AT-G-31204,Großmugl,gemeinde,Niederösterreich,grossmugl.at,http://www.grossmugl.at,wikidata
AT-G-31205,Großrußbach,gemeinde,Niederösterreich,grossrussbach.at,https://www.Grossrussbach.at,wikidata
AT-G-31206,Hagenbrunn,gemeinde,Niederösterreich,hagenbrunn.at,https://www.hagenbrunn.at,wikidata
AT-G-31207,Harmannsdorf,gemeinde,Niederösterreich,harmannsdorf.gv.at,https://www.harmannsdorf.gv.at/,wikidata
AT-G-31208,Hausleiten,gemeinde,Niederösterreich,hausleiten.gv.at,https://www.hausleiten.gv.at,wikidata
AT-G-31213,Korneuburg,gemeinde,Niederösterreich,korneuburg.gv.at,https://www.korneuburg.gv.at,wikidata
AT-G-31214,Langenzersdorf,gemeinde,Niederösterreich,langenzersdorf.gv.at,https://www.langenzersdorf.gv.at,wikidata
AT-G-31215,Leitzersdorf,gemeinde,Niederösterreich,leitzersdorf.at,https://www.leitzersdorf.at,wikidata
AT-G-31216,Leobendorf,gemeinde,Niederösterreich,leobendorf.at,https://www.leobendorf.at/,wikidata
AT-G-31224,Rußbach,gemeinde,Niederösterreich,russbach.at,https://www.russbach.at,wikidata
AT-G-31226,Sierndorf,gemeinde,Niederösterreich,sierndorf.at,https://www.sierndorf.at/,wikidata
AT-G-31227,Spillern,gemeinde,Niederösterreich,spillern.at,https://www.spillern.at,wikidata
AT-G-31228,Stetteldorf am Wagram,gemeinde,Niederösterreich,stetteldorf-wagram.gv.at,https://www.stetteldorf-wagram.gv.at,wikidata
AT-G-31229,Stetten,gemeinde,Niederösterreich,stetten.at,https://www.stetten.at,wikidata
AT-G-31230,Stockerau,gemeinde,Niederösterreich,stockerau.at,https://www.stockerau.at,wikidata
AT-G-31234,Niederhollabrunn,gemeinde,Niederösterreich,niederhollabrunn.com,https://www.niederhollabrunn.com,wikidata
AT-G-31235,Gerasdorf bei Wien,gemeinde,Niederösterreich,gerasdorf-wien.gv.at,https://www.gerasdorf-wien.gv.at/,wikidata
AT-G-31301,Aggsbach,gemeinde,Niederösterreich,aggsbach.gv.at,https://www.aggsbach.gv.at,wikidata
AT-G-31302,Albrechtsberg an der Großen Krems,gemeinde,Niederösterreich,albrechtsberg.at,https://www.albrechtsberg.at/,wikidata
AT-G-31303,Bergern im Dunkelsteinerwald,gemeinde,Niederösterreich,bergern-dunkelsteinerwald.at,https://www.bergern-dunkelsteinerwald.at/,wikidata
AT-G-31304,Dürnstein,gemeinde,Niederösterreich,duernstein.at,https://www.duernstein.at,wikidata
AT-G-31308,Grafenegg,gemeinde,Niederösterreich,grafenegg.gv.at,https://www.grafenegg.gv.at/,wikidata
AT-G-31309,Furth bei Göttweig,gemeinde,Niederösterreich,furth.at,https://www.furth.at/,wikidata
AT-G-31310,Gedersdorf,gemeinde,Niederösterreich,gedersdorf.at,https://www.gedersdorf.at/,wikidata
AT-G-31311,Gföhl,gemeinde,Niederösterreich,gfoehl.at,https://www.gfoehl.at,wikidata
AT-G-31315,Hadersdorf-Kammern,gemeinde,Niederösterreich,hadersdorf-kammern.gv.at,https://www.hadersdorf-kammern.gv.at/,wikidata
AT-G-31319,Jaidhof,gemeinde,Niederösterreich,jaidhof.gv.at,http://www.jaidhof.gv.at/,wikidata
AT-G-31321,Krumau am Kamp,gemeinde,Niederösterreich,krumau.at,https://www.krumau.at/,wikidata
AT-G-31322,Langenlois,gemeinde,Niederösterreich,langenlois.at,https://www.langenlois.at,wikidata
AT-G-31323,Lengenfeld,gemeinde,Niederösterreich,lengenfeld.at,https://www.lengenfeld.at/,wikidata
AT-G-31324,Lichtenau im Waldviertel,gemeinde,Niederösterreich,lichtenau.at,https://www.lichtenau.at/,wikidata
AT-G-31326,Maria Laach am Jauerling,gemeinde,Niederösterreich,marialaach.at,https://www.marialaach.at/,wikidata
AT-G-31327,Mautern an der Donau,gemeinde,Niederösterreich,mautern.at,https://www.mautern.at,wikidata
AT-G-31330,Mühldorf,gemeinde,Niederösterreich,muehldorf-wachau.at,https://www.muehldorf-wachau.at/,wikidata
AT-G-31333,Paudorf,gemeinde,Niederösterreich,paudorf.at,https://www.paudorf.at/,wikidata
AT-G-31336,Rastenfeld,gemeinde,Niederösterreich,rastenfeld.at,https://www.rastenfeld.at/,wikidata
AT-G-31337,Rohrendorf bei Krems,gemeinde,Niederösterreich,rohrendorf.at,https://www.rohrendorf.at/,wikidata
AT-G-31338,Rossatz-Arnsdorf,gemeinde,Niederösterreich,rossatz-arnsdorf.at,https://www.rossatz-arnsdorf.at/,wikidata
AT-G-31340,St. Leonhard am Hornerwald,gemeinde,Niederösterreich,sankt-leonhard.at,https://www.sankt-leonhard.at/,wikidata
AT-G-31343,Senftenberg,gemeinde,Niederösterreich,senftenberg.at,https://www.senftenberg.at/,wikidata
AT-G-31344,Spitz,gemeinde,Niederösterreich,spitz-wachau.at,https://www.spitz-wachau.at/,wikidata
AT-G-31346,Straß im Straßertale,gemeinde,Niederösterreich,strassertal.at,https://www.strassertal.at/,wikidata
AT-G-31347,Stratzing,gemeinde,Niederösterreich,stratzing.at,https://www.stratzing.at/,wikidata
AT-G-31350,Weinzierl am Walde,gemeinde,Niederösterreich,weinzierl-walde-gv.at,https://www.weinzierl-walde-gv.at/,wikidata
AT-G-31351,Weißenkirchen in der Wachau,gemeinde,Niederösterreich,weissenkirchen-wachau.at,https://www.weissenkirchen-wachau.at/,wikidata
AT-G-31355,Schönberg am Kamp,gemeinde,Niederösterreich,schoenberg.gv.at,https://www.schoenberg.gv.at/,wikidata
AT-G-31356,Droß,gemeinde,Niederösterreich,dross.gv.at,https://www.dross.gv.at/,wikidata
AT-G-31401,Annaberg,gemeinde,Niederösterreich,annaberg.gv.at,https://www.annaberg.gv.at,wikidata
AT-G-31402,Eschenau,gemeinde,Niederösterreich,eschenau.at,https://www.eschenau.at,wikidata
AT-G-31403,Hainfeld,gemeinde,Niederösterreich,hainfeld.at,https://www.hainfeld.at,wikidata
AT-G-31404,Hohenberg,gemeinde,Niederösterreich,hohenberg.gv.at,https://www.hohenberg.gv.at,wikidata
AT-G-31405,Kaumberg,gemeinde,Niederösterreich,kaumberg.at,https://www.kaumberg.at,wikidata
AT-G-31406,Kleinzell,gemeinde,Niederösterreich,kleinzell.gv.at,https://www.kleinzell.gv.at,wikidata
AT-G-31407,Lilienfeld,gemeinde,Niederösterreich,lilienfeld.at,https://www.lilienfeld.at/,wikidata
AT-G-31408,Mitterbach am Erlaufsee,gemeinde,Niederösterreich,mitterbach.at,https://www.mitterbach.at,wikidata
AT-G-31409,Ramsau,gemeinde,Niederösterreich,ramsau.gv.at,https://www.ramsau.gv.at,wikidata
AT-G-31410,Rohrbach an der Gölsen,gemeinde,Niederösterreich,rohrbach-goelsen.gv.at,https://www.rohrbach-goelsen.gv.at,wikidata
AT-G-31411,St. Aegyd am Neuwalde,gemeinde,Niederösterreich,staegyd.at,https://www.staegyd.at,wikidata
AT-G-31412,St. Veit an der Gölsen,gemeinde,Niederösterreich,st-veit-goelsen.gv.at,https://www.st-veit-goelsen.gv.at,wikidata
AT-G-31413,Traisen,gemeinde,Niederösterreich,traisen.gv.at,https://www.traisen.gv.at,wikidata
AT-G-31414,Türnitz,gemeinde,Niederösterreich,tuernitz.noe.at,https://www.tuernitz.noe.at,wikidata
AT-G-31502,Artstetten-Pöbring,gemeinde,Niederösterreich,artstetten.at,https://www.artstetten.at,wikidata
AT-G-31503,Bergland,gemeinde,Niederösterreich,bergland.gv.at,https://www.bergland.gv.at/,wikidata
AT-G-31504,Bischofstetten,gemeinde,Niederösterreich,bischofstetten.at,https://www.bischofstetten.at,wikidata
AT-G-31505,Blindenmarkt,gemeinde,Niederösterreich,blindenmarkt.gv.at,https://www.blindenmarkt.gv.at,wikidata
AT-G-31506,Dorfstetten,gemeinde,Niederösterreich,dorfstetten.at,https://www.dorfstetten.at/,wikidata
AT-G-31507,Dunkelsteinerwald,gemeinde,Niederösterreich,dunkelsteinerwald.gv.at,https://www.dunkelsteinerwald.gv.at,wikidata
AT-G-31508,Erlauf,gemeinde,Niederösterreich,erlauf.at,https://www.erlauf.at,wikidata
AT-G-31509,Golling an der Erlauf,gemeinde,Niederösterreich,golling-erlauf.gv.at,https://www.golling-erlauf.gv.at,wikidata
AT-G-31511,Hofamt Priel,gemeinde,Niederösterreich,hofamtpriel.at,https://www.hofamtpriel.at,wikidata
AT-G-31513,Hürm,gemeinde,Niederösterreich,huerm.gv.at,https://www.huerm.gv.at,wikidata
AT-G-31514,Kilb,gemeinde,Niederösterreich,kilb.at,https://www.kilb.at,wikidata
AT-G-31515,Kirnberg an der Mank,gemeinde,Niederösterreich,kirnberg.at,https://www.kirnberg.at/,wikidata
AT-G-31516,Klein-Pöchlarn,gemeinde,Niederösterreich,kleinpoechlarn.at,https://www.kleinpoechlarn.at,wikidata
AT-G-31517,Krummnußbaum,gemeinde,Niederösterreich,krummnussbaum.at,https://www.krummnussbaum.at,wikidata
AT-G-31519,Leiben,gemeinde,Niederösterreich,leiben.at,https://www.leiben.at,wikidata
AT-G-31520,Loosdorf,gemeinde,Niederösterreich,loosdorf.at,https://www.loosdorf.at,wikidata
AT-G-31521,Mank,gemeinde,Niederösterreich,mank.at,https://www.mank.at,wikidata
AT-G-31522,Marbach an der Donau,gemeinde,Niederösterreich,marbach-donau.at,https://www.marbach-donau.at,wikidata
AT-G-31523,Maria Taferl,gemeinde,Niederösterreich,mariataferl.at,https://www.mariataferl.at/,wikidata
AT-G-31524,Melk,gemeinde,Niederösterreich,melk.gv.at,https://www.melk.gv.at/,wikidata
AT-G-31525,Münichreith-Laimbach,gemeinde,Niederösterreich,muenichreith.at,https://www.muenichreith.at/,wikidata
AT-G-31527,Neumarkt an der Ybbs,gemeinde,Niederösterreich,neumarkt-ybbs.gv.at,https://www.neumarkt-ybbs.gv.at,wikidata
AT-G-31528,Nöchling,gemeinde,Niederösterreich,noechling.at,https://www.noechling.at/,wikidata
AT-G-31530,Persenbeug-Gottsdorf,gemeinde,Niederösterreich,persenbeug-gottsdorf.gv.at,https://www.persenbeug-gottsdorf.gv.at/,wikidata
AT-G-31531,Petzenkirchen,gemeinde,Niederösterreich,petzenkirchen.at,https://www.petzenkirchen.at,wikidata
AT-G-31533,Pöchlarn,gemeinde,Niederösterreich,poechlarn.at,https://www.poechlarn.at/,wikidata
AT-G-31534,Pöggstall,gemeinde,Niederösterreich,poeggstall.at,https://www.poeggstall.at/,wikidata
AT-G-31535,Raxendorf,gemeinde,Niederösterreich,raxendorf.at,https://www.raxendorf.at,wikidata
AT-G-31537,Ruprechtshofen,gemeinde,Niederösterreich,ruprechtshofen.at,https://www.ruprechtshofen.at,wikidata
AT-G-31539,St. Leonhard am Forst,gemeinde,Niederösterreich,st-leonhard-forst.gv.at,https://www.st-leonhard-forst.gv.at/,wikidata
AT-G-31540,St. Martin-Karlsbach,gemeinde,Niederösterreich,st-martin-karlsbach.gv.at,https://www.st-martin-karlsbach.gv.at,wikidata
AT-G-31541,St. Oswald,gemeinde,Niederösterreich,stoswald.com,https://www.stoswald.com/,wikidata
AT-G-31542,Schönbühel-Aggsbach,gemeinde,Niederösterreich,schoenbuehel.at,https://www.schoenbuehel.at,wikidata
AT-G-31543,Schollach,gemeinde,Niederösterreich,schollach.at,https://www.schollach.at/,wikidata
AT-G-31546,Weiten,gemeinde,Niederösterreich,weiten.at,https://www.weiten.at,wikidata
AT-G-31549,Ybbs an der Donau,gemeinde,Niederösterreich,ybbs.at,https://www.ybbs.at/,wikidata
AT-G-31550,Zelking-Matzleinsdorf,gemeinde,Niederösterreich,zelking-matzleinsdorf.gv.at,https://www.zelking-matzleinsdorf.gv.at,wikidata
AT-G-31551,Texingtal,gemeinde,Niederösterreich,texingtal.at,https://www.texingtal.at/,wikidata
AT-G-31552,Yspertal,gemeinde,Niederösterreich,yspertal.gv.at,https://www.yspertal.gv.at/,wikidata
AT-G-31553,Emmersdorf an der Donau,gemeinde,Niederösterreich,emmersdorf.gv.at,https://www.emmersdorf.gv.at/,wikidata
AT-G-31601,Altlichtenwarth,gemeinde,Niederösterreich,altlichtenwarth.at,https://www.altlichtenwarth.at/,wikidata
AT-G-31603,Asparn an der Zaya,gemeinde,Niederösterreich,asparn.at,https://www.asparn.at/,wikidata
AT-G-31604,Bernhardsthal,gemeinde,Niederösterreich,bernhardsthal.gv.at,https://www.bernhardsthal.gv.at/,wikidata
AT-G-31605,Bockfließ,gemeinde,Niederösterreich,bockfliess.com,http://www.bockfliess.com/,wikidata
AT-G-31606,Drasenhofen,gemeinde,Niederösterreich,drasenhofen.at,https://www.drasenhofen.at/,wikidata
AT-G-31608,Falkenstein,gemeinde,Niederösterreich,falkenstein.gv.at,https://www.falkenstein.gv.at/,wikidata
AT-G-31609,Fallbach,gemeinde,Niederösterreich,fallbach.at,https://www.fallbach.at,wikidata
AT-G-31611,Gaubitsch,gemeinde,Niederösterreich,gaubitsch.at,https://www.gaubitsch.at/,wikidata
AT-G-31612,Gaweinstal,gemeinde,Niederösterreich,gaweinstal.at,https://www.gaweinstal.at/,wikidata
AT-G-31613,Gnadendorf,gemeinde,Niederösterreich,gnadendorf.at,https://www.gnadendorf.at,wikidata
AT-G-31614,Großebersdorf,gemeinde,Niederösterreich,grossebersdorf.at,https://www.grossebersdorf.at/,wikidata
AT-G-31615,Großengersdorf,gemeinde,Niederösterreich,gde.grossengersdorf.com,https://www.gde.grossengersdorf.com/,wikidata
AT-G-31616,Großharras,gemeinde,Niederösterreich,grossharras.gv.at,https://www.grossharras.gv.at/,wikidata
AT-G-31617,Großkrut,gemeinde,Niederösterreich,grosskrut.at,https://www.grosskrut.at/,wikidata
AT-G-31620,Hausbrunn,gemeinde,Niederösterreich,hausbrunn.at,https://www.hausbrunn.at/,wikidata
AT-G-31621,Herrnbaumgarten,gemeinde,Niederösterreich,herrnbaumgarten.at,https://www.herrnbaumgarten.at/,wikidata
AT-G-31622,Hochleithen,gemeinde,Niederösterreich,hochleithen.at,https://www.hochleithen.at/,wikidata
AT-G-31627,Kreuttal,gemeinde,Niederösterreich,kreuttal.at,https://www.kreuttal.at/,wikidata
AT-G-31628,Kreuzstetten,gemeinde,Niederösterreich,kreuzstetten.at,https://www.kreuzstetten.at/,wikidata
AT-G-31629,Laa an der Thaya,gemeinde,Niederösterreich,laa.at,https://www.laa.at/,wikidata
AT-G-31630,Ladendorf,gemeinde,Niederösterreich,ladendorf.at,https://www.ladendorf.at/,wikidata
AT-G-31633,Mistelbach,gemeinde,Niederösterreich,mistelbach.at,https://www.mistelbach.at/,wikidata
AT-G-31634,Neudorf im Weinviertel,gemeinde,Niederösterreich,neudorf-weinviertel.gv.at,https://www.neudorf-weinviertel.gv.at/,wikidata
AT-G-31636,Niederleis,gemeinde,Niederösterreich,niederleis.gv.at,https://www.niederleis.gv.at/,wikidata
AT-G-31642,Pillichsdorf,gemeinde,Niederösterreich,pillichsdorf.at,https://www.pillichsdorf.at/,wikidata
AT-G-31644,Poysdorf,gemeinde,Niederösterreich,poysdorf.at,https://www.poysdorf.at/,wikidata
AT-G-31645,Rabensburg,gemeinde,Niederösterreich,rabensburg.at,https://www.rabensburg.at/,wikidata
AT-G-31646,Schrattenberg,gemeinde,Niederösterreich,tiscover.at,https://www.tiscover.at/schrattenberg/,wikidata
AT-G-31649,Staatz,gemeinde,Niederösterreich,staatz.at,https://www.staatz.at/,wikidata
AT-G-31650,Stronsdorf,gemeinde,Niederösterreich,stronsdorf.at,https://www.stronsdorf.at/,wikidata
AT-G-31651,Ulrichskirchen-Schleinbach,gemeinde,Niederösterreich,ulrichskirchen-schleinbach.gv.at,https://www.ulrichskirchen-schleinbach.gv.at/,wikidata
AT-G-31652,Unterstinkenbrunn,gemeinde,Niederösterreich,unterstinkenbrunn.at,https://www.Unterstinkenbrunn.at/,wikidata
AT-G-31653,Wildendürnbach,gemeinde,Niederösterreich,wildenduernbach.at,https://www.wildenduernbach.at/,wikidata
AT-G-31654,Wilfersdorf,gemeinde,Niederösterreich,wilfersdorf.at,https://www.wilfersdorf.at/,wikidata
AT-G-31655,Wolkersdorf im Weinviertel,gemeinde,Niederösterreich,wolkersdorf.at,https://www.wolkersdorf.at/Wolkersdorf/Katastralgemeinden/Obersdorf/,wikidata
AT-G-31658,Ottenthal,gemeinde,Niederösterreich,ottenthal.gv.at,https://www.ottenthal.gv.at/,wikidata
AT-G-31701,Achau,gemeinde,Niederösterreich,achau.gv.at,https://www.achau.gv.at/,wikidata
AT-G-31702,Biedermannsdorf,gemeinde,Niederösterreich,biedermannsdorf.at,https://www.biedermannsdorf.at/,wikidata
AT-G-31703,Breitenfurt bei Wien,gemeinde,Niederösterreich,gemeinde-breitenfurt.at,https://www.gemeinde-breitenfurt.at/,wikidata
AT-G-31704,Brunn am Gebirge,gemeinde,Niederösterreich,brunnamgebirge.at,https://www.brunnamgebirge.at/,wikidata
AT-G-31706,Gaaden,gemeinde,Niederösterreich,gaaden.at,https://www.gaaden.at/,wikidata
AT-G-31707,Gießhübl,gemeinde,Niederösterreich,giesshuebl.at,https://www.giesshuebl.at/,wikidata
AT-G-31709,Gumpoldskirchen,gemeinde,Niederösterreich,gumpoldskirchen.at,https://www.gumpoldskirchen.at,wikidata
AT-G-31710,Guntramsdorf,gemeinde,Niederösterreich,guntramsdorf.at,https://www.guntramsdorf.at/,wikidata
AT-G-31711,Hennersdorf,gemeinde,Niederösterreich,gemeinde-hennersdorf.at,https://www.gemeinde-hennersdorf.at/,wikidata
AT-G-31712,Hinterbrühl,gemeinde,Niederösterreich,hinterbruehl.gv.at,https://www.hinterbruehl.gv.at/,wikidata
AT-G-31713,Kaltenleutgeben,gemeinde,Niederösterreich,kaltenleutgeben.gv.at,https://www.kaltenleutgeben.gv.at/,wikidata
AT-G-31714,Laab im Walde,gemeinde,Niederösterreich,laab.at,https://www.laab.at/,wikidata
AT-G-31715,Laxenburg,gemeinde,Niederösterreich,laxenburg.at,https://www.laxenburg.at/,wikidata
AT-G-31716,Maria Enzersdorf,gemeinde,Niederösterreich,mariaenzersdorf.gv.at,https://www.mariaenzersdorf.gv.at/,wikidata
AT-G-31717,Mödling,gemeinde,Niederösterreich,moedling.at,https://www.moedling.at/,wikidata
AT-G-31718,Münchendorf,gemeinde,Niederösterreich,muenchendorf.at,https://www.muenchendorf.at/,wikidata
AT-G-31719,Perchtoldsdorf,gemeinde,Niederösterreich,perchtoldsdorf.at,https://www.perchtoldsdorf.at/,wikidata
AT-G-31723,Vösendorf,gemeinde,Niederösterreich,voesendorf.gv.at,https://voesendorf.gv.at/,wikidata
AT-G-31725,Wiener Neudorf,gemeinde,Niederösterreich,wr-neudorf.at,https://www.wr-neudorf.at/,wikidata
AT-G-31726,Wienerwald,gemeinde,Niederösterreich,wienerwald.org,https://www.wienerwald.org/,wikidata
AT-G-31801,Altendorf,gemeinde,Niederösterreich,gemeinde-altendorf.at,https://www.gemeinde-altendorf.at/,wikidata
AT-G-31802,Aspang-Markt,gemeinde,Niederösterreich,aspangmarkt.at,https://www.aspangmarkt.at/,wikidata
AT-G-31803,Aspangberg-St. Peter,gemeinde,Niederösterreich,aspangberg-st-peter.gv.at,https://www.aspangberg-st-peter.gv.at/,wikidata
AT-G-31804,Breitenau,gemeinde,Niederösterreich,breitenau.gv.at,https://www.breitenau.gv.at/,wikidata
AT-G-31805,Breitenstein,gemeinde,Niederösterreich,breitenstein.at,https://www.breitenstein.at/,wikidata
AT-G-31806,Buchbach,gemeinde,Niederösterreich,buchbach-liesling.at,https://www.buchbach-liesling.at/,wikidata
AT-G-31807,Edlitz,gemeinde,Niederösterreich,edlitz.at,https://www.edlitz.at/,wikidata
AT-G-31808,Enzenreith,gemeinde,Niederösterreich,enzenreith.at,https://www.enzenreith.at/,wikidata
AT-G-31809,Feistritz am Wechsel,gemeinde,Niederösterreich,feistritz-wechsel.gv.at,https://www.feistritz-wechsel.gv.at/,wikidata
AT-G-31810,Gloggnitz,gemeinde,Niederösterreich,gloggnitz.at,https://www.gloggnitz.at,wikidata
AT-G-31811,Grafenbach-St. Valentin,gemeinde,Niederösterreich,grafenbach.at,https://www.grafenbach.at/,wikidata
AT-G-31812,Grimmenstein,gemeinde,Niederösterreich,grimmenstein.gv.at,http://www.grimmenstein.gv.at/,wikidata
AT-G-31813,Grünbach am Schneeberg,gemeinde,Niederösterreich,gruenbach-schneeberg.gv.at,https://www.gruenbach-schneeberg.gv.at/,wikidata
AT-G-31814,Kirchberg am Wechsel,gemeinde,Niederösterreich,kirchberg-am-wechsel.at,https://www.kirchberg-am-wechsel.at/,wikidata
AT-G-31815,Mönichkirchen,gemeinde,Niederösterreich,moenichkirchen.at,https://www.moenichkirchen.at/,wikidata
AT-G-31817,Natschbach-Loipersbach,gemeinde,Niederösterreich,natschbach-loipersbach.gv.at,https://www.natschbach-loipersbach.gv.at/,wikidata
AT-G-31818,Neunkirchen,gemeinde,Niederösterreich,neunkirchen.gv.at,https://www.neunkirchen.gv.at,wikidata
AT-G-31820,Otterthal,gemeinde,Niederösterreich,otterthal.at,https://www.otterthal.at/,wikidata
AT-G-31821,Payerbach,gemeinde,Niederösterreich,payerbach.at,https://www.payerbach.at/,wikidata
AT-G-31823,Pitten,gemeinde,Niederösterreich,pitten.at,https://www.pitten.at/,wikidata
AT-G-31825,Prigglitz,gemeinde,Niederösterreich,prigglitz.at,https://www.prigglitz.at/,wikidata
AT-G-31826,Puchberg am Schneeberg,gemeinde,Niederösterreich,puchberg.at,https://www.puchberg.at/,wikidata
AT-G-31827,Raach am Hochgebirge,gemeinde,Niederösterreich,raach.at,https://www.raach.at/,wikidata
AT-G-31829,Reichenau an der Rax,gemeinde,Niederösterreich,reichenau.at,https://www.reichenau.at/,wikidata
AT-G-31830,St. Corona am Wechsel,gemeinde,Niederösterreich,st-corona-wechsel.gv.at,https://www.st-corona-wechsel.gv.at/,wikidata
AT-G-31831,St. Egyden am Steinfeld,gemeinde,Niederösterreich,st-egyden.at,https://www.st-egyden.at/,wikidata
AT-G-31832,Scheiblingkirchen-Thernberg,gemeinde,Niederösterreich,scheiblingkirchen.at,https://www.scheiblingkirchen.at/,wikidata
AT-G-31833,Schottwien,gemeinde,Niederösterreich,schottwien.gv.at,https://www.schottwien.gv.at/,wikidata
AT-G-31834,Schrattenbach,gemeinde,Niederösterreich,schrattenbach.at,https://www.schrattenbach.at/,wikidata
AT-G-31835,Schwarzau am Steinfeld,gemeinde,Niederösterreich,schwarzau.at,https://www.schwarzau.at/,wikidata
AT-G-31836,Schwarzau im Gebirge,gemeinde,Niederösterreich,schwarzau-gebirge.gv.at,https://www.schwarzau-gebirge.gv.at/,wikidata
AT-G-31837,Seebenstein,gemeinde,Niederösterreich,seebenstein.gv.at,https://www.seebenstein.gv.at,wikidata
AT-G-31838,Semmering,gemeinde,Niederösterreich,semmering.at,https://www.semmering.at/,wikidata
AT-G-31839,Ternitz,gemeinde,Niederösterreich,ternitz.gv.at,https://www.ternitz.gv.at/,wikidata
AT-G-31840,Thomasberg,gemeinde,Niederösterreich,thomasberg.at,https://www.thomasberg.at/,wikidata
AT-G-31841,Trattenbach,gemeinde,Niederösterreich,trattenbach.gv.at,https://www.trattenbach.gv.at,wikidata
AT-G-31842,Bürg-Vöstenhof,gemeinde,Niederösterreich,buerg-voestenhof.at,https://www.buerg-voestenhof.at/,wikidata
AT-G-31843,Warth,gemeinde,Niederösterreich,warth-noe.gv.at,https://www.warth-noe.gv.at/,wikidata
AT-G-31844,Wartmannstetten,gemeinde,Niederösterreich,wartmannstetten.gv.at,https://www.wartmannstetten.gv.at/,wikidata
AT-G-31845,Willendorf,gemeinde,Niederösterreich,willendorf.at,https://www.willendorf.at/,wikidata
AT-G-31846,Wimpassing im Schwarzatale,gemeinde,Niederösterreich,wimpassing.at,https://www.wimpassing.at/,wikidata
AT-G-31847,Würflach,gemeinde,Niederösterreich,wuerflach.at,https://www.wuerflach.at/,wikidata
AT-G-31848,Zöbern,gemeinde,Niederösterreich,zoebern.at,https://www.zoebern.at,wikidata
AT-G-31849,Höflein an der Hohen Wand,gemeinde,Niederösterreich,hoeflein.com,https://www.hoeflein.com/,wikidata
AT-G-31901,Altlengbach,gemeinde,Niederösterreich,altlengbach.gv.at,https://www.altlengbach.gv.at/,wikidata
AT-G-31902,Asperhofen,gemeinde,Niederösterreich,asperhofen.at,https://www.asperhofen.at/,wikidata
AT-G-31903,Böheimkirchen,gemeinde,Niederösterreich,boeheimkirchen.noe.gv.at,https://www.boeheimkirchen.noe.gv.at/,wikidata
AT-G-31904,Brand-Laaben,gemeinde,Niederösterreich,brand-laaben.at,https://www.brand-laaben.at/,wikidata
AT-G-31905,Eichgraben,gemeinde,Niederösterreich,eichgraben.at,https://www.eichgraben.at/,wikidata
AT-G-31906,Frankenfels,gemeinde,Niederösterreich,frankenfels.at,https://www.frankenfels.at/,wikidata
AT-G-31907,Gerersdorf,gemeinde,Niederösterreich,gerersdorf.at,https://www.gerersdorf.at/,wikidata
AT-G-31909,Hofstetten-Grünau,gemeinde,Niederösterreich,hofstetten-gruenau.at,https://www.hofstetten-gruenau.at/,wikidata
AT-G-31910,Hafnerbach,gemeinde,Niederösterreich,hafnerbach.gv.at,https://www.hafnerbach.gv.at/,wikidata
AT-G-31911,Haunoldstein,gemeinde,Niederösterreich,haunoldstein.at,https://www.haunoldstein.at,wikidata
AT-G-31912,Herzogenburg,gemeinde,Niederösterreich,herzogenburg.at,https://www.herzogenburg.at,wikidata
AT-G-31913,Inzersdorf-Getzersdorf,gemeinde,Niederösterreich,inzersdorf-getzersdorf.gv.at,https://www.inzersdorf-getzersdorf.gv.at/,wikidata
AT-G-31915,Kapelln,gemeinde,Niederösterreich,kapelln.gv.at,https://www.kapelln.gv.at/,wikidata
AT-G-31916,Karlstetten,gemeinde,Niederösterreich,karlstetten-dunkelsteinerwald.at,https://www.karlstetten-dunkelsteinerwald.at/,wikidata
AT-G-31917,Kasten bei Böheimkirchen,gemeinde,Niederösterreich,gde-kasten.at,https://www.gde-kasten.at/,wikidata
AT-G-31918,Kirchberg an der Pielach,gemeinde,Niederösterreich,kirchberg-pielach.at,https://www.kirchberg-pielach.at/,wikidata
AT-G-31919,Kirchstetten,gemeinde,Niederösterreich,kirchstetten.at,https://www.kirchstetten.at/,wikidata
AT-G-31920,Loich,gemeinde,Niederösterreich,loich.gv.at,https://loich.gv.at/,wikidata
AT-G-31921,Maria Anzbach,gemeinde,Niederösterreich,maria-anzbach.at,https://www.maria-anzbach.at/,wikidata
AT-G-31922,Markersdorf-Haindorf,gemeinde,Niederösterreich,markersdorf-haindorf.at,https://www.markersdorf-haindorf.at/,wikidata
AT-G-31923,Michelbach,gemeinde,Niederösterreich,michelbach.at,https://www.michelbach.at/,wikidata
AT-G-31925,Neidling,gemeinde,Niederösterreich,neidling.at,https://www.neidling.at/,wikidata
AT-G-31926,Neulengbach,gemeinde,Niederösterreich,neulengbach.com,https://www.neulengbach.com/,wikidata
AT-G-31927,Neustift-Innermanzing,gemeinde,Niederösterreich,neustift-innermanzing.at,https://www.neustift-innermanzing.at/,wikidata
AT-G-31928,Nußdorf ob der Traisen,gemeinde,Niederösterreich,nussdorf-traisen.gv.at,https://www.nussdorf-traisen.gv.at/,wikidata
AT-G-31929,Ober-Grafendorf,gemeinde,Niederösterreich,ober-grafendorf.at,https://www.ober-grafendorf.at/,wikidata
AT-G-31930,Obritzberg-Rust,gemeinde,Niederösterreich,obritzberg-rust.gv.at,https://www.obritzberg-rust.gv.at/,wikidata
AT-G-31932,Prinzersdorf,gemeinde,Niederösterreich,prinzersdorf.at,https://www.prinzersdorf.at/,wikidata
AT-G-31934,Pyhra,gemeinde,Niederösterreich,pyhra.gv.at,https://www.pyhra.gv.at/,wikidata
AT-G-31935,Rabenstein an der Pielach,gemeinde,Niederösterreich,rabenstein.cc,https://www.rabenstein.cc/,wikidata
AT-G-31938,St. Margarethen an der Sierning,gemeinde,Niederösterreich,sankt-margarethen.at,https://www.sankt-margarethen.at,wikidata
AT-G-31939,Schwarzenbach an der Pielach,gemeinde,Niederösterreich,schwarzenbach-pielach.gv.at,https://www.schwarzenbach-pielach.gv.at/,wikidata
AT-G-31940,Statzendorf,gemeinde,Niederösterreich,statzendorf.at,https://www.statzendorf.at/,wikidata
AT-G-31941,Stössing,gemeinde,Niederösterreich,stoessing.gv.at,https://www.stoessing.gv.at,wikidata
AT-G-31943,Traismauer,gemeinde,Niederösterreich,traismauer.at,https://www.traismauer.at/,wikidata
AT-G-31945,Weinburg,gemeinde,Niederösterreich,weinburg.eu,https://www.weinburg.eu,wikidata
AT-G-31946,Perschling,gemeinde,Niederösterreich,weissenkirchen-perschling.at,https://www.weissenkirchen-perschling.at/,wikidata
AT-G-31947,Wilhelmsburg,gemeinde,Niederösterreich,wilhelmsburg.gv.at,https://www.wilhelmsburg.gv.at/,wikidata
AT-G-31948,Wölbling,gemeinde,Niederösterreich,woelbling.at,https://www.woelbling.at/,wikidata
AT-G-31949,Gablitz,gemeinde,Niederösterreich,gablitz.at,https://www.gablitz.at/,wikidata
AT-G-31950,Mauerbach,gemeinde,Niederösterreich,mauerbach.at,https://www.mauerbach.at/,wikidata
AT-G-31951,Pressbaum,gemeinde,Niederösterreich,pressbaum.at,https://www.pressbaum.at/,wikidata
AT-G-31952,Purkersdorf,gemeinde,Niederösterreich,purkersdorf.at,https://www.purkersdorf.at/,wikidata
AT-G-31953,Tullnerbach,gemeinde,Niederösterreich,tullnerbach.gv.at,https://www.tullnerbach.gv.at/,wikidata
AT-G-31954,Wolfsgraben,gemeinde,Niederösterreich,gemeinde-wolfsgraben.at,https://www.gemeinde-wolfsgraben.at/,wikidata
AT-G-32001,Gaming,gemeinde,Niederösterreich,gaming.gv.at,https://www.gaming.gv.at/,wikidata
AT-G-32002,Göstling an der Ybbs,gemeinde,Niederösterreich,goestling.com,https://www.goestling.com/,wikidata
AT-G-32003,Gresten,gemeinde,Niederösterreich,gresten.at,https://www.gresten.at/,wikidata
AT-G-32004,Gresten-Land,gemeinde,Niederösterreich,gresten-land.at,https://www.gresten-land.at/,wikidata
AT-G-32005,Lunz am See,gemeinde,Niederösterreich,lunzamsee.at,https://www.lunzamsee.at/,wikidata
AT-G-32006,Oberndorf an der Melk,gemeinde,Niederösterreich,oberndorf-noe.at,https://www.oberndorf-noe.at,wikidata
AT-G-32007,Puchenstuben,gemeinde,Niederösterreich,puchenstuben.at,https://www.puchenstuben.at/,wikidata
AT-G-32008,Purgstall an der Erlauf,gemeinde,Niederösterreich,purgstall.at,https://www.purgstall.at/,wikidata
AT-G-32009,Randegg,gemeinde,Niederösterreich,randegg.at,https://www.randegg.at/,wikidata
AT-G-32010,Reinsberg,gemeinde,Niederösterreich,reinsberg.at,https://www.reinsberg.at/,wikidata
AT-G-32011,St. Anton an der Jeßnitz,gemeinde,Niederösterreich,tiscover.at,https://www.tiscover.at/st.anton.jessnitz,wikidata
AT-G-32012,St. Georgen an der Leys,gemeinde,Niederösterreich,stgeorgenleys.at,https://www.stgeorgenleys.at/,wikidata
AT-G-32013,Scheibbs,gemeinde,Niederösterreich,scheibbs.gv.at,https://www.scheibbs.gv.at/,wikidata
AT-G-32014,Steinakirchen am Forst,gemeinde,Niederösterreich,steinakirchen.at,https://www.steinakirchen.at/,wikidata
AT-G-32015,Wang,gemeinde,Niederösterreich,wang.at,https://www.wang.at/,wikidata
AT-G-32016,Wieselburg,gemeinde,Niederösterreich,wieselburg.at,https://www.wieselburg.at/,wikidata
AT-G-32017,Wieselburg-Land,gemeinde,Niederösterreich,wieselburg-land.at,https://www.wieselburg-land.at/,wikidata
AT-G-32018,Wolfpassing,gemeinde,Niederösterreich,wolfpassing.gv.at,https://www.wolfpassing.gv.at/,wikidata
AT-G-32101,Absdorf,gemeinde,Niederösterreich,absdorf.gv.at,https://www.absdorf.gv.at/,wikidata
AT-G-32104,Atzenbrugg,gemeinde,Niederösterreich,atzenbrugg.at,https://www.atzenbrugg.at/,wikidata
AT-G-32106,Fels am Wagram,gemeinde,Niederösterreich,fels-wagram.at,https://www.fels-wagram.at/,wikidata
AT-G-32107,Grafenwörth,gemeinde,Niederösterreich,grafenwoerth.at,https://www.grafenwoerth.at/,wikidata
AT-G-32109,Großriedenthal,gemeinde,Niederösterreich,grossriedenthal.at,https://www.grossriedenthal.at/,wikidata
AT-G-32110,Großweikersdorf,gemeinde,Niederösterreich,grossweikersdorf.at,https://www.grossweikersdorf.at/,wikidata
AT-G-32112,Judenau-Baumgarten,gemeinde,Niederösterreich,judenau-baumgarten.at,https://www.judenau-baumgarten.at/,wikidata
AT-G-32114,Kirchberg am Wagram,gemeinde,Niederösterreich,kirchberg-wagram.at,https://www.kirchberg-wagram.at/,wikidata
AT-G-32115,Königsbrunn am Wagram,gemeinde,Niederösterreich,koenigsbrunn.at,https://www.koenigsbrunn.at/,wikidata
AT-G-32116,Königstetten,gemeinde,Niederösterreich,koenigstetten.gv.at,https://www.koenigstetten.gv.at/,wikidata
AT-G-32119,Langenrohr,gemeinde,Niederösterreich,langenrohr.gv.at,https://www.langenrohr.gv.at/,wikidata
AT-G-32120,Michelhausen,gemeinde,Niederösterreich,michelhausen.at,https://www.michelhausen.at/,wikidata
AT-G-32131,Sieghartskirchen,gemeinde,Niederösterreich,sieghartskirchen.gv.at,https://www.sieghartskirchen.gv.at/,wikidata
AT-G-32132,Sitzenberg-Reidling,gemeinde,Niederösterreich,sitzenberg-reidling.gv.at,https://www.sitzenberg-reidling.gv.at/,wikidata
AT-G-32134,Tulbing,gemeinde,Niederösterreich,tulbing.at,https://www.tulbing.at/,wikidata
AT-G-32135,Tulln an der Donau,gemeinde,Niederösterreich,tulln.at,https://www.tulln.at/,wikidata
AT-G-32139,Würmla,gemeinde,Niederösterreich,wuermla.at,https://www.wuermla.at/,wikidata
AT-G-32140,Zeiselmauer-Wolfpassing,gemeinde,Niederösterreich,zeiselmauer-wolfpassing.at,https://www.zeiselmauer-wolfpassing.at/,wikidata
AT-G-32141,Zwentendorf an der Donau,gemeinde,Niederösterreich,zwentendorf.at,https://www.zwentendorf.at/,wikidata
AT-G-32142,St. Andrä-Wördern,gemeinde,Niederösterreich,staw.at,https://www.staw.at/,wikidata
AT-G-32143,Muckendorf-Wipfing,gemeinde,Niederösterreich,muckendorf-wipfing.at,https://www.muckendorf-wipfing.at/,wikidata
AT-G-32144,Klosterneuburg,gemeinde,Niederösterreich,klosterneuburg.at,https://www.klosterneuburg.at/,wikidata
AT-G-32202,Dietmanns,gemeinde,Niederösterreich,dietmanns.gv.at,https://www.dietmanns.gv.at/,wikidata
AT-G-32203,Dobersberg,gemeinde,Niederösterreich,dobersberg.gv.at,https://www.dobersberg.gv.at,wikidata
AT-G-32206,Gastern,gemeinde,Niederösterreich,gastern.at,http://www.gastern.at/,wikidata
AT-G-32207,Groß-Siegharts,gemeinde,Niederösterreich,siegharts.at,https://www.siegharts.at/,wikidata
AT-G-32209,Karlstein an der Thaya,gemeinde,Niederösterreich,karlstein-thaya.gv.at,https://www.karlstein-thaya.gv.at/,wikidata
AT-G-32210,Kautzen,gemeinde,Niederösterreich,kautzen.gv.at,https://www.kautzen.gv.at/,wikidata
AT-G-32212,Ludweis-Aigen,gemeinde,Niederösterreich,ludweis-aigen.at,https://www.ludweis-aigen.at/,wikidata
AT-G-32214,Pfaffenschlag bei Waidhofen a.d.Thaya,gemeinde,Niederösterreich,pfaffenschlag.at,https://www.pfaffenschlag.at/,wikidata
AT-G-32216,Raabs an der Thaya,gemeinde,Niederösterreich,raabs-thaya.gv.at,https://www.raabs-thaya.gv.at/,wikidata
AT-G-32217,Thaya,gemeinde,Niederösterreich,thaya.at,https://www.thaya.at/,wikidata
AT-G-32219,Vitis,gemeinde,Niederösterreich,vitis.at,https://www.vitis.at/,wikidata
AT-G-32220,Waidhofen an der Thaya,gemeinde,Niederösterreich,waidhofen-thaya.at,https://www.waidhofen-thaya.at,wikidata
AT-G-32221,Waidhofen an der Thaya-Land,gemeinde,Niederösterreich,waidhofen-thaya-land.gv.at,https://www.waidhofen-thaya-land.gv.at/,wikidata
AT-G-32222,Waldkirchen an der Thaya,gemeinde,Niederösterreich,waldkirchen-thaya.at,https://www.waldkirchen-thaya.at/,wikidata
AT-G-32223,Windigsteig,gemeinde,Niederösterreich,windigsteig.gv.at,https://www.windigsteig.gv.at/,wikidata
AT-G-32301,Bad Fischau-Brunn,gemeinde,Niederösterreich,bad-fischau-brunn.at,https://www.bad-fischau-brunn.at/,wikidata
AT-G-32302,Bad Schönau,gemeinde,Niederösterreich,bad-schoenau.gv.at,https://www.bad-schoenau.gv.at/,wikidata
AT-G-32304,Ebenfurth,gemeinde,Niederösterreich,ebenfurth.at,https://www.ebenfurth.at/,wikidata
AT-G-32305,Eggendorf,gemeinde,Niederösterreich,eggendorf-noe.at,https://www.eggendorf-noe.at/,wikidata
AT-G-32306,Bad Erlach,gemeinde,Niederösterreich,erlach.gv.at,https://www.erlach.gv.at/,wikidata
AT-G-32307,Felixdorf,gemeinde,Niederösterreich,felixdorf.gv.at,https://www.felixdorf.gv.at/,wikidata
AT-G-32308,Gutenstein,gemeinde,Niederösterreich,gutenstein.at,https://www.gutenstein.at/,wikidata
AT-G-32309,Hochneukirchen-Gschaidt,gemeinde,Niederösterreich,hochneukirchen-gschaidt.at,https://www.hochneukirchen-gschaidt.at/,wikidata
AT-G-32310,Hochwolkersdorf,gemeinde,Niederösterreich,hochwolkersdorf.at,https://www.hochwolkersdorf.at/,wikidata
AT-G-32311,Hohe Wand,gemeinde,Niederösterreich,hohewand.net,https://www.hohewand.net/,wikidata
AT-G-32312,Hollenthon,gemeinde,Niederösterreich,hollenthon.at,https://www.hollenthon.at/,wikidata
AT-G-32313,Katzelsdorf,gemeinde,Niederösterreich,katzelsdorf.at,https://www.katzelsdorf.at/,wikidata
AT-G-32314,Kirchschlag in der Buckligen Welt,gemeinde,Niederösterreich,kirchschlag.at,https://www.kirchschlag.at,wikidata
AT-G-32315,Krumbach,gemeinde,Niederösterreich,krumbach-noe.at,https://www.krumbach-noe.at/,wikidata
AT-G-32316,Lanzenkirchen,gemeinde,Niederösterreich,lanzenkirchen.gv.at,https://www.lanzenkirchen.gv.at/,wikidata
AT-G-32317,Lichtenegg,gemeinde,Niederösterreich,lichtenegg.at,https://www.lichtenegg.at/,wikidata
AT-G-32318,Lichtenwörth,gemeinde,Niederösterreich,lichtenwoerth.at,https://www.lichtenwoerth.at,wikidata
AT-G-32319,Markt Piesting,gemeinde,Niederösterreich,piesting.at,https://www.piesting.at/,wikidata
AT-G-32320,Matzendorf-Hölles,gemeinde,Niederösterreich,matzendorf.at,https://www.matzendorf.at/,wikidata
AT-G-32321,Miesenbach,gemeinde,Niederösterreich,miesenbach.at,https://www.miesenbach.at/,wikidata
AT-G-32322,Muggendorf,gemeinde,Niederösterreich,muggendorf.at,https://www.muggendorf.at/,wikidata
AT-G-32323,Pernitz,gemeinde,Niederösterreich,pernitz.co.at,https://www.pernitz.co.at/,wikidata
AT-G-32324,Rohr im Gebirge,gemeinde,Niederösterreich,rohrimgebirge.at,https://www.rohrimgebirge.at/,wikidata
AT-G-32325,Bromberg,gemeinde,Niederösterreich,bromberg.at,https://www.bromberg.at/,wikidata
AT-G-32326,Schwarzenbach,gemeinde,Niederösterreich,schwarzenbach.gv.at,https://www.schwarzenbach.gv.at/,wikidata
AT-G-32327,Sollenau,gemeinde,Niederösterreich,sollenau.noe.gv.at,https://www.sollenau.noe.gv.at/,wikidata
AT-G-32330,Theresienfeld,gemeinde,Niederösterreich,theresienfeld.gv.at,https://www.theresienfeld.gv.at/,wikidata
AT-G-32331,Waidmannsfeld,gemeinde,Niederösterreich,waidmannsfeld.at,https://www.waidmannsfeld.at/,wikidata
AT-G-32332,Waldegg,gemeinde,Niederösterreich,waldegg.co.at,https://www.waldegg.co.at/,wikidata
AT-G-32333,Walpersbach,gemeinde,Niederösterreich,walpersbach.gv.at,https://www.walpersbach.gv.at/,wikidata
AT-G-32334,Weikersdorf am Steinfelde,gemeinde,Niederösterreich,weikersdorf.at,https://www.weikersdorf.at/,wikidata
AT-G-32335,Wiesmath,gemeinde,Niederösterreich,wiesmath.at,https://www.wiesmath.at/,wikidata
AT-G-32336,Winzendorf-Muthmannsdorf,gemeinde,Niederösterreich,winzendorf-muthmannsdorf.gv.at,https://www.winzendorf-muthmannsdorf.gv.at/,wikidata
AT-G-32337,Wöllersdorf-Steinabrückl,gemeinde,Niederösterreich,woellersdorf-steinabrueckl.at,https://www.woellersdorf-steinabrueckl.at/,wikidata
AT-G-32338,Zillingdorf,gemeinde,Niederösterreich,zillingdorf.at,https://www.zillingdorf.at,wikidata
AT-G-32501,Allentsteig,gemeinde,Niederösterreich,allentsteig.gv.at,https://www.allentsteig.gv.at/,wikidata
AT-G-32502,Arbesbach,gemeinde,Niederösterreich,arbesbach.gv.at,https://www.arbesbach.gv.at/,wikidata
AT-G-32503,Bärnkopf,gemeinde,Niederösterreich,baernkopf.at,https://www.baernkopf.at/,wikidata
AT-G-32504,Echsenbach,gemeinde,Niederösterreich,echsenbach.gv.at,https://www.echsenbach.gv.at/,wikidata
AT-G-32505,Göpfritz an der Wild,gemeinde,Niederösterreich,goepfritz-wild.gv.at,https://www.goepfritz-wild.gv.at/,wikidata
AT-G-32506,Grafenschlag,gemeinde,Niederösterreich,grafenschlag.at,https://www.grafenschlag.at/,wikidata
AT-G-32508,Groß Gerungs,gemeinde,Niederösterreich,gerungs.at,https://www.gerungs.at/,wikidata
AT-G-32509,Großgöttfritz,gemeinde,Niederösterreich,grossgoettfritz.at,https://www.grossgoettfritz.at/,wikidata
AT-G-32511,Gutenbrunn,gemeinde,Niederösterreich,gutenbrunn.at,https://www.gutenbrunn.at/,wikidata
AT-G-32514,Kirchschlag,gemeinde,Niederösterreich,kirchschlag.gv.at,https://www.kirchschlag.gv.at/,wikidata
AT-G-32515,Kottes-Purk,gemeinde,Niederösterreich,kottes-purk.at,https://www.kottes-purk.at/,wikidata
AT-G-32516,Langschlag,gemeinde,Niederösterreich,langschlag.gv.at,https://www.langschlag.gv.at/,wikidata
AT-G-32517,Martinsberg,gemeinde,Niederösterreich,martinsberg.at,https://www.martinsberg.at/,wikidata
AT-G-32518,Ottenschlag,gemeinde,Niederösterreich,ottenschlag.com,https://www.ottenschlag.com/,wikidata
AT-G-32519,Altmelon,gemeinde,Niederösterreich,altmelon.at,https://www.altmelon.at/,wikidata
AT-G-32520,Pölla,gemeinde,Niederösterreich,poella.gv.at,http://www.poella.gv.at/,wikidata
AT-G-32521,Rappottenstein,gemeinde,Niederösterreich,rappottenstein.at,https://www.rappottenstein.at/,wikidata
AT-G-32522,Sallingberg,gemeinde,Niederösterreich,sallingberg.at,https://www.sallingberg.at,wikidata
AT-G-32523,Schönbach,gemeinde,Niederösterreich,schoenbach.at,https://www.schoenbach.at/,wikidata
AT-G-32524,Schwarzenau,gemeinde,Niederösterreich,schwarzenau.at,https://www.schwarzenau.at,wikidata
AT-G-32525,Schweiggers,gemeinde,Niederösterreich,schweiggers.gv.at,https://www.schweiggers.gv.at/,wikidata
AT-G-32528,Bad Traunstein,gemeinde,Niederösterreich,traunstein.gv.at,https://www.traunstein.gv.at/,wikidata
AT-G-32529,Waldhausen,gemeinde,Niederösterreich,waldhausen.gv.at,http://www.waldhausen.gv.at,wikidata
AT-G-32530,Zwettl-Niederösterreich,gemeinde,Niederösterreich,zwettl.gv.at,https://www.zwettl.gv.at/,wikidata
AT-G-40101,Linz,gemeinde,Oberösterreich,linz.at,https://www.linz.at/,wikidata
AT-G-40201,Steyr,gemeinde,Oberösterreich,steyr.at,https://www.steyr.at,wikidata
AT-G-40301,Wels,gemeinde,Oberösterreich,wels.at,http://www.wels.at/,wikidata
AT-G-40401,Altheim,gemeinde,Oberösterreich,altheim.ooe.gv.at,https://www.altheim.ooe.gv.at/,wikidata
AT-G-40402,Aspach,gemeinde,Oberösterreich,aspach.at,https://www.aspach.at/,wikidata
AT-G-40403,Auerbach,gemeinde,Oberösterreich,auerbach.ooe.gv.at,http://www.auerbach.ooe.gv.at/,wikidata
AT-G-40404,Braunau am Inn,gemeinde,Oberösterreich,braunau.at,https://www.braunau.at/,wikidata
AT-G-40405,Burgkirchen,gemeinde,Oberösterreich,burgkirchen.ooe.gv.at,http://www.burgkirchen.ooe.gv.at/,wikidata
AT-G-40406,Eggelsberg,gemeinde,Oberösterreich,eggelsberg.at,http://www.eggelsberg.at/,wikidata
AT-G-40407,Feldkirchen bei Mattighofen,gemeinde,Oberösterreich,feldkirchen-mattighofen.ooe.gv.at,https://www.feldkirchen-mattighofen.ooe.gv.at/,wikidata
AT-G-40408,Franking,gemeinde,Oberösterreich,franking.ooe.gv.at,http://www.franking.ooe.gv.at/,wikidata
AT-G-40409,Geretsberg,gemeinde,Oberösterreich,geretsberg.at,http://www.geretsberg.at,wikidata
AT-G-40410,Gilgenberg am Weilhart,gemeinde,Oberösterreich,gilgenberg.at,http://www.gilgenberg.at/,wikidata
AT-G-40411,Haigermoos,gemeinde,Oberösterreich,haigermoos.at,http://www.haigermoos.at/,wikidata
AT-G-40412,Handenberg,gemeinde,Oberösterreich,handenberg.ooe.gv.at,http://www.handenberg.ooe.gv.at/,wikidata
AT-G-40413,Helpfau-Uttendorf,gemeinde,Oberösterreich,helpfau-uttendorf.at,https://www.helpfau-uttendorf.at/,wikidata
AT-G-40414,Hochburg-Ach,gemeinde,Oberösterreich,hochburg-ach.at,http://www.hochburg-ach.at/,wikidata
AT-G-40415,Höhnhart,gemeinde,Oberösterreich,hoehnhart.ooe.gv.at,https://www.hoehnhart.ooe.gv.at/,wikidata
AT-G-40416,Jeging,gemeinde,Oberösterreich,jeging.at,http://www.jeging.at/,wikidata
AT-G-40417,Kirchberg bei Mattighofen,gemeinde,Oberösterreich,kirchberg-mattighofen.ooe.gv.at,http://www.kirchberg-mattighofen.ooe.gv.at/,wikidata
AT-G-40418,Lengau,gemeinde,Oberösterreich,gemeindelengau.at,http://www.gemeindelengau.at/,wikidata
AT-G-40419,Lochen am See,gemeinde,Oberösterreich,lochen.at,https://www.lochen.at/,wikidata
AT-G-40420,Maria Schmolln,gemeinde,Oberösterreich,maria-schmolln.at,https://www.maria-schmolln.at/,wikidata
AT-G-40421,Mattighofen,gemeinde,Oberösterreich,mattighofen.at,http://www.mattighofen.at/,wikidata
AT-G-40422,Mauerkirchen,gemeinde,Oberösterreich,mauerkirchen.ooe.gv.at,http://www.mauerkirchen.ooe.gv.at/,wikidata
AT-G-40423,Mining,gemeinde,Oberösterreich,mining.ooe.gv.at,http://www.mining.ooe.gv.at/,wikidata
AT-G-40424,Moosbach,gemeinde,Oberösterreich,moosbach.at,http://www.moosbach.at/,wikidata
AT-G-40425,Moosdorf,gemeinde,Oberösterreich,moosdorf.ooe.gv.at,http://www.moosdorf.ooe.gv.at/,wikidata
AT-G-40426,Munderfing,gemeinde,Oberösterreich,munderfing.at,http://www.munderfing.at/,wikidata
AT-G-40427,Neukirchen an der Enknach,gemeinde,Oberösterreich,neukirchen.ooe.gv.at,http://www.neukirchen.ooe.gv.at/,wikidata
AT-G-40428,Ostermiething,gemeinde,Oberösterreich,ostermiething.at,http://www.ostermiething.at/,wikidata
AT-G-40429,Palting,gemeinde,Oberösterreich,palting.at,http://www.palting.at/,wikidata
AT-G-40430,Perwang am Grabensee,gemeinde,Oberösterreich,perwang.at,http://www.perwang.at/,wikidata
AT-G-40431,Pfaffstätt,gemeinde,Oberösterreich,pfaffstaett.ooe.gv.at,http://www.pfaffstaett.ooe.gv.at/,wikidata
AT-G-40432,Pischelsdorf am Engelbach,gemeinde,Oberösterreich,pischelsdorf.ooe.gv.at,http://www.pischelsdorf.ooe.gv.at/,wikidata
AT-G-40433,Polling im Innkreis,gemeinde,Oberösterreich,polling-innkreis.ooe.gv.at,http://www.polling-innkreis.ooe.gv.at/,wikidata
AT-G-40434,Roßbach,gemeinde,Oberösterreich,rossbach.at,http://www.rossbach.at/,wikidata
AT-G-40435,St. Georgen am Fillmannsbach,gemeinde,Oberösterreich,handenberg.ooe.gv.at,http://www.handenberg.ooe.gv.at/system/web/default.aspx,wikidata
AT-G-40436,St. Johann am Walde,gemeinde,Oberösterreich,saigahans.at,http://www.saigahans.at/,wikidata
AT-G-40437,St. Pantaleon,gemeinde,Oberösterreich,stpantaleon.at,http://www.stpantaleon.at/,wikidata
AT-G-40438,St. Peter am Hart,gemeinde,Oberösterreich,st-peter-hart.ooe.gv.at,https://www.st-peter-hart.ooe.gv.at/,wikidata
AT-G-40439,St. Radegund,gemeinde,Oberösterreich,st-radegund.at,http://www.st-radegund.at/,wikidata
AT-G-40440,St. Veit im Innkreis,gemeinde,Oberösterreich,st-veit-innkreis.at,http://www.st-veit-innkreis.at/,wikidata
AT-G-40441,Schalchen,gemeinde,Oberösterreich,schalchen.at,http://www.schalchen.at/,wikidata
AT-G-40442,Schwand im Innkreis,gemeinde,Oberösterreich,schwand.at,http://www.schwand.at/,wikidata
AT-G-40443,Tarsdorf,gemeinde,Oberösterreich,tarsdorf.at,http://www.tarsdorf.at/,wikidata
AT-G-40444,Treubach,gemeinde,Oberösterreich,treubach.ooe.gv.at,https://www.treubach.ooe.gv.at/,wikidata
AT-G-40445,Überackern,gemeinde,Oberösterreich,ueberackern.at,http://www.ueberackern.at,wikidata
AT-G-40446,Weng im Innkreis,gemeinde,Oberösterreich,weng-innkreis.at,http://www.weng-innkreis.at/,wikidata
AT-G-40501,Alkoven,gemeinde,Oberösterreich,alkoven.at,http://www.alkoven.at/,wikidata
AT-G-40502,Aschach an der Donau,gemeinde,Oberösterreich,aschach.at,http://www.aschach.at/,wikidata
AT-G-40503,Eferding,gemeinde,Oberösterreich,eferding.at,https://eferding.at,wikidata
AT-G-40504,Fraham,gemeinde,Oberösterreich,fraham.at,http://www.fraham.at/,wikidata
AT-G-40505,Haibach ob der Donau,gemeinde,Oberösterreich,haibach-donau.at,http://www.haibach-donau.at/,wikidata
AT-G-40506,Hartkirchen,gemeinde,Oberösterreich,hartkirchen.ooe.gv.at,http://www.hartkirchen.ooe.gv.at/,wikidata
AT-G-40507,Hinzenbach,gemeinde,Oberösterreich,hinzenbach.at,http://www.hinzenbach.at/,wikidata
AT-G-40508,Prambachkirchen,gemeinde,Oberösterreich,prambachkirchen.at,http://www.prambachkirchen.at/,wikidata
AT-G-40509,Pupping,gemeinde,Oberösterreich,pupping.at,http://www.pupping.at/,wikidata
AT-G-40510,St. Marienkirchen an der Polsenz,gemeinde,Oberösterreich,st-marienkirchen-polsenz.ooe.gv.at,http://www.st-marienkirchen-polsenz.ooe.gv.at/,wikidata
AT-G-40511,Scharten,gemeinde,Oberösterreich,scharten.at,http://www.scharten.at/,wikidata
AT-G-40512,Stroheim,gemeinde,Oberösterreich,stroheim.at,http://www.stroheim.at/,wikidata
AT-G-40601,Freistadt,gemeinde,Oberösterreich,freistadt.at,https://www.freistadt.at,wikidata
AT-G-40602,Grünbach,gemeinde,Oberösterreich,gruenbach.at,http://www.gruenbach.at/,wikidata
AT-G-40603,Gutau,gemeinde,Oberösterreich,gutau.at,http://www.gutau.at/,wikidata
AT-G-40604,Hagenberg im Mühlkreis,gemeinde,Oberösterreich,hagenberg.ooe.gv.at,https://www.hagenberg.ooe.gv.at/,wikidata
AT-G-40605,Hirschbach im Mühlkreis,gemeinde,Oberösterreich,hirschbach.at,http://www.hirschbach.at/,wikidata
AT-G-40606,Kaltenberg,gemeinde,Oberösterreich,kaltenberg.at,http://www.kaltenberg.at/,wikidata
AT-G-40607,Kefermarkt,gemeinde,Oberösterreich,kefermarkt.ooe.gv.at,http://www.kefermarkt.ooe.gv.at/,wikidata
AT-G-40608,Königswiesen,gemeinde,Oberösterreich,koenigswiesen.at,http://www.koenigswiesen.at/,wikidata
AT-G-40609,Lasberg,gemeinde,Oberösterreich,lasberg.ooe.gv.at,http://www.lasberg.ooe.gv.at/,wikidata
AT-G-40610,Leopoldschlag,gemeinde,Oberösterreich,leopoldschlag.at,http://www.leopoldschlag.at/,wikidata
AT-G-40611,Liebenau,gemeinde,Oberösterreich,liebenau.at,http://www.liebenau.at/,wikidata
AT-G-40612,Neumarkt im Mühlkreis,gemeinde,Oberösterreich,neumarkt-muehlkreis.ooe.gv.at,http://www.neumarkt-muehlkreis.ooe.gv.at/,wikidata
AT-G-40613,Pierbach,gemeinde,Oberösterreich,pierbach.at,http://www.pierbach.at/,wikidata
AT-G-40614,Pregarten,gemeinde,Oberösterreich,pregarten.at,http://www.pregarten.at/,wikidata
AT-G-40615,Rainbach im Mühlkreis,gemeinde,Oberösterreich,rainbach.at,https://www.rainbach.at/,wikidata
AT-G-40616,Sandl,gemeinde,Oberösterreich,sandl.at,http://www.sandl.at/,wikidata
AT-G-40617,St. Leonhard bei Freistadt,gemeinde,Oberösterreich,stleonhard.at,http://www.stleonhard.at/,wikidata
AT-G-40618,St. Oswald bei Freistadt,gemeinde,Oberösterreich,stoswald.at,https://www.stoswald.at/,wikidata
AT-G-40619,Schönau im Mühlkreis,gemeinde,Oberösterreich,schoenau-im.at,http://www.schoenau-im.at/,wikidata
AT-G-40620,Tragwein,gemeinde,Oberösterreich,tragwein.at,http://www.tragwein.at/,wikidata
AT-G-40621,Unterweißenbach,gemeinde,Oberösterreich,unterweissenbach.at,http://www.unterweissenbach.at/,wikidata
AT-G-40622,Unterweitersdorf,gemeinde,Oberösterreich,unterweitersdorf.at,http://www.unterweitersdorf.at/,wikidata
AT-G-40623,Waldburg,gemeinde,Oberösterreich,waldburg.at,http://waldburg.at/,wikidata
AT-G-40624,Wartberg ob der Aist,gemeinde,Oberösterreich,wartberg-aist.at,http://www.wartberg-aist.at/,wikidata
AT-G-40625,Weitersfelden,gemeinde,Oberösterreich,weitersfelden.at,http://www.weitersfelden.at/,wikidata
AT-G-40626,Windhaag bei Freistadt,gemeinde,Oberösterreich,windhaag.at,http://www.windhaag.at/,wikidata
AT-G-40627,Bad Zell,gemeinde,Oberösterreich,badzell.at,http://www.badzell.at/,wikidata
AT-G-40701,Altmünster,gemeinde,Oberösterreich,altmuenster.at,https://www.altmuenster.at/,wikidata
AT-G-40702,Bad Goisern am Hallstättersee,gemeinde,Oberösterreich,bad-goisern.ooe.gv.at,https://www.bad-goisern.ooe.gv.at/,wikidata
AT-G-40703,Bad Ischl,gemeinde,Oberösterreich,bad-ischl.ooe.gv.at,https://www.bad-ischl.ooe.gv.at/,wikidata
AT-G-40704,Ebensee am Traunsee,gemeinde,Oberösterreich,ebensee.at,http://www.ebensee.at/,wikidata
AT-G-40705,Gmunden,gemeinde,Oberösterreich,gmunden.ooe.gv.at,http://www.gmunden.ooe.gv.at/,wikidata
AT-G-40706,Gosau,gemeinde,Oberösterreich,gosau.ooe.gv.at,http://www.gosau.ooe.gv.at/,wikidata
AT-G-40707,Grünau im Almtal,gemeinde,Oberösterreich,gruenau.at,http://www.gruenau.at/,wikidata
AT-G-40708,Gschwandt,gemeinde,Oberösterreich,gschwandt.at,http://www.gschwandt.at/,wikidata
AT-G-40709,Hallstatt,gemeinde,Oberösterreich,hallstatt.ooe.gv.at,https://www.hallstatt.ooe.gv.at/,wikidata
AT-G-40710,Kirchham,gemeinde,Oberösterreich,kirchham.ooe.gv.at,http://www.kirchham.ooe.gv.at/,wikidata
AT-G-40711,Laakirchen,gemeinde,Oberösterreich,laakirchen.at,http://www.laakirchen.at,wikidata
AT-G-40712,Obertraun,gemeinde,Oberösterreich,obertraun.ooe.gv.at,http://www.obertraun.ooe.gv.at/,wikidata
AT-G-40713,Ohlsdorf,gemeinde,Oberösterreich,ohlsdorf.at,http://www.ohlsdorf.at/,wikidata
AT-G-40714,Pinsdorf,gemeinde,Oberösterreich,pinsdorf.ooe.gv.at,http://www.pinsdorf.ooe.gv.at/,wikidata
AT-G-40715,Roitham am Traunfall,gemeinde,Oberösterreich,roitham.at,http://www.roitham.at/,wikidata
AT-G-40716,St. Konrad,gemeinde,Oberösterreich,st-konrad.at,http://www.st-konrad.at/,wikidata
AT-G-40717,St. Wolfgang im Salzkammergut,gemeinde,Oberösterreich,st-wolfgang.ooe.gv.at,http://www.st-wolfgang.ooe.gv.at/,wikidata
AT-G-40718,Traunkirchen,gemeinde,Oberösterreich,traunkirchen.at,http://www.traunkirchen.at/,wikidata
AT-G-40719,Scharnstein,gemeinde,Oberösterreich,scharnstein.ooe.gv.at,http://www.scharnstein.ooe.gv.at/,wikidata
AT-G-40720,Vorchdorf,gemeinde,Oberösterreich,vorchdorf.at,http://www.vorchdorf.at/,wikidata
AT-G-40801,Aistersheim,gemeinde,Oberösterreich,aistersheim.at,http://www.aistersheim.at/,wikidata
AT-G-40802,Bad Schallerbach,gemeinde,Oberösterreich,bad-schallerbach.at,https://www.bad-schallerbach.at/,wikidata
AT-G-40804,Eschenau im Hausruckkreis,gemeinde,Oberösterreich,eschenau.ooe.gv.at,http://www.eschenau.ooe.gv.at/,wikidata
AT-G-40805,Gallspach,gemeinde,Oberösterreich,gallspach.ooe.gv.at,http://www.gallspach.ooe.gv.at/,wikidata
AT-G-40806,Gaspoltshofen,gemeinde,Oberösterreich,gaspoltshofen.ooe.gv.at,http://www.gaspoltshofen.ooe.gv.at/,wikidata
AT-G-40807,Geboltskirchen,gemeinde,Oberösterreich,geboltskirchen.at,http://www.geboltskirchen.at/,wikidata
AT-G-40808,Grieskirchen,gemeinde,Oberösterreich,grieskirchen.at,http://www.grieskirchen.at/,wikidata
AT-G-40809,Haag am Hausruck,gemeinde,Oberösterreich,haag-hausruck.at,http://www.haag-hausruck.at/,wikidata
AT-G-40810,Heiligenberg,gemeinde,Oberösterreich,heiligenberg.ooe.gv.at,http://www.heiligenberg.ooe.gv.at/,wikidata
AT-G-40811,Hofkirchen an der Trattnach,gemeinde,Oberösterreich,hofkirchen-trattnach.at,http://www.hofkirchen-trattnach.at/,wikidata
AT-G-40812,Kallham,gemeinde,Oberösterreich,kallham.ooe.gv.at,http://www.kallham.ooe.gv.at/,wikidata
AT-G-40813,Kematen am Innbach,gemeinde,Oberösterreich,kematen-innbach.at,http://www.kematen-innbach.at/,wikidata
AT-G-40814,Meggenhofen,gemeinde,Oberösterreich,meggenhofen.at,http://www.meggenhofen.at/,wikidata
AT-G-40815,Michaelnbach,gemeinde,Oberösterreich,michaelnbach.at,http://www.michaelnbach.at/,wikidata
AT-G-40816,Natternbach,gemeinde,Oberösterreich,natternbach.at,http://www.natternbach.at/,wikidata
AT-G-40817,Neukirchen am Walde,gemeinde,Oberösterreich,neukirchen-walde.ooe.gv.at,http://www.neukirchen-walde.ooe.gv.at/,wikidata
AT-G-40818,Neumarkt im Hausruckkreis,gemeinde,Oberösterreich,neumarkt-hausruckkreis.at,http://www.neumarkt-hausruckkreis.at/,wikidata
AT-G-40820,Pötting,gemeinde,Oberösterreich,poetting.ooe.gv.at,http://www.poetting.ooe.gv.at/,wikidata
AT-G-40821,Pollham,gemeinde,Oberösterreich,pollham.at,https://www.pollham.at/,wikidata
AT-G-40822,Pram,gemeinde,Oberösterreich,pram.at,http://www.pram.at/,wikidata
AT-G-40823,Rottenbach,gemeinde,Oberösterreich,rottenbach.gv.at,http://www.rottenbach.gv.at/,wikidata
AT-G-40824,St. Agatha,gemeinde,Oberösterreich,st-agatha.at,http://www.st-agatha.at/,wikidata
AT-G-40825,St. Georgen bei Grieskirchen,gemeinde,Oberösterreich,st.georgen.co.at,http://www.st.georgen.co.at/,wikidata
AT-G-40826,St. Thomas,gemeinde,Oberösterreich,sankt-thomas.at,http://www.sankt-thomas.at/,wikidata
AT-G-40827,Schlüßlberg,gemeinde,Oberösterreich,schluesslberg.ooe.gv.at,http://www.schluesslberg.ooe.gv.at/,wikidata
AT-G-40828,Steegen,gemeinde,Oberösterreich,steegen.at,https://www.steegen.at/,wikidata
AT-G-40829,Taufkirchen an der Trattnach,gemeinde,Oberösterreich,taufkirchen.at,http://www.taufkirchen.at/,wikidata
AT-G-40830,Tollet,gemeinde,Oberösterreich,tollet.at,http://www.tollet.at/,wikidata
AT-G-40831,Waizenkirchen,gemeinde,Oberösterreich,waizenkirchen.at,https://www.waizenkirchen.at/,wikidata
AT-G-40832,Wallern an der Trattnach,gemeinde,Oberösterreich,wallern.ooe.gv.at,http://www.wallern.ooe.gv.at/,wikidata
AT-G-40833,Weibern,gemeinde,Oberösterreich,weibern.at,http://www.weibern.at/,wikidata
AT-G-40834,Wendling,gemeinde,Oberösterreich,wendling.ooe.gv.at,https://www.wendling.ooe.gv.at/,wikidata
AT-G-40835,Peuerbach,gemeinde,Oberösterreich,peuerbach.at,https://www.peuerbach.at/,wikidata
AT-G-40901,Edlbach,gemeinde,Oberösterreich,edlbach.at,http://www.edlbach.at/,wikidata
AT-G-40902,Grünburg,gemeinde,Oberösterreich,gruenburg.at,http://www.gruenburg.at/,wikidata
AT-G-40903,Hinterstoder,gemeinde,Oberösterreich,hinterstoder.ooe.gv.at,http://www.hinterstoder.ooe.gv.at/,wikidata
AT-G-40904,Inzersdorf im Kremstal,gemeinde,Oberösterreich,inzersdorf.ooe.gv.at,http://www.inzersdorf.ooe.gv.at/,wikidata
AT-G-40905,Kirchdorf an der Krems,gemeinde,Oberösterreich,kirchdorf.at,http://www.kirchdorf.at/,wikidata
AT-G-40906,Klaus an der Pyhrnbahn,gemeinde,Oberösterreich,gemeinde-klaus.at,http://www.gemeinde-klaus.at/,wikidata
AT-G-40907,Kremsmünster,gemeinde,Oberösterreich,kremsmuenster.at,http://www.kremsmuenster.at/,wikidata
AT-G-40908,Micheldorf in Oberösterreich,gemeinde,Oberösterreich,micheldorf.at,http://www.micheldorf.at/,wikidata
AT-G-40909,Molln,gemeinde,Oberösterreich,molln.at,https://www.molln.at/,wikidata
AT-G-40910,Nußbach,gemeinde,Oberösterreich,gemeinde-nussbach.at,http://www.gemeinde-nussbach.at/,wikidata
AT-G-40911,Oberschlierbach,gemeinde,Oberösterreich,,,
AT-G-40912,Pettenbach,gemeinde,Oberösterreich,pettenbach.at,http://www.pettenbach.at/,wikidata
AT-G-40913,Ried im Traunkreis,gemeinde,Oberösterreich,ried-traunkreis.at,http://www.ried-traunkreis.at/,wikidata
AT-G-40914,Rosenau am Hengstpaß,gemeinde,Oberösterreich,rosenau.ooe.gv.at,http://www.rosenau.ooe.gv.at/,wikidata
AT-G-40915,Roßleithen,gemeinde,Oberösterreich,rossleithen.at,http://www.rossleithen.at/,wikidata
AT-G-40916,St. Pankraz,gemeinde,Oberösterreich,st-pankraz.at,http://www.st-pankraz.at/,wikidata
AT-G-40917,Schlierbach,gemeinde,Oberösterreich,schlierbach.at,http://www.schlierbach.at/,wikidata
AT-G-40918,Spital am Pyhrn,gemeinde,Oberösterreich,spital-pyhrn.at,http://www.spital-pyhrn.at/,wikidata
AT-G-40919,Steinbach am Ziehberg,gemeinde,Oberösterreich,steinbach-ziehberg.at,http://www.steinbach-ziehberg.at/,wikidata
AT-G-40920,Steinbach an der Steyr,gemeinde,Oberösterreich,steinbachsteyr.at,http://www.steinbachsteyr.at/,wikidata
AT-G-40921,Vorderstoder,gemeinde,Oberösterreich,vorderstoder.ooe.gv.at,http://www.vorderstoder.ooe.gv.at/,wikidata
AT-G-40922,Wartberg an der Krems,gemeinde,Oberösterreich,wartberg.at,http://www.wartberg.at/,wikidata
AT-G-40923,Windischgarsten,gemeinde,Oberösterreich,windischgarsten.at,https://www.windischgarsten.at/,wikidata
AT-G-41001,Allhaming,gemeinde,Oberösterreich,allhaming.at,https://www.allhaming.at/,wikidata
AT-G-41002,Ansfelden,gemeinde,Oberösterreich,ansfelden.at,https://ansfelden.at,wikidata
AT-G-41003,Asten,gemeinde,Oberösterreich,asten.ooe.gv.at,https://www.asten.ooe.gv.at/,wikidata
AT-G-41004,Eggendorf im Traunkreis,gemeinde,Oberösterreich,eggendorf.at,https://www.eggendorf.at/,wikidata
AT-G-41005,Enns,gemeinde,Oberösterreich,enns.at,https://www.enns.at/,wikidata
AT-G-41006,Hargelsberg,gemeinde,Oberösterreich,hargelsberg.ooe.gv.at,http://www.hargelsberg.ooe.gv.at/,wikidata
AT-G-41007,Hörsching,gemeinde,Oberösterreich,hoersching.at,http://www.hoersching.at/,wikidata
AT-G-41008,Hofkirchen im Traunkreis,gemeinde,Oberösterreich,hofkirchen.info,http://www.hofkirchen.info/,wikidata
AT-G-41009,Kematen an der Krems,gemeinde,Oberösterreich,kematen.at,http://www.kematen.at/,wikidata
AT-G-41010,Kirchberg-Thening,gemeinde,Oberösterreich,kirchberg-thening.at,http://www.kirchberg-thening.at/,wikidata
AT-G-41011,Kronstorf,gemeinde,Oberösterreich,kronstorf.at,http://www.kronstorf.at/,wikidata
AT-G-41012,Leonding,gemeinde,Oberösterreich,leonding.at,http://www.leonding.at/,wikidata
AT-G-41013,St. Florian,gemeinde,Oberösterreich,st-florian.at,http://www.st-florian.at,wikidata
AT-G-41014,Neuhofen an der Krems,gemeinde,Oberösterreich,neuhofen-krems.at,http://www.neuhofen-krems.at/,wikidata
AT-G-41015,Niederneukirchen,gemeinde,Oberösterreich,niederneukirchen.ooe.gv.at,http://www.niederneukirchen.ooe.gv.at/,wikidata
AT-G-41016,Oftering,gemeinde,Oberösterreich,oftering.at,http://www.oftering.at/,wikidata
AT-G-41017,Pasching,gemeinde,Oberösterreich,pasching.at,http://www.pasching.at/,wikidata
AT-G-41018,Piberbach,gemeinde,Oberösterreich,piberbach.ooe.gv.at,http://www.piberbach.ooe.gv.at/,wikidata
AT-G-41019,Pucking,gemeinde,Oberösterreich,pucking.at,http://www.pucking.at/,wikidata
AT-G-41020,St. Marien,gemeinde,Oberösterreich,st-marien.ooe.gv.at,https://www.st-marien.ooe.gv.at/,wikidata
AT-G-41021,Traun,gemeinde,Oberösterreich,traun.at,http://www.traun.at/,wikidata
AT-G-41022,Wilhering,gemeinde,Oberösterreich,wilhering.at,http://www.wilhering.at/,wikidata
AT-G-41101,Allerheiligen im Mühlkreis,gemeinde,Oberösterreich,allerheiligen.ooe.gv.at,http://www.allerheiligen.ooe.gv.at/,wikidata
AT-G-41102,Arbing,gemeinde,Oberösterreich,arbing.at,http://www.arbing.at/,wikidata
AT-G-41103,Baumgartenberg,gemeinde,Oberösterreich,baumgartenberg.at,http://www.baumgartenberg.at/,wikidata
AT-G-41104,Dimbach,gemeinde,Oberösterreich,dimbach.at,http://www.dimbach.at/,wikidata
AT-G-41105,Grein,gemeinde,Oberösterreich,grein.ooe.gv.at,http://www.grein.ooe.gv.at/,wikidata
AT-G-41106,Katsdorf,gemeinde,Oberösterreich,katsdorf.at,http://www.katsdorf.at/,wikidata
AT-G-41107,Klam,gemeinde,Oberösterreich,klam.at,http://www.klam.at/,wikidata
AT-G-41108,Bad Kreuzen,gemeinde,Oberösterreich,bad-kreuzen.at,http://www.bad-kreuzen.at/,wikidata
AT-G-41109,Langenstein,gemeinde,Oberösterreich,langenstein.at,https://www.langenstein.at/,wikidata
AT-G-41110,Luftenberg an der Donau,gemeinde,Oberösterreich,luftenberg.at,http://www.luftenberg.at/,wikidata
AT-G-41111,Mauthausen,gemeinde,Oberösterreich,mauthausen.at,https://www.mauthausen.at/,wikidata
AT-G-41112,Mitterkirchen im Machland,gemeinde,Oberösterreich,mitterkirchen.at,http://www.mitterkirchen.at/,wikidata
AT-G-41113,Münzbach,gemeinde,Oberösterreich,muenzbach.at,http://www.muenzbach.at/,wikidata
AT-G-41114,Naarn im Machlande,gemeinde,Oberösterreich,naarn.at,http://www.naarn.at/,wikidata
AT-G-41115,Pabneukirchen,gemeinde,Oberösterreich,pabneukirchen.at,https://www.pabneukirchen.at/,wikidata
AT-G-41116,Perg,gemeinde,Oberösterreich,perg.at,https://www.perg.at/,wikidata
AT-G-41117,Rechberg,gemeinde,Oberösterreich,rechberg.at,https://www.rechberg.at/,wikidata
AT-G-41118,Ried in der Riedmark,gemeinde,Oberösterreich,ried-riedmark.at,https://www.ried-riedmark.at/,wikidata
AT-G-41119,St. Georgen am Walde,gemeinde,Oberösterreich,st.georgen.at,http://www.st.georgen.at/,wikidata
AT-G-41120,St. Georgen an der Gusen,gemeinde,Oberösterreich,st-georgen-gusen.at,http://www.st-georgen-gusen.at/,wikidata
AT-G-41121,St. Nikola an der Donau,gemeinde,Oberösterreich,st-ikola.at,https://www.st-ikola.at/,wikidata
AT-G-41122,St. Thomas am Blasenstein,gemeinde,Oberösterreich,st-thomas.at,http://www.st-thomas.at/,wikidata
AT-G-41123,Saxen,gemeinde,Oberösterreich,saxen.at,http://www.saxen.at/,wikidata
AT-G-41124,Schwertberg,gemeinde,Oberösterreich,schwertberg.at,http://www.schwertberg.at/,wikidata
AT-G-41125,Waldhausen im Strudengau,gemeinde,Oberösterreich,waldhausen.at,http://www.waldhausen.at/,wikidata
AT-G-41126,Windhaag bei Perg,gemeinde,Oberösterreich,windhaag-perg.at,https://www.windhaag-perg.at/,wikidata
AT-G-41201,Andrichsfurt,gemeinde,Oberösterreich,andrichsfurt.at,http://www.andrichsfurt.at/,wikidata
AT-G-41202,Antiesenhofen,gemeinde,Oberösterreich,antiesenhofen.at,http://www.antiesenhofen.at/,wikidata
AT-G-41203,Aurolzmünster,gemeinde,Oberösterreich,aurolzmuenster.at,http://www.aurolzmuenster.at/,wikidata
AT-G-41204,Eberschwang,gemeinde,Oberösterreich,eberschwang.at,https://www.eberschwang.at/,wikidata
AT-G-41205,Eitzing,gemeinde,Oberösterreich,eitzing.at,http://www.eitzing.at/,wikidata
AT-G-41206,Geiersberg,gemeinde,Oberösterreich,oberoesterreich.at,http://www.oberoesterreich.at/geiersberg/,wikidata
AT-G-41207,Geinberg,gemeinde,Oberösterreich,geinberg.ooe.gv.at,http://www.geinberg.ooe.gv.at/,wikidata
AT-G-41208,Gurten,gemeinde,Oberösterreich,gemeinde-gurten.at,http://www.gemeinde-gurten.at/,wikidata
AT-G-41209,Hohenzell,gemeinde,Oberösterreich,hohenzell.at,http://www.hohenzell.at/,wikidata
AT-G-41210,Kirchdorf am Inn,gemeinde,Oberösterreich,,,
AT-G-41211,Kirchheim im Innkreis,gemeinde,Oberösterreich,kirchheim.at,http://www.kirchheim.at/,wikidata
AT-G-41212,Lambrechten,gemeinde,Oberösterreich,lambrechten.at,http://www.lambrechten.at/,wikidata
AT-G-41213,Lohnsburg am Kobernaußerwald,gemeinde,Oberösterreich,lohnsburg.at,http://www.lohnsburg.at/,wikidata
AT-G-41214,Mehrnbach,gemeinde,Oberösterreich,mehrnbach.at,http://www.mehrnbach.at/,wikidata
AT-G-41215,Mettmach,gemeinde,Oberösterreich,mettmach.at,http://www.mettmach.at/,wikidata
AT-G-41216,Mörschwang,gemeinde,Oberösterreich,moerschwang.at,http://www.moerschwang.at/,wikidata
AT-G-41217,Mühlheim am Inn,gemeinde,Oberösterreich,muehlheim.at,http://www.muehlheim.at/,wikidata
AT-G-41218,Neuhofen im Innkreis,gemeinde,Oberösterreich,neuhofen-innkreis.ooe.gv.at,https://www.neuhofen-innkreis.ooe.gv.at/,wikidata
AT-G-41219,Obernberg am Inn,gemeinde,Oberösterreich,obernberg.at,http://www.obernberg.at/,wikidata
AT-G-41220,Ort im Innkreis,gemeinde,Oberösterreich,ort.ooe.gv.at,http://www.ort.ooe.gv.at/,wikidata
AT-G-41221,Pattigham,gemeinde,Oberösterreich,pattigham.at,http://www.pattigham.at/,wikidata
AT-G-41222,Peterskirchen,gemeinde,Oberösterreich,p.at,http://www.p.at/,wikidata
AT-G-41223,Pramet,gemeinde,Oberösterreich,pramet.ooe.gv.at,http://www.pramet.ooe.gv.at/,wikidata
AT-G-41224,Reichersberg,gemeinde,Oberösterreich,,,
AT-G-41225,Ried im Innkreis,gemeinde,Oberösterreich,ried.at,http://www.ried.at,wikidata
AT-G-41226,St. Georgen bei Obernberg am Inn,gemeinde,Oberösterreich,st-georgen-bei-obernberg.at,http://www.st-georgen-bei-obernberg.at/,wikidata
AT-G-41227,St. Marienkirchen am Hausruck,gemeinde,Oberösterreich,st-marienkirchen-hausruck.at,http://www.st-marienkirchen-hausruck.at/,wikidata
AT-G-41228,St. Martin im Innkreis,gemeinde,Oberösterreich,st-martin-innkreis.ooe.gv.at,http://www.st-martin-innkreis.ooe.gv.at/,wikidata
AT-G-41229,Schildorn,gemeinde,Oberösterreich,schildorn.at,http://www.schildorn.at/,wikidata
AT-G-41230,Senftenbach,gemeinde,Oberösterreich,oberoesterreich.at,http://www.oberoesterreich.at/senftenbach/,wikidata
AT-G-41231,Taiskirchen im Innkreis,gemeinde,Oberösterreich,taiskirchen.at,http://www.taiskirchen.at/,wikidata
AT-G-41232,Tumeltsham,gemeinde,Oberösterreich,tumeltsham.at,http://www.tumeltsham.at/,wikidata
AT-G-41233,Utzenaich,gemeinde,Oberösterreich,utzenaich.at,http://www.utzenaich.at/,wikidata
AT-G-41234,Waldzell,gemeinde,Oberösterreich,waldzell.ooe.gv.at,http://www.waldzell.ooe.gv.at/,wikidata
AT-G-41235,Weilbach,gemeinde,Oberösterreich,weilbach.at,http://www.weilbach.at/,wikidata
AT-G-41236,Wippenham,gemeinde,Oberösterreich,wippenham.at,http://www.wippenham.at/,wikidata
AT-G-41304,Altenfelden,gemeinde,Oberösterreich,altenfelden.at,http://www.altenfelden.at/,wikidata
AT-G-41305,Arnreit,gemeinde,Oberösterreich,arnreit.at,https://www.arnreit.at/,wikidata
AT-G-41306,Atzesberg,gemeinde,Oberösterreich,sarleinsbach.at,http://www.sarleinsbach.at/atzesberg/,wikidata
AT-G-41307,Auberg,gemeinde,Oberösterreich,auberg.at,http://www.auberg.at/,wikidata
AT-G-41309,Haslach an der Mühl,gemeinde,Oberösterreich,haslach.at,http://www.haslach.at/,wikidata
AT-G-41311,Hörbich,gemeinde,Oberösterreich,hoerbich.ooe.gv.at,http://www.hoerbich.ooe.gv.at/,wikidata
AT-G-41312,Hofkirchen im Mühlkreis,gemeinde,Oberösterreich,hofkirchen.at,http://www.hofkirchen.at/,wikidata
AT-G-41313,Julbach,gemeinde,Oberösterreich,julbach.ooe.gv.at,http://www.julbach.ooe.gv.at/,wikidata
AT-G-41314,Kirchberg ob der Donau,gemeinde,Oberösterreich,kirchberg-donau.at,http://www.kirchberg-donau.at/,wikidata
AT-G-41315,Klaffer am Hochficht,gemeinde,Oberösterreich,klaffer.ooe.gv.at,http://www.klaffer.ooe.gv.at/,wikidata
AT-G-41316,Kleinzell im Mühlkreis,gemeinde,Oberösterreich,kleinzell.at,http://www.kleinzell.at/,wikidata
AT-G-41317,Kollerschlag,gemeinde,Oberösterreich,kollerschlag.at,http://www.kollerschlag.at,wikidata
AT-G-41318,Lembach im Mühlkreis,gemeinde,Oberösterreich,gemeinde-lembach.at,http://www.gemeinde-lembach.at/,wikidata
AT-G-41319,Lichtenau im Mühlkreis,gemeinde,Oberösterreich,lichtenau.ooe.gv.at,http://www.lichtenau.ooe.gv.at/,wikidata
AT-G-41320,Nebelberg,gemeinde,Oberösterreich,nebelberg.ooe.gv.at,http://www.nebelberg.ooe.gv.at/,wikidata
AT-G-41321,Neufelden,gemeinde,Oberösterreich,neufelden.at,http://www.neufelden.at/,wikidata
AT-G-41322,Niederkappel,gemeinde,Oberösterreich,niederkappel.at,http://www.niederkappel.at/,wikidata
AT-G-41323,Niederwaldkirchen,gemeinde,Oberösterreich,niederwaldkirchen.at,https://www.niederwaldkirchen.at/,wikidata
AT-G-41324,Oberkappel,gemeinde,Oberösterreich,oberkappel.at,http://www.oberkappel.at/,wikidata
AT-G-41325,Oepping,gemeinde,Oberösterreich,oepping.at,http://www.oepping.at/,wikidata
AT-G-41326,Peilstein im Mühlviertel,gemeinde,Oberösterreich,peilstein.at,http://www.peilstein.at/,wikidata
AT-G-41327,Pfarrkirchen im Mühlkreis,gemeinde,Oberösterreich,pfarrkirchen.at,http://www.pfarrkirchen.at/,wikidata
AT-G-41328,Putzleinsdorf,gemeinde,Oberösterreich,putzleinsdorf.at,http://www.putzleinsdorf.at/,wikidata
AT-G-41329,Neustift im Mühlkreis,gemeinde,Oberösterreich,neustift-muehlviertel.at,http://www.neustift-muehlviertel.at/,wikidata
AT-G-41331,St. Johann am Wimberg,gemeinde,Oberösterreich,stjohannamwimberg.at,http://www.stjohannamwimberg.at/,wikidata
AT-G-41332,St. Martin im Mühlkreis,gemeinde,Oberösterreich,sankt-martin.at,http://www.sankt-martin.at/,wikidata
AT-G-41333,St. Oswald bei Haslach,gemeinde,Oberösterreich,st-oswald-haslach.ooe.gv.at,http://www.st-oswald-haslach.ooe.gv.at/,wikidata
AT-G-41334,St. Peter am Wimberg,gemeinde,Oberösterreich,st-peter-wimberg.ooe.gv.at,http://www.st-peter-wimberg.ooe.gv.at/,wikidata
AT-G-41336,St. Ulrich im Mühlkreis,gemeinde,Oberösterreich,st-ulrich.ooe.gv.at,http://www.st-ulrich.ooe.gv.at/,wikidata
AT-G-41337,St. Veit im Mühlkreis,gemeinde,Oberösterreich,st-veit.ooe.gv.at,http://www.st-veit.ooe.gv.at/,wikidata
AT-G-41338,Sarleinsbach,gemeinde,Oberösterreich,sarleinsbach.at,http://www.sarleinsbach.at/,wikidata
AT-G-41341,Schwarzenberg am Böhmerwald,gemeinde,Oberösterreich,schwarzenberg.co.at,https://www.schwarzenberg.co.at/,wikidata
AT-G-41342,Ulrichsberg,gemeinde,Oberösterreich,ulrichsberg.at,http://www.ulrichsberg.at/,wikidata
AT-G-41343,Aigen-Schlägl,gemeinde,Oberösterreich,aigen-schlaegl.at,http://www.aigen-schlaegl.at/,wikidata
AT-G-41344,Rohrbach-Berg,gemeinde,Oberösterreich,rohrbach-berg.at,http://www.rohrbach-berg.at/,wikidata
AT-G-41345,Helfenberg,gemeinde,Oberösterreich,helfenberg.at,http://www.helfenberg.at/,wikidata
AT-G-41346,St. Stefan-Afiesl,gemeinde,Oberösterreich,ststefan-afiesl.at,http://www.ststefan-afiesl.at/,wikidata
AT-G-41401,Altschwendt,gemeinde,Oberösterreich,altschwendt.at,http://www.altschwendt.at/,wikidata
AT-G-41402,Andorf,gemeinde,Oberösterreich,andorf.at,http://www.andorf.at/,wikidata
AT-G-41403,Brunnenthal,gemeinde,Oberösterreich,brunnenthal.at,http://www.brunnenthal.at/,wikidata
AT-G-41404,Diersbach,gemeinde,Oberösterreich,diersbach.at,http://www.diersbach.at/,wikidata
AT-G-41405,Dorf an der Pram,gemeinde,Oberösterreich,dorf.at,http://www.dorf.at/,wikidata
AT-G-41406,Eggerding,gemeinde,Oberösterreich,eggerding.at,http://www.eggerding.at/,wikidata
AT-G-41407,Engelhartszell,gemeinde,Oberösterreich,engelhartszell.at,http://www.engelhartszell.at/,wikidata
AT-G-41408,Enzenkirchen,gemeinde,Oberösterreich,enzenkirchen.ooe.gv.at,https://www.enzenkirchen.ooe.gv.at/,wikidata
AT-G-41409,Esternberg,gemeinde,Oberösterreich,esternberg.at,https://www.esternberg.at/,wikidata
AT-G-41410,Freinberg,gemeinde,Oberösterreich,freinberg.at,http://www.freinberg.at/,wikidata
AT-G-41411,Kopfing im Innkreis,gemeinde,Oberösterreich,kopfing.at,http://www.kopfing.at/,wikidata
AT-G-41412,Mayrhof,gemeinde,Oberösterreich,mayrhof.info,http://www.mayrhof.info/,wikidata
AT-G-41413,Münzkirchen,gemeinde,Oberösterreich,muenzkirchen.at,http://www.muenzkirchen.at/,wikidata
AT-G-41414,Raab,gemeinde,Oberösterreich,raab.eu,http://www.raab.eu/,wikidata
AT-G-41415,Rainbach im Innkreis,gemeinde,Oberösterreich,rainbach-innkreis.ooe.gv.at,http://www.rainbach-innkreis.ooe.gv.at/,wikidata
AT-G-41416,Riedau,gemeinde,Oberösterreich,riedau.at,http://www.riedau.at/,wikidata
AT-G-41417,St. Aegidi,gemeinde,Oberösterreich,st-aegidi.at,https://www.st-aegidi.at/,wikidata
AT-G-41418,St. Florian am Inn,gemeinde,Oberösterreich,st-florian-inn.at,http://www.st-florian-inn.at/,wikidata
AT-G-41419,St. Marienkirchen bei Schärding,gemeinde,Oberösterreich,st-marienkirchen.at,http://www.st-marienkirchen.at/,wikidata
AT-G-41420,St. Roman,gemeinde,Oberösterreich,st-roman.at,http://www.st-roman.at/,wikidata
AT-G-41421,St. Willibald,gemeinde,Oberösterreich,sankt-willibald.at,http://www.sankt-willibald.at/,wikidata
AT-G-41422,Schärding,gemeinde,Oberösterreich,schaerding.ooe.gv.at,http://www.schaerding.ooe.gv.at,wikidata
AT-G-41423,Schardenberg,gemeinde,Oberösterreich,schardenberg.at,http://www.schardenberg.at,wikidata
AT-G-41424,Sigharting,gemeinde,Oberösterreich,sigharting.at,https://www.sigharting.at/,wikidata
AT-G-41425,Suben,gemeinde,Oberösterreich,suben.at,http://www.suben.at/,wikidata
AT-G-41426,Taufkirchen an der Pram,gemeinde,Oberösterreich,taufkirchen-pram.at,http://www.taufkirchen-pram.at,wikidata
AT-G-41427,Vichtenstein,gemeinde,Oberösterreich,vichtenstein.ooe.gv.at,http://www.vichtenstein.ooe.gv.at/,wikidata
AT-G-41428,Waldkirchen am Wesen,gemeinde,Oberösterreich,waldkirchen.at,http://www.waldkirchen.at/,wikidata
AT-G-41429,Wernstein am Inn,gemeinde,Oberösterreich,wernstein.at,https://www.wernstein.at/,wikidata
AT-G-41430,Zell an der Pram,gemeinde,Oberösterreich,zell-pram.ooe.gv.at,http://www.zell-pram.ooe.gv.at,wikidata
AT-G-41501,Adlwang,gemeinde,Oberösterreich,adlwang.at,http://www.adlwang.at,wikidata
AT-G-41502,Aschach an der Steyr,gemeinde,Oberösterreich,aschach-steyr.at,http://www.aschach-steyr.at/,wikidata
AT-G-41503,Bad Hall,gemeinde,Oberösterreich,bad-hall.ooe.gv.at,http://www.bad-hall.ooe.gv.at/,wikidata
AT-G-41504,Dietach,gemeinde,Oberösterreich,dietach.at,https://www.dietach.at/,wikidata
AT-G-41505,Gaflenz,gemeinde,Oberösterreich,gaflenz.at,https://www.gaflenz.at/,wikidata
AT-G-41506,Garsten,gemeinde,Oberösterreich,garsten.ooe.gv.at,http://www.garsten.ooe.gv.at/,wikidata
AT-G-41507,Großraming,gemeinde,Oberösterreich,grossraming.at,http://www.grossraming.at/,wikidata
AT-G-41508,Laussa,gemeinde,Oberösterreich,laussa.at,http://www.laussa.at/,wikidata
AT-G-41509,Losenstein,gemeinde,Oberösterreich,losenstein.ooe.gv.at,http://www.losenstein.ooe.gv.at/,wikidata
AT-G-41510,Maria Neustift,gemeinde,Oberösterreich,maria-neustift.at,https://www.maria-neustift.at/,wikidata
AT-G-41511,Pfarrkirchen bei Bad Hall,gemeinde,Oberösterreich,pfarrkirchen-badhall.at,http://www.pfarrkirchen-badhall.at,wikidata
AT-G-41512,Reichraming,gemeinde,Oberösterreich,reichraming.at,http://www.reichraming.at/,wikidata
AT-G-41513,Rohr im Kremstal,gemeinde,Oberösterreich,rohr.ooe.gv.at,http://www.rohr.ooe.gv.at/,wikidata
AT-G-41514,St. Ulrich bei Steyr,gemeinde,Oberösterreich,st-ulrich-steyr.ooe.gv.at,http://www.st-ulrich-steyr.ooe.gv.at/,wikidata
AT-G-41515,Schiedlberg,gemeinde,Oberösterreich,schiedlberg.ooe.gv.at,http://www.schiedlberg.ooe.gv.at/,wikidata
AT-G-41516,Sierning,gemeinde,Oberösterreich,sierning.at,http://www.sierning.at,wikidata
AT-G-41517,Ternberg,gemeinde,Oberösterreich,ternberg.at,http://www.ternberg.at/,wikidata
AT-G-41518,Waldneukirchen,gemeinde,Oberösterreich,waldneukirchen.at,http://www.waldneukirchen.at/,wikidata
AT-G-41521,Wolfern,gemeinde,Oberösterreich,wolfern.at,http://www.wolfern.at/,wikidata
AT-G-41522,Weyer,gemeinde,Oberösterreich,weyer.eu,https://www.weyer.eu/,wikidata
AT-G-41601,Alberndorf in der Riedmark,gemeinde,Oberösterreich,alberndorf.at,http://www.alberndorf.at/,wikidata
AT-G-41602,Altenberg bei Linz,gemeinde,Oberösterreich,altenberg.at,http://www.altenberg.at/,wikidata
AT-G-41603,Bad Leonfelden,gemeinde,Oberösterreich,bad-leonfelden.ooe.gv.at,http://www.bad-leonfelden.ooe.gv.at/,wikidata
AT-G-41604,Eidenberg,gemeinde,Oberösterreich,eidenberg.at,http://www.eidenberg.at/,wikidata
AT-G-41605,Engerwitzdorf,gemeinde,Oberösterreich,engerwitzdorf.gv.at,http://www.engerwitzdorf.gv.at/,wikidata
AT-G-41606,Feldkirchen an der Donau,gemeinde,Oberösterreich,feldkirchen-donau.at,http://www.feldkirchen-donau.at/,wikidata
AT-G-41607,Gallneukirchen,gemeinde,Oberösterreich,gallneukirchen.at,http://www.gallneukirchen.at/,wikidata
AT-G-41608,Goldwörth,gemeinde,Oberösterreich,goldwoerth.at,http://www.goldwoerth.at/,wikidata
AT-G-41609,Gramastetten,gemeinde,Oberösterreich,gramastetten.at,http://www.gramastetten.at,wikidata
AT-G-41610,Haibach im Mühlkreis,gemeinde,Oberösterreich,haibach.at,http://www.haibach.at/,wikidata
AT-G-41611,Hellmonsödt,gemeinde,Oberösterreich,hellmonsoedt.at,http://www.hellmonsoedt.at/,wikidata
AT-G-41612,Herzogsdorf,gemeinde,Oberösterreich,herzogsdorf.at,http://www.herzogsdorf.at/,wikidata
AT-G-41613,Kirchschlag bei Linz,gemeinde,Oberösterreich,kirchschlag.net,http://www.kirchschlag.net/,wikidata
AT-G-41614,Lichtenberg,gemeinde,Oberösterreich,lichtenberg.ooe.gv.at,http://www.lichtenberg.ooe.gv.at/,wikidata
AT-G-41615,Oberneukirchen,gemeinde,Oberösterreich,oberneukirchen.ooe.gv.at,http://www.oberneukirchen.ooe.gv.at/,wikidata
AT-G-41616,Ottenschlag im Mühlkreis,gemeinde,Oberösterreich,ottenschlag.at,http://www.ottenschlag.at/,wikidata
AT-G-41617,Ottensheim,gemeinde,Oberösterreich,ottensheim.ooe.gv.at,http://www.ottensheim.ooe.gv.at/,wikidata
AT-G-41618,Puchenau,gemeinde,Oberösterreich,puchenau.at,https://www.puchenau.at/,wikidata
AT-G-41619,Reichenau im Mühlkreis,gemeinde,Oberösterreich,reichenau-ooe.at,http://www.reichenau-ooe.at/,wikidata
AT-G-41620,Reichenthal,gemeinde,Oberösterreich,reichenthal.at,http://www.reichenthal.at/,wikidata
AT-G-41621,St. Gotthard im Mühlkreis,gemeinde,Oberösterreich,sanktgotthard.at,http://www.sanktgotthard.at/,wikidata
AT-G-41622,Schenkenfelden,gemeinde,Oberösterreich,schenkenfelden.at,http://www.schenkenfelden.at/,wikidata
AT-G-41623,Sonnberg im Mühlkreis,gemeinde,Oberösterreich,sonnberg.ooe.gb.at,http://www.sonnberg.ooe.gb.at/,wikidata
AT-G-41624,Steyregg,gemeinde,Oberösterreich,steyregg.at,http://www.steyregg.at/,wikidata
AT-G-41626,Walding,gemeinde,Oberösterreich,walding.at,http://www.walding.at/,wikidata
AT-G-41627,Zwettl an der Rodl,gemeinde,Oberösterreich,zwettl-rodl.ooe.gv.at,http://www.zwettl-rodl.ooe.gv.at,wikidata
AT-G-41628,Vorderweißenbach,gemeinde,Oberösterreich,vorderweissenbach.at,http://www.vorderweissenbach.at/,wikidata
AT-G-41701,Ampflwang im Hausruckwald,gemeinde,Oberösterreich,ampflwang.at,https://www.ampflwang.at/,wikidata
AT-G-41702,Attersee am Attersee,gemeinde,Oberösterreich,attersee.ooe.gv.at,https://www.attersee.ooe.gv.at/,wikidata
AT-G-41703,Attnang-Puchheim,gemeinde,Oberösterreich,attnang-puchheim.at,https://www.attnang-puchheim.at,wikidata
AT-G-41704,Atzbach,gemeinde,Oberösterreich,atzbach.ooe.gv.at,https://www.atzbach.ooe.gv.at/,wikidata
AT-G-41705,Aurach am Hongar,gemeinde,Oberösterreich,aurach.at,https://www.aurach.at/,wikidata
AT-G-41706,Berg im Attergau,gemeinde,Oberösterreich,berg-attergau.ooe.gv.at,https://www.berg-attergau.ooe.gv.at/,wikidata
AT-G-41707,Desselbrunn,gemeinde,Oberösterreich,desselbrunn.at,https://www.desselbrunn.at/,wikidata
AT-G-41708,Fornach,gemeinde,Oberösterreich,fornach.ooe.gv.at,https://www.fornach.ooe.gv.at/,wikidata
AT-G-41709,Frankenburg am Hausruck,gemeinde,Oberösterreich,frankenburg.ooe.gv.at,https://www.frankenburg.ooe.gv.at/,wikidata
AT-G-41710,Frankenmarkt,gemeinde,Oberösterreich,frankenmarkt.at,https://www.frankenmarkt.at/,wikidata
AT-G-41711,Gampern,gemeinde,Oberösterreich,gampern.at,https://www.gampern.at/,wikidata
AT-G-41712,Innerschwand am Mondsee,gemeinde,Oberösterreich,innerschwand.at,https://www.innerschwand.at/,wikidata
AT-G-41713,Lenzing an der Ager,gemeinde,Oberösterreich,lenzing.ooe.gv.at,https://www.lenzing.ooe.gv.at/,wikidata
AT-G-41714,Manning,gemeinde,Oberösterreich,manning.ooe.gv.at,https://www.manning.ooe.gv.at/,wikidata
AT-G-41715,Mondsee,gemeinde,Oberösterreich,gemeinde-mondsee.at,https://www.gemeinde-mondsee.at/,wikidata
AT-G-41716,Neukirchen an der Vöckla,gemeinde,Oberösterreich,neukirchen-voeckla.at,https://www.neukirchen-voeckla.at/,wikidata
AT-G-41717,Niederthalheim,gemeinde,Oberösterreich,niederthalheim.at,https://www.niederthalheim.at/,wikidata
AT-G-41718,Nußdorf am Attersee,gemeinde,Oberösterreich,nussdorf.ooe.gv.at,https://www.nussdorf.ooe.gv.at/,wikidata
AT-G-41719,Oberhofen am Irrsee,gemeinde,Oberösterreich,oberhofen-irrsee.at,https://www.oberhofen-irrsee.at/,wikidata
AT-G-41720,Oberndorf bei Schwanenstadt,gemeinde,Oberösterreich,oberndorf.ooe.gv.at,https://www.oberndorf.ooe.gv.at/,wikidata
AT-G-41721,Oberwang,gemeinde,Oberösterreich,oberwang.at,https://www.oberwang.at/,wikidata
AT-G-41722,Ottnang am Hausruck,gemeinde,Oberösterreich,ottnang.ooe.gv.at,https://www.ottnang.ooe.gv.at/,wikidata
AT-G-41723,Pfaffing,gemeinde,Oberösterreich,pfaffing.at,https://www.pfaffing.at/,wikidata
AT-G-41724,Pilsbach,gemeinde,Oberösterreich,pilsbach.at,https://www.pilsbach.at/,wikidata
AT-G-41725,Pitzenberg,gemeinde,Oberösterreich,pitzenberg.ooe.gv.at,https://www.pitzenberg.ooe.gv.at/,wikidata
AT-G-41726,Pöndorf,gemeinde,Oberösterreich,poendorf.at,https://www.poendorf.at/,wikidata
AT-G-41727,Puchkirchen am Trattberg,gemeinde,Oberösterreich,puchkirchen.at,https://www.puchkirchen.at/,wikidata
AT-G-41728,Pühret,gemeinde,Oberösterreich,puehret.ooe.gv.at,https://www.puehret.ooe.gv.at/,wikidata
AT-G-41729,Redleiten,gemeinde,Oberösterreich,redleiten.ooe.gv.at,https://www.redleiten.ooe.gv.at/,wikidata
AT-G-41730,Redlham,gemeinde,Oberösterreich,redlham.at,https://www.redlham.at/,wikidata
AT-G-41731,Regau,gemeinde,Oberösterreich,regau.at,https://www.regau.at/,wikidata
AT-G-41732,Rüstorf,gemeinde,Oberösterreich,ruestorf.at,https://www.ruestorf.at/,wikidata
AT-G-41733,Rutzenham,gemeinde,Oberösterreich,rutzenham.ooe.gv.at,https://www.rutzenham.ooe.gv.at/,wikidata
AT-G-41734,St. Georgen im Attergau,gemeinde,Oberösterreich,st-eorgen-attergau.ooe.gv.at,https://www.st-eorgen-attergau.ooe.gv.at/,wikidata
AT-G-41735,St. Lorenz,gemeinde,Oberösterreich,stlorenz.at,https://www.stlorenz.at/,wikidata
AT-G-41736,Schlatt,gemeinde,Oberösterreich,schlatt.at,https://www.schlatt.at/,wikidata
AT-G-41737,Schörfling am Attersee,gemeinde,Oberösterreich,schörfling.eu,http://www.schörfling.eu/,wikidata
AT-G-41738,Schwanenstadt,gemeinde,Oberösterreich,schwanenstadt.at,https://www.schwanenstadt.at/,wikidata
AT-G-41739,Seewalchen am Attersee,gemeinde,Oberösterreich,seewalchen.eu,https://www.seewalchen.eu/,wikidata
AT-G-41740,Steinbach am Attersee,gemeinde,Oberösterreich,steinbach-attersee.at,https://www.steinbach-attersee.at,wikidata
AT-G-41741,Straß im Attergau,gemeinde,Oberösterreich,strassimattergau.at,https://www.strassimattergau.at/,wikidata
AT-G-41742,Tiefgraben,gemeinde,Oberösterreich,tiefgraben.at,https://www.tiefgraben.at/,wikidata
AT-G-41743,Timelkam,gemeinde,Oberösterreich,timelkam.at,https://www.timelkam.at/,wikidata
AT-G-41744,Ungenach,gemeinde,Oberösterreich,ungenach.at,https://www.ungenach.at/,wikidata
AT-G-41745,Unterach am Attersee,gemeinde,Oberösterreich,unterach-attersee.ooe.gv.at,https://www.unterach-attersee.ooe.gv.at/,wikidata
AT-G-41746,Vöcklabruck,gemeinde,Oberösterreich,voecklabruck.at,https://www.voecklabruck.at/,wikidata
AT-G-41747,Vöcklamarkt,gemeinde,Oberösterreich,voecklamarkt.ooe.gv.at,https://www.voecklamarkt.ooe.gv.at/,wikidata
AT-G-41748,Weißenkirchen im Attergau,gemeinde,Oberösterreich,weissenkirchen.ooe.gv.at,https://www.weissenkirchen.ooe.gv.at/,wikidata
AT-G-41749,Weyregg am Attersee,gemeinde,Oberösterreich,weyregg.at,https://www.weyregg.at/,wikidata
AT-G-41750,Wolfsegg am Hausruck,gemeinde,Oberösterreich,wolfsegg.ooe.gv.at,https://www.wolfsegg.ooe.gv.at,wikidata
AT-G-41751,Zell am Moos,gemeinde,Oberösterreich,zell-moos.at,https://www.zell-moos.at/,wikidata
AT-G-41752,Zell am Pettenfirst,gemeinde,Oberösterreich,zell-pettenfirst.ooe.gv.at,https://www.zell-pettenfirst.ooe.gv.at,wikidata
AT-G-41801,Aichkirchen,gemeinde,Oberösterreich,aichkirchen.at,http://www.aichkirchen.at/,wikidata
AT-G-41802,Bachmanning,gemeinde,Oberösterreich,bachmanning.at,https://www.bachmanning.at/,wikidata
AT-G-41803,Bad Wimsbach-Neydharting,gemeinde,Oberösterreich,bad-wimsbach.at,http://www.bad-wimsbach.at/,wikidata
AT-G-41804,Buchkirchen,gemeinde,Oberösterreich,buchkirchen.at,http://www.buchkirchen.at/,wikidata
AT-G-41805,Eberstalzell,gemeinde,Oberösterreich,eberstalzell.at,http://www.eberstalzell.at/,wikidata
AT-G-41806,Edt bei Lambach,gemeinde,Oberösterreich,edt.ooe.gv.at,http://www.edt.ooe.gv.at/,wikidata
AT-G-41807,Fischlham,gemeinde,Oberösterreich,fischlham.at,http://www.fischlham.at/,wikidata
AT-G-41808,Gunskirchen,gemeinde,Oberösterreich,gunskirchen.com,http://www.gunskirchen.com/,wikidata
AT-G-41809,Holzhausen,gemeinde,Oberösterreich,gemeinde-holzhausen.at,http://www.gemeinde-holzhausen.at,wikidata
AT-G-41810,Krenglbach,gemeinde,Oberösterreich,krenglbach.at,http://www.krenglbach.at/,wikidata
AT-G-41811,Lambach,gemeinde,Oberösterreich,lambach.eu,http://www.lambach.eu/,wikidata
AT-G-41812,Marchtrenk,gemeinde,Oberösterreich,marchtrenk.gv.at,http://www.marchtrenk.gv.at/,wikidata
AT-G-41813,Neukirchen bei Lambach,gemeinde,Oberösterreich,gemeindeneukirchen.at,http://www.gemeindeneukirchen.at/,wikidata
AT-G-41814,Offenhausen,gemeinde,Oberösterreich,offenhausen.at,http://www.offenhausen.at/,wikidata
AT-G-41815,Pennewang,gemeinde,Oberösterreich,pennewang.at,http://www.pennewang.at/,wikidata
AT-G-41816,Pichl bei Wels,gemeinde,Oberösterreich,pichl.ooe.gv.at,http://www.pichl.ooe.gv.at/,wikidata
AT-G-41817,Sattledt,gemeinde,Oberösterreich,sattledt.at,http://www.sattledt.at/,wikidata
AT-G-41818,Schleißheim,gemeinde,Oberösterreich,schleissheim.at,http://www.schleissheim.at/,wikidata
AT-G-41819,Sipbachzell,gemeinde,Oberösterreich,sipbachzell.at,http://www.Sipbachzell.at/,wikidata
AT-G-41820,Stadl-Paura,gemeinde,Oberösterreich,stadl-paura.at,http://www.stadl-paura.at/,wikidata
AT-G-41821,Steinerkirchen an der Traun,gemeinde,Oberösterreich,steinerkirchen.at,http://www.steinerkirchen.at/,wikidata
AT-G-41822,Steinhaus,gemeinde,Oberösterreich,steinhaus.ooe.gv.at,http://www.steinhaus.ooe.gv.at/,wikidata
AT-G-41823,Thalheim bei Wels,gemeinde,Oberösterreich,thalheim.ooe.gv.at,http://www.thalheim.ooe.gv.at/,wikidata
AT-G-41824,Weißkirchen an der Traun,gemeinde,Oberösterreich,weisskirchen.at,http://www.weisskirchen.at/,wikidata
AT-G-50101,Salzburg,gemeinde,Salzburg,stadt-salzburg.at,https://www.stadt-salzburg.at/,wikidata
AT-G-50201,Abtenau,gemeinde,Salzburg,abtenau.at,http://www.abtenau.at,wikidata
AT-G-50202,Adnet,gemeinde,Salzburg,adnet.salzburg.at,http://www.adnet.salzburg.at/,wikidata
AT-G-50203,Annaberg-Lungötz,gemeinde,Salzburg,annaberg-lungoetz.at,http://www.annaberg-lungoetz.at/,wikidata
AT-G-50204,Golling an der Salzach,gemeinde,Salzburg,golling.salzburg.at,http://www.golling.salzburg.at/,wikidata
AT-G-50205,Hallein,gemeinde,Salzburg,hallein.gv.at,http://www.hallein.gv.at,wikidata
AT-G-50206,Krispl,gemeinde,Salzburg,krispl.salzburg.at,http://www.krispl.salzburg.at/,wikidata
AT-G-50207,Kuchl,gemeinde,Salzburg,kuchl.net,https://www.kuchl.net/,wikidata
AT-G-50208,Oberalm,gemeinde,Salzburg,oberalm.at,http://www.oberalm.at/,wikidata
AT-G-50209,Puch bei Hallein,gemeinde,Salzburg,puch.salzburg.at,http://www.puch.salzburg.at/,wikidata
AT-G-50210,Rußbach am Paß Gschütt,gemeinde,Salzburg,russbach.salzburg.at,http://www.russbach.salzburg.at,wikidata
AT-G-50211,St. Koloman,gemeinde,Salzburg,stkoloman.salzburg.at,http://www.stkoloman.salzburg.at/,wikidata
AT-G-50212,Scheffau am Tennengebirge,gemeinde,Salzburg,scheffau.salzburg.at,http://www.scheffau.salzburg.at/,wikidata
AT-G-50213,Bad Vigaun,gemeinde,Salzburg,badvigaun.at,http://www.badvigaun.at/,wikidata
AT-G-50301,Anif,gemeinde,Salzburg,anif.salzburg.at,http://www.anif.salzburg.at/,wikidata
AT-G-50302,Anthering,gemeinde,Salzburg,anthering.at,http://www.anthering.at/,wikidata
AT-G-50303,Bergheim,gemeinde,Salzburg,bergheim.at,http://www.bergheim.at/,wikidata
AT-G-50304,Berndorf bei Salzburg,gemeinde,Salzburg,berndorf.salzburg.at,http://www.berndorf.salzburg.at/,wikidata
AT-G-50305,Bürmoos,gemeinde,Salzburg,buermoos.at,http://www.buermoos.at/,wikidata
AT-G-50306,Dorfbeuern,gemeinde,Salzburg,dorfbeuern.salzburg.at,http://www.dorfbeuern.salzburg.at/,wikidata
AT-G-50307,Ebenau,gemeinde,Salzburg,ebenau.at,https://www.ebenau.at/,wikidata
AT-G-50308,Elixhausen,gemeinde,Salzburg,elixhausen.at,http://www.elixhausen.at/,wikidata
AT-G-50309,Elsbethen,gemeinde,Salzburg,gde-elsbethen.at,http://www.gde-elsbethen.at/,wikidata
AT-G-50310,Eugendorf,gemeinde,Salzburg,eugendorf.at,http://www.eugendorf.at/,wikidata
AT-G-50311,Faistenau,gemeinde,Salzburg,faistenau.at,http://www.faistenau.at/,wikidata
AT-G-50312,Fuschl am See,gemeinde,Salzburg,fuschl.salzburg.at,http://www.fuschl.salzburg.at/,wikidata
AT-G-50313,Göming,gemeinde,Salzburg,goeming.at,http://www.goeming.at/,wikidata
AT-G-50314,Grödig,gemeinde,Salzburg,groedig.gv.at,http://www.groedig.gv.at/,wikidata
AT-G-50315,Großgmain,gemeinde,Salzburg,grossgmain.at,http://www.grossgmain.at/,wikidata
AT-G-50316,Hallwang,gemeinde,Salzburg,hallwang.salzburg.at,http://www.hallwang.salzburg.at/,wikidata
AT-G-50317,Henndorf am Wallersee,gemeinde,Salzburg,henndorf.at,https://www.henndorf.at/,wikidata
AT-G-50318,Hintersee,gemeinde,Salzburg,hintersee.salzburg.at,http://www.hintersee.salzburg.at/,wikidata
AT-G-50319,Hof bei Salzburg,gemeinde,Salzburg,hofonline.at,http://www.hofonline.at/,wikidata
AT-G-50320,Köstendorf,gemeinde,Salzburg,koestendorf.at,http://www.koestendorf.at/,wikidata
AT-G-50321,Koppl,gemeinde,Salzburg,gemeinde-koppl.at,http://www.gemeinde-koppl.at/,wikidata
AT-G-50322,Lamprechtshausen,gemeinde,Salzburg,lamprechtshausen.at,http://www.lamprechtshausen.at/,wikidata
AT-G-50323,Mattsee,gemeinde,Salzburg,mattsee.at,http://www.mattsee.at/,wikidata
AT-G-50324,Neumarkt am Wallersee,gemeinde,Salzburg,neumarkt.at,http://www.neumarkt.at/,wikidata
AT-G-50325,Nußdorf am Haunsberg,gemeinde,Salzburg,nussdorf.salzburg.at,http://www.nussdorf.salzburg.at/,wikidata
AT-G-50326,Oberndorf bei Salzburg,gemeinde,Salzburg,oberndorf.co.at,http://www.oberndorf.co.at/,wikidata
AT-G-50327,Obertrum am See,gemeinde,Salzburg,obertrum.salzburg.at,http://www.obertrum.salzburg.at/,wikidata
AT-G-50328,Plainfeld,gemeinde,Salzburg,plainfeld.salzburg.at,http://www.plainfeld.salzburg.at/,wikidata
AT-G-50329,St. Georgen bei Salzburg,gemeinde,Salzburg,st-georgen.salzburg.at,http://www.st-georgen.salzburg.at/,wikidata
AT-G-50330,St. Gilgen,gemeinde,Salzburg,gemgilgen.at,http://www.gemgilgen.at/,wikidata
AT-G-50331,Schleedorf,gemeinde,Salzburg,schleedorf.salzburg.at,http://www.schleedorf.salzburg.at/,wikidata
AT-G-50332,Seeham,gemeinde,Salzburg,seeham.at,http://www.seeham.at/,wikidata
AT-G-50335,Straßwalchen,gemeinde,Salzburg,strasswalchen.at,http://www.strasswalchen.at/,wikidata
AT-G-50336,Strobl,gemeinde,Salzburg,strobl.salzburg.at,http://www.strobl.salzburg.at/,wikidata
AT-G-50337,Thalgau,gemeinde,Salzburg,thalgau.at,http://www.thalgau.at/,wikidata
AT-G-50338,Wals-Siezenheim,gemeinde,Salzburg,wals-siezenheim.at,http://www.wals-siezenheim.at/,wikidata
AT-G-50339,Seekirchen am Wallersee,gemeinde,Salzburg,seekirchen.at,http://www.seekirchen.at/,wikidata
AT-G-50401,Altenmarkt im Pongau,gemeinde,Salzburg,altenmarkt.at,http://www.altenmarkt.at/,wikidata
AT-G-50402,Bad Hofgastein,gemeinde,Salzburg,badhofgastein.at,http://www.badhofgastein.at/,wikidata
AT-G-50403,Bad Gastein,gemeinde,Salzburg,bad-gastein.at,http://www.bad-gastein.at/,wikidata
AT-G-50404,Bischofshofen,gemeinde,Salzburg,bischofshofen.at,http://www.bischofshofen.at/,wikidata
AT-G-50405,Dorfgastein,gemeinde,Salzburg,dorfgastein.net,http://www.dorfgastein.net,wikidata
AT-G-50406,Eben im Pongau,gemeinde,Salzburg,gemeinde-eben.at,http://www.gemeinde-eben.at/,wikidata
AT-G-50407,Filzmoos,gemeinde,Salzburg,filzmoos.salzburg.at,http://www.filzmoos.salzburg.at/,wikidata
AT-G-50408,Flachau,gemeinde,Salzburg,flachau.salzburg.at,https://www.flachau.salzburg.at/,wikidata
AT-G-50409,Forstau,gemeinde,Salzburg,forstau.at,http://www.forstau.at/,wikidata
AT-G-50410,Goldegg,gemeinde,Salzburg,goldegg.gv.at,http://www.goldegg.gv.at/,wikidata
AT-G-50411,Großarl,gemeinde,Salzburg,gemeindegrossarl.at,http://www.gemeindegrossarl.at/,wikidata
AT-G-50412,Hüttau,gemeinde,Salzburg,huettau.at,http://www.huettau.at/,wikidata
AT-G-50413,Hüttschlag,gemeinde,Salzburg,gemeindehuettschlag.at,http://www.gemeindehuettschlag.at/,wikidata
AT-G-50414,Kleinarl,gemeinde,Salzburg,kleinarl.at,http://www.kleinarl.at/,wikidata
AT-G-50415,Mühlbach am Hochkönig,gemeinde,Salzburg,muehlbach-hochkoenig.at,http://www.muehlbach-hochkoenig.at/,wikidata
AT-G-50416,Pfarrwerfen,gemeinde,Salzburg,pfarrwerfen.salzburg.at,http://www.pfarrwerfen.salzburg.at/,wikidata
AT-G-50417,Radstadt,gemeinde,Salzburg,radstadt.at,http://www.radstadt.at/,wikidata
AT-G-50418,St. Johann im Pongau,gemeinde,Salzburg,st.johann.at,https://www.st.johann.at,wikidata
AT-G-50419,St. Martin am Tennengebirge,gemeinde,Salzburg,sanktmartin.at,http://www.sanktmartin.at/,wikidata
AT-G-50420,St. Veit im Pongau,gemeinde,Salzburg,stveitpongau.at,https://www.stveitpongau.at/,wikidata
AT-G-50421,Schwarzach im Pongau,gemeinde,Salzburg,gde-schwarzach.salzburg.at,http://www.gde-schwarzach.salzburg.at/,wikidata
AT-G-50422,Untertauern,gemeinde,Salzburg,untertauern.at,http://www.untertauern.at/,wikidata
AT-G-50423,Wagrain,gemeinde,Salzburg,wagrain.salzburg.at,http://www.wagrain.salzburg.at/,wikidata
AT-G-50424,Werfen,gemeinde,Salzburg,gemeindewerfen.at,http://www.gemeindewerfen.at/,wikidata
AT-G-50425,Werfenweng,gemeinde,Salzburg,gemeinde-werfenweng.at,http://www.gemeinde-werfenweng.at/,wikidata
AT-G-50501,Göriach,gemeinde,Salzburg,goeriach.at,https://www.goeriach.at/,wikidata
AT-G-50502,Lessach,gemeinde,Salzburg,lessach.at,http://www.lessach.at/,wikidata
AT-G-50503,Mariapfarr,gemeinde,Salzburg,mariapfarr.at,http://www.mariapfarr.at,wikidata
AT-G-50504,Mauterndorf,gemeinde,Salzburg,mauterndorf.salzburg.at,http://www.mauterndorf.salzburg.at/,wikidata
AT-G-50505,Muhr,gemeinde,Salzburg,muhr.gv.at,http://www.muhr.gv.at/,wikidata
AT-G-50506,Ramingstein,gemeinde,Salzburg,ramingstein.at,http://www.ramingstein.at/,wikidata
AT-G-50507,St. Andrä im Lungau,gemeinde,Salzburg,st-andrae.salzburg.at,http://www.st-andrae.salzburg.at/,wikidata
AT-G-50508,St. Margarethen im Lungau,gemeinde,Salzburg,st.margarethen.salzburg.at,http://www.st.margarethen.salzburg.at/,wikidata
AT-G-50509,St. Michael im Lungau,gemeinde,Salzburg,sankt-michael.at,http://www.sankt-michael.at/,wikidata
AT-G-50510,Tamsweg,gemeinde,Salzburg,tamsweg.at,http://www.tamsweg.at/,wikidata
AT-G-50511,Thomatal,gemeinde,Salzburg,thomatal.at,http://www.thomatal.at/,wikidata
AT-G-50512,Tweng,gemeinde,Salzburg,tweng.at,http://www.tweng.at/,wikidata
AT-G-50513,Unternberg,gemeinde,Salzburg,unternberg.salzburg.at,http://www.unternberg.salzburg.at,wikidata
AT-G-50514,Weißpriach,gemeinde,Salzburg,weisspriach.at,http://www.weisspriach.at/,wikidata
AT-G-50515,Zederhaus,gemeinde,Salzburg,zederhaus.at,http://www.zederhaus.at/,wikidata
AT-G-50601,Bramberg am Wildkogel,gemeinde,Salzburg,bramberg.salzburg.at,http://www.bramberg.salzburg.at/,wikidata
AT-G-50602,Bruck an der Großglocknerstraße,gemeinde,Salzburg,bruck-grossglockner.at,https://www.bruck-grossglockner.at/,wikidata
AT-G-50603,Dienten am Hochkönig,gemeinde,Salzburg,dienten.at,http://www.dienten.at/,wikidata
AT-G-50604,Fusch an der Großglocknerstraße,gemeinde,Salzburg,fusch.at,http://www.fusch.at/,wikidata
AT-G-50605,Hollersbach im Pinzgau,gemeinde,Salzburg,hollersbach.salzburg.at,http://www.hollersbach.salzburg.at/,wikidata
AT-G-50606,Kaprun,gemeinde,Salzburg,kaprun.at,http://www.kaprun.at/,wikidata
AT-G-50607,Krimml,gemeinde,Salzburg,krimml.gv.at,https://www.krimml.gv.at,wikidata
AT-G-50608,Lend,gemeinde,Salzburg,lend.at,http://www.lend.at/,wikidata
AT-G-50609,Leogang,gemeinde,Salzburg,leogang.at,https://www.leogang.at/,wikidata
AT-G-50610,Lofer,gemeinde,Salzburg,lofer.salzburg.at,https://www.lofer.salzburg.at/,wikidata
AT-G-50611,Maishofen,gemeinde,Salzburg,maishofen.at,http://www.maishofen.at/,wikidata
AT-G-50612,Maria Alm am Steinernen Meer,gemeinde,Salzburg,maria-alm.at,http://www.maria-alm.at/,wikidata
AT-G-50613,Mittersill,gemeinde,Salzburg,mittersill.at,https://www.mittersill.at,wikidata
AT-G-50614,Neukirchen am Großvenediger,gemeinde,Salzburg,neukirchen.salzburg.at,https://www.neukirchen.salzburg.at,wikidata
AT-G-50615,Niedernsill,gemeinde,Salzburg,niedernsill.at,http://www.niedernsill.at/,wikidata
AT-G-50616,Piesendorf,gemeinde,Salzburg,piesendorf.at,http://www.piesendorf.at/,wikidata
AT-G-50617,Rauris,gemeinde,Salzburg,rauris.at,http://www.rauris.at/,wikidata
AT-G-50618,Saalbach-Hinterglemm,gemeinde,Salzburg,saalbach.or.at,http://www.saalbach.or.at/,wikidata
AT-G-50619,Saalfelden am Steinernen Meer,gemeinde,Salzburg,saalfelden.at,https://www.saalfelden.at/,wikidata
AT-G-50620,St. Martin bei Lofer,gemeinde,Salzburg,stmartin.at,http://www.stmartin.at/,wikidata
AT-G-50621,Stuhlfelden,gemeinde,Salzburg,stuhlfelden.salzburg.at,https://www.stuhlfelden.salzburg.at/,wikidata
AT-G-50622,Taxenbach,gemeinde,Salzburg,taxenbach.at,http://www.taxenbach.at/,wikidata
AT-G-50623,Unken,gemeinde,Salzburg,gemeinde-unken.at,http://www.gemeinde-unken.at/,wikidata
AT-G-50624,Uttendorf,gemeinde,Salzburg,uttendorf.at,http://www.uttendorf.at/,wikidata
AT-G-50625,Viehhofen,gemeinde,Salzburg,viehhofen.at,http://www.viehhofen.at/,wikidata
AT-G-50626,Wald im Pinzgau,gemeinde,Salzburg,wald.salzburg.at,http://www.wald.salzburg.at/,wikidata
AT-G-50627,Weißbach bei Lofer,gemeinde,Salzburg,weissbach.at,http://www.weissbach.at/,wikidata
AT-G-50628,Zell am See,gemeinde,Salzburg,zellamsee.eu,https://www.zellamsee.eu/,wikidata
AT-G-60101,Graz,gemeinde,Steiermark,graz.at,https://www.graz.at/,wikidata
AT-G-60305,Frauental an der Laßnitz,gemeinde,Steiermark,frauental-lassnitz.steiermark.at,http://www.frauental-lassnitz.steiermark.at/,wikidata
AT-G-60318,Lannach,gemeinde,Steiermark,lannach.steiermark.at,http://www.lannach.steiermark.at/,wikidata
AT-G-60323,Pölfing-Brunn,gemeinde,Steiermark,poelfing-brunn.gv.at,http://www.poelfing-brunn.gv.at/,wikidata
AT-G-60324,Preding,gemeinde,Steiermark,preding.eu,http://www.preding.eu/,wikidata
AT-G-60326,Sankt Josef (Weststeiermark),gemeinde,Steiermark,st-josef.steiermark.at,https://www.st-josef.steiermark.at/,wikidata
AT-G-60329,Sankt Peter im Sulmtal,gemeinde,Steiermark,europadorf.at,http://www.europadorf.at/,wikidata
AT-G-60341,Wettmannstätten,gemeinde,Steiermark,wettmannstaetten.gv.at,http://www.wettmannstaetten.gv.at/,wikidata
AT-G-60344,Deutschlandsberg,gemeinde,Steiermark,deutschlandsberg.at,https://www.deutschlandsberg.at/,wikidata
AT-G-60345,Eibiswald,gemeinde,Steiermark,eibiswald.istsuper.com,http://eibiswald.istsuper.com/,wikidata
AT-G-60346,Groß Sankt Florian,gemeinde,Steiermark,gross-st-florian.at,http://www.gross-st-florian.at/,wikidata
AT-G-60347,Sankt Martin im Sulmtal,gemeinde,Steiermark,st-martin-sulmtal.gv.at,http://www.st-martin-sulmtal.gv.at/,wikidata
AT-G-60348,Sankt Stefan ob Stainz,gemeinde,Steiermark,st-stefan-stainz.at,http://www.st-stefan-stainz.at/,wikidata
AT-G-60349,Bad Schwanberg,gemeinde,Steiermark,schwanberg.gv.at,https://www.schwanberg.gv.at/,wikidata
AT-G-60350,Stainz,gemeinde,Steiermark,stainz.at,http://www.stainz.at/,wikidata
AT-G-60351,Wies,gemeinde,Steiermark,wies.at,http://www.wies.at/,wikidata
AT-G-60608,Feldkirchen bei Graz,gemeinde,Steiermark,feldkirchen-graz.at,http://www.feldkirchen-graz.at/,wikidata
AT-G-60611,Gössendorf,gemeinde,Steiermark,goessendorf.com,http://www.goessendorf.com/,wikidata
AT-G-60613,Gratkorn,gemeinde,Steiermark,gratkorn.com,http://www.gratkorn.com/,wikidata
AT-G-60617,Hart bei Graz,gemeinde,Steiermark,hartbeigraz.at,https://www.hartbeigraz.at/,wikidata
AT-G-60618,Haselsdorf-Tobelbad,gemeinde,Steiermark,haselsdorf-tobelbad.at,http://www.haselsdorf-tobelbad.at/,wikidata
AT-G-60619,Hausmannstätten,gemeinde,Steiermark,hausmannstaetten.at,http://www.hausmannstaetten.at/,wikidata
AT-G-60623,Kainbach bei Graz,gemeinde,Steiermark,kainbach.steiermark.at,http://www.kainbach.steiermark.at/,wikidata
AT-G-60624,Kalsdorf bei Graz,gemeinde,Steiermark,kalsdorf-graz.at,http://www.kalsdorf-graz.at/,wikidata
AT-G-60626,Kumberg,gemeinde,Steiermark,kumberg.at,http://www.kumberg.at/,wikidata
AT-G-60628,Laßnitzhöhe,gemeinde,Steiermark,lassnitzhoehe.gv.at,http://www.lassnitzhoehe.gv.at/,wikidata
AT-G-60629,Lieboch,gemeinde,Steiermark,lieboch.gv.at,http://www.lieboch.gv.at/,wikidata
AT-G-60632,Peggau,gemeinde,Steiermark,peggau.info,http://www.peggau.info/,wikidata
AT-G-60639,Sankt Bartholomä,gemeinde,Steiermark,st-bartholomae.gv.at,http://www.st-bartholomae.gv.at/,wikidata
AT-G-60641,Sankt Oswald bei Plankenwarth,gemeinde,Steiermark,sanktoswald.net,http://www.sanktoswald.net/,wikidata
AT-G-60642,Sankt Radegund bei Graz,gemeinde,Steiermark,radegund.info,http://www.radegund.info/,wikidata
AT-G-60645,Semriach,gemeinde,Steiermark,semriach.at,http://www.semriach.at/,wikidata
AT-G-60646,Stattegg,gemeinde,Steiermark,stattegg.eu,http://www.stattegg.eu/,wikidata
AT-G-60647,Stiwoll,gemeinde,Steiermark,stiwoll.steiermark.at,http://www.stiwoll.steiermark.at/,wikidata
AT-G-60648,Thal,gemeinde,Steiermark,thal.gv.at,https://thal.gv.at/,wikidata
AT-G-60651,Übelbach,gemeinde,Steiermark,uebelbach.gv.at,http://www.uebelbach.gv.at/,wikidata
AT-G-60653,Vasoldsberg,gemeinde,Steiermark,vasoldsberg.at,http://www.vasoldsberg.at/,wikidata
AT-G-60654,Weinitzen,gemeinde,Steiermark,weinitzen.com,http://www.weinitzen.com/,wikidata
AT-G-60655,Werndorf,gemeinde,Steiermark,werndorf.steiermark.at,http://www.werndorf.steiermark.at/,wikidata
AT-G-60656,Wundschuh,gemeinde,Steiermark,wundschuh.at,http://www.wundschuh.at/,wikidata
AT-G-60659,Deutschfeistritz,gemeinde,Steiermark,deutschfeistritz.at,http://www.deutschfeistritz.at/,wikidata
AT-G-60660,Dobl-Zwaring,gemeinde,Steiermark,dobl-zwaring.gv.at,http://www.dobl-zwaring.gv.at,wikidata
AT-G-60661,Eggersdorf bei Graz,gemeinde,Steiermark,eggersdorf-graz.at,http://www.eggersdorf-graz.at/,wikidata
AT-G-60662,Fernitz-Mellach,gemeinde,Steiermark,fernitz-mellach.gv.at,http://www.fernitz-mellach.gv.at/,wikidata
AT-G-60663,Frohnleiten,gemeinde,Steiermark,frohnleiten.at,http://www.frohnleiten.at/,wikidata
AT-G-60664,Gratwein-Straßengel,gemeinde,Steiermark,gratwein-strassengel.gv.at,http://www.gratwein-strassengel.gv.at/,wikidata
AT-G-60665,Hitzendorf,gemeinde,Steiermark,hitzendorf.at,http://www.hitzendorf.at/,wikidata
AT-G-60666,Nestelbach bei Graz,gemeinde,Steiermark,nestelbach-graz.at,http://www.nestelbach-graz.at/,wikidata
AT-G-60667,Raaba-Grambach,gemeinde,Steiermark,neu.raaba-grambach.at,http://neu.raaba-grambach.at/,wikidata
AT-G-60668,Sankt Marein bei Graz,gemeinde,Steiermark,st-marein-graz.gv.at,http://www.st-marein-graz.gv.at/,wikidata
AT-G-60669,Seiersberg-Pirka,gemeinde,Steiermark,gemeindekurier.at,http://www.gemeindekurier.at,wikidata
AT-G-60670,Premstätten,gemeinde,Steiermark,unterpremstaetten.at,http://www.unterpremstaetten.at/,wikidata
AT-G-61001,Allerheiligen bei Wildon,gemeinde,Steiermark,allerheiligen-wildon.at,http://www.allerheiligen-wildon.at/,wikidata
AT-G-61002,Arnfels,gemeinde,Steiermark,arnfels.gv.at,http://www.arnfels.gv.at/,wikidata
AT-G-61007,Empersdorf,gemeinde,Steiermark,empersdorf.com,http://www.empersdorf.com/,wikidata
AT-G-61008,Gabersdorf,gemeinde,Steiermark,gabersdorf.at,http://www.gabersdorf.at/,wikidata
AT-G-61012,Gralla,gemeinde,Steiermark,gralla.at,http://www.gralla.at/,wikidata
AT-G-61013,Großklein,gemeinde,Steiermark,grossklein.gv.at,http://www.grossklein.gv.at/,wikidata
AT-G-61016,Heimschuh,gemeinde,Steiermark,heimschuh.at,https://www.heimschuh.at/,wikidata
AT-G-61017,Hengsberg,gemeinde,Steiermark,hengsberg.at,http://www.hengsberg.at/,wikidata
AT-G-61019,Kitzeck im Sausal,gemeinde,Steiermark,kitzeck-sausal.at,http://www.kitzeck-sausal.at/,wikidata
AT-G-61020,Lang,gemeinde,Steiermark,lang.gv.at,http://www.lang.gv.at/,wikidata
AT-G-61021,Lebring-Sankt Margarethen,gemeinde,Steiermark,lebring-st-margarethen.at,http://www.lebring-st-margarethen.at/,wikidata
AT-G-61024,Oberhaag,gemeinde,Steiermark,oberhaag.at,https://www.oberhaag.at/,wikidata
AT-G-61027,Ragnitz,gemeinde,Steiermark,ragnitz.steiermark.at,http://www.ragnitz.steiermark.at/,wikidata
AT-G-61030,Sankt Andrä-Höch,gemeinde,Steiermark,st-andrae-hoech.at,http://www.st-andrae-hoech.at/,wikidata
AT-G-61032,Sankt Johann im Saggautal,gemeinde,Steiermark,st-johann-saggautal.gv.at,https://www.st-johann-saggautal.gv.at/,wikidata
AT-G-61033,Sankt Nikolai im Sausal,gemeinde,Steiermark,st-nikolai-sausal.steiermark.at,http://www.st-nikolai-sausal.steiermark.at/,wikidata
AT-G-61043,Tillmitsch,gemeinde,Steiermark,tillmitsch.at,http://www.tillmitsch.at/,wikidata
AT-G-61045,Wagna,gemeinde,Steiermark,wagna.at,http://www.wagna.at/,wikidata
AT-G-61049,Ehrenhausen an der Weinstraße,gemeinde,Steiermark,ehrenhausen-gv.at,https://www.ehrenhausen-gv.at,wikidata
AT-G-61050,Gamlitz,gemeinde,Steiermark,gamlitz.at,http://www.gamlitz.at/,wikidata
AT-G-61051,Gleinstätten,gemeinde,Steiermark,gleinstaetten.steiermark.at,http://www.gleinstaetten.steiermark.at/,wikidata
AT-G-61052,Heiligenkreuz am Waasen,gemeinde,Steiermark,heiligenkreuz-waasen.gv.at,http://www.heiligenkreuz-waasen.gv.at/,wikidata
AT-G-61053,Leibnitz,gemeinde,Steiermark,leibnitz.at,http://www.leibnitz.at,wikidata
AT-G-61054,Leutschach an der Weinstraße,gemeinde,Steiermark,leutschach-weinstrasse.gv.at,http://www.leutschach-weinstrasse.gv.at/,wikidata
AT-G-61055,Sankt Georgen an der Stiefing,gemeinde,Steiermark,st-georgen-stiefing.steiermark.at,http://www.st-georgen-stiefing.steiermark.at/,wikidata
AT-G-61057,Schwarzautal,gemeinde,Steiermark,schwarzautal.gv.at,http://www.schwarzautal.gv.at/,wikidata
AT-G-61059,Wildon,gemeinde,Steiermark,wildon.gv.at,http://www.wildon.gv.at/,wikidata
AT-G-61060,Sankt Veit in der Südsteiermark,gemeinde,Steiermark,st-veit-suedsteiermark.gv.at,http://www.st-veit-suedsteiermark.gv.at/,wikidata
AT-G-61061,Straß in Steiermark,gemeinde,Steiermark,strass-steiermark.gv.at,http://www.strass-steiermark.gv.at/,wikidata
AT-G-61101,Eisenerz,gemeinde,Steiermark,eisenerz.at,http://www.eisenerz.at,wikidata
AT-G-61105,Kalwang,gemeinde,Steiermark,kalwang.at,http://www.kalwang.at/,wikidata
AT-G-61106,Kammern im Liesingtal,gemeinde,Steiermark,kammern-liesingtal.at,http://www.kammern-liesingtal.at/,wikidata
AT-G-61107,Kraubath an der Mur,gemeinde,Steiermark,kraubath.at,http://www.kraubath.at/,wikidata
AT-G-61108,Leoben,gemeinde,Steiermark,leoben.at,https://www.leoben.at/,wikidata
AT-G-61109,Mautern in Steiermark,gemeinde,Steiermark,mautern.com,http://www.mautern.com,wikidata
AT-G-61110,Niklasdorf,gemeinde,Steiermark,niklasdorf.info,http://www.niklasdorf.info/,wikidata
AT-G-61111,Proleb,gemeinde,Steiermark,proleb.net,http://www.proleb.net/,wikidata
AT-G-61112,Radmer,gemeinde,Steiermark,radmer.at,http://www.radmer.at/,wikidata
AT-G-61113,Sankt Michael in Obersteiermark,gemeinde,Steiermark,st-michael.steiermark.at,http://www.st-michael.steiermark.at/,wikidata
AT-G-61114,Sankt Peter-Freienstein,gemeinde,Steiermark,stpfrst.at,http://www.stpfrst.at/,wikidata
AT-G-61115,Sankt Stefan ob Leoben,gemeinde,Steiermark,st-stefan-leoben.at,http://www.st-stefan-leoben.at/,wikidata
AT-G-61116,Traboch,gemeinde,Steiermark,traboch.at,http://www.traboch.at/,wikidata
AT-G-61118,Vordernberg,gemeinde,Steiermark,vordernberg.steiermark.at,http://www.vordernberg.steiermark.at/,wikidata
AT-G-61119,Wald am Schoberpaß,gemeinde,Steiermark,schoberpass.at,http://www.schoberpass.at/,wikidata
AT-G-61120,Trofaiach,gemeinde,Steiermark,trofaiach.steiermark.at,http://trofaiach.steiermark.at/,wikidata
AT-G-61203,Aigen im Ennstal,gemeinde,Steiermark,aigen.at,http://www.aigen.at,wikidata
AT-G-61204,Altaussee,gemeinde,Steiermark,altaussee.at,http://www.altaussee.at,wikidata
AT-G-61205,Altenmarkt bei Sankt Gallen,gemeinde,Steiermark,altenmarkt.istsuper.com,http://www.altenmarkt.istsuper.com/,wikidata
AT-G-61206,Ardning,gemeinde,Steiermark,ardning.at,http://www.ardning.at/,wikidata
AT-G-61207,Bad Aussee,gemeinde,Steiermark,badaussee.at,http://www.badaussee.at,wikidata
AT-G-61213,Gröbming,gemeinde,Steiermark,groebming.at,https://www.groebming.at/,wikidata
AT-G-61215,Grundlsee,gemeinde,Steiermark,grundlsee.at,http://www.grundlsee.at/,wikidata
AT-G-61217,Haus,gemeinde,Steiermark,haus.at,http://www.haus.at/,wikidata
AT-G-61222,Lassing,gemeinde,Steiermark,lassing.at,https://www.lassing.at/,wikidata
AT-G-61236,Ramsau am Dachstein,gemeinde,Steiermark,ramsau.at,http://www.ramsau.at,wikidata
AT-G-61243,Selzthal,gemeinde,Steiermark,selzthal.at,https://www.selzthal.at/,wikidata
AT-G-61247,Trieben,gemeinde,Steiermark,trieben.net,http://www.trieben.net,wikidata
AT-G-61251,Wildalpen,gemeinde,Steiermark,wildalpen.at,http://www.wildalpen.at/,wikidata
AT-G-61252,Wörschach,gemeinde,Steiermark,woerschach.at,https://www.woerschach.at/,wikidata
AT-G-61253,Admont,gemeinde,Steiermark,admont.at,http://www.admont.at/,wikidata
AT-G-61254,Aich,gemeinde,Steiermark,aich.at,http://www.aich.at/,wikidata
AT-G-61255,Bad Mitterndorf,gemeinde,Steiermark,bad-mitterndorf.at,http://www.bad-mitterndorf.at,wikidata
AT-G-61256,Gaishorn am See,gemeinde,Steiermark,gaishornamsee.at,http://www.gaishornamsee.at/,wikidata
AT-G-61257,Irdning-Donnersbachtal,gemeinde,Steiermark,irdning-donnersbachtal.at,http://www.irdning-donnersbachtal.at,wikidata
AT-G-61258,Landl,gemeinde,Steiermark,landl.at,https://www.landl.at,wikidata
AT-G-61259,Liezen,gemeinde,Steiermark,liezen.at,http://www.liezen.at/,wikidata
AT-G-61260,Michaelerberg-Pruggern,gemeinde,Steiermark,michaelerberg-pruggern.at,https://www.michaelerberg-pruggern.at/,wikidata
AT-G-61261,Mitterberg-Sankt Martin,gemeinde,Steiermark,mitterberg-sanktmartin.at,http://www.mitterberg-sanktmartin.at/,wikidata
AT-G-61262,Öblarn,gemeinde,Steiermark,oeblarn.at,http://www.oeblarn.at,wikidata
AT-G-61263,Rottenmann,gemeinde,Steiermark,rottenmann.at,https://www.rottenmann.at,wikidata
AT-G-61264,Sankt Gallen,gemeinde,Steiermark,st-gallen.istsuper.com,http://www.st-gallen.istsuper.com/index.php?id=321,wikidata
AT-G-61265,Schladming,gemeinde,Steiermark,schladming.at,https://schladming.at/,wikidata
AT-G-61266,Sölk,gemeinde,Steiermark,grosssoelk.at,http://www.grosssoelk.at/,wikidata
AT-G-61267,Stainach-Pürgg,gemeinde,Steiermark,stainach-puergg.gv.at,http://www.stainach-puergg.gv.at/,wikidata
AT-G-61410,Mühlen,gemeinde,Steiermark,muehlen.at,https://www.muehlen.at/,wikidata
AT-G-61413,Niederwölz,gemeinde,Steiermark,niederwoelz.steiermark.at,http://www.niederwoelz.steiermark.at/,wikidata
AT-G-61425,St. Peter am Kammersberg,gemeinde,Steiermark,st-peter-kammersberg.at,http://www.st-peter-kammersberg.at,wikidata
AT-G-61428,Schöder,gemeinde,Steiermark,schoeder.steiermark.at,http://www.schoeder.steiermark.at/,wikidata
AT-G-61437,Krakau,gemeinde,Steiermark,krakau.gv.at,http://www.krakau.gv.at,wikidata
AT-G-61438,Murau,gemeinde,Steiermark,murau.gv.at,https://www.murau.gv.at/,wikidata
AT-G-61439,Neumarkt in der Steiermark,gemeinde,Steiermark,neumarkt-steiermark.gv.at,https://www.neumarkt-steiermark.gv.at,wikidata
AT-G-61440,Oberwölz,gemeinde,Steiermark,oberwoelz.istsuper.com,https://oberwoelz.istsuper.com/,wikidata
AT-G-61441,Ranten,gemeinde,Steiermark,ranten.gv.at,https://www.ranten.gv.at/,wikidata
AT-G-61442,Sankt Georgen am Kreischberg,gemeinde,Steiermark,st-georgen-kreischberg.gv.at,https://www.st-georgen-kreischberg.gv.at/,wikidata
AT-G-61443,Sankt Lambrecht,gemeinde,Steiermark,stlambrecht.at,http://www.stlambrecht.at/,wikidata
AT-G-61444,Scheifling,gemeinde,Steiermark,scheifling.steiermark.at,http://www.scheifling.steiermark.at/,wikidata
AT-G-61445,Stadl-Predlitz,gemeinde,Steiermark,stadl-predlitz.gv.at,http://www.stadl-predlitz.gv.at,wikidata
AT-G-61446,Teufenbach-Katsch,gemeinde,Steiermark,teufenbach-katsch.gv.at,http://www.teufenbach-katsch.gv.at,wikidata
AT-G-61611,Krottendorf-Gaisfeld,gemeinde,Steiermark,krottendorf-gaisfeld.at,http://www.krottendorf-gaisfeld.at/,wikidata
AT-G-61612,Ligist,gemeinde,Steiermark,ligist.at,http://www.ligist.at/,wikidata
AT-G-61615,Mooskirchen,gemeinde,Steiermark,mooskirchen.at,http://www.mooskirchen.at/,wikidata
AT-G-61618,Rosental an der Kainach,gemeinde,Steiermark,rosental-kainach.at,http://www.rosental-kainach.at/,wikidata
AT-G-61621,Sankt Martin am Wöllmißberg,gemeinde,Steiermark,st-martin-wöllmissberg.at,http://www.st-martin-wöllmissberg.at/,wikidata
AT-G-61624,Stallhofen,gemeinde,Steiermark,stallhofen.eu,http://www.stallhofen.eu/,wikidata
AT-G-61625,Voitsberg,gemeinde,Steiermark,voitsberg.at,http://www.voitsberg.at/,wikidata
AT-G-61626,Bärnbach,gemeinde,Steiermark,baernbach.at,https://www.baernbach.at/,wikidata
AT-G-61627,Edelschrott,gemeinde,Steiermark,edelschrott.at,http://www.edelschrott.at/,wikidata
AT-G-61628,Geistthal-Södingberg,gemeinde,Steiermark,geistthal-soedingberg.at,http://www.geistthal-soedingberg.at,wikidata
AT-G-61629,Hirschegg-Pack,gemeinde,Steiermark,hirschegg-pack.at,http://www.hirschegg-pack.at,wikidata
AT-G-61630,Kainach bei Voitsberg,gemeinde,Steiermark,kainach.at,https://www.kainach.at/,wikidata
AT-G-61631,Köflach,gemeinde,Steiermark,koeflach.at,http://www.koeflach.at/,wikidata
AT-G-61632,Maria Lankowitz,gemeinde,Steiermark,maria-lankowitz.at,http://www.maria-lankowitz.at/,wikidata
AT-G-61633,Söding-Sankt Johann,gemeinde,Steiermark,soeding-st-johann.gv.at,http://soeding-st-johann.gv.at/,wikidata
AT-G-61701,Albersdorf-Prebuch,gemeinde,Steiermark,albersdorf.at,http://www.albersdorf.at/,wikidata
AT-G-61708,Fischbach,gemeinde,Steiermark,fischbach.co.at,https://www.fischbach.co.at/,wikidata
AT-G-61710,Floing,gemeinde,Steiermark,floing.at,http://www.floing.at/,wikidata
AT-G-61711,Gasen,gemeinde,Steiermark,gasen.at,http://www.gasen.at/,wikidata
AT-G-61716,Markt Hartmannsdorf,gemeinde,Steiermark,markt-hartmannsdorf.at,http://www.markt-hartmannsdorf.at/,wikidata
AT-G-61719,Hofstätten an der Raab,gemeinde,Steiermark,hofstaetten.at,http://www.hofstaetten.at/,wikidata
AT-G-61727,Ludersdorf-Wilfersdorf,gemeinde,Steiermark,lu-wi.at,http://www.lu-wi.at/,wikidata
AT-G-61728,Miesenbach bei Birkfeld,gemeinde,Steiermark,miesenbach-birkfeld.steiermark.at,http://www.miesenbach-birkfeld.steiermark.at/,wikidata
AT-G-61729,Mitterdorf an der Raab,gemeinde,Steiermark,mitterdorf-raab.at,http://www.mitterdorf-raab.at/,wikidata
AT-G-61730,Mortantsch,gemeinde,Steiermark,mortantsch.info,http://www.mortantsch.info/,wikidata
AT-G-61731,Naas,gemeinde,Steiermark,naas.at,http://www.naas.at/,wikidata
AT-G-61740,Puch bei Weiz,gemeinde,Steiermark,puch-weiz.at,http://www.puch-weiz.at/,wikidata
AT-G-61741,Ratten,gemeinde,Steiermark,ratten.steiermark.at,http://www.ratten.steiermark.at/,wikidata
AT-G-61743,Rettenegg,gemeinde,Steiermark,rettenegg.at,http://www.rettenegg.at,wikidata
AT-G-61744,St. Kathrein am Hauenstein,gemeinde,Steiermark,st-kathrein-hauenstein.at,https://www.st-kathrein-hauenstein.at/,wikidata
AT-G-61745,Sankt Kathrein am Offenegg,gemeinde,Steiermark,st-kathrein.at,http://www.st-kathrein.at/,wikidata
AT-G-61746,St. Margarethen an der Raab,gemeinde,Steiermark,st-margarethen-raab.at,http://www.st-margarethen-raab.at/,wikidata
AT-G-61748,Sinabelkirchen,gemeinde,Steiermark,sinabelkirchen.com,http://www.sinabelkirchen.com/,wikidata
AT-G-61750,Strallegg,gemeinde,Steiermark,strallegg.eu,http://www.strallegg.eu/,wikidata
AT-G-61751,Thannhausen,gemeinde,Steiermark,thannhausen.at,http://www.thannhausen.at/,wikidata
AT-G-61756,Anger,gemeinde,Steiermark,anger.st,http://www.anger.st/,wikidata
AT-G-61757,Birkfeld,gemeinde,Steiermark,birkfeld.at,http://www.birkfeld.at/,wikidata
AT-G-61758,Fladnitz an der Teichalm,gemeinde,Steiermark,fladnitz.at,http://www.fladnitz.at,wikidata
AT-G-61759,Gersdorf an der Feistritz,gemeinde,Steiermark,gersdorf.at,http://www.gersdorf.at/,wikidata
AT-G-61760,Gleisdorf,gemeinde,Steiermark,gleisdorf.at,http://www.gleisdorf.at/,wikidata
AT-G-61761,Gutenberg,gemeinde,Steiermark,gutenberg-stenzengreith.gv.at,http://www.gutenberg-stenzengreith.gv.at/,wikidata
AT-G-61762,Ilztal,gemeinde,Steiermark,ilztal.steiermark.at,http://www.ilztal.steiermark.at/,wikidata
AT-G-61763,Passail,gemeinde,Steiermark,passail.at,http://www.passail.at/,wikidata
AT-G-61764,Pischelsdorf am Kulm,gemeinde,Steiermark,pischelsdorf.com,http://www.pischelsdorf.com/,wikidata
AT-G-61765,Sankt Ruprecht an der Raab,gemeinde,Steiermark,ruprecht.at,https://www.ruprecht.at,wikidata
AT-G-61766,Weiz,gemeinde,Steiermark,weiz.at,http://www.weiz.at/,wikidata
AT-G-62007,Fohnsdorf,gemeinde,Steiermark,fohnsdorf.at,http://www.fohnsdorf.at/,wikidata
AT-G-62008,Gaal,gemeinde,Steiermark,gaal.at,http://www.gaal.at/,wikidata
AT-G-62010,Hohentauern,gemeinde,Steiermark,hohentauern.at,http://www.hohentauern.at/,wikidata
AT-G-62014,Kobenz,gemeinde,Steiermark,kobenz.at,http://www.kobenz.at/,wikidata
AT-G-62021,Pusterwald,gemeinde,Steiermark,pusterwald.steiermark.at,http://www.pusterwald.steiermark.at/,wikidata
AT-G-62026,Sankt Georgen ob Judenburg,gemeinde,Steiermark,st-georgen-judenburg.at,http://www.st-georgen-judenburg.at/,wikidata
AT-G-62032,Sankt Peter ob Judenburg,gemeinde,Steiermark,st-peter-judenburg.at,http://www.st-peter-judenburg.at,wikidata
AT-G-62034,Seckau,gemeinde,Steiermark,seckau.at,http://www.seckau.at/,wikidata
AT-G-62036,Unzmarkt-Frauenburg,gemeinde,Steiermark,unzmarkt-frauenburg.at,http://www.unzmarkt-frauenburg.at,wikidata
AT-G-62038,Zeltweg,gemeinde,Steiermark,zeltweg.at,http://www.zeltweg.at,wikidata
AT-G-62039,Lobmingtal,gemeinde,Steiermark,grosslobming.at,http://www.grosslobming.at/,wikidata
AT-G-62040,Judenburg,gemeinde,Steiermark,judenburg.at,https://www.judenburg.at,wikidata
AT-G-62041,Knittelfeld,gemeinde,Steiermark,knittelfeld.at,http://www.knittelfeld.at/,wikidata
AT-G-62042,Obdach,gemeinde,Steiermark,marktgemeinde-obdach.at,http://marktgemeinde-obdach.at/,wikidata
AT-G-62043,Pöls-Oberkurzheim,gemeinde,Steiermark,poels.at,http://www.poels.at,wikidata
AT-G-62044,Pölstal,gemeinde,Steiermark,poelstal.gv.at,http://www.poelstal.gv.at/,wikidata
AT-G-62045,Sankt Marein-Feistritz,gemeinde,Steiermark,st-marein-knittelfeld.gv.at,http://st-marein-knittelfeld.gv.at/,wikidata
AT-G-62046,Sankt Margarethen bei Knittelfeld,gemeinde,Steiermark,st-margarethen-knittelfeld.gv.at,http://st-margarethen-knittelfeld.gv.at/,wikidata
AT-G-62047,Spielberg,gemeinde,Steiermark,spielberg.at,http://www.spielberg.at,wikidata
AT-G-62048,Weißkirchen in Steiermark,gemeinde,Steiermark,weisskirchen.steiermark.at,http://www.weisskirchen.steiermark.at/,wikidata
AT-G-62105,Breitenau am Hochlantsch,gemeinde,Steiermark,breitenau-hochlantsch.at,https://www.breitenau-hochlantsch.at/,wikidata
AT-G-62115,Krieglach,gemeinde,Steiermark,krieglach.at,http://www.krieglach.at/,wikidata
AT-G-62116,Langenwang,gemeinde,Steiermark,langenwang.gv.at,https://www.langenwang.gv.at/,wikidata
AT-G-62125,Pernegg an der Mur,gemeinde,Steiermark,pernegg.at,http://www.pernegg.at,wikidata
AT-G-62128,Sankt Lorenzen im Mürztal,gemeinde,Steiermark,stlorenzen.at,http://www.stlorenzen.at/,wikidata
AT-G-62131,Spital am Semmering,gemeinde,Steiermark,spitalamsemmering.com,http://www.spitalamsemmering.com,wikidata
AT-G-62132,Stanz im Mürztal,gemeinde,Steiermark,stanz.at,http://www.stanz.at/,wikidata
AT-G-62135,Turnau,gemeinde,Steiermark,turnau.at,http://www.turnau.at/,wikidata
AT-G-62138,Aflenz,gemeinde,Steiermark,aflenz.gv.at,http://www.aflenz.gv.at/,wikidata
AT-G-62139,Bruck an der Mur,gemeinde,Steiermark,bruckmur.at,https://www.bruckmur.at/,wikidata
AT-G-62140,Kapfenberg,gemeinde,Steiermark,kapfenberg.at,http://www.kapfenberg.at,wikidata
AT-G-62141,Kindberg,gemeinde,Steiermark,kindberg.at,http://www.kindberg.at/,wikidata
AT-G-62142,Mariazell,gemeinde,Steiermark,mariazell.gv.at,https://www.mariazell.gv.at/,wikidata
AT-G-62143,Mürzzuschlag,gemeinde,Steiermark,muerzzuschlag.at,http://www.muerzzuschlag.at/,wikidata
AT-G-62144,Neuberg an der Mürz,gemeinde,Steiermark,neuberg.at,http://www.neuberg.at/,wikidata
AT-G-62145,Sankt Barbara im Mürztal,gemeinde,Steiermark,st-barbara.gv.at,http://www.st-barbara.gv.at/,wikidata
AT-G-62146,Sankt Marein im Mürztal,gemeinde,Steiermark,st-marein-muerztal.steiermark.at,http://www.st-marein-muerztal.steiermark.at/,wikidata
AT-G-62147,Thörl,gemeinde,Steiermark,thoerl.gv.at,https://www.thoerl.gv.at,wikidata
AT-G-62148,Tragöß-Sankt Katharein,gemeinde,Steiermark,tragoess-st-katharein.gv.at,http://www.tragoess-st-katharein.gv.at/,wikidata
AT-G-62202,Bad Blumau,gemeinde,Steiermark,bad-blumau-gemeinde.at,http://www.bad-blumau-gemeinde.at/,wikidata
AT-G-62205,Buch-St. Magdalena,gemeinde,Steiermark,buch-stmagdalena.at,http://www.buch-stmagdalena.at/,wikidata
AT-G-62206,Burgau,gemeinde,Steiermark,burgau.steiermark.at,http://www.burgau.steiermark.at/,wikidata
AT-G-62209,Ebersdorf,gemeinde,Steiermark,ebersdorf.eu,http://www.ebersdorf.eu/,wikidata
AT-G-62211,Friedberg,gemeinde,Steiermark,friedberg.gv.at,https://www.friedberg.gv.at/,wikidata
AT-G-62214,Greinbach,gemeinde,Steiermark,greinbach.steiermark.at,http://www.greinbach.steiermark.at/,wikidata
AT-G-62216,Großsteinbach,gemeinde,Steiermark,gemeinde-grosssteinbach.at,http://www.gemeinde-grosssteinbach.at/gde_grosssteinbach/index.php,wikidata
AT-G-62219,Hartberg,gemeinde,Steiermark,hartberg.at,http://www.hartberg.at/,wikidata
AT-G-62220,Hartberg Umgebung,gemeinde,Steiermark,hartberg-umgebung.gv.at,https://hartberg-umgebung.gv.at/,wikidata
AT-G-62226,Lafnitz,gemeinde,Steiermark,lafnitz.at,http://www.lafnitz.at/,wikidata
AT-G-62232,Ottendorf an der Rittschein,gemeinde,Steiermark,ottendorf.com,http://www.ottendorf.com/,wikidata
AT-G-62233,Pinggau,gemeinde,Steiermark,pinggau.steiermark.at,http://www.pinggau.steiermark.at/,wikidata
AT-G-62235,Pöllauberg,gemeinde,Steiermark,poellauberg.at,https://www.poellauberg.at/,wikidata
AT-G-62242,Sankt Jakob im Walde,gemeinde,Steiermark,sankt-jakob.at,http://sankt-jakob.at/,wikidata
AT-G-62244,Sankt Johann in der Haide,gemeinde,Steiermark,st-johann-haide.steiermark.at,http://www.st-johann-haide.steiermark.at/,wikidata
AT-G-62245,Sankt Lorenzen am Wechsel,gemeinde,Steiermark,st-lorenzen-wechsel.steiermark.at,http://www.st-lorenzen-wechsel.steiermark.at/,wikidata
AT-G-62247,Schäffern,gemeinde,Steiermark,schaeffern.steiermark.at,http://www.schaeffern.steiermark.at/,wikidata
AT-G-62256,Stubenberg,gemeinde,Steiermark,stubenberg.at,http://www.stubenberg.at/,wikidata
AT-G-62262,Wenigzell,gemeinde,Steiermark,wenigzell.steiermark.at,http://www.wenigzell.steiermark.at/,wikidata
AT-G-62264,Bad Waltersdorf,gemeinde,Steiermark,bad-waltersdorf.gv.at,https://www.bad-waltersdorf.gv.at/home/,wikidata
AT-G-62265,Dechantskirchen,gemeinde,Steiermark,dechantskirchen.at,http://www.dechantskirchen.at/,wikidata
AT-G-62266,Feistritztal,gemeinde,Steiermark,feistritztal.at,http://www.feistritztal.at/,wikidata
AT-G-62268,Grafendorf bei Hartberg,gemeinde,Steiermark,grafendorf.at,http://www.grafendorf.at/,wikidata
AT-G-62269,Großwilfersdorf,gemeinde,Steiermark,grosswilfersdorf.steiermark.at,http://www.grosswilfersdorf.steiermark.at/,wikidata
AT-G-62270,Hartl,gemeinde,Steiermark,hartl.gv.at,https://www.hartl.gv.at,wikidata
AT-G-62271,Ilz,gemeinde,Steiermark,ilz.at,https://www.ilz.at/,wikidata
AT-G-62272,Kaindorf,gemeinde,Steiermark,markt-kaindorf.at,http://www.markt-kaindorf.at/,wikidata
AT-G-62273,Bad Loipersdorf,gemeinde,Steiermark,loipersdorf.at,http://gemeinde.loipersdorf.at/,wikidata
AT-G-62274,Neudau,gemeinde,Steiermark,gemeinde-neudau.at,http://www.gemeinde-neudau.at/,wikidata
AT-G-62275,Pöllau,gemeinde,Steiermark,marktgemeinde-poellau.at,http://www.marktgemeinde-poellau.at/,wikidata
AT-G-62276,Rohr bei Hartberg,gemeinde,Steiermark,rohr-bei-hartberg.at,http://www.rohr-bei-hartberg.at/,wikidata
AT-G-62277,Rohrbach an der Lafnitz,gemeinde,Steiermark,rohrbach-lafnitz.steiermark.at,http://www.rohrbach-lafnitz.steiermark.at/,wikidata
AT-G-62278,Vorau,gemeinde,Steiermark,vorau.at,http://www.vorau.at/,wikidata
AT-G-62279,Waldbach-Mönichwald,gemeinde,Steiermark,waldbach.riskommunal.net,http://waldbach.riskommunal.net/system/web/kontakt.aspx?menuonr=219967900,wikidata
AT-G-62280,Fürstenfeld,gemeinde,Steiermark,fuerstenfeld.gv.at,https://fuerstenfeld.gv.at,wikidata
AT-G-62311,Edelsbach bei Feldbach,gemeinde,Steiermark,edelsbach.at,http://www.edelsbach.at/,wikidata
AT-G-62314,Eichkögl,gemeinde,Steiermark,eichkoegl.at,http://www.eichkoegl.at/,wikidata
AT-G-62326,Halbenrain,gemeinde,Steiermark,halbenrain.gv.at,http://www.halbenrain.gv.at/,wikidata
AT-G-62330,Jagerberg,gemeinde,Steiermark,jagerberg.info,http://www.jagerberg.info/,wikidata
AT-G-62332,Kapfenstein,gemeinde,Steiermark,kapfenstein.at,http://www.kapfenstein.at/,wikidata
AT-G-62335,Klöch,gemeinde,Steiermark,kloech.com,http://www.kloech.com/,wikidata
AT-G-62343,Mettersdorf am Saßbach,gemeinde,Steiermark,mettersdorf.com,http://www.mettersdorf.com/,wikidata
AT-G-62368,Tieschen,gemeinde,Steiermark,tieschen.gv.at,https://www.tieschen.gv.at/,wikidata
AT-G-62372,Unterlamm,gemeinde,Steiermark,unterlamm.gv.at,http://www.unterlamm.gv.at/,wikidata
AT-G-62375,Bad Gleichenberg,gemeinde,Steiermark,bad-gleichenberg.gv.at,http://www.bad-gleichenberg.gv.at/,wikidata
AT-G-62376,Bad Radkersburg,gemeinde,Steiermark,bad-radkersburg.gv.at,http://www.bad-radkersburg.gv.at/,wikidata
AT-G-62377,Deutsch Goritz,gemeinde,Steiermark,deutsch-goritz.at,http://www.deutsch-goritz.at/,wikidata
AT-G-62378,Fehring,gemeinde,Steiermark,fehring.at,http://www.fehring.at/,wikidata
AT-G-62379,Feldbach,gemeinde,Steiermark,feldbach.gv.at,https://www.feldbach.gv.at/,wikidata
AT-G-62380,Gnas,gemeinde,Steiermark,gnas.at,http://www.gnas.at/,wikidata
AT-G-62381,Kirchbach-Zerlach,gemeinde,Steiermark,kirchbach.at,http://www.kirchbach.at/,wikidata
AT-G-62382,Kirchberg an der Raab,gemeinde,Steiermark,kirchberg-raab.gv.at,http://www.kirchberg-raab.gv.at/,wikidata
AT-G-62383,Mureck,gemeinde,Steiermark,mureck.gv.at,http://www.mureck.gv.at,wikidata
AT-G-62384,Paldau,gemeinde,Steiermark,paldau.at,http://www.paldau.at/,wikidata
AT-G-62385,Pirching am Traubenberg,gemeinde,Steiermark,pirching-traubenberg.gv.at,http://www.pirching-traubenberg.gv.at/,wikidata
AT-G-62386,Riegersburg,gemeinde,Steiermark,riegersburg.gv.at,http://www.riegersburg.gv.at/,wikidata
AT-G-62387,Sankt Anna am Aigen,gemeinde,Steiermark,st-anna.at,http://www.st-anna.at/,wikidata
AT-G-62388,Sankt Peter am Ottersbach,gemeinde,Steiermark,stpeter-weindorf.at,http://www.stpeter-weindorf.at/,wikidata
AT-G-62389,Sankt Stefan im Rosental,gemeinde,Steiermark,st.stefan.at,http://www.st.stefan.at/,wikidata
AT-G-62390,Straden,gemeinde,Steiermark,straden.gv.at,https://www.straden.gv.at/,wikidata
AT-G-70101,Innsbruck,gemeinde,Tirol,innsbruck.at,https://www.innsbruck.at/,wikidata
AT-G-70201,Arzl im Pitztal,gemeinde,Tirol,arzl-pitztal.gv.at,https://www.arzl-pitztal.gv.at/,wikidata
AT-G-70202,Haiming,gemeinde,Tirol,haiming.gv.at,https://www.haiming.gv.at,wikidata
AT-G-70203,Imst,gemeinde,Tirol,imst.gv.at,https://www.imst.gv.at,wikidata
AT-G-70204,Imsterberg,gemeinde,Tirol,imsterberg.gv.at,https://www.imsterberg.gv.at,wikidata
AT-G-70205,Jerzens,gemeinde,Tirol,jerzens.gv.at,https://www.jerzens.gv.at/,wikidata
AT-G-70206,Karres,gemeinde,Tirol,karres.gv.at,https://www.karres.gv.at,wikidata
AT-G-70207,Karrösten,gemeinde,Tirol,karroesten.gv.at,https://www.karroesten.gv.at/,wikidata
AT-G-70208,Längenfeld,gemeinde,Tirol,längenfeld.at,https://längenfeld.at,wikidata
AT-G-70209,Mieming,gemeinde,Tirol,mieming.at,https://www.mieming.at/,wikidata
AT-G-70210,Mils bei Imst,gemeinde,Tirol,mils-imst.gv.at,https://www.mils-imst.gv.at/,wikidata
AT-G-70211,Mötz,gemeinde,Tirol,moetz.gv.at,https://www.moetz.gv.at/,wikidata
AT-G-70212,Nassereith,gemeinde,Tirol,nassereith.at,https://www.nassereith.at/,wikidata
AT-G-70213,Obsteig,gemeinde,Tirol,obsteig.gv.at,https://www.obsteig.gv.at,wikidata
AT-G-70214,Oetz,gemeinde,Tirol,oetz.gv.at,https://www.oetz.gv.at/,wikidata
AT-G-70215,Rietz,gemeinde,Tirol,rietz.at,https://www.rietz.at/,wikidata
AT-G-70216,Roppen,gemeinde,Tirol,roppen.at,https://www.roppen.at,wikidata
AT-G-70217,St. Leonhard im Pitztal,gemeinde,Tirol,st-leonhard-pitztal.gv.at,https://www.st-leonhard-pitztal.gv.at/de,wikidata
AT-G-70218,Sautens,gemeinde,Tirol,sautens.gv.at,https://www.sautens.gv.at/,wikidata
AT-G-70219,Silz,gemeinde,Tirol,silz.gv.at,https://www.silz.gv.at/,wikidata
AT-G-70220,Sölden,gemeinde,Tirol,soelden.gv.at,https://www.soelden.gv.at/,wikidata
AT-G-70221,Stams,gemeinde,Tirol,stams.co.at,http://www.stams.co.at/,wikidata
AT-G-70222,Tarrenz,gemeinde,Tirol,tarrenz.at,https://www.tarrenz.at/,wikidata
AT-G-70223,Umhausen,gemeinde,Tirol,umhausen.com,https://www.umhausen.com,wikidata
AT-G-70224,Wenns,gemeinde,Tirol,wenns.gv.at,https://www.wenns.gv.at/,wikidata
AT-G-70301,Absam,gemeinde,Tirol,absam.at,https://www.absam.at,wikidata
AT-G-70302,Aldrans,gemeinde,Tirol,aldrans.at,https://www.aldrans.at/,wikidata
AT-G-70303,Ampass,gemeinde,Tirol,ampass.gv.at,https://www.ampass.gv.at/,wikidata
AT-G-70304,Axams,gemeinde,Tirol,axams.gv.at,https://www.axams.gv.at/,wikidata
AT-G-70305,Baumkirchen,gemeinde,Tirol,baumkirchen.gv.at,https://www.baumkirchen.gv.at/,wikidata
AT-G-70306,Birgitz,gemeinde,Tirol,birgitz.gv.at,https://birgitz.gv.at/,wikidata
AT-G-70307,Ellbögen,gemeinde,Tirol,ellboegen.at,http://www.ellboegen.at/,wikidata
AT-G-70308,Flaurling,gemeinde,Tirol,flaurling.gv.at,https://www.flaurling.gv.at/,wikidata
AT-G-70309,Fritzens,gemeinde,Tirol,fritzens.gv.at,https://www.fritzens.gv.at/,wikidata
AT-G-70310,Fulpmes,gemeinde,Tirol,fulpmes.gv.at,https://www.fulpmes.gv.at/,wikidata
AT-G-70311,Gnadenwald,gemeinde,Tirol,gnadenwald.gv.at,https://www.gnadenwald.gv.at/,wikidata
AT-G-70312,Götzens,gemeinde,Tirol,goetzens.gv.at,https://www.goetzens.gv.at/,wikidata
AT-G-70313,Gries am Brenner,gemeinde,Tirol,gries-brenner.gv.at,https://www.gries-brenner.gv.at/,wikidata
AT-G-70314,Gries im Sellrain,gemeinde,Tirol,gries-sellrain.gv.at,https://www.gries-sellrain.gv.at/,wikidata
AT-G-70315,Grinzens,gemeinde,Tirol,grinzens.gv.at,https://www.grinzens.gv.at,wikidata
AT-G-70317,Gschnitz,gemeinde,Tirol,gschnitz.gv.at,https://www.gschnitz.gv.at/,wikidata
AT-G-70318,Hatting,gemeinde,Tirol,hatting.at,http://www.hatting.at/,wikidata
AT-G-70319,Inzing,gemeinde,Tirol,inzing.gv.at,https://www.inzing.gv.at/,wikidata
AT-G-70320,Kematen in Tirol,gemeinde,Tirol,kematen.org,http://www.kematen.org/,wikidata
AT-G-70322,Kolsass,gemeinde,Tirol,kolsass.gv.at,http://www.kolsass.gv.at/,wikidata
AT-G-70323,Kolsassberg,gemeinde,Tirol,kolsassberg.com,https://www.kolsassberg.com/,wikidata
AT-G-70325,Lans,gemeinde,Tirol,lans.at,https://www.lans.at/,wikidata
AT-G-70326,Leutasch,gemeinde,Tirol,leutasch.at,https://www.leutasch.at/,wikidata
AT-G-70328,Mieders,gemeinde,Tirol,mieders.net,http://www.mieders.net/,wikidata
AT-G-70329,Mils,gemeinde,Tirol,mils-tirol.at,http://www.mils-tirol.at,wikidata
AT-G-70331,Mutters,gemeinde,Tirol,mutters.gv.at,https://www.mutters.gv.at/,wikidata
AT-G-70332,Natters,gemeinde,Tirol,natters.gv.at,https://www.natters.gv.at/,wikidata
AT-G-70333,Navis,gemeinde,Tirol,navis.gv.at,https://www.navis.gv.at/,wikidata
AT-G-70334,Neustift im Stubaital,gemeinde,Tirol,neustift-stubaital.gv.at,https://www.neustift-stubaital.gv.at,wikidata
AT-G-70335,Oberhofen im Inntal,gemeinde,Tirol,oberhofen-inntal.gv.at,https://www.oberhofen-inntal.gv.at/,wikidata
AT-G-70336,Obernberg am Brenner,gemeinde,Tirol,obernberg.at,https://www.obernberg.at/,wikidata
AT-G-70337,Oberperfuss,gemeinde,Tirol,gemeinde-oberperfuss.at,http://www.gemeinde-oberperfuss.at/,wikidata
AT-G-70338,Patsch,gemeinde,Tirol,patsch.gv.at,https://www.patsch.gv.at/,wikidata
AT-G-70339,Pettnau,gemeinde,Tirol,pettnau.at,http://www.pettnau.at/,wikidata
AT-G-70340,Pfaffenhofen,gemeinde,Tirol,pfaffenhofen.gv.at,https://www.pfaffenhofen.gv.at/,wikidata
AT-G-70342,Polling in Tirol,gemeinde,Tirol,polling.at,http://www.polling.at,wikidata
AT-G-70343,Ranggen,gemeinde,Tirol,ranggen.at,https://www.ranggen.at/,wikidata
AT-G-70344,Reith bei Seefeld,gemeinde,Tirol,reith-seefeld.at,https://www.reith-seefeld.at/,wikidata
AT-G-70345,Rinn,gemeinde,Tirol,rinn.gv.at,https://www.rinn.gv.at/,wikidata
AT-G-70346,Rum,gemeinde,Tirol,rum.gv.at,http://www.rum.gv.at/,wikidata
AT-G-70347,St. Sigmund im Sellrain,gemeinde,Tirol,st-sigmund.gv.at,https://www.st-sigmund.gv.at/,wikidata
AT-G-70348,Scharnitz,gemeinde,Tirol,scharnitz.gv.at,https://www.scharnitz.gv.at/,wikidata
AT-G-70349,Schmirn,gemeinde,Tirol,schmirn.gv.at,https://www.schmirn.gv.at/,wikidata
AT-G-70350,Schönberg im Stubaital,gemeinde,Tirol,schoenberg.gv.at,https://www.schoenberg.gv.at/,wikidata
AT-G-70351,Seefeld in Tirol,gemeinde,Tirol,gemeinde-seefeld.eu,https://www.gemeinde-seefeld.eu/,wikidata
AT-G-70352,Sellrain,gemeinde,Tirol,sellrain.gv.at,https://www.sellrain.gv.at/,wikidata
AT-G-70353,Sistrans,gemeinde,Tirol,sistrans.at,https://www.sistrans.at/,wikidata
AT-G-70354,Hall in Tirol,gemeinde,Tirol,hall-in-tirol.at,http://www.hall-in-tirol.at/,wikidata
AT-G-70355,Steinach am Brenner,gemeinde,Tirol,steinach.gv.at,https://www.steinach.gv.at/,wikidata
AT-G-70356,Telfes im Stubai,gemeinde,Tirol,gemeinde-telfes.at,http://www.gemeinde-telfes.at/,wikidata
AT-G-70357,Telfs,gemeinde,Tirol,telfs.at,http://www.telfs.at/,wikidata
AT-G-70358,Thaur,gemeinde,Tirol,thaur.gv.at,https://www.thaur.gv.at/,wikidata
AT-G-70359,Trins,gemeinde,Tirol,trins.gv.at,https://www.trins.gv.at/,wikidata
AT-G-70360,Tulfes,gemeinde,Tirol,tulfes.gv.at,https://www.tulfes.gv.at/,wikidata
AT-G-70361,Unterperfuss,gemeinde,Tirol,unterperfuss.gv.at,https://www.unterperfuss.gv.at/,wikidata
AT-G-70362,Vals,gemeinde,Tirol,vals.at,http://www.vals.at/,wikidata
AT-G-70364,Völs,gemeinde,Tirol,voels.at,http://www.voels.at,wikidata
AT-G-70365,Volders,gemeinde,Tirol,volders.gv.at,https://www.volders.gv.at/,wikidata
AT-G-70366,Wattenberg,gemeinde,Tirol,wattenberg.gv.at,https://www.wattenberg.gv.at/,wikidata
AT-G-70367,Wattens,gemeinde,Tirol,wattens.com,https://www.wattens.com/,wikidata
AT-G-70368,Wildermieming,gemeinde,Tirol,prembau.at,https://www.prembau.at/,wikidata
AT-G-70369,Zirl,gemeinde,Tirol,mg.zirl.at,http://www.mg.zirl.at/,wikidata
AT-G-70370,Matrei am Brenner,gemeinde,Tirol,matrei-brenner.gv.at,https://www.matrei-brenner.gv.at/,wikidata
AT-G-70401,Aurach bei Kitzbühel,gemeinde,Tirol,aurach.at,https://www.aurach.at/,wikidata
AT-G-70402,Brixen im Thale,gemeinde,Tirol,brixen-thale.gv.at,https://www.brixen-thale.gv.at/,wikidata
AT-G-70403,Fieberbrunn,gemeinde,Tirol,fieberbrunn.gv.at,https://www.fieberbrunn.gv.at/,wikidata
AT-G-70404,Going am Wilden Kaiser,gemeinde,Tirol,going.gv.at,https://www.going.gv.at/,wikidata
AT-G-70405,Hochfilzen,gemeinde,Tirol,hochfilzen.gv.at,https://www.hochfilzen.gv.at/,wikidata
AT-G-70406,Hopfgarten im Brixental,gemeinde,Tirol,hopfgarten-brixental.gv.at,https://www.hopfgarten-brixental.gv.at/,wikidata
AT-G-70407,Itter,gemeinde,Tirol,itter.gv.at,https://www.itter.gv.at/,wikidata
AT-G-70408,Jochberg,gemeinde,Tirol,jochberg.gv.at,https://www.jochberg.gv.at/,wikidata
AT-G-70409,Kirchberg in Tirol,gemeinde,Tirol,kirchberg-tirol.gv.at,https://www.kirchberg-tirol.gv.at/,wikidata
AT-G-70410,Kirchdorf in Tirol,gemeinde,Tirol,kirchdorf.at,https://www.kirchdorf.at/,wikidata
AT-G-70411,Kitzbühel,gemeinde,Tirol,kitzbuehel.at,https://www.kitzbuehel.at,wikidata
AT-G-70412,Kössen,gemeinde,Tirol,koessen.gv.at,https://www.koessen.gv.at/,wikidata
AT-G-70413,Oberndorf in Tirol,gemeinde,Tirol,oberndorf-tirol.at,http://www.oberndorf-tirol.at/,wikidata
AT-G-70414,Reith bei Kitzbühel,gemeinde,Tirol,reith.eu,http://www.reith.eu/,wikidata
AT-G-70415,St. Jakob in Haus,gemeinde,Tirol,st-jakob-haus.gv.at,https://www.st-jakob-haus.gv.at/,wikidata
AT-G-70416,St. Johann in Tirol,gemeinde,Tirol,st.johann.tirol,https://st.johann.tirol/,wikidata
AT-G-70417,St. Ulrich am Pillersee,gemeinde,Tirol,st-ulrich-pillersee.gv.at,https://www.st-ulrich-pillersee.gv.at/,wikidata
AT-G-70418,Schwendt,gemeinde,Tirol,schwendt.gv.at,https://www.schwendt.gv.at/,wikidata
AT-G-70419,Waidring,gemeinde,Tirol,waidring.at,http://www.waidring.at/,wikidata
AT-G-70420,Westendorf,gemeinde,Tirol,westendorf.gv.at,https://www.westendorf.gv.at/,wikidata
AT-G-70501,Alpbach,gemeinde,Tirol,alpbach.gv.at,https://www.alpbach.gv.at/,wikidata
AT-G-70502,Angath,gemeinde,Tirol,angath.at,http://www.angath.at/,wikidata
AT-G-70503,Bad Häring,gemeinde,Tirol,badhaering.at,https://badhaering.at/,wikidata
AT-G-70504,Brandenberg,gemeinde,Tirol,brandenberg.gv.at,https://www.brandenberg.gv.at,wikidata
AT-G-70505,Breitenbach am Inn,gemeinde,Tirol,breitenbach-inn.gv.at,https://www.breitenbach-inn.gv.at/,wikidata
AT-G-70506,Brixlegg,gemeinde,Tirol,brixlegg.gv.at,https://www.brixlegg.gv.at/,wikidata
AT-G-70508,Ebbs,gemeinde,Tirol,ebbs.gv.at,https://www.ebbs.gv.at/,wikidata
AT-G-70509,Ellmau,gemeinde,Tirol,ellmau.gv.at,https://www.ellmau.gv.at/,wikidata
AT-G-70510,Erl,gemeinde,Tirol,erl.at,http://www.erl.at/,wikidata
AT-G-70511,Kirchbichl,gemeinde,Tirol,kirchbichl.at,http://www.kirchbichl.at,wikidata
AT-G-70512,Kramsach,gemeinde,Tirol,kramsach.at,http://www.kramsach.at/,wikidata
AT-G-70513,Kufstein,gemeinde,Tirol,kufstein.at,https://www.kufstein.at/,wikidata
AT-G-70514,Kundl,gemeinde,Tirol,kundl.gv.at,https://www.kundl.gv.at/,wikidata
AT-G-70515,Langkampfen,gemeinde,Tirol,langkampfen.at,https://www.langkampfen.at/,wikidata
AT-G-70516,Mariastein,gemeinde,Tirol,mariastein.gv.at,http://www.mariastein.gv.at/,wikidata
AT-G-70517,Münster,gemeinde,Tirol,muenster.at,https://www.muenster.at/,wikidata
AT-G-70518,Niederndorf,gemeinde,Tirol,niederndorf.at,https://www.niederndorf.at/,wikidata
AT-G-70519,Niederndorferberg,gemeinde,Tirol,niederndorferberg.gv.at,https://www.niederndorferberg.gv.at/,wikidata
AT-G-70520,Radfeld,gemeinde,Tirol,radfeld.gv.at,https://www.radfeld.gv.at/,wikidata
AT-G-70521,Rattenberg,gemeinde,Tirol,rattenberg.at,http://www.rattenberg.at/,wikidata
AT-G-70522,Reith im Alpbachtal,gemeinde,Tirol,shops-1st-try.com,https://shops-1st-try.com/de,wikidata
AT-G-70523,Rettenschöss,gemeinde,Tirol,rettenschoess.at,http://www.rettenschoess.at/,wikidata
AT-G-70524,Scheffau am Wilden Kaiser,gemeinde,Tirol,scheffau.net,http://gemeinde.scheffau.net/,wikidata
AT-G-70525,Schwoich,gemeinde,Tirol,schwoich.at,https://www.schwoich.at/,wikidata
AT-G-70526,Söll,gemeinde,Tirol,soell.gv.at,https://www.soell.gv.at/,wikidata
AT-G-70527,Thiersee,gemeinde,Tirol,thiersee.gv.at,https://www.thiersee.gv.at/,wikidata
AT-G-70528,Angerberg,gemeinde,Tirol,angerberg.at,http://www.angerberg.at/,wikidata
AT-G-70529,Walchsee,gemeinde,Tirol,walchsee.gv.at,https://www.walchsee.gv.at/,wikidata
AT-G-70530,Wildschönau,gemeinde,Tirol,wildschoenau.gv.at,https://www.wildschoenau.gv.at/,wikidata
AT-G-70531,Wörgl,gemeinde,Tirol,woergl.at,http://www.woergl.at/,wikidata
AT-G-70601,Faggen,gemeinde,Tirol,faggen.gv.at,https://www.faggen.gv.at/,wikidata
AT-G-70602,Fendels,gemeinde,Tirol,fendels.gv.at,https://www.fendels.gv.at/,wikidata
AT-G-70603,Fiss,gemeinde,Tirol,fiss.gv.at,https://www.fiss.gv.at,wikidata
AT-G-70604,Fließ,gemeinde,Tirol,fliess.gv.at,https://www.fliess.gv.at/,wikidata
AT-G-70605,Flirsch,gemeinde,Tirol,flirsch.gv.at,https://www.flirsch.gv.at/,wikidata
AT-G-70606,Galtür,gemeinde,Tirol,galtuer.gv.at,http://www.galtuer.gv.at/,wikidata
AT-G-70607,Grins,gemeinde,Tirol,grins.gv.at,https://www.grins.gv.at/,wikidata
AT-G-70608,Ischgl,gemeinde,Tirol,ischgl.gv.at,https://www.ischgl.gv.at/,wikidata
AT-G-70609,Kappl,gemeinde,Tirol,kappl.at,http://www.gemeinde.kappl.at,wikidata
AT-G-70610,Kaunerberg,gemeinde,Tirol,kaunerberg.gv.at,https://www.kaunerberg.gv.at/,wikidata
AT-G-70611,Kaunertal,gemeinde,Tirol,kaunertal.eu,http://www.kaunertal.eu/,wikidata
AT-G-70612,Kauns,gemeinde,Tirol,kauns.gv.at,https://www.kauns.gv.at/,wikidata
AT-G-70613,Ladis,gemeinde,Tirol,ladis.gv.at,https://www.ladis.gv.at/,wikidata
AT-G-70614,Landeck,gemeinde,Tirol,landeck.gv.at,https://www.landeck.gv.at,wikidata
AT-G-70615,Nauders,gemeinde,Tirol,nauders.gv.at,https://www.nauders.gv.at/,wikidata
AT-G-70616,Pettneu am Arlberg,gemeinde,Tirol,pettneu.gv.at,https://www.pettneu.gv.at/,wikidata
AT-G-70617,Pfunds,gemeinde,Tirol,pfunds.gv.at,https://www.pfunds.gv.at/,wikidata
AT-G-70618,Pians,gemeinde,Tirol,pians.gv.at,https://www.pians.gv.at/,wikidata
AT-G-70619,Prutz,gemeinde,Tirol,prutz.gv.at,https://www.prutz.gv.at/,wikidata
AT-G-70620,Ried im Oberinntal,gemeinde,Tirol,ried-oberinntal.gv.at,https://www.ried-oberinntal.gv.at/,wikidata
AT-G-70621,St. Anton am Arlberg,gemeinde,Tirol,st-anton.at,https://www.st-anton.at/,wikidata
AT-G-70622,Schönwies,gemeinde,Tirol,schoenwies.gv.at,https://www.schoenwies.gv.at/,wikidata
AT-G-70623,See,gemeinde,Tirol,see.gv.at,https://www.see.gv.at/,wikidata
AT-G-70624,Serfaus,gemeinde,Tirol,serfaus.gv.at,http://www.serfaus.gv.at/,wikidata
AT-G-70625,Spiss,gemeinde,Tirol,spiss.gv.at,https://www.spiss.gv.at/,wikidata
AT-G-70626,Stanz bei Landeck,gemeinde,Tirol,stanz.at,https://www.stanz.at/,wikidata
AT-G-70627,Strengen,gemeinde,Tirol,strengen.at,http://www.strengen.at/,wikidata
AT-G-70628,Tobadill,gemeinde,Tirol,tobadill.gv.at,https://www.tobadill.gv.at/,wikidata
AT-G-70629,Tösens,gemeinde,Tirol,toesens.gv.at,https://www.toesens.gv.at/,wikidata
AT-G-70630,Zams,gemeinde,Tirol,zams.gv.at,http://www.zams.gv.at,wikidata
AT-G-70701,Abfaltersbach,gemeinde,Tirol,abfaltersbach.at,http://www.abfaltersbach.at/,wikidata
AT-G-70702,Ainet,gemeinde,Tirol,ainet.gv.at,http://www.ainet.gv.at/,wikidata
AT-G-70703,Amlach,gemeinde,Tirol,amlach.net,http://www.amlach.net/,wikidata
AT-G-70704,Anras,gemeinde,Tirol,anras.at,http://www.anras.at/,wikidata
AT-G-70705,Assling,gemeinde,Tirol,assling.at,http://www.assling.at/,wikidata
AT-G-70706,Außervillgraten,gemeinde,Tirol,ausservillgraten.gv.at,https://www.ausservillgraten.gv.at/,wikidata
AT-G-70707,Dölsach,gemeinde,Tirol,doelsach.at,http://www.doelsach.at/,wikidata
AT-G-70708,Gaimberg,gemeinde,Tirol,gaimberg.at,http://www.gaimberg.at/,wikidata
AT-G-70709,Hopfgarten in Defereggen,gemeinde,Tirol,innervillgraten.at,http://www.innervillgraten.at/,wikidata
AT-G-70710,Innervillgraten,gemeinde,Tirol,innervillgraten.at,http://www.innervillgraten.at/,wikidata
AT-G-70711,Iselsberg-Stronach,gemeinde,Tirol,iselsberg-stronach.at,http://www.iselsberg-stronach.at/,wikidata
AT-G-70712,Kals am Großglockner,gemeinde,Tirol,kals.at,http://www.kals.at/,wikidata
AT-G-70713,Kartitsch,gemeinde,Tirol,kartitsch.at,https://www.kartitsch.at/,wikidata
AT-G-70714,Lavant,gemeinde,Tirol,gemeindelavant.at,http://www.gemeindelavant.at/,wikidata
AT-G-70715,Leisach,gemeinde,Tirol,leisach.gv.at,https://leisach.gv.at/,wikidata
AT-G-70716,Lienz,gemeinde,Tirol,stadt-lienz.at,http://www.stadt-lienz.at/,wikidata
AT-G-70717,Matrei in Osttirol,gemeinde,Tirol,matrei-osttirol.gv.at,https://www.matrei-osttirol.gv.at/,wikidata
AT-G-70718,Nikolsdorf,gemeinde,Tirol,nikolsdorf.at,http://www.nikolsdorf.at/,wikidata
AT-G-70719,Nußdorf-Debant,gemeinde,Tirol,nussdorf-debant.at,http://www.nussdorf-debant.at/,wikidata
AT-G-70720,Oberlienz,gemeinde,Tirol,oberlienz.at,http://www.oberlienz.at/,wikidata
AT-G-70721,Obertilliach,gemeinde,Tirol,obertilliach.gv.at,http://www.obertilliach.gv.at/,wikidata
AT-G-70723,Prägraten am Großvenediger,gemeinde,Tirol,praegraten.info,https://www.praegraten.info/,wikidata
AT-G-70724,St. Jakob in Defereggen,gemeinde,Tirol,stjakob.at,http://www.stjakob.at/,wikidata
AT-G-70725,St. Johann im Walde,gemeinde,Tirol,sanktjohannimwalde.at,https://www.sanktjohannimwalde.at,wikidata
AT-G-70726,St. Veit in Defereggen,gemeinde,Tirol,st-veit-defereggen.gv.at,http://www.st-veit-defereggen.gv.at/,wikidata
AT-G-70727,Schlaiten,gemeinde,Tirol,schlaiten.gv.at,http://www.schlaiten.gv.at/,wikidata
AT-G-70728,Sillian,gemeinde,Tirol,marktgemeinde-sillian.at,http://www.marktgemeinde-sillian.at,wikidata
AT-G-70729,Strassen,gemeinde,Tirol,gemeinde-strassen.at,http://www.gemeinde-strassen.at/,wikidata
AT-G-70731,Thurn,gemeinde,Tirol,thurn.eu,http://www.thurn.eu/,wikidata
AT-G-70732,Tristach,gemeinde,Tirol,tristach.at,http://www.tristach.at/,wikidata
AT-G-70733,Untertilliach,gemeinde,Tirol,untertilliach.at,https://www.untertilliach.at/,wikidata
AT-G-70734,Virgen,gemeinde,Tirol,virgen.at,http://www.virgen.at/,wikidata
AT-G-70735,Heinfels,gemeinde,Tirol,heinfels.at,http://www.heinfels.at/,wikidata
AT-G-70801,Bach,gemeinde,Tirol,gemeinde-bach.at,https://www.gemeinde-bach.at/,wikidata
AT-G-70802,Berwang,gemeinde,Tirol,berwang.at,http://www.berwang.at/,wikidata
AT-G-70803,Biberwier,gemeinde,Tirol,biberwier.gv.at,https://www.biberwier.gv.at/,wikidata
AT-G-70804,Bichlbach,gemeinde,Tirol,gemeinde-bichlbach.at,https://www.gemeinde-bichlbach.at/,wikidata
AT-G-70805,Breitenwang,gemeinde,Tirol,breitenwang.gv.at,https://www.breitenwang.gv.at/,wikidata
AT-G-70806,Ehenbichl,gemeinde,Tirol,ehenbichl.gv.at,https://www.ehenbichl.gv.at/,wikidata
AT-G-70807,Ehrwald,gemeinde,Tirol,ehrwald.tirol.gv.at,https://www.ehrwald.tirol.gv.at/,wikidata
AT-G-70808,Elbigenalp,gemeinde,Tirol,elbigenalp.at,https://www.elbigenalp.at/,wikidata
AT-G-70809,Elmen,gemeinde,Tirol,lechtal.at,http://www.lechtal.at/ferienregion-lechtal/orte/elmen.html,wikidata
AT-G-70810,Forchach,gemeinde,Tirol,forchach.at,https://forchach.at/,wikidata
AT-G-70811,Grän,gemeinde,Tirol,graen.gv.at,https://www.graen.gv.at/,wikidata
AT-G-70812,Gramais,gemeinde,Tirol,gramais.com,http://www.gramais.com/,wikidata
AT-G-70813,Häselgehr,gemeinde,Tirol,haeselgehr.gv.at,https://www.haeselgehr.gv.at/,wikidata
AT-G-70814,Heiterwang,gemeinde,Tirol,heiterwang.gv.at,https://www.heiterwang.gv.at/,wikidata
AT-G-70815,Hinterhornbach,gemeinde,Tirol,hinterhornbach-lechtal.at,https://hinterhornbach-lechtal.at/,wikidata
AT-G-70816,Höfen,gemeinde,Tirol,hoefen.gv.at,http://www.hoefen.gv.at/,wikidata
AT-G-70817,Holzgau,gemeinde,Tirol,holzgau.gv.at,https://www.holzgau.gv.at/,wikidata
AT-G-70818,Jungholz,gemeinde,Tirol,jungholz.gv.at,https://www.jungholz.gv.at/,wikidata
AT-G-70819,Kaisers,gemeinde,Tirol,kaisers-lechtal.at,https://kaisers-lechtal.at/,wikidata
AT-G-70820,Lechaschau,gemeinde,Tirol,,,
AT-G-70821,Lermoos,gemeinde,Tirol,lermoos.gv.at,https://www.lermoos.gv.at/,wikidata
AT-G-70822,Musau,gemeinde,Tirol,musau.gv.at,https://www.musau.gv.at/,wikidata
AT-G-70823,Namlos,gemeinde,Tirol,namlos.at,http://www.namlos.at,wikidata
AT-G-70824,Nesselwängle,gemeinde,Tirol,nesselwaengle.gv.at,https://www.nesselwaengle.gv.at/,wikidata
AT-G-70825,Pfafflar,gemeinde,Tirol,pfafflar.eu,http://www.pfafflar.eu,wikidata
AT-G-70826,Pflach,gemeinde,Tirol,pflach.at,http://www.pflach.at/,wikidata
AT-G-70827,Pinswang,gemeinde,Tirol,pinswang.gv.at,https://www.pinswang.gv.at/,wikidata
AT-G-70828,Reutte,gemeinde,Tirol,reutte.at,https://www.reutte.at/,wikidata
AT-G-70829,Schattwald,gemeinde,Tirol,schattwald.at,https://www.schattwald.at/,wikidata
AT-G-70830,Stanzach,gemeinde,Tirol,stanzach.at,https://www.stanzach.at/,wikidata
AT-G-70831,Steeg,gemeinde,Tirol,steeg.gv.at,https://www.steeg.gv.at/,wikidata
AT-G-70832,Tannheim,gemeinde,Tirol,tannheim.gv.at,https://www.tannheim.gv.at/,wikidata
AT-G-70833,Vils,gemeinde,Tirol,vils.at,http://www.vils.at/,wikidata
AT-G-70834,Vorderhornbach,gemeinde,Tirol,vorderhornbach.at,https://www.vorderhornbach.at/,wikidata
AT-G-70835,Wängle,gemeinde,Tirol,waengle.at,http://www.waengle.at/,wikidata
AT-G-70836,Weißenbach am Lech,gemeinde,Tirol,weissenbach-lech.gv.at,https://www.weissenbach-lech.gv.at/,wikidata
AT-G-70837,Zöblen,gemeinde,Tirol,zöblen.at,https://zöblen.at,wikidata
AT-G-70901,Achenkirch,gemeinde,Tirol,achenkirch.gv.at,https://www.achenkirch.gv.at/,wikidata
AT-G-70902,Aschau im Zillertal,gemeinde,Tirol,aschauimzillertal.at,http://www.aschauimzillertal.at/,wikidata
AT-G-70903,Brandberg,gemeinde,Tirol,brandberg.gv.at,https://www.brandberg.gv.at/,wikidata
AT-G-70904,Bruck am Ziller,gemeinde,Tirol,bruck-ziller.gv.at,https://www.bruck-ziller.gv.at/,wikidata
AT-G-70905,Buch in Tirol,gemeinde,Tirol,buch-tirol.gv.at,https://www.buch-tirol.gv.at/,wikidata
AT-G-70907,Eben am Achensee,gemeinde,Tirol,eben.at,https://www.eben.at/,wikidata
AT-G-70908,Finkenberg,gemeinde,Tirol,finkenberg.gv.at,https://www.finkenberg.gv.at/,wikidata
AT-G-70909,Fügen,gemeinde,Tirol,fuegen.at,https://www.fuegen.at/,wikidata
AT-G-70910,Fügenberg,gemeinde,Tirol,fuegenberg.gv.at,https://www.fuegenberg.gv.at/,wikidata
AT-G-70911,Gallzein,gemeinde,Tirol,gallzein.gv.at,https://www.gallzein.gv.at/,wikidata
AT-G-70912,Gerlos,gemeinde,Tirol,gerlos.gv.at,https://www.gerlos.gv.at/,wikidata
AT-G-70913,Gerlosberg,gemeinde,Tirol,gemeinde-gerlosberg.at,https://www.gemeinde-gerlosberg.at/,wikidata
AT-G-70914,Hainzenberg,gemeinde,Tirol,hainzenberg.gv.at,https://hainzenberg.gv.at/,wikidata
AT-G-70915,Hart im Zillertal,gemeinde,Tirol,hartimzillertal.at,https://hartimzillertal.at/,wikidata
AT-G-70916,Hippach,gemeinde,Tirol,gemeinde-hippach.at,http://www.gemeinde-hippach.at/,wikidata
AT-G-70917,Jenbach,gemeinde,Tirol,jenbach.at,http://www.jenbach.at/,wikidata
AT-G-70918,Kaltenbach,gemeinde,Tirol,kaltenbach.at,https://www.kaltenbach.at/,wikidata
AT-G-70920,Mayrhofen,gemeinde,Tirol,mayrhofen.gv.at,https://www.mayrhofen.gv.at/,wikidata
AT-G-70921,Pill,gemeinde,Tirol,pill.gv.at,https://www.pill.gv.at/,wikidata
AT-G-70922,Ramsau im Zillertal,gemeinde,Tirol,ramsau.gv.at,https://www.ramsau.gv.at/,wikidata
AT-G-70923,Ried im Zillertal,gemeinde,Tirol,gemeinde-ried.at,https://gemeinde-ried.at/,wikidata
AT-G-70924,Rohrberg,gemeinde,Tirol,rohrberg.at,https://www.rohrberg.at/,wikidata
AT-G-70925,Schlitters,gemeinde,Tirol,schlitters.at,http://www.schlitters.at,wikidata
AT-G-70926,Schwaz,gemeinde,Tirol,schwaz.at,http://www.schwaz.at/,wikidata
AT-G-70927,Schwendau,gemeinde,Tirol,schwendau.at,http://www.schwendau.at/,wikidata
AT-G-70928,Stans,gemeinde,Tirol,stans.gv.at,https://www.stans.gv.at/,wikidata
AT-G-70929,Steinberg am Rofan,gemeinde,Tirol,steinberg.at,https://steinberg.at/,wikidata
AT-G-70930,Strass im Zillertal,gemeinde,Tirol,strass-zillertal.gv.at,https://www.strass-zillertal.gv.at/,wikidata
AT-G-70931,Stumm,gemeinde,Tirol,stumm.gv.at,https://www.stumm.gv.at/,wikidata
AT-G-70932,Stummerberg,gemeinde,Tirol,stummerberg.gv.at,https://www.stummerberg.gv.at/,wikidata
AT-G-70933,Terfens,gemeinde,Tirol,terfens.at,https://terfens.at/,wikidata
AT-G-70934,Tux,gemeinde,Tirol,gemeinde-tux.at,https://gemeinde-tux.at,wikidata
AT-G-70935,Uderns,gemeinde,Tirol,uderns.at,http://www.gemeinde.uderns.at/,wikidata
AT-G-70936,Vomp,gemeinde,Tirol,vomp.gv.at,https://www.vomp.gv.at,wikidata
AT-G-70937,Weer,gemeinde,Tirol,weer.at,https://www.weer.at/,wikidata
AT-G-70938,Weerberg,gemeinde,Tirol,weerberg.at,http://www.weerberg.at/,wikidata
AT-G-70939,Wiesing,gemeinde,Tirol,wiesing.gv.at,https://www.wiesing.gv.at/,wikidata
AT-G-70940,Zell am Ziller,gemeinde,Tirol,gemeinde-zell.at,https://gemeinde-zell.at/,wikidata
AT-G-70941,Zellberg,gemeinde,Tirol,gemeinde-zellberg.at,https://www.gemeinde-zellberg.at/,wikidata
AT-G-80101,Bartholomäberg,gemeinde,Vorarlberg,bartholomaeberg.at,https://www.bartholomaeberg.at/,wikidata
AT-G-80102,Blons,gemeinde,Vorarlberg,blons.at,https://www.blons.at/,wikidata
AT-G-80103,Bludenz,gemeinde,Vorarlberg,bludenz.at,https://www.bludenz.at,wikidata
AT-G-80104,Bludesch,gemeinde,Vorarlberg,bludesch.at,https://www.bludesch.at/,wikidata
AT-G-80105,Brand,gemeinde,Vorarlberg,brand.at,https://www.brand.at/,wikidata
AT-G-80106,Bürs,gemeinde,Vorarlberg,buers.at,https://www.buers.at/,wikidata
AT-G-80107,Bürserberg,gemeinde,Vorarlberg,buerserberg.at,https://www.buerserberg.at/,wikidata
AT-G-80108,Dalaas,gemeinde,Vorarlberg,dalaas.at,https://www.dalaas.at,wikidata
AT-G-80109,Fontanella,gemeinde,Vorarlberg,fontanella.at,https://www.fontanella.at/,wikidata
AT-G-80110,Gaschurn,gemeinde,Vorarlberg,gaschurn.at,https://www.gaschurn.at,wikidata
AT-G-80111,Innerbraz,gemeinde,Vorarlberg,innerbraz.at,https://www.innerbraz.at/,wikidata
AT-G-80112,Klösterle,gemeinde,Vorarlberg,kloesterle.at,https://www.kloesterle.at/,wikidata
AT-G-80113,Lech,gemeinde,Vorarlberg,lech.at,https://gemeinde.lech.at/,wikidata
AT-G-80114,Lorüns,gemeinde,Vorarlberg,loruens.at,https://www.loruens.at/,wikidata
AT-G-80115,Ludesch,gemeinde,Vorarlberg,ludesch.at,https://www.ludesch.at/,wikidata
AT-G-80116,Nenzing,gemeinde,Vorarlberg,marktgemeinde-nenzing.com,https://www.marktgemeinde-nenzing.com,wikidata
AT-G-80117,Nüziders,gemeinde,Vorarlberg,nueziders.at,https://www.nueziders.at/,wikidata
AT-G-80118,Raggal,gemeinde,Vorarlberg,raggal.at,http://www.raggal.at/,wikidata
AT-G-80119,St. Anton im Montafon,gemeinde,Vorarlberg,stantonim.at,https://www.stantonim.at/,wikidata
AT-G-80120,St. Gallenkirch,gemeinde,Vorarlberg,stgallenkirch.at,https://www.gemeinde.stgallenkirch.at/,wikidata
AT-G-80121,St. Gerold,gemeinde,Vorarlberg,st-gerold.at,https://www.st-gerold.at/,wikidata
AT-G-80122,Schruns,gemeinde,Vorarlberg,schruns.at,https://www.schruns.at/,wikidata
AT-G-80123,Silbertal,gemeinde,Vorarlberg,silbertal.eu,https://www.silbertal.eu,wikidata
AT-G-80124,Sonntag,gemeinde,Vorarlberg,sonntag.info,https://www.sonntag.info,wikidata
AT-G-80125,Stallehr,gemeinde,Vorarlberg,stallehr.at,https://www.stallehr.at/,wikidata
AT-G-80126,Thüringen,gemeinde,Vorarlberg,thueringen.at,https://www.thueringen.at/,wikidata
AT-G-80127,Thüringerberg,gemeinde,Vorarlberg,thueringerberg.at,https://www.thueringerberg.at/,wikidata
AT-G-80128,Tschagguns,gemeinde,Vorarlberg,tschagguns.at,https://www.tschagguns.at/,wikidata
AT-G-80129,Vandans,gemeinde,Vorarlberg,vandans.at,https://www.vandans.at/,wikidata
AT-G-80201,Alberschwende,gemeinde,Vorarlberg,alberschwende.at,https://www.alberschwende.at/,wikidata
AT-G-80202,Andelsbuch,gemeinde,Vorarlberg,andelsbuch.at,http://www.andelsbuch.at/,wikidata
AT-G-80203,Au,gemeinde,Vorarlberg,au-schoppernau.at,https://www.au-schoppernau.at/,wikidata
AT-G-80204,Bezau,gemeinde,Vorarlberg,bezau.at,https://www.bezau.at/,wikidata
AT-G-80205,Bildstein,gemeinde,Vorarlberg,gemeinde-bildstein.at,https://www.gemeinde-bildstein.at/,wikidata
AT-G-80206,Bizau,gemeinde,Vorarlberg,bizau.at,https://www.bizau.at,wikidata
AT-G-80207,Bregenz,gemeinde,Vorarlberg,bregenz.at,https://bregenz.at,wikidata
AT-G-80208,Buch,gemeinde,Vorarlberg,gemeinde-buch.at,http://www.gemeinde-buch.at/,wikidata
AT-G-80209,Damüls,gemeinde,Vorarlberg,damuels.at,https://www.damuels.at/,wikidata
AT-G-80210,Doren,gemeinde,Vorarlberg,doren.at,https://www.doren.at/,wikidata
AT-G-80211,Egg,gemeinde,Vorarlberg,egg.at,https://www.egg.at/,wikidata
AT-G-80212,Eichenberg,gemeinde,Vorarlberg,eichenberg-bodensee.at,https://www.eichenberg-bodensee.at,wikidata
AT-G-80213,Fußach,gemeinde,Vorarlberg,fussach.at,https://www.fussach.at/,wikidata
AT-G-80214,Gaißau,gemeinde,Vorarlberg,gaissau.at,https://www.gaissau.at/,wikidata
AT-G-80215,Hard,gemeinde,Vorarlberg,hard.at,https://hard.at/,wikidata
AT-G-80216,Hittisau,gemeinde,Vorarlberg,hittisau.at,https://www.hittisau.at/,wikidata
AT-G-80217,Höchst,gemeinde,Vorarlberg,hoechst.at,https://www.hoechst.at/,wikidata
AT-G-80218,Hörbranz,gemeinde,Vorarlberg,hoerbranz.at,https://www.hoerbranz.at,wikidata
AT-G-80219,Hohenweiler,gemeinde,Vorarlberg,hohenweiler.at,https://www.hohenweiler.at,wikidata
AT-G-80220,Kennelbach,gemeinde,Vorarlberg,kennelbach.at,https://www.kennelbach.at,wikidata
AT-G-80221,Krumbach,gemeinde,Vorarlberg,krumbach.at,https://www.krumbach.at/,wikidata
AT-G-80222,Langen bei Bregenz,gemeinde,Vorarlberg,langen.at,https://www.langen.at/,wikidata
AT-G-80223,Langenegg,gemeinde,Vorarlberg,langenegg.at,https://www.langenegg.at/,wikidata
AT-G-80224,Lauterach,gemeinde,Vorarlberg,lauterach.at,https://www.lauterach.at/,wikidata
AT-G-80225,Lingenau,gemeinde,Vorarlberg,lingenau.at,https://www.lingenau.at/,wikidata
AT-G-80226,Lochau,gemeinde,Vorarlberg,lochau.at,https://www.lochau.at/,wikidata
AT-G-80227,Mellau,gemeinde,Vorarlberg,mellau.at,https://www.mellau.at/,wikidata
AT-G-80228,Mittelberg,gemeinde,Vorarlberg,gde-mittelberg.at,https://www.gde-mittelberg.at/de,wikidata
AT-G-80229,Möggers,gemeinde,Vorarlberg,moeggers.at,http://www.moeggers.at,wikidata
AT-G-80230,Reuthe,gemeinde,Vorarlberg,reuthe.at,https://www.reuthe.at,wikidata
AT-G-80231,Riefensberg,gemeinde,Vorarlberg,riefensberg.at,https://www.riefensberg.at/,wikidata
AT-G-80232,Schnepfau,gemeinde,Vorarlberg,schnepfau.at,https://www.schnepfau.at,wikidata
AT-G-80233,Schoppernau,gemeinde,Vorarlberg,schoppernau.at,https://www.schoppernau.at,wikidata
AT-G-80234,Schröcken,gemeinde,Vorarlberg,schroecken.at,https://www.schroecken.at/,wikidata
AT-G-80235,Schwarzach,gemeinde,Vorarlberg,schwarzach.at,https://www.schwarzach.at/,wikidata
AT-G-80236,Schwarzenberg,gemeinde,Vorarlberg,schwarzenberg.at,https://www.schwarzenberg.at/,wikidata
AT-G-80237,Sibratsgfäll,gemeinde,Vorarlberg,sibra.at,https://www.sibra.at/,wikidata
AT-G-80238,Sulzberg,gemeinde,Vorarlberg,sulzberg.at,https://www.sulzberg.at/,wikidata
AT-G-80239,Warth,gemeinde,Vorarlberg,warth.at,https://www.warth.at/,wikidata
AT-G-80240,Wolfurt,gemeinde,Vorarlberg,wolfurt.at,http://www.wolfurt.at/,wikidata
AT-G-80301,Dornbirn,gemeinde,Vorarlberg,dornbirn.at,https://www.dornbirn.at,wikidata
AT-G-80302,Hohenems,gemeinde,Vorarlberg,hohenems.at,https://www.hohenems.at/,wikidata
AT-G-80303,Lustenau,gemeinde,Vorarlberg,lustenau.at,https://www.lustenau.at,wikidata
AT-G-80401,Altach,gemeinde,Vorarlberg,altach.at,https://www.altach.at/,wikidata
AT-G-80402,Düns,gemeinde,Vorarlberg,duens.at,https://www.duens.at/,wikidata
AT-G-80403,Dünserberg,gemeinde,Vorarlberg,duenserberg.at,https://www.duenserberg.at/,wikidata
AT-G-80404,Feldkirch,gemeinde,Vorarlberg,feldkirch.at,https://www.feldkirch.at/,wikidata
AT-G-80405,Frastanz,gemeinde,Vorarlberg,frastanz.at,https://www.frastanz.at/,wikidata
AT-G-80406,Fraxern,gemeinde,Vorarlberg,fraxern.at,https://www.fraxern.at/,wikidata
AT-G-80407,Göfis,gemeinde,Vorarlberg,goefis.at,https://www.goefis.at/,wikidata
AT-G-80408,Götzis,gemeinde,Vorarlberg,goetzis.at,https://www.goetzis.at/,wikidata
AT-G-80409,Klaus,gemeinde,Vorarlberg,klaus.at,https://www.klaus.at/,wikidata
AT-G-80410,Koblach,gemeinde,Vorarlberg,koblach.at,https://www.koblach.at/,wikidata
AT-G-80411,Laterns,gemeinde,Vorarlberg,laterns.at,https://www.laterns.at/,wikidata
AT-G-80412,Mäder,gemeinde,Vorarlberg,maeder.at,https://www.maeder.at/,wikidata
AT-G-80413,Meiningen,gemeinde,Vorarlberg,meiningen.at,https://www.meiningen.at/,wikidata
AT-G-80414,Rankweil,gemeinde,Vorarlberg,rankweil.at,https://www.rankweil.at/,wikidata
AT-G-80415,Röns,gemeinde,Vorarlberg,roens.at,https://www.roens.at/,wikidata
AT-G-80416,Röthis,gemeinde,Vorarlberg,roethis.at,https://www.roethis.at/,wikidata
AT-G-80417,Satteins,gemeinde,Vorarlberg,satteins.net,https://www.satteins.net/,wikidata
AT-G-80418,Schlins,gemeinde,Vorarlberg,schlins.at,https://www.schlins.at/,wikidata
AT-G-80419,Schnifis,gemeinde,Vorarlberg,schnifis.at,https://www.schnifis.at/,wikidata
AT-G-80420,Sulz,gemeinde,Vorarlberg,gemeinde-sulz.at,https://www.gemeinde-sulz.at/,wikidata
AT-G-80421,Übersaxen,gemeinde,Vorarlberg,uebersaxen.at,https://www.uebersaxen.at/,wikidata
AT-G-80422,Viktorsberg,gemeinde,Vorarlberg,viktorsberg.at,https://www.viktorsberg.at/,wikidata
AT-G-80423,Weiler,gemeinde,Vorarlberg,gemeinde-weiler.at,https://www.gemeinde-weiler.at/,wikidata
AT-G-80424,Zwischenwasser,gemeinde,Vorarlberg,zwischenwasser.at,https://www.zwischenwasser.at/,wikidata
AT-G-90001,Wien,gemeinde,Wien,wien.gv.at,https://www.wien.gv.at/,wikidata
sw-DE-G-08212000,,sw,,stadtwerke-karlsruhe.de,,manuell
sw-DE-G-05711000,,sw,,stadtwerke-bielefeld.de,,manuell
sw-DE-G-05515000,,sw,,stadtwerke-muenster.de,,manuell
sw-DE-G-08237028,,sw,,stadtwerke-freudenstadt.de,,manuell
sw-DE-G-08135016,,sw,,swgiengen.de,,manuell
drk-DE-K-14729,,drk,,drk-leipzig-land.de,,manuell
drk-AT-G-90001,,drk,,roteskreuz.at,,manuell
